boundary,w,L,block_id,logZ,ESS,max_weight_fraction,population_final,population_max,prune_deaths,clone_events,overflow
absorbing,0.0,6,0,329.14639456545956,1368.725744851067,0.0011883893406365756,1514,1549,4264,5394,0
absorbing,0.0,6,1,328.6506358825162,849.4948333900248,0.001953822828801419,949,985,3346,3911,0
absorbing,0.0,6,2,328.7926855359584,972.9849997175139,0.0016959380937371755,1084,1153,3315,4015,0
absorbing,0.0,6,3,328.3050509438864,587.780209908205,0.002761766820962131,648,682,2453,2717,0
absorbing,0.0,6,4,328.60010563588975,804.2073528267073,0.0020561101795618154,896,945,2908,3420,0
absorbing,0.0,6,5,328.4316828083118,678.0543765873845,0.0024285895389937746,756,805,2671,3043,0
absorbing,0.0,6,6,328.54679862043537,771.5535067796086,0.0021609944653466187,855,896,2974,3445,0
absorbing,0.0,6,7,328.34679648544596,612.206061305442,0.0026475303856740313,682,698,2565,2863,0
absorbing,0.0,6,8,328.86314907383786,1034.813441392579,0.0015701347422637179,1149,1171,3354,4119,0
absorbing,0.0,6,9,328.47541769692344,728.8532975803618,0.0023291511185788497,809,846,2528,2953,0
absorbing,0.0,6,10,328.74286814420987,910.9338082908795,0.001778009736658864,1020,1076,3264,3900,0
absorbing,0.0,6,11,328.66526877297287,849.8999931688293,0.0019173995183295622,944,1030,3421,3981,0
absorbing,0.0,6,12,328.61345721813893,802.3967367336304,0.0020193615665315963,886,909,2608,3110,0
absorbing,0.0,6,13,328.249905933507,562.0772065067125,0.002916889554554275,633,684,2370,2619,0
absorbing,0.0,6,14,328.78370419141726,973.3305208514176,0.0017112385043574502,1077,1123,3418,4111,0
absorbing,0.0,6,15,328.6805842099839,859.3569834438024,0.0018971207865769715,953,986,2999,3568,0
absorbing,0.0,6,16,328.5195506945307,734.014857207496,0.0022139091919868804,820,868,2711,3147,0
absorbing,0.0,6,17,328.51210731186984,724.9845076685991,0.002244126703099297,805,832,2555,2976,0
absorbing,0.0,6,18,328.53200067764243,764.0064286051894,0.002189646544169385,846,870,2529,2991,0
absorbing,0.0,6,19,328.539250578688,749.9405747804601,0.002151557177204914,831,873,2983,3430,0
absorbing,0.0,6,20,328.59324454264816,798.2918053153168,0.002060593567324472,889,933,2914,3419,0
absorbing,0.0,6,21,328.4316028548181,675.7330195829035,0.0024322600970242583,753,761,2593,2962,0
absorbing,0.0,6,22,328.3543530719897,614.1260511002096,0.002628907864603536,683,694,2296,2595,0
absorbing,0.0,6,23,328.5166343743858,743.717317116743,0.0022351027428002615,829,847,2762,3207,0
absorbing,0.0,6,24,328.76174903883816,939.9534262934527,0.0017492244748603997,1043,1078,3364,4023,0
absorbing,0.0,6,25,328.5514718095243,770.2810804672644,0.002150919289526864,852,861,3009,3477,0
absorbing,0.0,6,26,328.6593594690667,848.2769232836708,0.0019309414226327758,946,961,2960,3522,0
absorbing,0.0,6,27,328.3808694156938,648.6597225444518,0.002552301577351464,719,744,2799,3134,0
absorbing,0.0,6,28,328.5432694092524,746.4219072564605,0.002168634544977491,826,842,3160,3602,0
absorbing,0.0,6,29,328.7428969558985,926.3112580378267,0.0017678908625804244,1026,1050,2852,3494,0
absorbing,0.0,6,30,328.7687281152564,943.2966135096206,0.0017361944941035048,1048,1081,3220,3884,0
absorbing,0.0,6,31,328.79706519753455,975.0237485519967,0.0016885267003766196,1083,1118,3250,3949,0
absorbing,0.0,6,32,328.3495792747457,614.3796837108858,0.002598326364307586,679,720,2466,2761,0
absorbing,0.0,6,33,328.2905467249733,578.2236315816493,0.0028021160008292944,642,659,2400,2658,0
absorbing,0.0,6,34,328.7103497923635,904.3497903904669,0.0018349502041580324,1008,1041,3074,3698,0
absorbing,0.0,6,35,328.76420377015904,944.8604492882716,0.0017449358646010576,1046,1072,3380,4042,0
absorbing,0.0,6,36,328.2017414383308,530.8563146274381,0.003062342460250818,591,628,2201,2408,0
absorbing,0.0,6,37,328.9127159152631,1086.2627746272342,0.0015041164600362905,1208,1247,3481,4305,0
absorbing,0.0,6,38,328.9524336376174,1128.314080500809,0.0014455471981323924,1249,1253,3764,4629,0
absorbing,0.0,6,39,328.59611526561986,787.9433057831234,0.0020580309610032893,870,927,3009,3495,0
fold-back reflecting,0.0,6,0,356.5601343763829,384.0,0.0026041666666666665,384,384,0,0,0
fold-back reflecting,0.0,6,1,356.5601343763829,384.0,0.0026041666666666665,384,384,0,0,0
fold-back reflecting,0.0,6,2,356.5601343763829,384.0,0.0026041666666666665,384,384,0,0,0
fold-back reflecting,0.0,6,3,356.5601343763829,384.0,0.0026041666666666665,384,384,0,0,0
fold-back reflecting,0.0,6,4,356.5601343763829,384.0,0.0026041666666666665,384,384,0,0,0
fold-back reflecting,0.0,6,5,356.5601343763829,384.0,0.0026041666666666665,384,384,0,0,0
fold-back reflecting,0.0,6,6,356.5601343763829,384.0,0.0026041666666666665,384,384,0,0,0
fold-back reflecting,0.0,6,7,356.5601343763829,384.0,0.0026041666666666665,384,384,0,0,0
fold-back reflecting,0.0,6,8,356.5601343763829,384.0,0.0026041666666666665,384,384,0,0,0
fold-back reflecting,0.0,6,9,356.5601343763829,384.0,0.0026041666666666665,384,384,0,0,0
fold-back reflecting,0.0,6,10,356.5601343763829,384.0,0.0026041666666666665,384,384,0,0,0
fold-back reflecting,0.0,6,11,356.5601343763829,384.0,0.0026041666666666665,384,384,0,0,0
fold-back reflecting,0.0,6,12,356.5601343763829,384.0,0.0026041666666666665,384,384,0,0,0
fold-back reflecting,0.0,6,13,356.5601343763829,384.0,0.0026041666666666665,384,384,0,0,0
fold-back reflecting,0.0,6,14,356.5601343763829,384.0,0.0026041666666666665,384,384,0,0,0
fold-back reflecting,0.0,6,15,356.5601343763829,384.0,0.0026041666666666665,384,384,0,0,0
fold-back reflecting,0.0,6,16,356.5601343763829,384.0,0.0026041666666666665,384,384,0,0,0
fold-back reflecting,0.0,6,17,356.5601343763829,384.0,0.0026041666666666665,384,384,0,0,0
fold-back reflecting,0.0,6,18,356.5601343763829,384.0,0.0026041666666666665,384,384,0,0,0
fold-back reflecting,0.0,6,19,356.5601343763829,384.0,0.0026041666666666665,384,384,0,0,0
fold-back reflecting,0.0,6,20,356.5601343763829,384.0,0.0026041666666666665,384,384,0,0,0
fold-back reflecting,0.0,6,21,356.5601343763829,384.0,0.0026041666666666665,384,384,0,0,0
fold-back reflecting,0.0,6,22,356.5601343763829,384.0,0.0026041666666666665,384,384,0,0,0
fold-back reflecting,0.0,6,23,356.5601343763829,384.0,0.0026041666666666665,384,384,0,0,0
fold-back reflecting,0.0,6,24,356.5601343763829,384.0,0.0026041666666666665,384,384,0,0,0
fold-back reflecting,0.0,6,25,356.5601343763829,384.0,0.0026041666666666665,384,384,0,0,0
fold-back reflecting,0.0,6,26,356.5601343763829,384.0,0.0026041666666666665,384,384,0,0,0
fold-back reflecting,0.0,6,27,356.5601343763829,384.0,0.0026041666666666665,384,384,0,0,0
fold-back reflecting,0.0,6,28,356.5601343763829,384.0,0.0026041666666666665,384,384,0,0,0
fold-back reflecting,0.0,6,29,356.5601343763829,384.0,0.0026041666666666665,384,384,0,0,0
fold-back reflecting,0.0,6,30,356.5601343763829,384.0,0.0026041666666666665,384,384,0,0,0
fold-back reflecting,0.0,6,31,356.5601343763829,384.0,0.0026041666666666665,384,384,0,0,0
fold-back reflecting,0.0,6,32,356.5601343763829,384.0,0.0026041666666666665,384,384,0,0,0
fold-back reflecting,0.0,6,33,356.5601343763829,384.0,0.0026041666666666665,384,384,0,0,0
fold-back reflecting,0.0,6,34,356.5601343763829,384.0,0.0026041666666666665,384,384,0,0,0
fold-back reflecting,0.0,6,35,356.5601343763829,384.0,0.0026041666666666665,384,384,0,0,0
fold-back reflecting,0.0,6,36,356.5601343763829,384.0,0.0026041666666666665,384,384,0,0,0
fold-back reflecting,0.0,6,37,356.5601343763829,384.0,0.0026041666666666665,384,384,0,0,0
fold-back reflecting,0.0,6,38,356.5601343763829,384.0,0.0026041666666666665,384,384,0,0,0
fold-back reflecting,0.0,6,39,356.5601343763829,384.0,0.0026041666666666665,384,384,0,0,0
absorbing,0.0,8,0,341.2580094328579,261.64439609416803,0.006468425122374242,290,393,1790,1696,0
absorbing,0.0,8,1,341.16083059993787,224.6588644966941,0.0075660057457979275,255,384,1639,1510,0
absorbing,0.0,8,2,341.87276422483814,442.2869714635348,0.0037065641300639356,495,552,2080,2191,0
absorbing,0.0,8,3,341.26958919785204,241.5370461620415,0.006754599902412154,271,414,1829,1716,0
absorbing,0.0,8,4,341.7156140384666,384.2113764152233,0.004337315131524773,424,460,1973,2013,0
absorbing,0.0,8,5,341.37155414418845,275.93186251820276,0.0061284492536809315,312,384,1794,1722,0
absorbing,0.0,8,6,341.66007588068476,358.4958603768256,0.00463709312294072,402,451,1989,2007,0
absorbing,0.0,8,7,341.5751376624643,331.2459192143446,0.004983366046581265,371,400,1670,1657,0
absorbing,0.0,8,8,341.5151992560112,302.49093642667384,0.005343643310808811,340,384,1771,1727,0
absorbing,0.0,8,9,340.98192044626023,188.17834355260496,0.009018903756049048,209,384,1686,1511,0
absorbing,0.0,8,10,341.7292228345056,398.5459603042563,0.004321101875452607,440,480,1991,2047,0
absorbing,0.0,8,11,341.5956835212915,350.87630364619946,0.004882023164561551,389,476,2048,2053,0
absorbing,0.0,8,12,341.29625986487486,258.4435958047531,0.006596965014497125,286,403,1764,1666,0
absorbing,0.0,8,13,341.2310259595511,242.49216800623662,0.0069011047688438045,270,384,1785,1671,0
absorbing,0.0,8,14,341.54089290186255,316.82155084273137,0.005156975871543945,352,420,1900,1868,0
absorbing,0.0,8,15,341.41773180953334,293.0704361673331,0.005815081517851908,322,390,1800,1738,0
absorbing,0.0,8,16,341.6074877651052,356.92721546167655,0.0048497940070625,396,459,1993,2005,0
absorbing,0.0,8,17,341.482171531394,294.302010865729,0.005506222347682369,329,450,1917,1862,0
absorbing,0.0,8,18,341.3618295144078,271.441509953726,0.006178280814726335,304,384,1629,1549,0
absorbing,0.0,8,19,341.37976088911273,272.7092200769392,0.006058621803371285,303,384,1753,1672,0
absorbing,0.0,8,20,341.48896604417575,312.22492512135,0.005440677087199253,346,418,1843,1805,0
absorbing,0.0,8,21,341.6555351771253,360.6197097564482,0.004584364247261972,409,449,1591,1616,0
absorbing,0.0,8,22,341.64075001436316,348.90020075927293,0.004674487576807656,391,438,1964,1971,0
absorbing,0.0,8,23,341.37378695946194,284.2433153184672,0.005992728598403781,317,436,1879,1812,0
absorbing,0.0,8,24,341.78230495853205,417.9064924276883,0.004057490192704128,468,533,2060,2144,0
absorbing,0.0,8,25,341.64232631803617,351.2140264647949,0.0046595408819944135,389,431,1882,1887,0
absorbing,0.0,8,26,341.5654243015695,332.97133245293395,0.005040197462018558,369,424,1903,1888,0
absorbing,0.0,8,27,341.5970908722379,339.3685469032587,0.004938554594787099,383,447,1840,1839,0
absorbing,0.0,8,28,341.5561967833574,334.35803666882606,0.005086921216507041,372,398,1792,1780,0
absorbing,0.0,8,29,341.6481167509194,352.3822233324769,0.004626016759744814,393,529,2100,2109,0
absorbing,0.0,8,30,341.8066375978424,411.10383244748647,0.003959952237731642,457,497,1949,2022,0
absorbing,0.0,8,31,341.50477247755344,308.77965189920695,0.005364072106585468,343,448,1889,1848,0
absorbing,0.0,8,32,341.477129271802,299.3522447259592,0.005496513413147033,336,400,1879,1831,0
absorbing,0.0,8,33,341.62464638469373,338.1042873372591,0.004728179427011292,377,467,1925,1918,0
absorbing,0.0,8,34,341.6326344173306,351.99896727765235,0.004712578189282783,385,476,1960,1961,0
absorbing,0.0,8,35,341.5321114393313,314.7713777899361,0.005219410404785106,346,384,1627,1589,0
absorbing,0.0,8,36,341.72631316879114,379.61760652519234,0.0042911569979319384,426,468,1933,1975,0
absorbing,0.0,8,37,341.6040042351951,330.3328576858081,0.004849450146478178,364,446,1929,1909,0
absorbing,0.0,8,38,341.59950498430055,331.82110592127395,0.0048792469833656696,368,401,1820,1804,0
absorbing,0.0,8,39,341.41659826072305,272.31157834194636,0.005897382943237713,306,384,1649,1571,0
fold-back reflecting,0.0,8,0,356.5601343763829,384.0,0.0026041666666666665,384,384,0,0,0
fold-back reflecting,0.0,8,1,356.5601343763829,384.0,0.0026041666666666665,384,384,0,0,0
fold-back reflecting,0.0,8,2,356.5601343763829,384.0,0.0026041666666666665,384,384,0,0,0
fold-back reflecting,0.0,8,3,356.5601343763829,384.0,0.0026041666666666665,384,384,0,0,0
fold-back reflecting,0.0,8,4,356.5601343763829,384.0,0.0026041666666666665,384,384,0,0,0
fold-back reflecting,0.0,8,5,356.5601343763829,384.0,0.0026041666666666665,384,384,0,0,0
fold-back reflecting,0.0,8,6,356.5601343763829,384.0,0.0026041666666666665,384,384,0,0,0
fold-back reflecting,0.0,8,7,356.5601343763829,384.0,0.0026041666666666665,384,384,0,0,0
fold-back reflecting,0.0,8,8,356.5601343763829,384.0,0.0026041666666666665,384,384,0,0,0
fold-back reflecting,0.0,8,9,356.5601343763829,384.0,0.0026041666666666665,384,384,0,0,0
fold-back reflecting,0.0,8,10,356.5601343763829,384.0,0.0026041666666666665,384,384,0,0,0
fold-back reflecting,0.0,8,11,356.5601343763829,384.0,0.0026041666666666665,384,384,0,0,0
fold-back reflecting,0.0,8,12,356.5601343763829,384.0,0.0026041666666666665,384,384,0,0,0
fold-back reflecting,0.0,8,13,356.5601343763829,384.0,0.0026041666666666665,384,384,0,0,0
fold-back reflecting,0.0,8,14,356.5601343763829,384.0,0.0026041666666666665,384,384,0,0,0
fold-back reflecting,0.0,8,15,356.5601343763829,384.0,0.0026041666666666665,384,384,0,0,0
fold-back reflecting,0.0,8,16,356.5601343763829,384.0,0.0026041666666666665,384,384,0,0,0
fold-back reflecting,0.0,8,17,356.5601343763829,384.0,0.0026041666666666665,384,384,0,0,0
fold-back reflecting,0.0,8,18,356.5601343763829,384.0,0.0026041666666666665,384,384,0,0,0
fold-back reflecting,0.0,8,19,356.5601343763829,384.0,0.0026041666666666665,384,384,0,0,0
fold-back reflecting,0.0,8,20,356.5601343763829,384.0,0.0026041666666666665,384,384,0,0,0
fold-back reflecting,0.0,8,21,356.5601343763829,384.0,0.0026041666666666665,384,384,0,0,0
fold-back reflecting,0.0,8,22,356.5601343763829,384.0,0.0026041666666666665,384,384,0,0,0
fold-back reflecting,0.0,8,23,356.5601343763829,384.0,0.0026041666666666665,384,384,0,0,0
fold-back reflecting,0.0,8,24,356.5601343763829,384.0,0.0026041666666666665,384,384,0,0,0
fold-back reflecting,0.0,8,25,356.5601343763829,384.0,0.0026041666666666665,384,384,0,0,0
fold-back reflecting,0.0,8,26,356.5601343763829,384.0,0.0026041666666666665,384,384,0,0,0
fold-back reflecting,0.0,8,27,356.5601343763829,384.0,0.0026041666666666665,384,384,0,0,0
fold-back reflecting,0.0,8,28,356.5601343763829,384.0,0.0026041666666666665,384,384,0,0,0
fold-back reflecting,0.0,8,29,356.5601343763829,384.0,0.0026041666666666665,384,384,0,0,0
fold-back reflecting,0.0,8,30,356.5601343763829,384.0,0.0026041666666666665,384,384,0,0,0
fold-back reflecting,0.0,8,31,356.5601343763829,384.0,0.0026041666666666665,384,384,0,0,0
fold-back reflecting,0.0,8,32,356.5601343763829,384.0,0.0026041666666666665,384,384,0,0,0
fold-back reflecting,0.0,8,33,356.5601343763829,384.0,0.0026041666666666665,384,384,0,0,0
fold-back reflecting,0.0,8,34,356.5601343763829,384.0,0.0026041666666666665,384,384,0,0,0
fold-back reflecting,0.0,8,35,356.5601343763829,384.0,0.0026041666666666665,384,384,0,0,0
fold-back reflecting,0.0,8,36,356.5601343763829,384.0,0.0026041666666666665,384,384,0,0,0
fold-back reflecting,0.0,8,37,356.5601343763829,384.0,0.0026041666666666665,384,384,0,0,0
fold-back reflecting,0.0,8,38,356.5601343763829,384.0,0.0026041666666666665,384,384,0,0,0
fold-back reflecting,0.0,8,39,356.5601343763829,384.0,0.0026041666666666665,384,384,0,0,0
absorbing,0.0,10,0,347.2447051214351,304.20838625524726,0.005474911792407806,336,384,1225,1177,0
absorbing,0.0,10,1,347.3963659853491,348.41967199607285,0.004690122382620416,383,433,1371,1370,0
absorbing,0.0,10,2,347.35958883314737,324.01095667419065,0.004880718550032664,362,405,1409,1387,0
absorbing,0.0,10,3,347.41042027177576,349.2818472847188,0.004638824595706307,390,432,1451,1457,0
absorbing,0.0,10,4,347.2041899449207,277.56968351017076,0.005710563268792105,307,384,1407,1330,0
absorbing,0.0,10,5,347.48613411560984,381.6014492002587,0.004307568079355804,423,447,1455,1494,0
absorbing,0.0,10,6,347.34661155641334,327.01560607257596,0.004944469749102024,358,390,1399,1373,0
absorbing,0.0,10,7,347.21041115651286,288.83763083664655,0.005675146926893037,325,384,1288,1229,0
absorbing,0.0,10,8,347.60335667740696,430.3028171573241,0.0038310960314291505,476,502,1457,1549,0
absorbing,0.0,10,9,347.1269144104167,258.63114400868193,0.006159323041311981,289,384,1323,1228,0
absorbing,0.0,10,10,347.35145562716775,334.9802840385626,0.004928585266032517,371,425,1366,1353,0
absorbing,0.0,10,11,347.170761463895,279.92689325573144,0.005849640755506985,311,384,1258,1185,0
absorbing,0.0,10,12,347.19227483723415,275.5772916607973,0.0057696213173912495,309,387,1387,1312,0
absorbing,0.0,10,13,347.2040648920732,276.02380659111753,0.005711277435643905,305,384,1246,1167,0
absorbing,0.0,10,14,346.98799744499,220.616672818758,0.0070772388665712,248,384,1162,1026,0
absorbing,0.0,10,15,347.1322874979501,272.1829357160227,0.0061362886916727115,303,394,1367,1286,0
absorbing,0.0,10,16,347.1371392256513,266.51587501819404,0.0061065891950385105,301,384,1363,1280,0
absorbing,0.0,10,17,347.22449812746834,289.2108158448764,0.005595761758030806,324,384,1341,1281,0
absorbing,0.0,10,18,347.1358298963739,265.42678400511716,0.006114589967736302,298,384,1311,1225,0
absorbing,0.0,10,19,347.02230761625947,236.39522272024416,0.0068496666954187295,260,384,1306,1182,0
absorbing,0.0,10,20,347.1480297551869,269.12303953036724,0.006040446025849817,297,384,1302,1215,0
absorbing,0.0,10,21,347.42216108521023,351.83465676206777,0.0045846794972981475,388,407,1405,1409,0
absorbing,0.0,10,22,347.1371891144117,265.99787394241224,0.006096361828065486,299,384,1309,1224,0
absorbing,0.0,10,23,347.2581910173655,304.59844707343564,0.005410365184742646,337,384,1265,1218,0
absorbing,0.0,10,24,347.01892396851997,245.43786735038822,0.006872882810075471,269,384,1188,1073,0
absorbing,0.0,10,25,347.22967227334516,292.0200332165615,0.005566883245647581,324,384,1326,1266,0
absorbing,0.0,10,26,347.05453950155857,258.07864529700225,0.006621631465153694,289,384,1222,1127,0
absorbing,0.0,10,27,347.3043097652629,308.1172549357197,0.005233698376982532,342,395,1388,1346,0
absorbing,0.0,10,28,347.10435925485837,266.20380103970547,0.00631008000080233,293,386,1267,1176,0
absorbing,0.0,10,29,347.3932846325563,351.15397530933114,0.004726679640223936,389,426,1472,1477,0
absorbing,0.0,10,30,347.3849388172079,349.81556414179266,0.0047662927074557555,386,424,1384,1386,0
absorbing,0.0,10,31,347.3464074598944,335.0275591721021,0.004945479001154746,372,390,1395,1383,0
absorbing,0.0,10,32,347.1693091758449,284.320889172319,0.005903657713060089,319,384,1216,1151,0
absorbing,0.0,10,33,346.98920051772717,227.02838406017318,0.00706872955312425,252,384,1263,1131,0
absorbing,0.0,10,34,347.5765311786201,408.63335287015036,0.003928863142881416,458,502,1559,1633,0
absorbing,0.0,10,35,347.20887856923775,286.3389395268302,0.005683851253224513,322,391,1312,1250,0
absorbing,0.0,10,36,347.34248201482245,327.83388685005406,0.0049730115134611575,364,398,1316,1296,0
absorbing,0.0,10,37,347.0678884653924,256.4568146800477,0.006544461663116212,285,388,1370,1271,0
absorbing,0.0,10,38,347.21338930699125,287.9674355259562,0.005649075927012638,318,384,1328,1262,0
absorbing,0.0,10,39,347.2612553556168,307.1227859851395,0.005385046417860928,339,392,1384,1339,0
fold-back reflecting,0.0,10,0,356.5601343763829,384.0,0.0026041666666666665,384,384,0,0,0
fold-back reflecting,0.0,10,1,356.5601343763829,384.0,0.0026041666666666665,384,384,0,0,0
fold-back reflecting,0.0,10,2,356.5601343763829,384.0,0.0026041666666666665,384,384,0,0,0
fold-back reflecting,0.0,10,3,356.5601343763829,384.0,0.0026041666666666665,384,384,0,0,0
fold-back reflecting,0.0,10,4,356.5601343763829,384.0,0.0026041666666666665,384,384,0,0,0
fold-back reflecting,0.0,10,5,356.5601343763829,384.0,0.0026041666666666665,384,384,0,0,0
fold-back reflecting,0.0,10,6,356.5601343763829,384.0,0.0026041666666666665,384,384,0,0,0
fold-back reflecting,0.0,10,7,356.5601343763829,384.0,0.0026041666666666665,384,384,0,0,0
fold-back reflecting,0.0,10,8,356.5601343763829,384.0,0.0026041666666666665,384,384,0,0,0
fold-back reflecting,0.0,10,9,356.5601343763829,384.0,0.0026041666666666665,384,384,0,0,0
fold-back reflecting,0.0,10,10,356.5601343763829,384.0,0.0026041666666666665,384,384,0,0,0
fold-back reflecting,0.0,10,11,356.5601343763829,384.0,0.0026041666666666665,384,384,0,0,0
fold-back reflecting,0.0,10,12,356.5601343763829,384.0,0.0026041666666666665,384,384,0,0,0
fold-back reflecting,0.0,10,13,356.5601343763829,384.0,0.0026041666666666665,384,384,0,0,0
fold-back reflecting,0.0,10,14,356.5601343763829,384.0,0.0026041666666666665,384,384,0,0,0
fold-back reflecting,0.0,10,15,356.5601343763829,384.0,0.0026041666666666665,384,384,0,0,0
fold-back reflecting,0.0,10,16,356.5601343763829,384.0,0.0026041666666666665,384,384,0,0,0
fold-back reflecting,0.0,10,17,356.5601343763829,384.0,0.0026041666666666665,384,384,0,0,0
fold-back reflecting,0.0,10,18,356.5601343763829,384.0,0.0026041666666666665,384,384,0,0,0
fold-back reflecting,0.0,10,19,356.5601343763829,384.0,0.0026041666666666665,384,384,0,0,0
fold-back reflecting,0.0,10,20,356.5601343763829,384.0,0.0026041666666666665,384,384,0,0,0
fold-back reflecting,0.0,10,21,356.5601343763829,384.0,0.0026041666666666665,384,384,0,0,0
fold-back reflecting,0.0,10,22,356.5601343763829,384.0,0.0026041666666666665,384,384,0,0,0
fold-back reflecting,0.0,10,23,356.5601343763829,384.0,0.0026041666666666665,384,384,0,0,0
fold-back reflecting,0.0,10,24,356.5601343763829,384.0,0.0026041666666666665,384,384,0,0,0
fold-back reflecting,0.0,10,25,356.5601343763829,384.0,0.0026041666666666665,384,384,0,0,0
fold-back reflecting,0.0,10,26,356.5601343763829,384.0,0.0026041666666666665,384,384,0,0,0
fold-back reflecting,0.0,10,27,356.5601343763829,384.0,0.0026041666666666665,384,384,0,0,0
fold-back reflecting,0.0,10,28,356.5601343763829,384.0,0.0026041666666666665,384,384,0,0,0
fold-back reflecting,0.0,10,29,356.5601343763829,384.0,0.0026041666666666665,384,384,0,0,0
fold-back reflecting,0.0,10,30,356.5601343763829,384.0,0.0026041666666666665,384,384,0,0,0
fold-back reflecting,0.0,10,31,356.5601343763829,384.0,0.0026041666666666665,384,384,0,0,0
fold-back reflecting,0.0,10,32,356.5601343763829,384.0,0.0026041666666666665,384,384,0,0,0
fold-back reflecting,0.0,10,33,356.5601343763829,384.0,0.0026041666666666665,384,384,0,0,0
fold-back reflecting,0.0,10,34,356.5601343763829,384.0,0.0026041666666666665,384,384,0,0,0
fold-back reflecting,0.0,10,35,356.5601343763829,384.0,0.0026041666666666665,384,384,0,0,0
fold-back reflecting,0.0,10,36,356.5601343763829,384.0,0.0026041666666666665,384,384,0,0,0
fold-back reflecting,0.0,10,37,356.5601343763829,384.0,0.0026041666666666665,384,384,0,0,0
fold-back reflecting,0.0,10,38,356.5601343763829,384.0,0.0026041666666666665,384,384,0,0,0
fold-back reflecting,0.0,10,39,356.5601343763829,384.0,0.0026041666666666665,384,384,0,0,0
absorbing,0.0,12,0,350.30144002256174,291.22230202098854,0.005126845660748419,319,385,1012,947,0
absorbing,0.0,12,1,350.51225334537503,362.7192871715001,0.00415912031853478,401,429,1063,1080,0
absorbing,0.0,12,2,350.4171746697348,335.9025875206082,0.004573973333937004,366,384,1016,998,0
absorbing,0.0,12,3,350.24954513515695,290.70171379151253,0.005399927224445621,320,384,993,929,0
absorbing,0.0,12,4,350.3819399061244,324.7094664719627,0.004738009113718971,359,386,1058,1033,0
absorbing,0.0,12,5,350.0505494255113,229.9764534628036,0.006588865547812107,255,384,998,869,0
absorbing,0.0,12,6,350.2834467728782,292.9714792053842,0.005228425402707491,323,384,1018,957,0
absorbing,0.0,12,7,350.4265102219349,335.91784186949235,0.004531471465001909,369,384,1050,1035,0
absorbing,0.0,12,8,350.53776879385794,374.7851781082302,0.004054340929418623,410,418,1105,1131,0
absorbing,0.0,12,9,350.2584985097835,287.23111134252,0.005351795445504457,318,384,1022,956,0
absorbing,0.0,12,10,350.2685325717816,289.6415869167257,0.00530698758040898,320,384,1015,951,0
absorbing,0.0,12,11,350.405086986222,333.52106147840067,0.004629597582871779,366,397,1125,1107,0
absorbing,0.0,12,12,350.35530982796894,318.3615281851674,0.004865877685216082,351,386,1072,1039,0
absorbing,0.0,12,13,350.2433808108639,288.234532441821,0.00544216045522528,313,389,1040,969,0
absorbing,0.0,12,14,350.32209193755585,315.4264378507168,0.005022052296319646,347,389,1085,1048,0
absorbing,0.0,12,15,350.5857161945715,391.95063958304354,0.003858252717410905,432,465,1171,1219,0
absorbing,0.0,12,16,350.2396630638216,282.8194744016274,0.005453554227002989,311,384,958,885,0
absorbing,0.0,12,17,350.4611923716212,356.63638890503915,0.004377004401365559,392,392,1092,1100,0
absorbing,0.0,12,18,350.3676382303898,322.1210167793023,0.004798447275410621,356,384,1079,1051,0
absorbing,0.0,12,19,350.490514745425,383.5689765457042,0.004250523662156923,418,436,1188,1222,0
absorbing,0.0,12,20,350.2349166186938,285.8089737217732,0.005488419443446919,315,384,960,891,0
absorbing,0.0,12,21,350.5364068189093,379.7477662838807,0.004059866602257982,421,452,1115,1152,0
absorbing,0.0,12,22,350.1541513698134,260.25429919337375,0.005950085359464338,286,384,954,856,0
absorbing,0.0,12,23,350.40848254587337,327.5876049738094,0.0046064065638145675,360,384,1046,1022,0
absorbing,0.0,12,24,350.34215218104174,309.3284912257042,0.004922312451936585,341,384,1110,1067,0
absorbing,0.0,12,25,350.443729108266,337.5463287864924,0.004446874560292154,375,384,1047,1038,0
absorbing,0.0,12,26,350.3263775484326,306.8442580467395,0.005000575787226191,336,384,993,945,0
absorbing,0.0,12,27,350.4060558525745,331.8588701873903,0.004625114293752421,367,384,1006,989,0
absorbing,0.0,12,28,350.51788221658023,367.00823668107654,0.004135774931662915,405,422,1050,1071,0
absorbing,0.0,12,29,350.0942396481555,236.244997281609,0.006317460370197942,259,384,1003,878,0
absorbing,0.0,12,30,350.2864334843268,315.38533479821035,0.0052128329014415895,347,396,1113,1076,0
absorbing,0.0,12,31,350.6365279309955,415.2303219458624,0.0036730743333221578,460,482,1170,1246,0
absorbing,0.0,12,32,350.33087938142313,307.05489740399463,0.00498621723912726,339,384,1041,996,0
absorbing,0.0,12,33,350.5727241726798,385.86287478381706,0.003908706258252869,428,437,1064,1108,0
absorbing,0.0,12,34,350.33234827649653,300.4925005760679,0.004978898385819024,330,384,990,936,0
absorbing,0.0,12,35,350.41629066324236,342.7214237647538,0.004578018543792116,375,417,1144,1135,0
absorbing,0.0,12,36,350.0247458252805,221.8860178230701,0.006772099182388864,243,384,907,766,0
absorbing,0.0,12,37,350.5631842825054,389.82816066538606,0.003946173318345068,426,431,1095,1137,0
absorbing,0.0,12,38,350.3822537195608,334.11482823628637,0.004736522496069484,368,386,1076,1060,0
absorbing,0.0,12,39,350.26951854269646,286.64324985428107,0.0053017576237251755,315,384,985,916,0
fold-back reflecting,0.0,12,0,356.5601343763829,384.0,0.0026041666666666665,384,384,0,0,0
fold-back reflecting,0.0,12,1,356.5601343763829,384.0,0.0026041666666666665,384,384,0,0,0
fold-back reflecting,0.0,12,2,356.5601343763829,384.0,0.0026041666666666665,384,384,0,0,0
fold-back reflecting,0.0,12,3,356.5601343763829,384.0,0.0026041666666666665,384,384,0,0,0
fold-back reflecting,0.0,12,4,356.5601343763829,384.0,0.0026041666666666665,384,384,0,0,0
fold-back reflecting,0.0,12,5,356.5601343763829,384.0,0.0026041666666666665,384,384,0,0,0
fold-back reflecting,0.0,12,6,356.5601343763829,384.0,0.0026041666666666665,384,384,0,0,0
fold-back reflecting,0.0,12,7,356.5601343763829,384.0,0.0026041666666666665,384,384,0,0,0
fold-back reflecting,0.0,12,8,356.5601343763829,384.0,0.0026041666666666665,384,384,0,0,0
fold-back reflecting,0.0,12,9,356.5601343763829,384.0,0.0026041666666666665,384,384,0,0,0
fold-back reflecting,0.0,12,10,356.5601343763829,384.0,0.0026041666666666665,384,384,0,0,0
fold-back reflecting,0.0,12,11,356.5601343763829,384.0,0.0026041666666666665,384,384,0,0,0
fold-back reflecting,0.0,12,12,356.5601343763829,384.0,0.0026041666666666665,384,384,0,0,0
fold-back reflecting,0.0,12,13,356.5601343763829,384.0,0.0026041666666666665,384,384,0,0,0
fold-back reflecting,0.0,12,14,356.5601343763829,384.0,0.0026041666666666665,384,384,0,0,0
fold-back reflecting,0.0,12,15,356.5601343763829,384.0,0.0026041666666666665,384,384,0,0,0
fold-back reflecting,0.0,12,16,356.5601343763829,384.0,0.0026041666666666665,384,384,0,0,0
fold-back reflecting,0.0,12,17,356.5601343763829,384.0,0.0026041666666666665,384,384,0,0,0
fold-back reflecting,0.0,12,18,356.5601343763829,384.0,0.0026041666666666665,384,384,0,0,0
fold-back reflecting,0.0,12,19,356.5601343763829,384.0,0.0026041666666666665,384,384,0,0,0
fold-back reflecting,0.0,12,20,356.5601343763829,384.0,0.0026041666666666665,384,384,0,0,0
fold-back reflecting,0.0,12,21,356.5601343763829,384.0,0.0026041666666666665,384,384,0,0,0
fold-back reflecting,0.0,12,22,356.5601343763829,384.0,0.0026041666666666665,384,384,0,0,0
fold-back reflecting,0.0,12,23,356.5601343763829,384.0,0.0026041666666666665,384,384,0,0,0
fold-back reflecting,0.0,12,24,356.5601343763829,384.0,0.0026041666666666665,384,384,0,0,0
fold-back reflecting,0.0,12,25,356.5601343763829,384.0,0.0026041666666666665,384,384,0,0,0
fold-back reflecting,0.0,12,26,356.5601343763829,384.0,0.0026041666666666665,384,384,0,0,0
fold-back reflecting,0.0,12,27,356.5601343763829,384.0,0.0026041666666666665,384,384,0,0,0
fold-back reflecting,0.0,12,28,356.5601343763829,384.0,0.0026041666666666665,384,384,0,0,0
fold-back reflecting,0.0,12,29,356.5601343763829,384.0,0.0026041666666666665,384,384,0,0,0
fold-back reflecting,0.0,12,30,356.5601343763829,384.0,0.0026041666666666665,384,384,0,0,0
fold-back reflecting,0.0,12,31,356.5601343763829,384.0,0.0026041666666666665,384,384,0,0,0
fold-back reflecting,0.0,12,32,356.5601343763829,384.0,0.0026041666666666665,384,384,0,0,0
fold-back reflecting,0.0,12,33,356.5601343763829,384.0,0.0026041666666666665,384,384,0,0,0
fold-back reflecting,0.0,12,34,356.5601343763829,384.0,0.0026041666666666665,384,384,0,0,0
fold-back reflecting,0.0,12,35,356.5601343763829,384.0,0.0026041666666666665,384,384,0,0,0
fold-back reflecting,0.0,12,36,356.5601343763829,384.0,0.0026041666666666665,384,384,0,0,0
fold-back reflecting,0.0,12,37,356.5601343763829,384.0,0.0026041666666666665,384,384,0,0,0
fold-back reflecting,0.0,12,38,356.5601343763829,384.0,0.0026041666666666665,384,384,0,0,0
fold-back reflecting,0.0,12,39,356.5601343763829,384.0,0.0026041666666666665,384,384,0,0,0
absorbing,0.0,14,0,352.46939701528106,395.4172020455088,0.0039104543969030745,426,453,852,894,0
absorbing,0.0,14,1,352.31632879931163,341.99597520226126,0.004557261055105501,371,384,779,766,0
absorbing,0.0,14,2,352.1336854916055,282.63869722832385,0.005470473112709378,307,384,725,648,0
absorbing,0.0,14,3,352.2349017752359,309.41652577675217,0.004943871957874355,336,384,779,731,0
absorbing,0.0,14,4,352.2682766859738,333.5218199057645,0.004904321528018813,360,401,823,799,0
absorbing,0.0,14,5,352.28030624611614,340.3797404557091,0.0047244178662782564,365,384,767,748,0
absorbing,0.0,14,6,352.47511521271736,406.5356159131084,0.0038944860039206454,440,440,843,899,0
absorbing,0.0,14,7,352.2008610708066,312.3727319379853,0.005115062026694977,340,396,811,767,0
absorbing,0.0,14,8,352.17370412154673,288.9213613913484,0.0052558748763056945,318,384,763,697,0
absorbing,0.0,14,9,352.2742123074074,329.10006071438187,0.00475329608085627,354,384,803,773,0
absorbing,0.0,14,10,352.40047640480765,376.3532032531496,0.004189469821836967,404,406,833,853,0
absorbing,0.0,14,11,352.2977450583935,319.5039968750281,0.004642743848746514,349,388,827,792,0
absorbing,0.0,14,12,352.2108416128839,305.5124644433155,0.005072507683222294,334,385,786,736,0
absorbing,0.0,14,13,352.2700126926537,325.3269507769496,0.004773300068326152,350,389,828,794,0
absorbing,0.0,14,14,352.1100858885317,277.2445612005943,0.005610226156090163,301,392,803,720,0
absorbing,0.0,14,15,352.21299871605623,313.14086915021045,0.00506157755375362,338,395,798,752,0
absorbing,0.0,14,16,352.4604442624848,394.1941766221096,0.003945620912110279,428,438,848,892,0
absorbing,0.0,14,17,352.3097247772563,333.7006247368921,0.004587456904909896,362,393,815,793,0
absorbing,0.0,14,18,352.2751189341934,318.32393960091537,0.004748988568255694,344,391,839,799,0
absorbing,0.0,14,19,352.3129325676116,338.143134325148,0.004572764881957685,373,387,800,789,0
absorbing,0.0,14,20,352.3525191312551,349.9287970533892,0.004395280999683906,375,387,791,782,0
absorbing,0.0,14,21,352.14038498927516,282.1144963744129,0.00543394618349793,310,387,823,749,0
absorbing,0.0,14,22,352.33349232026114,348.1235713915084,0.004479709839257948,375,386,771,762,0
absorbing,0.0,14,23,352.10954171926517,283.0850037110096,0.005604158308667063,309,396,817,742,0
absorbing,0.0,14,24,352.23163091797045,328.0765187254198,0.004960069132269531,355,384,688,659,0
absorbing,0.0,14,25,352.3274863548726,345.5451491196291,0.004506695778693693,377,403,815,808,0
absorbing,0.0,14,26,352.05407214887094,266.97515672330843,0.005923801853163224,290,384,732,638,0
absorbing,0.0,14,27,352.12858681101363,295.6254322096449,0.005498436535498665,313,384,780,709,0
absorbing,0.0,14,28,352.37854874819595,359.51148834821345,0.004282349674707681,387,402,776,779,0
absorbing,0.0,14,29,352.1096663536528,273.24441213044105,0.005612580335436502,299,384,807,722,0
absorbing,0.0,14,30,352.28881211202,337.0369756058005,0.004684403023134266,362,394,797,775,0
absorbing,0.0,14,31,352.38652550736134,371.06083362528983,0.004255241056388697,400,401,812,828,0
absorbing,0.0,14,32,352.2804023442166,322.7757544506467,0.004800044587217017,351,384,770,737,0
absorbing,0.0,14,33,352.48177000513175,388.9203372839536,0.003862368481071115,423,439,818,857,0
absorbing,0.0,14,34,352.1422265500738,279.6861300714133,0.005432776722625314,304,384,783,703,0
absorbing,0.0,14,35,352.0110999333555,250.09329996022194,0.006183909416980858,272,384,732,620,0
absorbing,0.0,14,36,352.0646546460144,269.867369502439,0.005861443771038491,297,384,764,677,0
absorbing,0.0,14,37,352.1646052085573,284.67591769050364,0.005312548755555543,310,384,777,703,0
absorbing,0.0,14,38,352.07560038944337,272.2944222456736,0.005807072265365118,293,384,779,688,0
absorbing,0.0,14,39,352.25922107849243,328.23939305506144,0.004825090630198025,355,384,791,762,0
fold-back reflecting,0.0,14,0,356.5601343763829,384.0,0.0026041666666666665,384,384,0,0,0
fold-back reflecting,0.0,14,1,356.5601343763829,384.0,0.0026041666666666665,384,384,0,0,0
fold-back reflecting,0.0,14,2,356.5601343763829,384.0,0.0026041666666666665,384,384,0,0,0
fold-back reflecting,0.0,14,3,356.5601343763829,384.0,0.0026041666666666665,384,384,0,0,0
fold-back reflecting,0.0,14,4,356.5601343763829,384.0,0.0026041666666666665,384,384,0,0,0
fold-back reflecting,0.0,14,5,356.5601343763829,384.0,0.0026041666666666665,384,384,0,0,0
fold-back reflecting,0.0,14,6,356.5601343763829,384.0,0.0026041666666666665,384,384,0,0,0
fold-back reflecting,0.0,14,7,356.5601343763829,384.0,0.0026041666666666665,384,384,0,0,0
fold-back reflecting,0.0,14,8,356.5601343763829,384.0,0.0026041666666666665,384,384,0,0,0
fold-back reflecting,0.0,14,9,356.5601343763829,384.0,0.0026041666666666665,384,384,0,0,0
fold-back reflecting,0.0,14,10,356.5601343763829,384.0,0.0026041666666666665,384,384,0,0,0
fold-back reflecting,0.0,14,11,356.5601343763829,384.0,0.0026041666666666665,384,384,0,0,0
fold-back reflecting,0.0,14,12,356.5601343763829,384.0,0.0026041666666666665,384,384,0,0,0
fold-back reflecting,0.0,14,13,356.5601343763829,384.0,0.0026041666666666665,384,384,0,0,0
fold-back reflecting,0.0,14,14,356.5601343763829,384.0,0.0026041666666666665,384,384,0,0,0
fold-back reflecting,0.0,14,15,356.5601343763829,384.0,0.0026041666666666665,384,384,0,0,0
fold-back reflecting,0.0,14,16,356.5601343763829,384.0,0.0026041666666666665,384,384,0,0,0
fold-back reflecting,0.0,14,17,356.5601343763829,384.0,0.0026041666666666665,384,384,0,0,0
fold-back reflecting,0.0,14,18,356.5601343763829,384.0,0.0026041666666666665,384,384,0,0,0
fold-back reflecting,0.0,14,19,356.5601343763829,384.0,0.0026041666666666665,384,384,0,0,0
fold-back reflecting,0.0,14,20,356.5601343763829,384.0,0.0026041666666666665,384,384,0,0,0
fold-back reflecting,0.0,14,21,356.5601343763829,384.0,0.0026041666666666665,384,384,0,0,0
fold-back reflecting,0.0,14,22,356.5601343763829,384.0,0.0026041666666666665,384,384,0,0,0
fold-back reflecting,0.0,14,23,356.5601343763829,384.0,0.0026041666666666665,384,384,0,0,0
fold-back reflecting,0.0,14,24,356.5601343763829,384.0,0.0026041666666666665,384,384,0,0,0
fold-back reflecting,0.0,14,25,356.5601343763829,384.0,0.0026041666666666665,384,384,0,0,0
fold-back reflecting,0.0,14,26,356.5601343763829,384.0,0.0026041666666666665,384,384,0,0,0
fold-back reflecting,0.0,14,27,356.5601343763829,384.0,0.0026041666666666665,384,384,0,0,0
fold-back reflecting,0.0,14,28,356.5601343763829,384.0,0.0026041666666666665,384,384,0,0,0
fold-back reflecting,0.0,14,29,356.5601343763829,384.0,0.0026041666666666665,384,384,0,0,0
fold-back reflecting,0.0,14,30,356.5601343763829,384.0,0.0026041666666666665,384,384,0,0,0
fold-back reflecting,0.0,14,31,356.5601343763829,384.0,0.0026041666666666665,384,384,0,0,0
fold-back reflecting,0.0,14,32,356.5601343763829,384.0,0.0026041666666666665,384,384,0,0,0
fold-back reflecting,0.0,14,33,356.5601343763829,384.0,0.0026041666666666665,384,384,0,0,0
fold-back reflecting,0.0,14,34,356.5601343763829,384.0,0.0026041666666666665,384,384,0,0,0
fold-back reflecting,0.0,14,35,356.5601343763829,384.0,0.0026041666666666665,384,384,0,0,0
fold-back reflecting,0.0,14,36,356.5601343763829,384.0,0.0026041666666666665,384,384,0,0,0
fold-back reflecting,0.0,14,37,356.5601343763829,384.0,0.0026041666666666665,384,384,0,0,0
fold-back reflecting,0.0,14,38,356.5601343763829,384.0,0.0026041666666666665,384,384,0,0,0
fold-back reflecting,0.0,14,39,356.5601343763829,384.0,0.0026041666666666665,384,384,0,0,0
absorbing,0.0,16,0,353.5600498693837,341.8028420488256,0.004379670667574663,372,395,590,578,0
absorbing,0.0,16,1,353.49864983974,322.73622307166505,0.004657009766453642,346,384,593,555,0
absorbing,0.0,16,2,353.2780324879952,257.2673050961809,0.005806575097081266,276,384,594,486,0
absorbing,0.0,16,3,353.46240826173835,306.31684366642736,0.0048288828125240815,328,384,618,562,0
absorbing,0.0,16,4,353.10629505550094,223.79969007381817,0.006894530012465084,242,385,597,455,0
absorbing,0.0,16,5,353.576036676866,343.4736192139912,0.004310210418957037,369,413,606,591,0
absorbing,0.0,16,6,353.44238362364774,309.9117610566823,0.004926554095560444,331,384,602,549,0
absorbing,0.0,16,7,353.4943783919281,317.9432128255427,0.004676944485377064,341,384,615,572,0
absorbing,0.0,16,8,353.55163292726695,344.83243854983897,0.00441668967695284,372,428,621,609,0
absorbing,0.0,16,9,353.55536335842424,347.2351332656284,0.004400244213576107,372,399,634,622,0
absorbing,0.0,16,10,353.5147176150577,320.71063547035317,0.004582779931039737,345,385,618,579,0
absorbing,0.0,16,11,353.22638449598765,248.03138658946418,0.006114352674479122,268,384,599,483,0
absorbing,0.0,16,12,353.337100306403,273.19487023545696,0.005473526431202169,294,384,586,496,0
absorbing,0.0,16,13,353.5150571899273,328.9502131159063,0.004581223998335308,353,393,640,609,0
absorbing,0.0,16,14,353.39245399288984,290.25054535796914,0.0051872087101405935,313,384,624,553,0
absorbing,0.0,16,15,353.2459745039067,248.9459824944219,0.005995738080933267,265,384,608,489,0
absorbing,0.0,16,16,353.37693706577966,291.67338314076335,0.005259764927249498,311,384,590,517,0
absorbing,0.0,16,17,353.46513003353544,317.19023676927344,0.004815757565540097,341,391,640,597,0
absorbing,0.0,16,18,353.21776718257274,244.21523853293314,0.006167269641389677,263,384,569,448,0
absorbing,0.0,16,19,353.3061912844485,259.01398535434276,0.005645349542693248,279,384,600,495,0
absorbing,0.0,16,20,353.71267997980584,397.81000162051885,0.0037597159941860554,428,456,641,685,0
absorbing,0.0,16,21,353.44765841066044,314.2100059749371,0.004900635988341645,337,389,615,568,0
absorbing,0.0,16,22,353.39413099053195,289.69067940210067,0.005170101962925405,310,384,607,533,0
absorbing,0.0,16,23,353.41167742881316,304.6090507762141,0.00508017633234977,326,384,627,569,0
absorbing,0.0,16,24,353.56721859031853,344.3605171858468,0.0044736484559689755,371,397,619,606,0
absorbing,0.0,16,25,353.36992416551954,279.81532939150856,0.005296780776600516,300,384,621,537,0
absorbing,0.0,16,26,353.38350931887516,286.19396220298427,0.005233814728184391,308,384,598,522,0
absorbing,0.0,16,27,353.21414554066394,248.15402249548893,0.006189645778306075,268,384,604,488,0
absorbing,0.0,16,28,353.25494368211105,259.3604998461867,0.005924066338432001,279,399,658,553,0
absorbing,0.0,16,29,353.25034023931653,256.297000311146,0.005969619330147847,276,384,596,488,0
absorbing,0.0,16,30,353.2658509714039,257.3774668421959,0.0058777405595816165,281,384,608,505,0
absorbing,0.0,16,31,353.4953873893761,321.54162655841213,0.004672227840268333,344,389,609,569,0
absorbing,0.0,16,32,353.19237644324596,244.13557080998189,0.006325866097483754,266,384,612,494,0
absorbing,0.0,16,33,353.51850122575274,327.11221697230206,0.0045654732374215065,349,399,617,582,0
absorbing,0.0,16,34,353.4304536491512,306.1446763080618,0.004985679742758361,332,407,636,584,0
absorbing,0.0,16,35,353.4389767711477,292.2070572640337,0.004943366761572646,316,384,594,526,0
absorbing,0.0,16,36,353.45606360391605,310.4129817013691,0.00485961782008462,338,387,627,581,0
absorbing,0.0,16,37,353.2734879161014,263.3438437048557,0.005833023547989654,284,392,622,522,0
absorbing,0.0,16,38,353.4504105572357,314.2865773089813,0.004887167262244876,339,389,623,578,0
absorbing,0.0,16,39,353.3519812439551,275.6108004075454,0.005392678266364274,297,384,596,509,0
fold-back reflecting,0.0,16,0,356.5601343763829,384.0,0.0026041666666666665,384,384,0,0,0
fold-back reflecting,0.0,16,1,356.5601343763829,384.0,0.0026041666666666665,384,384,0,0,0
fold-back reflecting,0.0,16,2,356.5601343763829,384.0,0.0026041666666666665,384,384,0,0,0
fold-back reflecting,0.0,16,3,356.5601343763829,384.0,0.0026041666666666665,384,384,0,0,0
fold-back reflecting,0.0,16,4,356.5601343763829,384.0,0.0026041666666666665,384,384,0,0,0
fold-back reflecting,0.0,16,5,356.5601343763829,384.0,0.0026041666666666665,384,384,0,0,0
fold-back reflecting,0.0,16,6,356.5601343763829,384.0,0.0026041666666666665,384,384,0,0,0
fold-back reflecting,0.0,16,7,356.5601343763829,384.0,0.0026041666666666665,384,384,0,0,0
fold-back reflecting,0.0,16,8,356.5601343763829,384.0,0.0026041666666666665,384,384,0,0,0
fold-back reflecting,0.0,16,9,356.5601343763829,384.0,0.0026041666666666665,384,384,0,0,0
fold-back reflecting,0.0,16,10,356.5601343763829,384.0,0.0026041666666666665,384,384,0,0,0
fold-back reflecting,0.0,16,11,356.5601343763829,384.0,0.0026041666666666665,384,384,0,0,0
fold-back reflecting,0.0,16,12,356.5601343763829,384.0,0.0026041666666666665,384,384,0,0,0
fold-back reflecting,0.0,16,13,356.5601343763829,384.0,0.0026041666666666665,384,384,0,0,0
fold-back reflecting,0.0,16,14,356.5601343763829,384.0,0.0026041666666666665,384,384,0,0,0
fold-back reflecting,0.0,16,15,356.5601343763829,384.0,0.0026041666666666665,384,384,0,0,0
fold-back reflecting,0.0,16,16,356.5601343763829,384.0,0.0026041666666666665,384,384,0,0,0
fold-back reflecting,0.0,16,17,356.5601343763829,384.0,0.0026041666666666665,384,384,0,0,0
fold-back reflecting,0.0,16,18,356.5601343763829,384.0,0.0026041666666666665,384,384,0,0,0
fold-back reflecting,0.0,16,19,356.5601343763829,384.0,0.0026041666666666665,384,384,0,0,0
fold-back reflecting,0.0,16,20,356.5601343763829,384.0,0.0026041666666666665,384,384,0,0,0
fold-back reflecting,0.0,16,21,356.5601343763829,384.0,0.0026041666666666665,384,384,0,0,0
fold-back reflecting,0.0,16,22,356.5601343763829,384.0,0.0026041666666666665,384,384,0,0,0
fold-back reflecting,0.0,16,23,356.5601343763829,384.0,0.0026041666666666665,384,384,0,0,0
fold-back reflecting,0.0,16,24,356.5601343763829,384.0,0.0026041666666666665,384,384,0,0,0
fold-back reflecting,0.0,16,25,356.5601343763829,384.0,0.0026041666666666665,384,384,0,0,0
fold-back reflecting,0.0,16,26,356.5601343763829,384.0,0.0026041666666666665,384,384,0,0,0
fold-back reflecting,0.0,16,27,356.5601343763829,384.0,0.0026041666666666665,384,384,0,0,0
fold-back reflecting,0.0,16,28,356.5601343763829,384.0,0.0026041666666666665,384,384,0,0,0
fold-back reflecting,0.0,16,29,356.5601343763829,384.0,0.0026041666666666665,384,384,0,0,0
fold-back reflecting,0.0,16,30,356.5601343763829,384.0,0.0026041666666666665,384,384,0,0,0
fold-back reflecting,0.0,16,31,356.5601343763829,384.0,0.0026041666666666665,384,384,0,0,0
fold-back reflecting,0.0,16,32,356.5601343763829,384.0,0.0026041666666666665,384,384,0,0,0
fold-back reflecting,0.0,16,33,356.5601343763829,384.0,0.0026041666666666665,384,384,0,0,0
fold-back reflecting,0.0,16,34,356.5601343763829,384.0,0.0026041666666666665,384,384,0,0,0
fold-back reflecting,0.0,16,35,356.5601343763829,384.0,0.0026041666666666665,384,384,0,0,0
fold-back reflecting,0.0,16,36,356.5601343763829,384.0,0.0026041666666666665,384,384,0,0,0
fold-back reflecting,0.0,16,37,356.5601343763829,384.0,0.0026041666666666665,384,384,0,0,0
fold-back reflecting,0.0,16,38,356.5601343763829,384.0,0.0026041666666666665,384,384,0,0,0
fold-back reflecting,0.0,16,39,356.5601343763829,384.0,0.0026041666666666665,384,384,0,0,0
absorbing,0.0,18,0,354.0816462465404,275.97374864822655,0.005804118771099044,294,384,490,400,0
absorbing,0.0,18,1,354.3532163966014,356.1369016299332,0.0042667764047859226,374,419,485,475,0
absorbing,0.0,18,2,354.25957061502567,314.57566204222087,0.004858080640603479,332,384,466,414,0
absorbing,0.0,18,3,353.9857917035921,245.6985443248357,0.005932928431844525,261,384,484,361,0
absorbing,0.0,18,4,354.06139573375293,267.78435103618244,0.00592285331260872,285,384,500,401,0
absorbing,0.0,18,5,354.27542746157354,326.49472504950603,0.004781654342783221,346,384,480,442,0
absorbing,0.0,18,6,354.33973688625184,350.4326056237882,0.004483828057832646,369,398,473,458,0
absorbing,0.0,18,7,354.30762470057186,333.20020316066746,0.004465808611035891,355,391,470,441,0
absorbing,0.0,18,8,354.07338711692734,268.76190963829447,0.005852254245257093,285,384,472,373,0
absorbing,0.0,18,9,354.1833527205375,302.1712151723547,0.005242829452638868,320,384,487,423,0
absorbing,0.0,18,10,354.15850607850535,291.07802301567585,0.005374727991552257,310,384,473,399,0
absorbing,0.0,18,11,354.2278663988923,306.8225327900311,0.005014569855366133,327,384,465,408,0
absorbing,0.0,18,12,354.1576443594639,286.6400294724039,0.005379361493107418,304,384,492,412,0
absorbing,0.0,18,13,354.22729870205075,307.56412666754505,0.005017417419035503,327,386,479,422,0
absorbing,0.0,18,14,354.18891711208715,299.01486387044173,0.0052137373118308905,316,384,485,417,0
absorbing,0.0,18,15,354.425852948689,374.5167145062111,0.004113857267640971,396,444,480,492,0
absorbing,0.0,18,16,354.26955090147896,318.3157784680197,0.004467186207294021,337,401,484,437,0
absorbing,0.0,18,17,354.3346606147777,347.5956526721468,0.0044855919999680334,370,427,489,475,0
absorbing,0.0,18,18,354.23646987221036,304.3952434193398,0.0049716121949327854,321,384,474,411,0
absorbing,0.0,18,19,354.4444318450333,389.36861833112334,0.004019265811829478,411,414,452,479,0
absorbing,0.0,18,20,354.2462816399518,318.12354570778024,0.004923070420512644,335,384,477,428,0
absorbing,0.0,18,21,354.119074023946,276.8405275367329,0.005590898574730485,293,384,467,376,0
absorbing,0.0,18,22,354.23350048433485,308.9434771862874,0.0046311681835429185,330,389,480,426,0
absorbing,0.0,18,23,354.1360155762236,288.01315734263807,0.005496977901629381,307,384,467,390,0
absorbing,0.0,18,24,354.19964639269625,301.13515691516164,0.004790636268977416,319,384,467,402,0
absorbing,0.0,18,25,354.3690648302963,361.1266496299065,0.004354236219210982,384,403,453,453,0
absorbing,0.0,18,26,354.3446548067474,349.71579025325485,0.0041507172267648265,373,423,491,480,0
absorbing,0.0,18,27,354.4100801799921,367.556442017153,0.004186060968337442,388,421,475,479,0
absorbing,0.0,18,28,354.33034188765765,344.20972726341654,0.004210553299534312,364,393,481,461,0
absorbing,0.0,18,29,354.3197636633625,346.00805691047225,0.004248414968166525,364,401,471,451,0
absorbing,0.0,18,30,354.1029522152563,276.0329834101559,0.0056817644651142064,294,385,508,418,0
absorbing,0.0,18,31,354.24065565748856,315.9942093805741,0.004950845586401162,335,395,486,437,0
absorbing,0.0,18,32,354.24420321111864,311.8078127149926,0.004758211142840678,331,384,468,415,0
absorbing,0.0,18,33,354.243396779244,319.9082176731213,0.004937293298577579,339,395,476,431,0
absorbing,0.0,18,34,354.2262194653878,314.11727620612345,0.004821921910023536,335,384,484,435,0
absorbing,0.0,18,35,354.22686004184396,315.79226390250915,0.004662023522702231,334,385,493,443,0
absorbing,0.0,18,36,354.2897829386008,324.97814707931576,0.004524961694873316,340,389,477,433,0
absorbing,0.0,18,37,354.2766211817124,324.4601196452356,0.004613930701241531,345,384,463,424,0
absorbing,0.0,18,38,354.3634936465129,351.97835029346055,0.004378562168673732,373,412,478,467,0
absorbing,0.0,18,39,354.18929252884396,298.3983821919387,0.004840495537291248,316,384,461,393,0
fold-back reflecting,0.0,18,0,356.5601343763829,384.0,0.0026041666666666665,384,384,0,0,0
fold-back reflecting,0.0,18,1,356.5601343763829,384.0,0.0026041666666666665,384,384,0,0,0
fold-back reflecting,0.0,18,2,356.5601343763829,384.0,0.0026041666666666665,384,384,0,0,0
fold-back reflecting,0.0,18,3,356.5601343763829,384.0,0.0026041666666666665,384,384,0,0,0
fold-back reflecting,0.0,18,4,356.5601343763829,384.0,0.0026041666666666665,384,384,0,0,0
fold-back reflecting,0.0,18,5,356.5601343763829,384.0,0.0026041666666666665,384,384,0,0,0
fold-back reflecting,0.0,18,6,356.5601343763829,384.0,0.0026041666666666665,384,384,0,0,0
fold-back reflecting,0.0,18,7,356.5601343763829,384.0,0.0026041666666666665,384,384,0,0,0
fold-back reflecting,0.0,18,8,356.5601343763829,384.0,0.0026041666666666665,384,384,0,0,0
fold-back reflecting,0.0,18,9,356.5601343763829,384.0,0.0026041666666666665,384,384,0,0,0
fold-back reflecting,0.0,18,10,356.5601343763829,384.0,0.0026041666666666665,384,384,0,0,0
fold-back reflecting,0.0,18,11,356.5601343763829,384.0,0.0026041666666666665,384,384,0,0,0
fold-back reflecting,0.0,18,12,356.5601343763829,384.0,0.0026041666666666665,384,384,0,0,0
fold-back reflecting,0.0,18,13,356.5601343763829,384.0,0.0026041666666666665,384,384,0,0,0
fold-back reflecting,0.0,18,14,356.5601343763829,384.0,0.0026041666666666665,384,384,0,0,0
fold-back reflecting,0.0,18,15,356.5601343763829,384.0,0.0026041666666666665,384,384,0,0,0
fold-back reflecting,0.0,18,16,356.5601343763829,384.0,0.0026041666666666665,384,384,0,0,0
fold-back reflecting,0.0,18,17,356.5601343763829,384.0,0.0026041666666666665,384,384,0,0,0
fold-back reflecting,0.0,18,18,356.5601343763829,384.0,0.0026041666666666665,384,384,0,0,0
fold-back reflecting,0.0,18,19,356.5601343763829,384.0,0.0026041666666666665,384,384,0,0,0
fold-back reflecting,0.0,18,20,356.5601343763829,384.0,0.0026041666666666665,384,384,0,0,0
fold-back reflecting,0.0,18,21,356.5601343763829,384.0,0.0026041666666666665,384,384,0,0,0
fold-back reflecting,0.0,18,22,356.5601343763829,384.0,0.0026041666666666665,384,384,0,0,0
fold-back reflecting,0.0,18,23,356.5601343763829,384.0,0.0026041666666666665,384,384,0,0,0
fold-back reflecting,0.0,18,24,356.5601343763829,384.0,0.0026041666666666665,384,384,0,0,0
fold-back reflecting,0.0,18,25,356.5601343763829,384.0,0.0026041666666666665,384,384,0,0,0
fold-back reflecting,0.0,18,26,356.5601343763829,384.0,0.0026041666666666665,384,384,0,0,0
fold-back reflecting,0.0,18,27,356.5601343763829,384.0,0.0026041666666666665,384,384,0,0,0
fold-back reflecting,0.0,18,28,356.5601343763829,384.0,0.0026041666666666665,384,384,0,0,0
fold-back reflecting,0.0,18,29,356.5601343763829,384.0,0.0026041666666666665,384,384,0,0,0
fold-back reflecting,0.0,18,30,356.5601343763829,384.0,0.0026041666666666665,384,384,0,0,0
fold-back reflecting,0.0,18,31,356.5601343763829,384.0,0.0026041666666666665,384,384,0,0,0
fold-back reflecting,0.0,18,32,356.5601343763829,384.0,0.0026041666666666665,384,384,0,0,0
fold-back reflecting,0.0,18,33,356.5601343763829,384.0,0.0026041666666666665,384,384,0,0,0
fold-back reflecting,0.0,18,34,356.5601343763829,384.0,0.0026041666666666665,384,384,0,0,0
fold-back reflecting,0.0,18,35,356.5601343763829,384.0,0.0026041666666666665,384,384,0,0,0
fold-back reflecting,0.0,18,36,356.5601343763829,384.0,0.0026041666666666665,384,384,0,0,0
fold-back reflecting,0.0,18,37,356.5601343763829,384.0,0.0026041666666666665,384,384,0,0,0
fold-back reflecting,0.0,18,38,356.5601343763829,384.0,0.0026041666666666665,384,384,0,0,0
fold-back reflecting,0.0,18,39,356.5601343763829,384.0,0.0026041666666666665,384,384,0,0,0
absorbing,0.0,20,0,354.9190891989566,324.77486360426633,0.004500680299681047,346,394,338,300,0
absorbing,0.0,20,1,354.8240562200195,296.1576077317182,0.00494937616810953,317,386,378,311,0
absorbing,0.0,20,2,354.680102091914,261.9032940370051,0.0057156936879497544,278,384,393,287,0
absorbing,0.0,20,3,354.74626621425165,272.42206909631506,0.005358466704021442,289,384,373,278,0
absorbing,0.0,20,4,354.6930719088429,266.52611788208316,0.005642040851561127,284,384,372,272,0
absorbing,0.0,20,5,354.81226951393245,291.40693600648245,0.0050080581646685905,308,384,367,291,0
absorbing,0.0,20,6,354.78206385381213,289.4276262727995,0.005161637675959975,307,384,371,294,0
absorbing,0.0,20,7,354.7779055537757,287.4465812633221,0.005183146002139938,306,404,395,317,0
absorbing,0.0,20,8,354.8018207110161,290.21978056213584,0.005068897684392087,306,387,380,302,0
absorbing,0.0,20,9,354.5641802817114,226.24433308708475,0.00641819856068122,240,384,396,252,0
absorbing,0.0,20,10,354.7442201462303,279.4850117015519,0.005360716362021159,298,384,371,285,0
absorbing,0.0,20,11,354.74439122691257,276.6353040570103,0.005359799325454404,295,384,379,290,0
absorbing,0.0,20,12,354.86622526246435,303.4144552208987,0.004745005065229938,319,384,368,303,0
absorbing,0.0,20,13,354.72407983618376,264.07733047204334,0.005469777426924175,281,384,378,275,0
absorbing,0.0,20,14,354.82912336976483,301.8052268715299,0.004924360370840866,320,404,379,315,0
absorbing,0.0,20,15,354.8395495552216,304.5513594252896,0.004881216787602947,322,411,389,327,0
absorbing,0.0,20,16,354.89899255787856,313.9712605964573,0.00459204383138963,333,384,358,307,0
absorbing,0.0,20,17,354.94739009857693,333.2058501441201,0.0043750925043461,351,428,375,342,0
absorbing,0.0,20,18,354.849028414295,301.94162162386,0.0048273098600958375,319,384,366,301,0
absorbing,0.0,20,19,354.77115974367297,289.79589938423965,0.0052182287184374095,308,384,369,293,0
absorbing,0.0,20,20,354.730709091349,277.23278051313224,0.00543363680173265,297,384,375,288,0
absorbing,0.0,20,21,354.79351482298296,287.92831875341705,0.005102869043129756,307,385,383,306,0
absorbing,0.0,20,22,354.72975235462286,270.5072125519556,0.0054388378492377315,286,384,364,266,0
absorbing,0.0,20,23,354.7979762245746,288.6815680495158,0.005080153803638689,306,384,370,292,0
absorbing,0.0,20,24,354.80280789173656,290.17898518237484,0.005055667394054747,306,384,373,295,0
absorbing,0.0,20,25,354.7545776007403,285.3245891161288,0.004583934319464395,304,386,388,308,0
absorbing,0.0,20,26,354.65417088389336,252.88490316906265,0.005865846943772666,267,384,377,260,0
absorbing,0.0,20,27,354.8441349804144,296.229224227543,0.0048509898727527095,310,384,369,295,0
absorbing,0.0,20,28,354.85831392692353,303.0099799043528,0.004782693277919278,320,384,365,301,0
absorbing,0.0,20,29,354.9255304547884,322.4345024791815,0.004471783432421267,340,406,379,335,0
absorbing,0.0,20,30,354.9061629693842,325.3507715423482,0.004397410064938187,344,408,368,328,0
absorbing,0.0,20,31,354.84966236707396,304.9702758371462,0.004824250543428878,322,384,375,313,0
absorbing,0.0,20,32,354.8424583688014,300.6999123293699,0.004859129920650604,319,384,377,312,0
absorbing,0.0,20,33,354.86079957494985,305.3757105199474,0.004770819948384686,322,393,383,321,0
absorbing,0.0,20,34,354.78978035015024,287.57954023079014,0.005121961196315276,304,399,391,311,0
absorbing,0.0,20,35,354.8650114018314,310.1977415037444,0.004750768337278443,331,398,378,325,0
absorbing,0.0,20,36,354.7375549002115,274.2837465941524,0.00539656619667451,292,384,375,283,0
absorbing,0.0,20,37,354.73888906183356,277.00230641560233,0.005198081699400079,293,384,370,279,0
absorbing,0.0,20,38,354.8157552957916,293.6321870127065,0.004990631556691196,311,384,383,310,0
absorbing,0.0,20,39,354.83256028882136,296.15403594256725,0.00490746479383762,312,384,375,303,0
fold-back reflecting,0.0,20,0,356.5601343763829,384.0,0.0026041666666666665,384,384,0,0,0
fold-back reflecting,0.0,20,1,356.5601343763829,384.0,0.0026041666666666665,384,384,0,0,0
fold-back reflecting,0.0,20,2,356.5601343763829,384.0,0.0026041666666666665,384,384,0,0,0
fold-back reflecting,0.0,20,3,356.5601343763829,384.0,0.0026041666666666665,384,384,0,0,0
fold-back reflecting,0.0,20,4,356.5601343763829,384.0,0.0026041666666666665,384,384,0,0,0
fold-back reflecting,0.0,20,5,356.5601343763829,384.0,0.0026041666666666665,384,384,0,0,0
fold-back reflecting,0.0,20,6,356.5601343763829,384.0,0.0026041666666666665,384,384,0,0,0
fold-back reflecting,0.0,20,7,356.5601343763829,384.0,0.0026041666666666665,384,384,0,0,0
fold-back reflecting,0.0,20,8,356.5601343763829,384.0,0.0026041666666666665,384,384,0,0,0
fold-back reflecting,0.0,20,9,356.5601343763829,384.0,0.0026041666666666665,384,384,0,0,0
fold-back reflecting,0.0,20,10,356.5601343763829,384.0,0.0026041666666666665,384,384,0,0,0
fold-back reflecting,0.0,20,11,356.5601343763829,384.0,0.0026041666666666665,384,384,0,0,0
fold-back reflecting,0.0,20,12,356.5601343763829,384.0,0.0026041666666666665,384,384,0,0,0
fold-back reflecting,0.0,20,13,356.5601343763829,384.0,0.0026041666666666665,384,384,0,0,0
fold-back reflecting,0.0,20,14,356.5601343763829,384.0,0.0026041666666666665,384,384,0,0,0
fold-back reflecting,0.0,20,15,356.5601343763829,384.0,0.0026041666666666665,384,384,0,0,0
fold-back reflecting,0.0,20,16,356.5601343763829,384.0,0.0026041666666666665,384,384,0,0,0
fold-back reflecting,0.0,20,17,356.5601343763829,384.0,0.0026041666666666665,384,384,0,0,0
fold-back reflecting,0.0,20,18,356.5601343763829,384.0,0.0026041666666666665,384,384,0,0,0
fold-back reflecting,0.0,20,19,356.5601343763829,384.0,0.0026041666666666665,384,384,0,0,0
fold-back reflecting,0.0,20,20,356.5601343763829,384.0,0.0026041666666666665,384,384,0,0,0
fold-back reflecting,0.0,20,21,356.5601343763829,384.0,0.0026041666666666665,384,384,0,0,0
fold-back reflecting,0.0,20,22,356.5601343763829,384.0,0.0026041666666666665,384,384,0,0,0
fold-back reflecting,0.0,20,23,356.5601343763829,384.0,0.0026041666666666665,384,384,0,0,0
fold-back reflecting,0.0,20,24,356.5601343763829,384.0,0.0026041666666666665,384,384,0,0,0
fold-back reflecting,0.0,20,25,356.5601343763829,384.0,0.0026041666666666665,384,384,0,0,0
fold-back reflecting,0.0,20,26,356.5601343763829,384.0,0.0026041666666666665,384,384,0,0,0
fold-back reflecting,0.0,20,27,356.5601343763829,384.0,0.0026041666666666665,384,384,0,0,0
fold-back reflecting,0.0,20,28,356.5601343763829,384.0,0.0026041666666666665,384,384,0,0,0
fold-back reflecting,0.0,20,29,356.5601343763829,384.0,0.0026041666666666665,384,384,0,0,0
fold-back reflecting,0.0,20,30,356.5601343763829,384.0,0.0026041666666666665,384,384,0,0,0
fold-back reflecting,0.0,20,31,356.5601343763829,384.0,0.0026041666666666665,384,384,0,0,0
fold-back reflecting,0.0,20,32,356.5601343763829,384.0,0.0026041666666666665,384,384,0,0,0
fold-back reflecting,0.0,20,33,356.5601343763829,384.0,0.0026041666666666665,384,384,0,0,0
fold-back reflecting,0.0,20,34,356.5601343763829,384.0,0.0026041666666666665,384,384,0,0,0
fold-back reflecting,0.0,20,35,356.5601343763829,384.0,0.0026041666666666665,384,384,0,0,0
fold-back reflecting,0.0,20,36,356.5601343763829,384.0,0.0026041666666666665,384,384,0,0,0
fold-back reflecting,0.0,20,37,356.5601343763829,384.0,0.0026041666666666665,384,384,0,0,0
fold-back reflecting,0.0,20,38,356.5601343763829,384.0,0.0026041666666666665,384,384,0,0,0
fold-back reflecting,0.0,20,39,356.5601343763829,384.0,0.0026041666666666665,384,384,0,0,0
absorbing,0.3,8,0,306.5702491836588,796.1821706143437,0.0021265218952106367,884,922,2551,3051,0
absorbing,0.3,8,1,305.9790107161792,450.43224667804816,0.0038201709207188075,502,532,2254,2372,0
absorbing,0.3,8,2,306.02238777842416,473.54621668549373,0.003661457020637282,525,546,2076,2217,0
absorbing,0.3,8,3,306.12431045436915,508.7884640954221,0.0033163629362368626,566,597,2027,2209,0
absorbing,0.3,8,4,305.53256653573663,305.4122526387424,0.005875898299461411,338,384,1829,1783,0
absorbing,0.3,8,5,305.9080967972304,409.9392676293137,0.004109616487285889,455,459,2005,2076,0
absorbing,0.3,8,6,305.6287409334032,301.9458673588039,0.005445538738198688,334,384,1890,1840,0
absorbing,0.3,8,7,306.30043685098883,598.1341928934459,0.0027791765910048986,666,676,2440,2722,0
absorbing,0.3,8,8,306.05713049354637,475.22909419998473,0.0035167586216061954,530,541,2067,2213,0
absorbing,0.3,8,9,306.27570736611597,580.2457698604743,0.0028407447815473313,643,657,2212,2471,0
absorbing,0.3,8,10,305.95641288250016,426.3420406966797,0.003910424036398912,474,474,1773,1863,0
absorbing,0.3,8,11,306.0459485419403,469.53875256291917,0.0035472255772656673,517,519,2061,2194,0
absorbing,0.3,8,12,305.91622833040145,407.30436929855784,0.00407857160066749,453,472,2044,2113,0
absorbing,0.3,8,13,305.4935268513678,286.382202898482,0.00596598155440192,316,392,1851,1783,0
absorbing,0.3,8,14,306.69264196134395,875.9553110321405,0.0018780307756787328,975,1006,2781,3372,0
absorbing,0.3,8,15,305.75301276558014,347.766171142548,0.0047851464206735035,388,408,1883,1887,0
absorbing,0.3,8,16,305.1684872604152,196.6568785403263,0.008191266391337536,218,397,1879,1713,0
absorbing,0.3,8,17,306.00847443470315,458.75860759478627,0.0037036964889849986,509,545,2221,2346,0
absorbing,0.3,8,18,306.26359822904664,572.2218788791744,0.0028673960849637447,640,666,2239,2495,0
absorbing,0.3,8,19,306.2463508854134,569.7376732154734,0.002921725008217656,627,647,2130,2373,0
absorbing,0.3,8,20,305.9045468373925,395.69422048469573,0.004127928174170551,441,456,1964,2021,0
absorbing,0.3,8,21,306.010086693613,472.6934891803078,0.0036051635296103285,520,541,1960,2096,0
absorbing,0.3,8,22,305.69281432707197,336.6228153121402,0.005113027796232198,376,464,2211,2203,0
absorbing,0.3,8,23,306.0806980384481,487.56877040149254,0.0034625587497726117,542,546,1958,2116,0
absorbing,0.3,8,24,306.187520609477,543.3313362329939,0.0030853756607850916,603,620,2148,2367,0
absorbing,0.3,8,25,306.14165326531696,512.2279149422113,0.0032149873267441347,565,565,2045,2226,0
absorbing,0.3,8,26,305.92382514100365,413.18471382246594,0.004050536219933529,464,517,2171,2251,0
absorbing,0.3,8,27,305.76742251431494,361.74363503709907,0.004738295432785745,404,448,2107,2127,0
absorbing,0.3,8,28,305.95347827487575,424.581563798857,0.00392470995548645,471,495,2342,2429,0
absorbing,0.3,8,29,306.12999725980916,499.80586614360806,0.0033017284549707896,555,561,2197,2368,0
absorbing,0.3,8,30,304.9374663810208,152.46449539543215,0.010848351321041257,170,384,1592,1378,0
absorbing,0.3,8,31,306.5026903630945,743.322403911243,0.0022653302542264917,824,844,2386,2826,0
absorbing,0.3,8,32,306.36691617682396,645.7042753439102,0.0025860718355108533,714,734,2648,2978,0
absorbing,0.3,8,33,305.9485428324,430.9684865586831,0.003945082069711102,483,540,2282,2381,0
absorbing,0.3,8,34,305.635426279924,312.86482631324213,0.005333066126216301,353,410,1954,1923,0
absorbing,0.3,8,35,306.6589245080902,852.6099696047564,0.0019405202703255667,948,948,2557,3121,0
absorbing,0.3,8,36,306.0681699216857,465.1121074892112,0.0034905431540944525,516,517,2125,2257,0
absorbing,0.3,8,37,306.1139311839534,505.3675473556414,0.003346146636796048,565,606,2071,2252,0
absorbing,0.3,8,38,306.32273179828127,620.8048916854161,0.0027174318125207835,688,725,2264,2568,0
absorbing,0.3,8,39,305.9821800141215,442.8374341149686,0.003806507214589871,492,529,2084,2192,0
fold-back reflecting,0.3,8,0,325.6338410059797,337.76999744292493,0.004707284976126012,370,384,1081,1067,0
fold-back reflecting,0.3,8,1,325.7509670815083,412.3731636650256,0.0041122951907346505,452,452,1202,1270,0
fold-back reflecting,0.3,8,2,325.31023956185004,258.3645722982874,0.00639806355518784,288,384,1062,966,0
fold-back reflecting,0.3,8,3,325.33036347249123,260.0897913620589,0.006294047286398681,287,384,1101,1004,0
fold-back reflecting,0.3,8,4,325.6669675683526,374.38851689956033,0.004502136477617186,414,414,1122,1152,0
fold-back reflecting,0.3,8,5,325.24780115315394,244.68539384813343,0.006841540324652228,274,384,1050,940,0
fold-back reflecting,0.3,8,6,325.4964910764804,306.60275412414603,0.005395303400388047,341,384,1055,1012,0
fold-back reflecting,0.3,8,7,325.50023780324165,303.9483233525089,0.005361018603881606,340,392,1152,1108,0
fold-back reflecting,0.3,8,8,325.60022235962583,356.3935918127057,0.004850564533621642,397,419,1195,1208,0
fold-back reflecting,0.3,8,9,325.2078319658766,236.27207577578642,0.007167818892898556,264,384,1034,914,0
fold-back reflecting,0.3,8,10,325.60042318524876,345.3329863334829,0.004833734408133582,382,430,1191,1189,0
fold-back reflecting,0.3,8,11,325.5379981058651,325.49955862787823,0.005177382003900588,357,433,1182,1155,0
fold-back reflecting,0.3,8,12,325.3071500331236,254.24824882495764,0.0065279431480252705,280,384,1079,975,0
fold-back reflecting,0.3,8,13,325.3457465556431,270.5308085105639,0.006026212679576015,300,391,1130,1046,0
fold-back reflecting,0.3,8,14,325.63033863380116,356.1672494832046,0.0047285937224737645,391,406,1148,1155,0
fold-back reflecting,0.3,8,15,325.8941718062374,451.46495556381245,0.003632152780015635,498,498,1119,1233,0
fold-back reflecting,0.3,8,16,325.558921667044,343.0426048685951,0.005062608986532219,381,446,1211,1208,0
fold-back reflecting,0.3,8,17,325.6027906721134,355.1725632663603,0.00481784221872718,393,454,1185,1194,0
fold-back reflecting,0.3,8,18,325.34550226811007,267.25258571825896,0.006254823208162539,299,398,1120,1035,0
fold-back reflecting,0.3,8,19,325.5243304183393,319.6249114401683,0.005251760308222721,354,388,1148,1118,0
fold-back reflecting,0.3,8,20,325.56426368231405,327.5747413913401,0.005020493389244528,361,399,1164,1141,0
fold-back reflecting,0.3,8,21,325.39934686310136,290.58274166817006,0.005934536949853512,321,399,1158,1095,0
fold-back reflecting,0.3,8,22,325.98622208469266,504.34877265703625,0.0032293280622094577,552,552,1252,1420,0
fold-back reflecting,0.3,8,23,325.27351308461306,254.67994848008146,0.006655785913768794,280,384,1108,1004,0
fold-back reflecting,0.3,8,24,325.57741558238655,341.5881048254268,0.004838751592953854,372,411,1174,1162,0
fold-back reflecting,0.3,8,25,325.8348640725018,427.75233936976196,0.003732219434086649,471,479,1184,1271,0
fold-back reflecting,0.3,8,26,325.57802202674657,343.46055908963166,0.004955431178219447,380,392,1084,1080,0
fold-back reflecting,0.3,8,27,324.9174516370813,178.43485890327383,0.009587765658912483,195,384,1016,827,0
fold-back reflecting,0.3,8,28,325.52410658755826,322.4823558508177,0.005215939380617137,363,452,1182,1161,0
fold-back reflecting,0.3,8,29,325.14609191986483,223.13112304731754,0.0075282361836075135,247,384,1006,869,0
fold-back reflecting,0.3,8,30,325.49976586579186,319.1420758800453,0.00526927553875735,355,460,1235,1206,0
fold-back reflecting,0.3,8,31,325.3945629667541,277.1079222221575,0.005927618690718687,307,384,1042,965,0
fold-back reflecting,0.3,8,32,325.74204248595225,391.3292173812493,0.004209618491123142,435,453,1205,1256,0
fold-back reflecting,0.3,8,33,325.76348972616995,398.16898930119856,0.004098796758281579,438,462,1234,1288,0
fold-back reflecting,0.3,8,34,325.78456305607654,395.14547308879133,0.003927515207260834,434,434,1116,1166,0
fold-back reflecting,0.3,8,35,325.5755922693145,337.61887105308944,0.004976090801670729,374,384,995,985,0
fold-back reflecting,0.3,8,36,325.7754888506404,414.0787779698492,0.004045367427379947,459,470,1161,1236,0
fold-back reflecting,0.3,8,37,325.51800809736244,322.62086810145985,0.005289278014127425,353,435,1242,1211,0
fold-back reflecting,0.3,8,38,325.3834259176257,283.3024498702976,0.006013150669195714,313,384,1085,1014,0
fold-back reflecting,0.3,8,39,325.6635444852532,369.77393243047345,0.004472594193616144,409,465,1279,1304,0
absorbing,0.3,10,0,321.01342706619556,506.0169068020357,0.003279603109113447,555,561,2091,2262,0
absorbing,0.3,10,1,320.99611377176524,484.15181891475817,0.0033270079741901603,534,566,1858,2008,0
absorbing,0.3,10,2,321.0706549200975,528.9786618455602,0.003091855049027656,583,633,2033,2232,0
absorbing,0.3,10,3,320.5821826118421,315.19567966915787,0.005029511030980839,350,384,1719,1685,0
absorbing,0.3,10,4,320.72489577856254,377.3177932489987,0.004360335295384221,418,485,1965,1999,0
absorbing,0.3,10,5,320.8619788793412,424.9460102336859,0.0038198217686989796,471,542,2023,2110,0
absorbing,0.3,10,6,321.1708045755804,588.3277418408694,0.0027560730151310305,651,731,2203,2470,0
absorbing,0.3,10,7,320.6627672857341,349.74258344852433,0.004648738502577099,388,393,1638,1642,0
absorbing,0.3,10,8,320.79684628227557,387.08922234703493,0.004066822890888924,425,431,1733,1774,0
absorbing,0.3,10,9,321.2442452020143,627.7451225015493,0.0025779124870068874,689,728,2318,2623,0
absorbing,0.3,10,10,320.9699412263815,486.8249551622236,0.003411462674198601,541,647,2078,2235,0
absorbing,0.3,10,11,320.41759441562215,282.5480717901945,0.005946857871142761,314,459,1988,1918,0
absorbing,0.3,10,12,321.17671088701906,570.6951564030741,0.0027873398910968523,628,635,2002,2246,0
absorbing,0.3,10,13,320.63448966282976,335.28492157902303,0.00478117856733776,371,424,1606,1593,0
absorbing,0.3,10,14,320.7004906576129,348.44551099716386,0.004449976210248985,381,384,1556,1553,0
absorbing,0.3,10,15,320.50091884413115,303.4833952642444,0.005433094496917551,340,437,1852,1808,0
absorbing,0.3,10,16,320.6778964577569,358.42138248465227,0.004543119958779965,396,449,1920,1932,0
absorbing,0.3,10,17,320.8378620012642,417.9739540002135,0.0039060123093820702,465,528,1690,1771,0
absorbing,0.3,10,18,320.80352463744964,403.50362140433157,0.004037613379228041,446,525,1956,2018,0
absorbing,0.3,10,19,320.6260269448455,339.577865449223,0.004836478088459555,375,430,1780,1771,0
absorbing,0.3,10,20,320.87033965000353,425.0398453745878,0.0037629289180265597,470,520,1936,2022,0
absorbing,0.3,10,21,320.9502621341113,466.26294337026445,0.0034841546197645233,518,577,1999,2133,0
absorbing,0.3,10,22,320.87357749944476,431.0900939061245,0.0037282492982885756,472,522,1937,2025,0
absorbing,0.3,10,23,320.8417715802127,420.87978058528637,0.0038669850945723034,468,556,2240,2324,0
absorbing,0.3,10,24,320.313544750965,242.72945375071566,0.006565747301851943,268,384,1551,1435,0
absorbing,0.3,10,25,320.97301322008656,484.58874144192015,0.0034133509319057994,540,604,2093,2249,0
absorbing,0.3,10,26,320.54112345082615,315.37078673869024,0.005256403263799569,350,477,1920,1886,0
absorbing,0.3,10,27,321.0964979981998,528.9405065616144,0.0030096733465822603,584,594,1901,2101,0
absorbing,0.3,10,28,320.956280155901,468.9737490344084,0.003474366208803991,519,577,1971,2106,0
absorbing,0.3,10,29,320.8227935662656,408.59557448514425,0.003950584900664865,450,519,1836,1902,0
absorbing,0.3,10,30,321.0502100490868,532.5492729024435,0.003141408598798697,585,627,2183,2384,0
absorbing,0.3,10,31,320.7483365642909,385.4786216287942,0.0042801673840666,424,481,1859,1899,0
absorbing,0.3,10,32,320.8842166876412,427.6446608331875,0.0037359241706053127,472,492,1822,1910,0
absorbing,0.3,10,33,320.8921605014126,432.13398754544056,0.0036961943667961506,478,534,1925,2019,0
absorbing,0.3,10,34,320.47465961040035,291.3312753348234,0.005519049527774941,325,384,1599,1540,0
absorbing,0.3,10,35,320.77435356417806,397.1652192048969,0.004158176752827126,440,471,1876,1932,0
absorbing,0.3,10,36,320.9489253702643,463.4932777629142,0.003502743229747361,508,508,1979,2103,0
absorbing,0.3,10,37,320.8109209162159,396.022537020875,0.00401298113772708,439,501,2006,2061,0
absorbing,0.3,10,38,320.59857722687275,331.92627693259453,0.004962769625867403,366,415,1661,1643,0
absorbing,0.3,10,39,320.42916209902063,275.97389025945006,0.005832635519322658,307,388,1677,1600,0
fold-back reflecting,0.3,10,0,332.324680194976,262.167588144414,0.006318990547866321,288,384,738,642,0
fold-back reflecting,0.3,10,1,332.6123871435436,342.7092794377539,0.004704662089166253,378,410,919,913,0
fold-back reflecting,0.3,10,2,332.46493316782175,297.4619052393565,0.005361076712895482,329,384,805,750,0
fold-back reflecting,0.3,10,3,332.4696429967259,303.54813776905263,0.005449640517776468,334,384,809,759,0
fold-back reflecting,0.3,10,4,332.2203577071277,225.76402523247137,0.006993632647628758,249,384,835,700,0
fold-back reflecting,0.3,10,5,332.0480095688612,202.31335205203808,0.008135309426056668,223,384,788,627,0
fold-back reflecting,0.3,10,6,332.3898965425347,277.6687804643712,0.005890357699031387,305,384,745,666,0
fold-back reflecting,0.3,10,7,332.61213424456275,349.07696125708577,0.0046486944585245335,383,389,846,845,0
fold-back reflecting,0.3,10,8,332.42829625037024,290.4898812827253,0.0056723430593974096,319,384,811,746,0
fold-back reflecting,0.3,10,9,332.51660146213493,316.95818382132063,0.005207424469550082,350,384,841,807,0
fold-back reflecting,0.3,10,10,332.51896977491754,317.55047886609657,0.005130094506324964,349,384,834,799,0
fold-back reflecting,0.3,10,11,332.5074384045868,301.59489222682237,0.005257892826247109,336,384,802,754,0
fold-back reflecting,0.3,10,12,332.5132265742626,315.2560928228452,0.005124605332340919,348,384,820,784,0
fold-back reflecting,0.3,10,13,332.3787619708101,278.1196613306417,0.005998050140188004,309,384,849,774,0
fold-back reflecting,0.3,10,14,332.53519746832427,318.9054699638762,0.005103542504358921,354,384,786,756,0
fold-back reflecting,0.3,10,15,332.17211777801106,223.66059559346363,0.007340320124305309,245,384,832,693,0
fold-back reflecting,0.3,10,16,332.2524113500847,236.892426552824,0.006788407424892062,261,384,786,663,0
fold-back reflecting,0.3,10,17,332.42538425859846,288.15943173048913,0.005673620818053697,318,406,874,808,0
fold-back reflecting,0.3,10,18,332.4792607499692,293.7441150305494,0.005412743406568613,325,384,797,738,0
fold-back reflecting,0.3,10,19,332.6391592294567,349.9282729382972,0.004628668111281429,388,392,859,863,0
fold-back reflecting,0.3,10,20,332.6231543898565,348.83334320546226,0.004655764785429803,390,394,796,802,0
fold-back reflecting,0.3,10,21,331.9565913080367,176.7732031522768,0.009093477282421249,194,384,788,598,0
fold-back reflecting,0.3,10,22,332.3914062306557,266.86075166156445,0.005905905004706023,296,384,795,707,0
fold-back reflecting,0.3,10,23,332.2982224504618,259.58397350861844,0.006463052631895674,285,384,837,738,0
fold-back reflecting,0.3,10,24,332.3368059043501,261.13269717108335,0.006074991376311227,286,384,815,717,0
fold-back reflecting,0.3,10,25,332.3345561784208,254.3229388076552,0.006239767309099942,281,384,757,654,0
fold-back reflecting,0.3,10,26,332.5376214588026,313.63653600962607,0.005031883010607536,350,395,874,840,0
fold-back reflecting,0.3,10,27,332.556180023742,325.4678221908934,0.004990241433471128,360,384,816,792,0
fold-back reflecting,0.3,10,28,332.40661283227416,269.9978647126504,0.005813668957159721,297,384,830,743,0
fold-back reflecting,0.3,10,29,332.3433920693051,264.64907588569156,0.006077956492575527,290,384,815,721,0
fold-back reflecting,0.3,10,30,332.36663654791215,269.7566196014996,0.005900730599188004,298,390,871,785,0
fold-back reflecting,0.3,10,31,332.3715298222147,271.8783809526501,0.005897289854052157,300,384,818,734,0
fold-back reflecting,0.3,10,32,332.6654298904487,366.3611383225032,0.004435078066203159,403,436,876,895,0
fold-back reflecting,0.3,10,33,332.39588948353384,276.6147237422433,0.005735514531629658,306,384,775,697,0
fold-back reflecting,0.3,10,34,332.6182463213243,351.2666178319132,0.004660714292725852,390,425,891,897,0
fold-back reflecting,0.3,10,35,332.55729599108264,319.0489171854512,0.0049738002936838615,352,384,796,764,0
fold-back reflecting,0.3,10,36,332.56283595386407,335.70719961673234,0.004887987445929672,370,384,820,806,0
fold-back reflecting,0.3,10,37,332.48864042536553,309.40867492609186,0.005375030490994053,342,384,816,774,0
fold-back reflecting,0.3,10,38,332.62405419780697,354.43809155221874,0.004693751927861214,390,407,865,871,0
fold-back reflecting,0.3,10,39,332.3507373106434,264.3026914181703,0.006154124369208012,295,384,808,719,0
absorbing,0.3,12,0,327.6616224614069,295.8916492469605,0.005416415779229836,324,384,1167,1107,0
absorbing,0.3,12,1,328.0568174572235,460.37253327753604,0.0036273083818342475,506,508,1653,1775,0
absorbing,0.3,12,2,327.93398929181285,399.6381152563266,0.004120015343290531,444,444,1527,1587,0
absorbing,0.3,12,3,327.63574446514207,295.1412685992558,0.0054957178425020575,329,384,1322,1267,0
absorbing,0.3,12,4,327.57589482758516,281.38377520946915,0.005905557236442042,313,384,1267,1196,0
absorbing,0.3,12,5,327.53726986729845,260.78566282432473,0.006130147306299945,287,384,1367,1270,0
absorbing,0.3,12,6,327.8429301511079,350.7051807234163,0.004499799596269403,386,425,1485,1487,0
absorbing,0.3,12,7,327.609044529285,286.72736885368624,0.005706500026570462,317,401,1453,1386,0
absorbing,0.3,12,8,327.664370680517,295.8513820545149,0.005290009690158039,322,384,1333,1271,0
absorbing,0.3,12,9,327.624369568591,299.6769920581309,0.0056163725071835535,329,384,1234,1179,0
absorbing,0.3,12,10,327.777265920661,333.76531328576056,0.00482652578821278,369,384,1440,1425,0
absorbing,0.3,12,11,327.6613226429391,300.5600069873742,0.005220349660662914,330,384,1373,1319,0
absorbing,0.3,12,12,327.30149654456636,207.51501586820848,0.007730891235373896,229,385,1172,1017,0
absorbing,0.3,12,13,327.75798839605284,326.4883137394154,0.00488880173939718,359,384,1340,1315,0
absorbing,0.3,12,14,327.54955145258594,266.1388642955117,0.006051768415428404,296,387,1414,1326,0
absorbing,0.3,12,15,327.7778244905196,344.2680687022642,0.004749195697519883,378,384,1351,1345,0
absorbing,0.3,12,16,327.60132067713255,282.89408267033275,0.0057349466979673995,314,384,1232,1162,0
absorbing,0.3,12,17,327.914746750743,391.1079066443359,0.004209427822096462,431,434,1326,1373,0
absorbing,0.3,12,18,327.7332717993599,319.544412403827,0.005008711578885442,350,397,1402,1368,0
absorbing,0.3,12,19,327.5175043845537,257.7633923027239,0.00625854745840257,285,399,1396,1297,0
absorbing,0.3,12,20,327.6206620302355,278.1100014326462,0.005574044137426349,306,384,1387,1309,0
absorbing,0.3,12,21,327.734177321664,318.4226776832163,0.005035125376336716,352,384,1430,1398,0
absorbing,0.3,12,22,327.87831375446797,378.57887770698426,0.004292756662182485,415,421,1481,1512,0
absorbing,0.3,12,23,327.7883472341996,343.69074534674166,0.004744878544723098,378,398,1463,1457,0
absorbing,0.3,12,24,327.81342771408094,348.5264479946957,0.004653571923177906,382,385,1468,1466,0
absorbing,0.3,12,25,327.79053305028486,347.7339805156253,0.004741298710100211,379,384,1353,1348,0
absorbing,0.3,12,26,327.6479062904652,294.1801943185098,0.005484525178162811,326,384,1282,1224,0
absorbing,0.3,12,27,327.6315357680375,293.07572829605965,0.005576343872868778,324,395,1462,1402,0
absorbing,0.3,12,28,327.79659056402,345.1137063593566,0.004686352647498029,380,388,1232,1228,0
absorbing,0.3,12,29,327.9741115438411,422.53362506161227,0.003956132898459748,467,467,1509,1592,0
absorbing,0.3,12,30,327.81535342562563,356.1223200508465,0.004491288619023516,389,393,1335,1340,0
absorbing,0.3,12,31,327.78305173932745,332.826896674895,0.004797444445343481,365,384,1351,1332,0
absorbing,0.3,12,32,327.43734724497534,232.98492113039768,0.006782894941514352,255,384,1328,1199,0
absorbing,0.3,12,33,327.7831611396606,334.2846167657656,0.004775097907605883,369,384,1355,1340,0
absorbing,0.3,12,34,327.2893015480599,202.78911283433635,0.007862814821813276,223,384,1289,1128,0
absorbing,0.3,12,35,327.9386267346322,397.7795034832715,0.004083386140703203,436,436,1395,1447,0
absorbing,0.3,12,36,327.4283331425079,234.74419943258067,0.00676271045303011,257,384,1374,1247,0
absorbing,0.3,12,37,327.7131569882917,310.91161784292876,0.005147051870928336,345,384,1368,1329,0
absorbing,0.3,12,38,327.7837897733259,333.1168570176296,0.004798437545221631,370,405,1520,1506,0
absorbing,0.3,12,39,327.8689024807266,371.1910181046974,0.004376931902765494,407,412,1398,1421,0
fold-back reflecting,0.3,12,0,334.95352713947267,268.49779525422025,0.006117940592053386,296,384,718,630,0
fold-back reflecting,0.3,12,1,335.19528323828786,335.99612456601096,0.004805803547675737,374,414,713,703,0
fold-back reflecting,0.3,12,2,335.13715823743854,326.1605900980737,0.004885412736329338,359,384,693,668,0
fold-back reflecting,0.3,12,3,335.1325890900345,314.57657489261726,0.00516444613216033,345,384,683,644,0
fold-back reflecting,0.3,12,4,334.9561678512656,274.4745002072547,0.006123755138801608,302,384,710,628,0
fold-back reflecting,0.3,12,5,335.2954120704929,363.42219437536426,0.004382786617796416,403,420,746,765,0
fold-back reflecting,0.3,12,6,335.04833568440756,291.5924883617763,0.00558309185199372,319,384,705,640,0
fold-back reflecting,0.3,12,7,335.13595807116917,327.9649079372614,0.005105628064251603,363,384,719,698,0
fold-back reflecting,0.3,12,8,335.0132554006991,283.48165991625154,0.005772375193143134,312,384,683,611,0
fold-back reflecting,0.3,12,9,335.23432610424925,356.4033157348034,0.0046151784808318936,389,392,714,719,0
fold-back reflecting,0.3,12,10,335.25111331818,358.7367331402892,0.0046005313763564475,395,411,730,741,0
fold-back reflecting,0.3,12,11,335.048401293741,298.6196742968142,0.005585178542537058,329,384,706,651,0
fold-back reflecting,0.3,12,12,335.06866547542876,303.78019133190094,0.005324907374122234,333,394,737,686,0
fold-back reflecting,0.3,12,13,335.1187740898274,318.15180119322144,0.005244140885088196,353,384,747,716,0
fold-back reflecting,0.3,12,14,335.26670459613337,362.75621060053044,0.004324556892190191,398,398,729,743,0
fold-back reflecting,0.3,12,15,335.16186695228396,315.5297295706803,0.004938381944702467,349,384,735,700,0
fold-back reflecting,0.3,12,16,334.9283816433024,262.95487566449276,0.006211518517148634,289,384,677,582,0
fold-back reflecting,0.3,12,17,335.0932601949655,305.6366488890793,0.005368542434700281,337,384,718,671,0
fold-back reflecting,0.3,12,18,335.0186435017386,283.9273275175014,0.0057121802808999785,316,384,744,676,0
fold-back reflecting,0.3,12,19,335.16548346975003,335.8539094082879,0.004985639610099444,372,396,761,749,0
fold-back reflecting,0.3,12,20,335.2211289584193,348.05646811200273,0.004735716424652844,381,385,726,723,0
fold-back reflecting,0.3,12,21,334.9355885712241,260.1289317907112,0.006311019582718257,286,384,661,563,0
fold-back reflecting,0.3,12,22,334.955356484618,270.50516986805565,0.006140666922379699,295,384,714,625,0
fold-back reflecting,0.3,12,23,334.8916847932705,245.43958055299595,0.006482727250173668,268,384,611,495,0
fold-back reflecting,0.3,12,24,335.2042373993164,327.8561061144129,0.0048211680593101686,362,384,732,710,0
fold-back reflecting,0.3,12,25,335.23413264235825,349.6589894626447,0.004585760874257156,386,396,690,692,0
fold-back reflecting,0.3,12,26,335.0569107611621,301.98572454896583,0.005371169582425768,328,384,746,690,0
fold-back reflecting,0.3,12,27,335.2703930441666,363.4202019310192,0.00448383137522226,397,409,684,697,0
fold-back reflecting,0.3,12,28,335.21020902645574,344.6050557603165,0.004793714758491716,384,384,715,715,0
fold-back reflecting,0.3,12,29,335.22076032143127,344.3142208506176,0.004742047268527252,376,384,703,695,0
fold-back reflecting,0.3,12,30,335.1601673154727,330.4100474415662,0.004973205708736019,364,384,669,649,0
fold-back reflecting,0.3,12,31,335.19479109438356,330.2604530209657,0.004851178725207709,362,384,674,652,0
fold-back reflecting,0.3,12,32,335.19206973252784,335.15421984847586,0.004877809056891468,366,384,716,698,0
fold-back reflecting,0.3,12,33,334.8671704148977,247.01013933831985,0.006706920111281419,272,384,678,566,0
fold-back reflecting,0.3,12,34,335.25084435033614,350.8972145296021,0.004604536501548627,387,399,786,789,0
fold-back reflecting,0.3,12,35,335.16352254714263,326.24860035884865,0.004990028051494325,356,384,731,703,0
fold-back reflecting,0.3,12,36,335.07881585289715,297.25629014787177,0.005406282133642137,328,384,691,635,0
fold-back reflecting,0.3,12,37,335.1572261675176,332.9456011372242,0.005030508166769099,369,384,702,687,0
fold-back reflecting,0.3,12,38,335.19419665300524,340.89616652200186,0.004868855068303433,372,384,675,663,0
fold-back reflecting,0.3,12,39,335.2254077065777,348.7454709676087,0.004682232049210756,383,386,710,709,0
absorbing,0.3,14,0,331.90883075607405,386.35993119082764,0.004244198639786092,425,437,1361,1402,0
absorbing,0.3,14,1,331.75670990264865,340.951881157999,0.004797850665102125,376,434,1332,1324,0
absorbing,0.3,14,2,331.66594620517145,314.0470718768738,0.005360440722618964,344,384,1169,1129,0
absorbing,0.3,14,3,331.10354049114807,179.1359179511114,0.00922228042816746,200,384,1140,956,0
absorbing,0.3,14,4,331.6098960623405,299.7061264227355,0.005555613323743151,336,420,1336,1288,0
absorbing,0.3,14,5,331.6326233656202,306.93662081102224,0.005522971222544751,339,435,1287,1242,0
absorbing,0.3,14,6,331.72252850345507,319.545144709223,0.005113584773788755,354,404,1294,1264,0
absorbing,0.3,14,7,331.85334638236765,370.16247875020855,0.004471277115936249,410,460,1412,1438,0
absorbing,0.3,14,8,331.62903764692015,291.267687509844,0.005571248943343647,321,384,1203,1140,0
absorbing,0.3,14,9,331.4549548918757,254.3605895079657,0.006486114777632167,279,384,1172,1067,0
absorbing,0.3,14,10,331.8063408966147,363.5356598629767,0.004599005053756909,399,441,1332,1347,0
absorbing,0.3,14,11,331.63561383462724,302.9976712118569,0.005491739315415599,335,384,1183,1134,0
absorbing,0.3,14,12,331.5244398134235,283.320925413431,0.006206871492177443,312,444,1394,1322,0
absorbing,0.3,14,13,331.79511534379157,344.5838733513633,0.004740830530768706,381,406,1306,1303,0
absorbing,0.3,14,14,331.62395279221687,306.7146819203844,0.005548597263226587,339,384,1245,1200,0
absorbing,0.3,14,15,331.6279207530214,299.60563962521354,0.005604389878840161,332,384,1215,1163,0
absorbing,0.3,14,16,331.5153077337827,263.3764175412108,0.0062506352622930155,294,384,1193,1103,0
absorbing,0.3,14,17,331.41456433836345,239.14848190856156,0.006838366716608748,267,384,1165,1048,0
absorbing,0.3,14,18,331.80613058060777,350.3773441491969,0.004686077749466088,388,400,1165,1169,0
absorbing,0.3,14,19,331.46840870616853,253.75789206722067,0.006427441279455832,283,384,1239,1138,0
absorbing,0.3,14,20,331.65865541035936,308.697517840943,0.005335993798132958,336,384,1174,1126,0
absorbing,0.3,14,21,331.378360308966,228.4522962991954,0.007194604998423485,256,384,1132,1004,0
absorbing,0.3,14,22,331.52809523088195,259.7782294261804,0.006171259408901122,290,384,1140,1046,0
absorbing,0.3,14,23,331.3720211041505,239.11578842885874,0.007217440907087097,262,384,1236,1114,0
absorbing,0.3,14,24,331.6118840917795,295.07210408372396,0.00559640544044873,330,384,1195,1141,0
absorbing,0.3,14,25,331.67120361328966,312.20146939612147,0.005374629431689355,347,384,1206,1169,0
absorbing,0.3,14,26,331.74661259005205,335.4618021185528,0.004992731867424194,374,433,1376,1366,0
absorbing,0.3,14,27,331.62278866848345,296.97838408510427,0.005633273301882331,330,392,1247,1193,0
absorbing,0.3,14,28,331.7222306265541,329.3737165029558,0.005078638545451555,367,462,1440,1423,0
absorbing,0.3,14,29,331.5251682159113,264.54948666049734,0.00617459423966405,292,384,1149,1057,0
absorbing,0.3,14,30,331.75672202763144,335.5158938473042,0.004945812989953543,373,394,1279,1268,0
absorbing,0.3,14,31,331.63862058190796,307.50753220583977,0.005535295714109613,340,395,1277,1233,0
absorbing,0.3,14,32,331.60926888095264,300.93715761447805,0.005538095277735526,332,385,1235,1183,0
absorbing,0.3,14,33,331.59695782312446,296.7584999308173,0.005785527816389552,329,431,1362,1307,0
absorbing,0.3,14,34,331.697071902796,316.28849949678096,0.005229042296117036,347,384,1194,1157,0
absorbing,0.3,14,35,331.7551194630746,345.1665017114899,0.0048999119113773875,377,387,1287,1280,0
absorbing,0.3,14,36,331.7130400766363,325.5167648027238,0.00516155221625546,355,384,1146,1117,0
absorbing,0.3,14,37,331.547814886018,274.84423087941633,0.005997266561343866,302,404,1318,1236,0
absorbing,0.3,14,38,331.4728682200238,257.33144124396813,0.006333314258386768,283,384,1153,1052,0
absorbing,0.3,14,39,331.4287505084561,249.12584252271594,0.006796665426970867,277,384,1260,1153,0
fold-back reflecting,0.3,14,0,336.47596066691733,286.3214858586559,0.005732164899518872,318,384,591,525,0
fold-back reflecting,0.3,14,1,336.4457404328965,280.70655143393617,0.005944953093466792,311,384,608,535,0
fold-back reflecting,0.3,14,2,336.72211428796203,357.11348304475774,0.004528336622392786,393,393,648,657,0
fold-back reflecting,0.3,14,3,336.62739726040064,327.71905754246524,0.004992007380357738,362,384,621,599,0
fold-back reflecting,0.3,14,4,336.58345208974,319.6756054629439,0.005174150642550488,350,384,625,591,0
fold-back reflecting,0.3,14,5,336.63591051467097,343.3486480229755,0.00494253858074209,378,387,650,644,0
fold-back reflecting,0.3,14,6,336.401721144774,261.9869779290241,0.00600369286343934,287,384,640,543,0
fold-back reflecting,0.3,14,7,336.63282256949907,330.68088468066657,0.004956849637188254,362,384,635,613,0
fold-back reflecting,0.3,14,8,336.52433637077974,298.77108928065974,0.005526638130159968,333,384,594,543,0
fold-back reflecting,0.3,14,9,336.4420348893963,278.9952539856209,0.005949658273802493,306,384,627,549,0
fold-back reflecting,0.3,14,10,336.79893321957326,397.756351656935,0.004183432617162647,438,439,647,701,0
fold-back reflecting,0.3,14,11,336.70803975679746,354.6483243395623,0.004603135792320813,389,414,686,691,0
fold-back reflecting,0.3,14,12,336.4378055922129,267.868614930936,0.005962804884048426,293,384,653,562,0
fold-back reflecting,0.3,14,13,336.6262813805278,322.86775281659374,0.005000272253967978,356,384,642,614,0
fold-back reflecting,0.3,14,14,336.5662201106192,319.3842660215879,0.005298056513976553,350,384,634,600,0
fold-back reflecting,0.3,14,15,336.60832487148355,336.49153323282604,0.004996405764915762,371,397,658,645,0
fold-back reflecting,0.3,14,16,336.48200085965317,280.7381454888265,0.005756296583112459,307,384,598,521,0
fold-back reflecting,0.3,14,17,336.4415078717761,274.5388422120666,0.005970912074122574,299,384,626,541,0
fold-back reflecting,0.3,14,18,336.5229300232143,296.10631568511786,0.005527858265692563,328,384,644,588,0
fold-back reflecting,0.3,14,19,336.7384513511953,367.67929319662477,0.004464997485775714,403,403,621,640,0
fold-back reflecting,0.3,14,20,336.44147950204757,268.553599298747,0.0059533084735183235,297,384,625,538,0
fold-back reflecting,0.3,14,21,336.5490583882814,304.5151234593256,0.005338568500926369,334,391,676,626,0
fold-back reflecting,0.3,14,22,336.7700652744718,370.7339517274309,0.00431752303224538,409,422,656,681,0
fold-back reflecting,0.3,14,23,336.58779785131117,314.6872076263011,0.00514705558571614,347,384,623,586,0
fold-back reflecting,0.3,14,24,336.418285998748,268.77834681572875,0.006137306414480763,294,384,626,536,0
fold-back reflecting,0.3,14,25,336.52381715270883,299.0299864025918,0.005509598895613869,328,384,615,559,0
fold-back reflecting,0.3,14,26,336.6435456669146,334.4941341703082,0.004894545939722843,368,384,649,633,0
fold-back reflecting,0.3,14,27,336.4945557290023,293.4657151936442,0.005587157871527169,323,384,660,599,0
fold-back reflecting,0.3,14,28,336.5921882233963,323.7254696357024,0.00515750043423152,354,384,633,603,0
fold-back reflecting,0.3,14,29,336.4425297581889,272.3945364828405,0.00585435014149434,302,384,641,559,0
fold-back reflecting,0.3,14,30,336.5352298917548,307.3793593712774,0.005362388938179645,337,399,670,623,0
fold-back reflecting,0.3,14,31,336.43217296511926,271.79404834995705,0.006061923382835251,300,384,628,544,0
fold-back reflecting,0.3,14,32,336.6802328078222,345.07188521770473,0.00459558743464357,379,411,666,661,0
fold-back reflecting,0.3,14,33,336.53172586822853,295.709290816835,0.005456056214171033,326,384,635,577,0
fold-back reflecting,0.3,14,34,336.38808444053876,263.15436978082664,0.006143421082665129,284,384,625,525,0
fold-back reflecting,0.3,14,35,336.58786109404514,305.06808941307185,0.005095510555439774,333,384,656,605,0
fold-back reflecting,0.3,14,36,336.481232789035,285.4825171752151,0.005683735862307575,317,384,592,525,0
fold-back reflecting,0.3,14,37,336.42412618409173,275.2163706475302,0.005971047214333092,305,384,637,558,0
fold-back reflecting,0.3,14,38,336.3950333297018,258.22942647893433,0.006256956172981188,281,384,619,516,0
fold-back reflecting,0.3,14,39,336.4703954768505,281.5195266968291,0.005747983979764879,311,384,625,552,0
absorbing,0.3,16,0,333.91651698126714,298.5385430579146,0.0053770831806416045,332,384,1003,951,0
absorbing,0.3,16,1,333.9333147276769,306.3133909766886,0.0052464705748399365,337,384,1075,1028,0
absorbing,0.3,16,2,333.808261848211,269.14321830656417,0.005935521662867194,298,384,1042,956,0
absorbing,0.3,16,3,333.88690570606593,304.090169883631,0.00547807235572308,330,384,1040,986,0
absorbing,0.3,16,4,333.7753900699724,258.3940242089503,0.006107338245413171,286,384,1016,918,0
absorbing,0.3,16,5,334.0601230792999,346.7515649451139,0.004638165498324954,382,386,1042,1040,0
absorbing,0.3,16,6,333.835202290824,286.0854083445262,0.005827904075196267,314,384,935,865,0
absorbing,0.3,16,7,333.8812315610139,295.74731554956327,0.0055339065881339885,325,389,1059,1000,0
absorbing,0.3,16,8,333.8321047671744,272.34270496169313,0.005841687057354469,302,384,940,858,0
absorbing,0.3,16,9,334.1683180098027,388.6028604343154,0.004173803878436525,428,431,1031,1075,0
absorbing,0.3,16,10,333.937082955967,309.0610129800881,0.005266982276285412,340,384,1031,987,0
absorbing,0.3,16,11,333.9584953915595,314.4797843920694,0.005155574990373604,343,400,1117,1076,0
absorbing,0.3,16,12,333.666336264898,218.16571267935936,0.006834763412510538,239,384,945,800,0
absorbing,0.3,16,13,334.18935271284255,393.09204130103467,0.004086533891561607,431,431,1168,1215,0
absorbing,0.3,16,14,334.12787648776634,360.75749448026306,0.004322760512401345,397,403,1013,1026,0
absorbing,0.3,16,15,333.9693146655505,310.89882440796663,0.005059247950419393,341,384,1063,1020,0
absorbing,0.3,16,16,334.0288223929159,334.0643811441752,0.00480466006079493,366,384,1065,1047,0
absorbing,0.3,16,17,334.1019253972255,356.05053424667193,0.004466365159669522,392,392,1050,1058,0
absorbing,0.3,16,18,334.1192335604543,366.0953698021136,0.004337182365711076,407,425,1162,1185,0
absorbing,0.3,16,19,333.8413068449498,282.7733165658466,0.005762231421567642,312,384,1035,963,0
absorbing,0.3,16,20,334.0553043537555,346.75192136098786,0.004565527949427566,381,386,1066,1063,0
absorbing,0.3,16,21,333.87353101677667,281.805727756956,0.005615033678841921,311,405,1078,1005,0
absorbing,0.3,16,22,334.01920763504495,325.3754026412155,0.004852915042213266,357,400,1104,1077,0
absorbing,0.3,16,23,333.9219694951609,311.8110845563945,0.005338372194932898,344,388,1115,1075,0
absorbing,0.3,16,24,333.785139696257,266.56478395464507,0.006096906797664456,297,384,1057,970,0
absorbing,0.3,16,25,333.8337595634193,285.80050224184924,0.005804691057218766,317,384,1024,957,0
absorbing,0.3,16,26,334.1357536934484,376.63256820731846,0.004274860589305966,416,416,1120,1152,0
absorbing,0.3,16,27,333.72242881738254,243.43027038920843,0.006484277079511481,272,384,992,880,0
absorbing,0.3,16,28,333.6868054900677,243.8446733225923,0.006661963837017912,269,384,966,851,0
absorbing,0.3,16,29,333.8049566988451,267.43011528648793,0.005921250508680004,293,384,973,882,0
absorbing,0.3,16,30,333.7756155319916,266.2505525547502,0.006166868567305787,292,407,1180,1088,0
absorbing,0.3,16,31,333.7737259957811,265.51917394965494,0.0061335098308647725,293,384,1050,959,0
absorbing,0.3,16,32,334.07055379822555,341.9001244227011,0.004597164465676571,376,384,1037,1029,0
absorbing,0.3,16,33,333.8808178591324,292.81583130526735,0.005507143505664181,323,384,1019,958,0
absorbing,0.3,16,34,334.05024533543633,341.2990288522997,0.004682218710341374,375,384,1067,1058,0
absorbing,0.3,16,35,333.86690206442955,279.618008794367,0.00562131038563453,309,384,1012,937,0
absorbing,0.3,16,36,333.7636063465162,258.5116719913475,0.006262395320562105,281,384,980,877,0
absorbing,0.3,16,37,334.0352106421214,345.14357340738053,0.004728124913312947,377,384,975,968,0
absorbing,0.3,16,38,333.6721822151925,231.27373310178194,0.006807070800746031,259,384,1037,912,0
absorbing,0.3,16,39,333.9212322100229,310.9680815792027,0.005347903186366604,341,400,1084,1041,0
fold-back reflecting,0.3,16,0,337.4933765033917,311.8208317441629,0.005255844425676353,342,384,587,545,0
fold-back reflecting,0.3,16,1,337.678939356215,381.7392579675976,0.00432085831764237,417,428,596,629,0
fold-back reflecting,0.3,16,2,337.5149407710963,315.88100949004706,0.005022925101861607,343,390,605,564,0
fold-back reflecting,0.3,16,3,337.3267232255352,267.97281481007684,0.00619676582779846,296,384,614,526,0
fold-back reflecting,0.3,16,4,337.2846718660972,257.6119969859434,0.006452302640067745,284,384,556,456,0
fold-back reflecting,0.3,16,5,337.1354914216121,224.42050420225658,0.0074846995303558626,247,384,625,488,0
fold-back reflecting,0.3,16,6,337.52064391261445,319.65281265632973,0.004973423566016211,349,384,594,559,0
fold-back reflecting,0.3,16,7,337.39500980912135,285.1744631937416,0.005775615592079201,315,384,594,525,0
fold-back reflecting,0.3,16,8,337.27434756119794,254.81393361268175,0.006469875632898043,281,384,585,482,0
fold-back reflecting,0.3,16,9,337.52189763158617,321.97243364314807,0.005044220383974889,353,384,605,574,0
fold-back reflecting,0.3,16,10,337.3831331628836,278.7465698697413,0.005769410279623124,304,384,567,487,0
fold-back reflecting,0.3,16,11,337.18416277099897,227.3072299901732,0.007120142007845218,251,384,568,435,0
fold-back reflecting,0.3,16,12,337.2214897031002,247.57777585138302,0.006885116977146682,269,384,572,457,0
fold-back reflecting,0.3,16,13,337.4645470678022,304.04309602337173,0.0053727765181021915,332,384,603,551,0
fold-back reflecting,0.3,16,14,337.3907276518212,294.5254830377508,0.005788788606300279,322,384,593,531,0
fold-back reflecting,0.3,16,15,337.41986397869783,282.38608173008885,0.005642201268834308,315,384,566,497,0
fold-back reflecting,0.3,16,16,337.37763933415073,285.11197794065725,0.0058992406791511815,310,384,585,511,0
fold-back reflecting,0.3,16,17,337.4572934990174,304.72201877814075,0.005430317117320527,334,384,577,527,0
fold-back reflecting,0.3,16,18,337.56710038661345,328.4676795887022,0.004844233257728788,362,384,577,555,0
fold-back reflecting,0.3,16,19,337.466214080114,305.3825237669312,0.005399353417605868,336,387,595,547,0
fold-back reflecting,0.3,16,20,337.3979299926051,273.0878952439154,0.005748466696800458,300,384,591,507,0
fold-back reflecting,0.3,16,21,337.3788277471772,279.88799313963057,0.00575786951472586,305,390,594,515,0
fold-back reflecting,0.3,16,22,337.38315621353274,288.39364216559386,0.005649442988313504,315,384,574,505,0
fold-back reflecting,0.3,16,23,337.3246892414733,262.39090520257247,0.006222981850148618,288,384,556,460,0
fold-back reflecting,0.3,16,24,337.374278686457,284.0797777708728,0.005905811220723297,312,384,570,498,0
fold-back reflecting,0.3,16,25,337.54812025155263,319.5019546266554,0.0049784160608109,358,384,593,567,0
fold-back reflecting,0.3,16,26,337.6452177577634,366.31050316798854,0.004502121740560396,398,398,569,583,0
fold-back reflecting,0.3,16,27,337.2323977700513,243.1994199940396,0.006785412039553404,272,384,582,470,0
fold-back reflecting,0.3,16,28,337.47083519061704,311.97767813472285,0.005292241024731994,343,384,590,549,0
fold-back reflecting,0.3,16,29,337.4769231220862,308.76467976336795,0.005294771136871816,343,386,621,580,0
fold-back reflecting,0.3,16,30,337.6040364802411,347.94741122620997,0.004672735944440524,384,398,568,568,0
fold-back reflecting,0.3,16,31,337.35758766591397,269.70511623774917,0.005994941698628057,298,384,592,506,0
fold-back reflecting,0.3,16,32,337.4835875342613,314.8459489813546,0.005278202908383158,349,393,619,584,0
fold-back reflecting,0.3,16,33,337.55586733282564,331.3417004846621,0.0049282024907605,363,384,578,557,0
fold-back reflecting,0.3,16,34,337.5502103466422,334.46904310964004,0.004957389315819166,369,384,595,580,0
fold-back reflecting,0.3,16,35,337.582821719825,340.9564268379818,0.004787178297941924,379,409,614,609,0
fold-back reflecting,0.3,16,36,337.4874718408055,311.5670488926034,0.005222937631396338,344,394,606,566,0
fold-back reflecting,0.3,16,37,337.2679492646478,248.27524549281685,0.006471557689654149,273,384,556,445,0
fold-back reflecting,0.3,16,38,337.4252239974361,291.79922537492496,0.005562723785894718,320,384,574,510,0
fold-back reflecting,0.3,16,39,337.3736965805329,283.27089084323705,0.005683315501516113,312,384,581,509,0
absorbing,0.3,18,0,335.3787788833889,301.95027736488703,0.0052700094832942536,333,384,932,881,0
absorbing,0.3,18,1,335.57949363463314,366.22303118869553,0.004333931721092126,404,425,1027,1047,0
absorbing,0.3,18,2,335.74066871961577,421.8491161218728,0.0036933711344097095,468,480,1032,1116,0
absorbing,0.3,18,3,335.7127819480253,432.40212174558525,0.003770939675468675,477,494,1116,1209,0
absorbing,0.3,18,4,335.26378436433606,285.930027494222,0.005973041239029453,314,387,971,901,0
absorbing,0.3,18,5,335.6629356392837,402.97416171186825,0.003998203160654169,443,481,1117,1176,0
absorbing,0.3,18,6,335.64765967107866,395.39422088462095,0.003992611795588844,437,438,935,988,0
absorbing,0.3,18,7,335.4879601468306,344.0144299837768,0.004760808450775305,378,389,939,933,0
absorbing,0.3,18,8,335.41565690824626,315.348228714843,0.005099639984707332,348,384,972,936,0
absorbing,0.3,18,9,335.37585120518,300.30242221904973,0.005221678899384572,330,384,915,861,0
absorbing,0.3,18,10,335.4916704144525,344.05155935511533,0.00476429064699788,378,395,973,967,0
absorbing,0.3,18,11,335.64664502331254,381.32511115070923,0.004073542838369757,420,423,942,978,0
absorbing,0.3,18,12,335.6922236908357,422.27593935884903,0.0038524769178187135,464,474,930,1010,0
absorbing,0.3,18,13,335.65152629609156,407.16218854271597,0.004052166341741557,450,450,1007,1073,0
absorbing,0.3,18,14,335.22502915191086,261.37053440335706,0.0061967643777000765,289,384,934,839,0
absorbing,0.3,18,15,335.43196074823624,330.3840663231991,0.00497757258671929,361,384,927,904,0
absorbing,0.3,18,16,335.05222469328646,229.2214877975146,0.007358252569035224,250,384,899,765,0
absorbing,0.3,18,17,335.43301937164233,331.12795376834407,0.0049896422276131365,362,401,1003,981,0
absorbing,0.3,18,18,335.50127535449263,345.3620640152187,0.004718626194327224,384,394,889,889,0
absorbing,0.3,18,19,335.6246668749313,396.65162810876063,0.0041044615064434525,434,461,1095,1145,0
absorbing,0.3,18,20,335.23526426400537,264.80788474464356,0.006075211538388075,290,384,923,829,0
absorbing,0.3,18,21,335.3548695892691,299.2066621190273,0.00543537960323761,329,384,919,864,0
absorbing,0.3,18,22,335.40354346365456,320.1195166943245,0.005182594983923052,350,384,950,916,0
absorbing,0.3,18,23,335.35556586518527,300.58234257851853,0.005399880249073757,332,384,948,896,0
absorbing,0.3,18,24,335.2607140126216,273.8978812612216,0.005961928835420655,299,384,918,833,0
absorbing,0.3,18,25,335.40112363423844,307.2768460093258,0.005207008100952043,336,384,949,901,0
absorbing,0.3,18,26,335.49973311069476,338.6024891694842,0.004700367401811056,374,415,1036,1026,0
absorbing,0.3,18,27,335.3921302732245,309.82947292740914,0.0052687512033380126,339,384,945,900,0
absorbing,0.3,18,28,335.36615256548225,303.36635883688626,0.005396783171004413,336,386,958,910,0
absorbing,0.3,18,29,335.40961867525374,310.5269019206183,0.005136899283173997,343,390,961,920,0
absorbing,0.3,18,30,335.61224229834323,377.9320354162509,0.004216141241404624,419,424,1013,1048,0
absorbing,0.3,18,31,335.4485566591896,333.4443231265867,0.004916040655116396,366,406,1013,995,0
absorbing,0.3,18,32,335.66169641530314,396.65840636121584,0.003971891258954967,439,456,985,1040,0
absorbing,0.3,18,33,335.5598253422058,363.8113899788432,0.004339909381871669,398,406,976,990,0
absorbing,0.3,18,34,335.6248164441571,388.2749636567909,0.004155419426592829,429,450,932,977,0
absorbing,0.3,18,35,335.51532975124326,346.6689046380317,0.004614901910235542,384,400,933,933,0
absorbing,0.3,18,36,335.51012354667114,351.62048642748744,0.004634256760195424,390,409,919,925,0
absorbing,0.3,18,37,335.23401655601555,274.2366253440742,0.006056170481579168,302,384,920,838,0
absorbing,0.3,18,38,335.66313291122805,404.8028000043187,0.003948275650927942,445,457,1084,1145,0
absorbing,0.3,18,39,335.5547736656131,357.95538049426204,0.0044560901139689135,397,417,1010,1023,0
fold-back reflecting,0.3,18,0,338.0270997045836,333.492533843211,0.005020885950089538,365,398,591,572,0
fold-back reflecting,0.3,18,1,338.0560588550677,338.462298958972,0.0049020999472222165,370,384,563,549,0
fold-back reflecting,0.3,18,2,338.187405637849,375.7900044446312,0.004332351476144182,411,414,541,568,0
fold-back reflecting,0.3,18,3,338.13320853643,353.8001274209378,0.004570154312929829,385,407,588,589,0
fold-back reflecting,0.3,18,4,338.0091423054848,317.36429115826405,0.005183041121496812,346,384,538,500,0
fold-back reflecting,0.3,18,5,338.00257705841904,318.70027662771,0.005222984629297075,348,384,554,518,0
fold-back reflecting,0.3,18,6,337.7409669708472,239.66816718190913,0.006790027060988927,264,384,551,431,0
fold-back reflecting,0.3,18,7,338.11243128173794,345.80082383970455,0.0046658137500934045,379,399,558,553,0
fold-back reflecting,0.3,18,8,338.0351559174748,309.03741286535495,0.005040681935517597,342,384,544,502,0
fold-back reflecting,0.3,18,9,338.1450206484134,358.1251252408096,0.004536093807915385,394,407,593,603,0
fold-back reflecting,0.3,18,10,337.9869438457428,317.0301894271887,0.005286217816825855,348,384,554,518,0
fold-back reflecting,0.3,18,11,337.8436645650544,263.635377994403,0.006129774509199335,294,384,539,449,0
fold-back reflecting,0.3,18,12,337.941976709535,301.73421635230824,0.005560248947134938,329,384,559,504,0
fold-back reflecting,0.3,18,13,338.26476403673854,405.0743472138827,0.003991013367560181,446,474,553,615,0
fold-back reflecting,0.3,18,14,337.90173170780196,283.6064632441587,0.005732574519792814,311,384,530,457,0
fold-back reflecting,0.3,18,15,338.07391458072016,342.6741252850755,0.004856359987812384,377,384,539,532,0
fold-back reflecting,0.3,18,16,337.8984615984569,282.67362012550285,0.005807882220420114,311,384,536,463,0
fold-back reflecting,0.3,18,17,338.0476648581143,327.547435907536,0.005004905848258075,360,384,565,541,0
fold-back reflecting,0.3,18,18,338.1377407787277,363.0886206318176,0.004495103599604358,396,396,551,563,0
fold-back reflecting,0.3,18,19,338.1620459849701,359.5686096534942,0.004464952437472628,395,395,550,561,0
fold-back reflecting,0.3,18,20,338.1098679712782,342.726227321521,0.004702010294019726,377,397,581,574,0
fold-back reflecting,0.3,18,21,338.03948635706195,317.10622376315297,0.004848964960375532,346,384,555,517,0
fold-back reflecting,0.3,18,22,337.95704444470863,290.81250418106447,0.005439876963557782,320,384,603,539,0
fold-back reflecting,0.3,18,23,337.93047522745974,284.6343313173738,0.005622988629632743,313,384,541,470,0
fold-back reflecting,0.3,18,24,338.0326558824406,324.36181112926016,0.004892949521098064,352,384,552,520,0
fold-back reflecting,0.3,18,25,338.0439907790284,331.34363662705584,0.005006151969267804,360,384,544,520,0
fold-back reflecting,0.3,18,26,337.9406841255152,302.67012751220176,0.005521485898030058,331,384,535,482,0
fold-back reflecting,0.3,18,27,337.9906532494084,297.3486439097818,0.005158165818830838,327,384,546,489,0
fold-back reflecting,0.3,18,28,337.94673279629393,304.3267812320259,0.005522035426892171,332,384,562,510,0
fold-back reflecting,0.3,18,29,338.03114750666657,330.6442412939059,0.005052113613026829,365,384,561,542,0
fold-back reflecting,0.3,18,30,338.100798865324,339.62709184953155,0.004717666866751298,375,384,523,514,0
fold-back reflecting,0.3,18,31,338.1745032114384,368.6147644400351,0.004396428944137496,406,440,599,621,0
fold-back reflecting,0.3,18,32,337.9391314588816,298.3553213207987,0.0054565143765587295,328,384,565,509,0
fold-back reflecting,0.3,18,33,337.9734859321347,307.2627952779717,0.0053868215658329326,336,384,527,479,0
fold-back reflecting,0.3,18,34,337.8747307079427,277.39536946119455,0.005914662789205498,305,384,562,483,0
fold-back reflecting,0.3,18,35,338.1870274285933,372.2999889694423,0.004330939350769349,409,415,574,599,0
fold-back reflecting,0.3,18,36,338.2331128361428,394.82802836294024,0.004148860776664771,435,435,547,598,0
fold-back reflecting,0.3,18,37,338.26973956787714,409.1382504617619,0.003992272498712019,448,466,578,642,0
fold-back reflecting,0.3,18,38,337.91444915172707,291.61542982002993,0.005560006426463288,319,384,575,510,0
fold-back reflecting,0.3,18,39,338.1507574266697,369.12256440266754,0.00450790981576671,405,417,549,570,0
absorbing,0.3,20,0,336.44169296357296,267.33982975924914,0.006031087298818986,295,384,814,725,0
absorbing,0.3,20,1,336.6129430159563,321.4002980931039,0.0050374735482096615,355,384,791,762,0
absorbing,0.3,20,2,336.41820122385417,256.1164160794131,0.006161421710992619,281,384,768,665,0
absorbing,0.3,20,3,336.6469738825641,328.52596833870086,0.004870717096106677,359,384,847,822,0
absorbing,0.3,20,4,336.5272986466595,286.36115788713715,0.005436739363224013,315,384,819,750,0
absorbing,0.3,20,5,336.54692360253154,305.3047384010378,0.005310905922022018,337,384,845,798,0
absorbing,0.3,20,6,336.7636160830272,367.8144272046648,0.004364391629837386,406,416,907,929,0
absorbing,0.3,20,7,336.46241057330747,282.49813000944783,0.005893726181404218,307,384,783,706,0
absorbing,0.3,20,8,336.4462623550257,270.38709014571833,0.005962407581799234,297,384,748,661,0
absorbing,0.3,20,9,336.32174454648464,241.560547910319,0.006771438523623938,267,384,727,610,0
absorbing,0.3,20,10,336.68429577686817,347.78849788737864,0.004701816922320361,382,401,872,870,0
absorbing,0.3,20,11,336.6331872421824,326.80552377719476,0.004974881794483642,360,396,852,828,0
absorbing,0.3,20,12,336.4998263702629,278.5257314795343,0.005673214983457196,309,384,829,754,0
absorbing,0.3,20,13,336.1932598685713,209.16387182225043,0.007719910241663159,230,384,747,593,0
absorbing,0.3,20,14,336.6046999426713,310.86712494411586,0.005073205703720207,339,384,815,770,0
absorbing,0.3,20,15,336.3838452589532,259.32978507283474,0.006334661025475044,287,384,774,677,0
absorbing,0.3,20,16,336.4801864692599,273.67920850186874,0.005747164758822074,302,384,799,717,0
absorbing,0.3,20,17,336.4568094520413,266.3686163656972,0.005918796715779082,288,384,812,716,0
absorbing,0.3,20,18,336.8117022026123,388.7653731934336,0.004121149934925199,427,451,837,880,0
absorbing,0.3,20,19,336.5404139014185,292.13562638744867,0.0054548413206451,317,384,815,748,0
absorbing,0.3,20,20,336.7206380666456,348.75925668550366,0.004521196765749671,382,401,820,818,0
absorbing,0.3,20,21,336.42840064093105,259.771672539801,0.006117295021176376,288,384,788,692,0
absorbing,0.3,20,22,336.7861231161106,371.07514594437515,0.00427625298903429,408,413,863,887,0
absorbing,0.3,20,23,336.4224196287237,266.94840674775645,0.00611419779262311,292,384,843,751,0
absorbing,0.3,20,24,336.5342885356719,293.9715533149756,0.005465451107441115,325,384,821,762,0
absorbing,0.3,20,25,336.6120226175278,306.29022132297337,0.005071151395376282,338,384,837,791,0
absorbing,0.3,20,26,336.50191618482546,295.84295124586407,0.005659848447408465,321,384,743,680,0
absorbing,0.3,20,27,336.5908700895857,314.9522338359777,0.005175076638624205,346,384,759,721,0
absorbing,0.3,20,28,336.6228020514265,321.29893305975287,0.004979347710471617,352,384,817,785,0
absorbing,0.3,20,29,336.5695603550952,302.72873312097124,0.005299799159308471,333,384,795,744,0
absorbing,0.3,20,30,336.51472802808354,291.29832511252124,0.005562359160275312,318,384,777,711,0
absorbing,0.3,20,31,336.5614773674403,311.10833623046096,0.00522188133337956,341,384,769,726,0
absorbing,0.3,20,32,336.490754226754,278.5319704385628,0.005744705773247715,308,384,829,753,0
absorbing,0.3,20,33,336.49734354520274,267.5425639221109,0.005646171553618387,294,384,797,707,0
absorbing,0.3,20,34,336.5684517044978,300.5665167257802,0.005271457492782681,330,384,779,725,0
absorbing,0.3,20,35,336.30277333016113,231.21034109475423,0.0068573261877321766,250,384,753,619,0
absorbing,0.3,20,36,336.477301600969,270.5906202661929,0.005741932020415877,299,384,817,732,0
absorbing,0.3,20,37,336.55284482215495,303.56015055712373,0.005351676722163277,334,384,874,824,0
absorbing,0.3,20,38,336.6387705488134,323.8147808647478,0.004880614808894417,356,384,758,730,0
absorbing,0.3,20,39,336.60741723799333,312.5830106146368,0.005097583971987364,344,384,813,773,0
fold-back reflecting,0.3,20,0,338.6244288341405,363.52981040746124,0.0044365779822720134,401,402,512,529,0
fold-back reflecting,0.3,20,1,338.39288692288056,297.07766110877185,0.00563457736806213,326,384,521,463,0
fold-back reflecting,0.3,20,2,338.57547853946477,352.48997593817705,0.004689157270783295,388,390,507,511,0
fold-back reflecting,0.3,20,3,338.1618767892966,244.3284758763108,0.006810140905541608,265,384,515,396,0
fold-back reflecting,0.3,20,4,338.42172775815607,300.6233022384512,0.005455374419287533,328,384,512,456,0
fold-back reflecting,0.3,20,5,338.37479264389907,279.9324154824902,0.00566153355953789,306,384,505,427,0
fold-back reflecting,0.3,20,6,338.4079354099554,297.48171182894544,0.005350634964629789,325,384,477,418,0
fold-back reflecting,0.3,20,7,338.3627736498456,279.39901920290225,0.005726787393803009,310,384,558,484,0
fold-back reflecting,0.3,20,8,338.4583484118445,306.77141365664687,0.005221133374362567,335,384,517,468,0
fold-back reflecting,0.3,20,9,338.47476706684597,316.87643066460896,0.0050129354111342105,347,384,512,475,0
fold-back reflecting,0.3,20,10,338.5647385565134,342.3242528715713,0.004657137002347152,377,385,529,522,0
fold-back reflecting,0.3,20,11,338.42231199640247,297.72203976935407,0.005471549482261327,328,384,550,494,0
fold-back reflecting,0.3,20,12,338.68485905983795,395.09597722764545,0.004174976130090904,430,432,537,583,0
fold-back reflecting,0.3,20,13,338.37499453212604,294.2372591478064,0.005641209846677118,320,384,502,438,0
fold-back reflecting,0.3,20,14,338.52680289985864,331.50985673711466,0.004887344412823359,365,405,554,535,0
fold-back reflecting,0.3,20,15,338.56990281811136,345.2815778885656,0.004698759075362409,380,384,526,522,0
fold-back reflecting,0.3,20,16,338.5499379681379,335.13749110130163,0.004755817890877995,366,385,546,528,0
fold-back reflecting,0.3,20,17,338.55876215640075,343.5217507255049,0.0047650180665662215,377,384,544,537,0
fold-back reflecting,0.3,20,18,338.39145867621176,295.6685412847964,0.005628498815594931,325,384,539,480,0
fold-back reflecting,0.3,20,19,338.64336854754293,372.6384408074077,0.004369179643684188,409,419,546,571,0
fold-back reflecting,0.3,20,20,338.524886313158,326.0746798319644,0.004936459861826046,361,384,524,501,0
fold-back reflecting,0.3,20,21,338.3882349922744,290.85487528506303,0.005579290385058991,318,384,523,457,0
fold-back reflecting,0.3,20,22,338.5384280727816,332.92070976830865,0.0048294550597435155,366,384,493,475,0
fold-back reflecting,0.3,20,23,338.42854828820515,298.1835580538608,0.005434693153225813,328,384,539,483,0
fold-back reflecting,0.3,20,24,338.4249662484705,304.53572566871185,0.005447687663735166,338,384,502,456,0
fold-back reflecting,0.3,20,25,338.3722775860146,291.0291215521988,0.005685295265114901,319,384,516,451,0
fold-back reflecting,0.3,20,26,338.55840622856584,341.6862270271456,0.00476903625376366,374,384,531,521,0
fold-back reflecting,0.3,20,27,338.5821617514116,365.1076549221884,0.004613422082300553,398,398,518,532,0
fold-back reflecting,0.3,20,28,338.54988938754684,344.9509486973061,0.0048099441848730475,379,395,540,535,0
fold-back reflecting,0.3,20,29,338.4936036598052,326.56194697103643,0.0049142120653616825,356,384,543,515,0
fold-back reflecting,0.3,20,30,338.4245647235396,300.0481008084057,0.005403720647672635,327,384,533,476,0
fold-back reflecting,0.3,20,31,338.4511827719566,308.7002638820938,0.0052993096578146616,341,384,540,497,0
fold-back reflecting,0.3,20,32,338.41891364097813,300.567644319686,0.005470985826570376,334,384,524,474,0
fold-back reflecting,0.3,20,33,338.5138277378827,320.2418959330592,0.004974429581649541,351,384,485,452,0
fold-back reflecting,0.3,20,34,338.4291729296659,298.110330056778,0.005413459404177215,326,384,506,448,0
fold-back reflecting,0.3,20,35,338.54632094266367,336.83679668873515,0.0047302840591902495,369,384,524,509,0
fold-back reflecting,0.3,20,36,338.4627366889983,311.69105110088293,0.005225714588404559,341,384,533,490,0
fold-back reflecting,0.3,20,37,338.4307660873514,310.22829707609293,0.005423536722659717,341,384,509,466,0
fold-back reflecting,0.3,20,38,338.5847571790725,349.04702779235987,0.004586337176005025,384,384,507,507,0
fold-back reflecting,0.3,20,39,338.62484997652007,380.1322609749939,0.0043728396489825655,415,415,536,567,0
absorbing,0.3,22,0,337.151983858168,255.9286168073915,0.006212078614955955,281,384,685,582,0
absorbing,0.3,22,1,337.42882304981373,353.7816367603288,0.004691837629573143,387,397,786,789,0
absorbing,0.3,22,2,337.1548530470156,269.86910818590104,0.006183150334281318,295,384,679,590,0
absorbing,0.3,22,3,337.3842376751415,329.2232954376243,0.0049150232469282185,360,384,737,713,0
absorbing,0.3,22,4,337.326313758308,311.33781130356056,0.005211956329601093,347,402,824,787,0
absorbing,0.3,22,5,337.6841791075919,450.41574370507004,0.0035464208103173143,488,491,801,905,0
absorbing,0.3,22,6,337.1756196205554,266.71800230349487,0.006034376577343401,291,384,712,619,0
absorbing,0.3,22,7,337.39452775987064,329.7227242807294,0.0048437433448056365,364,384,802,782,0
absorbing,0.3,22,8,337.2881084934387,290.41223010912756,0.005429290919239434,319,384,720,655,0
absorbing,0.3,22,9,337.497291139999,361.12202726906474,0.004371750941625994,393,405,790,799,0
absorbing,0.3,22,10,337.2276992572063,281.95473491455454,0.005727223033060289,310,384,677,603,0
absorbing,0.3,22,11,337.3758588020964,322.8456884486607,0.004967723026191022,354,384,734,704,0
absorbing,0.3,22,12,337.325931243694,309.2023894173587,0.005237535432244793,342,384,721,679,0
absorbing,0.3,22,13,337.22301472958185,276.98016051867506,0.005790507190581459,302,384,718,636,0
absorbing,0.3,22,14,337.2680733966647,292.42262586986953,0.005507280221641961,322,384,755,693,0
absorbing,0.3,22,15,337.2410748805251,278.35775758422943,0.005690736501064753,304,384,713,633,0
absorbing,0.3,22,16,337.1660538173683,257.29494184993246,0.006081919655427243,285,384,719,620,0
absorbing,0.3,22,17,337.1563485558521,265.46180231748076,0.006011829286840671,290,384,765,671,0
absorbing,0.3,22,18,337.2189131769529,279.3381572551544,0.005720045119312669,307,384,750,673,0
absorbing,0.3,22,19,337.32955228863955,307.600519745058,0.005197965860948945,339,384,749,704,0
absorbing,0.3,22,20,337.3432065320209,317.1135647847528,0.005145339901936521,350,384,731,697,0
absorbing,0.3,22,21,337.6303496546167,421.0498351921423,0.003794855590288185,459,459,753,828,0
absorbing,0.3,22,22,337.55267489096127,375.0772906013609,0.004143558930323016,414,414,751,781,0
absorbing,0.3,22,23,337.5069276532299,364.8516188876256,0.004328280486922462,399,421,793,808,0
absorbing,0.3,22,24,337.16427896173076,260.0783769528963,0.006065328895803954,286,384,706,608,0
absorbing,0.3,22,25,337.1650446515838,267.18551948310864,0.006156103454919562,294,384,717,627,0
absorbing,0.3,22,26,337.5433040707313,383.4117586530793,0.004141601430466182,421,432,765,802,0
absorbing,0.3,22,27,337.42780960665493,347.12240558967613,0.0047087632219342075,383,384,729,728,0
absorbing,0.3,22,28,337.3884446782623,331.86275134939143,0.004885812132386545,364,387,751,731,0
absorbing,0.3,22,29,337.35362875678896,324.65945467271183,0.005084928438748278,355,405,810,781,0
absorbing,0.3,22,30,337.30072424736346,297.7860598462713,0.005295144453526758,330,384,735,681,0
absorbing,0.3,22,31,337.3830054358397,324.01712156897054,0.0049496975780080514,354,384,727,697,0
absorbing,0.3,22,32,337.15779436626894,260.2465460965465,0.0061099097224669085,289,384,697,602,0
absorbing,0.3,22,33,337.38267416771316,334.2451997930656,0.004789802049949141,368,384,755,739,0
absorbing,0.3,22,34,337.13616445526725,260.66977050322186,0.006315608169257386,288,384,712,616,0
absorbing,0.3,22,35,337.2702654843435,288.35083089335996,0.005539151842146302,319,384,745,680,0
absorbing,0.3,22,36,337.36869176859364,332.8545832827642,0.00501792060377004,365,384,741,722,0
absorbing,0.3,22,37,337.35435531267086,312.05374439287624,0.005086375594399096,343,384,728,687,0
absorbing,0.3,22,38,337.17208732684077,259.7835609444166,0.006040652695801615,289,384,730,635,0
absorbing,0.3,22,39,337.10739247335243,251.058123101761,0.006497393290140823,273,384,730,619,0
fold-back reflecting,0.3,22,0,338.78005956086326,298.86132661057303,0.00544926819454585,328,384,490,434,0
fold-back reflecting,0.3,22,1,338.8886103310872,330.0415630862637,0.004846444714484968,364,384,460,440,0
fold-back reflecting,0.3,22,2,338.8321008813769,313.7124568193722,0.005140713741619906,345,384,511,472,0
fold-back reflecting,0.3,22,3,338.7349149903787,294.4935023178469,0.00569345802259065,324,384,494,434,0
fold-back reflecting,0.3,22,4,338.90791447230265,342.4032677967689,0.004679169299735225,377,384,491,484,0
fold-back reflecting,0.3,22,5,338.9140752275086,340.18551650181564,0.004781640599361131,374,387,493,483,0
fold-back reflecting,0.3,22,6,338.84862392713893,319.81438179123484,0.005091140280481447,356,384,462,434,0
fold-back reflecting,0.3,22,7,338.8343157001651,315.8328798244834,0.005143464789840655,349,384,468,433,0
fold-back reflecting,0.3,22,8,338.7554890163438,286.5995516952434,0.005575552836684253,314,384,497,427,0
fold-back reflecting,0.3,22,9,338.77748593437553,300.50239001502445,0.005354392377345447,327,384,492,435,0
fold-back reflecting,0.3,22,10,338.9522164061368,348.03975819639794,0.004601181669358776,379,390,515,510,0
fold-back reflecting,0.3,22,11,338.7743613878248,293.9354757424565,0.005444559038968223,324,384,481,421,0
fold-back reflecting,0.3,22,12,338.8390720396119,317.0028073355385,0.005128107524331382,349,384,485,450,0
fold-back reflecting,0.3,22,13,338.8391686362332,321.6735530204184,0.005135701689890751,349,384,471,436,0
fold-back reflecting,0.3,22,14,338.8155660458035,316.53930444204985,0.005094118481381883,347,384,517,480,0
fold-back reflecting,0.3,22,15,338.8860367316096,328.9069267851993,0.004848277770507661,362,384,503,481,0
fold-back reflecting,0.3,22,16,338.77336865675437,294.1827435873917,0.00549030965213339,324,384,485,425,0
fold-back reflecting,0.3,22,17,338.7788920617565,300.36585758177887,0.005475271101592167,333,384,481,430,0
fold-back reflecting,0.3,22,18,338.8393722120422,322.26187226632015,0.005148427111019373,354,384,499,469,0
fold-back reflecting,0.3,22,19,338.70456077638636,267.12140272604876,0.005891192977213759,295,384,517,428,0
fold-back reflecting,0.3,22,20,338.98549488230856,358.5409946211761,0.004441518418244939,393,407,502,511,0
fold-back reflecting,0.3,22,21,338.9877338038716,369.09636126774,0.004421625498966373,405,406,511,532,0
fold-back reflecting,0.3,22,22,338.79926129875315,291.75599665454257,0.005351405836047284,319,384,494,429,0
fold-back reflecting,0.3,22,23,338.8944852284844,335.7024156782756,0.004853638330705974,365,384,479,460,0
fold-back reflecting,0.3,22,24,338.8553239653336,324.7011379292892,0.005019984330053231,356,384,496,468,0
fold-back reflecting,0.3,22,25,338.91201667930545,342.59099008003614,0.0047769291405362286,375,384,484,475,0
fold-back reflecting,0.3,22,26,338.957657641311,362.9551695149481,0.004574457415069326,396,416,520,532,0
fold-back reflecting,0.3,22,27,338.82685629387856,321.6067169768646,0.005209070308007013,356,384,511,483,0
fold-back reflecting,0.3,22,28,338.7901345458734,307.6781037364541,0.0053951468091084885,338,384,473,427,0
fold-back reflecting,0.3,22,29,338.8953797782547,337.89730876842737,0.004806714414302936,370,387,481,467,0
fold-back reflecting,0.3,22,30,338.8165800945384,315.97493823581885,0.005136268039985701,349,384,517,482,0
fold-back reflecting,0.3,22,31,338.7844692901596,301.74598447527126,0.005372048833865318,331,384,494,441,0
fold-back reflecting,0.3,22,32,338.74118106991966,298.7999007056201,0.00558301033899674,328,384,505,449,0
fold-back reflecting,0.3,22,33,338.77653871214704,308.58911010251137,0.005355455570781799,337,387,528,481,0
fold-back reflecting,0.3,22,34,338.82410169780303,317.39878772269685,0.005186989673248534,349,384,483,448,0
fold-back reflecting,0.3,22,35,338.63158200343145,260.64378020379615,0.006248996169094833,288,384,502,406,0
fold-back reflecting,0.3,22,36,338.82158019361236,305.3325440814467,0.005143563398582472,336,384,504,456,0
fold-back reflecting,0.3,22,37,338.74312645128566,285.702171531929,0.005561523605314672,311,384,504,431,0
fold-back reflecting,0.3,22,38,338.776499437394,300.61351125183836,0.005445796120286629,329,384,519,464,0
fold-back reflecting,0.3,22,39,338.80710057094944,307.4499954294102,0.00532022673667257,341,385,510,467,0
absorbing,0.3,24,0,337.8835585168016,299.07074851088703,0.00525801183996476,327,384,665,608,0
absorbing,0.3,24,1,337.99806989401463,337.48438127827774,0.004681484544046058,370,384,676,662,0
absorbing,0.3,24,2,337.88164409539496,299.3613642815088,0.005210881567218658,326,384,682,624,0
absorbing,0.3,24,3,337.8459286601416,291.42354912885196,0.005409534936051025,318,384,667,601,0
absorbing,0.3,24,4,337.9803950051075,330.17014589565105,0.004749502097377751,362,390,699,677,0
absorbing,0.3,24,5,337.78415545575695,273.34722829846623,0.00570858370615293,302,384,644,562,0
absorbing,0.3,24,6,337.9785346823262,337.3782600792587,0.0047631939604523745,371,384,642,629,0
absorbing,0.3,24,7,337.93053772033426,317.38821002987044,0.005000452870189314,344,386,712,672,0
absorbing,0.3,24,8,337.7189742684614,257.97267936269895,0.006152202409067808,284,384,610,510,0
absorbing,0.3,24,9,337.85498614177266,297.5113050269016,0.005338862763369169,326,384,665,607,0
absorbing,0.3,24,10,337.77252477682146,277.47849464513575,0.005806216953118809,301,384,664,581,0
absorbing,0.3,24,11,337.93406929883196,319.4643776159603,0.004931633178142181,347,384,716,679,0
absorbing,0.3,24,12,337.9635774113297,334.86373948509333,0.004795610174677936,364,406,737,717,0
absorbing,0.3,24,13,337.94045616947534,328.9094634014211,0.004966139481683282,359,384,700,675,0
absorbing,0.3,24,14,337.8441043820179,290.248894435752,0.005463985035634482,322,384,656,594,0
absorbing,0.3,24,15,337.7701397195518,271.767941080744,0.00581251129513125,298,384,653,567,0
absorbing,0.3,24,16,338.15815619875553,403.795559250871,0.0039605836216534875,439,445,693,748,0
absorbing,0.3,24,17,338.06264043340616,363.66271323757655,0.004359833021521533,399,401,658,673,0
absorbing,0.3,24,18,337.7296155523793,267.75572659233035,0.006112485729804724,294,384,677,587,0
absorbing,0.3,24,19,337.89173615469366,313.87288215249794,0.005185162526616494,343,384,661,620,0
absorbing,0.3,24,20,337.77495552137367,283.2175747433382,0.005744091825625077,308,384,649,573,0
absorbing,0.3,24,21,338.03213449965153,351.5403711024001,0.0045352676373262915,383,384,657,656,0
absorbing,0.3,24,22,338.03309860226835,349.14476468600657,0.0044909989872329885,382,384,624,622,0
absorbing,0.3,24,23,337.73033711752356,263.1307383381492,0.006118593319014654,289,384,662,567,0
absorbing,0.3,24,24,337.77804416331594,279.03643118293337,0.005710303780924392,307,384,649,572,0
absorbing,0.3,24,25,337.9370030073497,313.8124340716064,0.004968962159703149,341,384,701,658,0
absorbing,0.3,24,26,337.9394064022724,317.367233260706,0.004971156119382555,348,384,674,638,0
absorbing,0.3,24,27,337.90890482942183,312.4543674030168,0.005124961206261227,340,384,672,628,0
absorbing,0.3,24,28,337.89105568891557,311.19060122737346,0.005170689007895401,343,384,687,646,0
absorbing,0.3,24,29,337.88422589223023,305.5738007993043,0.0052455136083125525,333,384,716,665,0
absorbing,0.3,24,30,338.0051659463143,347.0189006381886,0.004608612467661262,382,387,659,657,0
absorbing,0.3,24,31,337.7663154097276,267.94948275432,0.005909702401744622,295,384,674,585,0
absorbing,0.3,24,32,337.9905150332126,339.5062984540924,0.004723715015703576,374,384,660,650,0
absorbing,0.3,24,33,338.15136591144847,389.82608723124616,0.004018006687170972,427,428,714,757,0
absorbing,0.3,24,34,337.7335627682835,259.18935339195264,0.006064232983346437,289,384,647,552,0
absorbing,0.3,24,35,337.960408167544,329.61474085114025,0.004871107449424061,363,384,675,654,0
absorbing,0.3,24,36,337.91962986696916,314.0853849515919,0.005011462516374381,342,384,660,618,0
absorbing,0.3,24,37,338.1055737048453,379.8316673981227,0.004213608769387411,416,417,661,693,0
absorbing,0.3,24,38,337.9593510190387,330.3006659008828,0.0047139436155506816,361,408,731,708,0
absorbing,0.3,24,39,337.7424354005131,262.63793007559815,0.006016172650851435,289,384,626,531,0
fold-back reflecting,0.3,24,0,338.9713392207871,284.02165704672353,0.005870799537463306,309,384,507,432,0
fold-back reflecting,0.3,24,1,339.11217150323233,325.1484096258556,0.005051981586978897,355,384,493,464,0
fold-back reflecting,0.3,24,2,339.0959048759457,312.7066946054121,0.005032433228560856,345,384,491,452,0
fold-back reflecting,0.3,24,3,339.06959987243056,308.5242818505298,0.0053152019665019335,342,384,483,441,0
fold-back reflecting,0.3,24,4,339.01971706044816,305.50801066234897,0.005464435828794934,335,384,481,432,0
fold-back reflecting,0.3,24,5,339.16451902688414,338.0645710396376,0.0047746991382593374,368,384,482,466,0
fold-back reflecting,0.3,24,6,339.31647079169034,394.70900513604084,0.004117168931534492,433,435,476,525,0
fold-back reflecting,0.3,24,7,338.8936769212618,252.13122537892224,0.006349518703392696,279,384,496,391,0
fold-back reflecting,0.3,24,8,339.01800692201675,299.227112598165,0.005479906992756587,324,384,456,396,0
fold-back reflecting,0.3,24,9,339.1740285655261,336.44264513857746,0.004762836368599896,369,384,468,453,0
fold-back reflecting,0.3,24,10,339.0249122776516,295.443161643483,0.0055017351276807095,324,384,488,428,0
fold-back reflecting,0.3,24,11,338.93613184010024,283.15753516246014,0.0060731382373444085,312,384,520,448,0
fold-back reflecting,0.3,24,12,339.1500993908584,326.8905680200153,0.0048209428203867585,359,384,454,429,0
fold-back reflecting,0.3,24,13,339.1277962316355,327.8250126912097,0.00500766875321003,361,384,476,453,0
fold-back reflecting,0.3,24,14,339.08423270214763,319.6174297263604,0.005205093413063606,352,384,482,450,0
fold-back reflecting,0.3,24,15,339.00312895874004,289.1741138389792,0.005642603464550729,317,384,478,411,0
fold-back reflecting,0.3,24,16,339.1812117474908,348.4249061612787,0.0047069471798294234,383,388,470,469,0
fold-back reflecting,0.3,24,17,339.03630937501237,297.5399280522324,0.005446845767275348,324,384,452,392,0
fold-back reflecting,0.3,24,18,339.00276915713425,300.1938550272342,0.0056933316543754066,328,384,480,424,0
fold-back reflecting,0.3,24,19,339.17490506196526,348.5203464763989,0.004790781932745015,381,389,468,465,0
fold-back reflecting,0.3,24,20,339.15676114066923,340.0172565907089,0.004868563085824554,375,404,480,471,0
fold-back reflecting,0.3,24,21,339.09686808466824,324.8048012403962,0.005040729580145484,355,384,508,479,0
fold-back reflecting,0.3,24,22,339.03085794325415,291.71111580434274,0.005491052462701236,319,384,476,411,0
fold-back reflecting,0.3,24,23,339.14268425253437,338.1630780168629,0.004866994592347252,370,384,450,436,0
fold-back reflecting,0.3,24,24,339.01237191934365,291.3042782096706,0.005522284112677528,321,384,480,417,0
fold-back reflecting,0.3,24,25,339.16666769194995,332.2887837079903,0.004829893825571961,365,390,506,487,0
fold-back reflecting,0.3,24,26,339.072079364798,310.5829420286813,0.005303854985665923,338,384,488,442,0
fold-back reflecting,0.3,24,27,338.89109015410935,267.0720203571243,0.006217024594243427,294,384,463,373,0
fold-back reflecting,0.3,24,28,339.0370559061816,298.9889551116478,0.005409653058769796,328,384,468,412,0
fold-back reflecting,0.3,24,29,339.1038442344736,325.51633077173017,0.005081788487878083,354,384,506,476,0
fold-back reflecting,0.3,24,30,339.2557603094096,379.52734003308905,0.004417691725076749,414,417,498,528,0
fold-back reflecting,0.3,24,31,339.00785730344234,288.7544936305021,0.005635283701460027,318,384,486,420,0
fold-back reflecting,0.3,24,32,339.17217731801003,335.63315058961985,0.004776146375511679,366,384,492,474,0
fold-back reflecting,0.3,24,33,339.07474712109416,308.50522190332487,0.005268705818547518,341,384,466,423,0
fold-back reflecting,0.3,24,34,339.13796841372886,343.8685651027536,0.0049158170059642025,377,384,475,468,0
fold-back reflecting,0.3,24,35,339.1434781601446,328.5317437731962,0.004942017928719578,361,384,470,447,0
fold-back reflecting,0.3,24,36,339.0057803314699,291.88083108539354,0.0056480972430126355,321,384,474,411,0
fold-back reflecting,0.3,24,37,339.09008809380987,323.25365652839133,0.005214249872795002,355,384,466,437,0
fold-back reflecting,0.3,24,38,339.09337779437254,320.46919698547504,0.005181298438217102,351,384,485,452,0
fold-back reflecting,0.3,24,39,338.9694624434901,282.3654177533059,0.005616276355961725,313,384,512,441,0
absorbing,0.3,26,0,338.3094046700689,286.7623685586703,0.005672260069428456,313,384,629,558,0
absorbing,0.3,26,1,338.4660033423393,325.52987892381526,0.004861898047665099,358,384,599,573,0
absorbing,0.3,26,2,338.52745601541795,359.7946741723092,0.004499047333509889,393,397,609,618,0
absorbing,0.3,26,3,338.41162976700764,310.2762100549536,0.005127860076663288,343,384,634,593,0
absorbing,0.3,26,4,338.3100770312294,287.5926062557732,0.00567125362593813,317,384,628,561,0
absorbing,0.3,26,5,338.4203445443653,317.20034347001007,0.004928031058883289,346,384,614,576,0
absorbing,0.3,26,6,338.18591025304136,253.59098561889797,0.006347998989312507,277,384,586,479,0
absorbing,0.3,26,7,338.23364331528904,266.9475274679134,0.0060948691861791105,292,384,641,549,0
absorbing,0.3,26,8,338.2643332858184,278.22306461412165,0.005883744937797189,307,384,645,568,0
absorbing,0.3,26,9,338.40220620643106,309.8415959403799,0.005167482796233625,341,384,615,572,0
absorbing,0.3,26,10,338.3841228607877,309.5450375317563,0.005292689579509524,340,384,606,562,0
absorbing,0.3,26,11,338.4427694472276,317.2090681832773,0.004981527421274657,348,388,639,603,0
absorbing,0.3,26,12,338.4076790595389,311.38874230610287,0.00514441775388053,343,384,608,567,0
absorbing,0.3,26,13,338.42026079914854,319.1882700318237,0.005104461631855441,352,397,673,641,0
absorbing,0.3,26,14,338.65554790978166,401.1637947347343,0.003970306620404509,436,438,661,713,0
absorbing,0.3,26,15,338.41972852823716,320.7514997502333,0.005098543504534522,351,384,616,583,0
absorbing,0.3,26,16,338.3500312269851,293.07436994388024,0.005334311180578479,322,384,674,612,0
absorbing,0.3,26,17,338.3226718251337,292.7547107483946,0.005615267767168193,322,384,587,525,0
absorbing,0.3,26,18,338.381120004057,305.2907976351962,0.0052773581862145995,336,384,641,593,0
absorbing,0.3,26,19,338.4376111118266,316.89741507096386,0.004974841876604531,351,384,624,591,0
absorbing,0.3,26,20,338.3411153539477,293.51595912040716,0.005521474830755611,323,384,606,545,0
absorbing,0.3,26,21,338.3960898122859,305.7775365766468,0.005225704400117122,335,395,639,590,0
absorbing,0.3,26,22,338.1785850027216,253.1615480510355,0.00648676329748492,278,384,596,490,0
absorbing,0.3,26,23,338.3509498914338,290.14862643170136,0.0054158059425891475,319,384,596,531,0
absorbing,0.3,26,24,338.5350560773653,354.28931672939933,0.00454153171859772,387,394,619,622,0
absorbing,0.3,26,25,338.35134872947225,287.9313152841355,0.005407183735628668,318,384,641,575,0
absorbing,0.3,26,26,338.26278106695025,270.4717520280253,0.005955788703657385,294,384,621,531,0
absorbing,0.3,26,27,338.41946078459523,320.04787803698946,0.005086329987008721,354,384,641,611,0
absorbing,0.3,26,28,338.25603977393854,267.75408618336917,0.00599307358323967,296,384,644,556,0
absorbing,0.3,26,29,338.4042170738572,320.6541746309951,0.00510371976155733,352,384,598,566,0
absorbing,0.3,26,30,338.5550147427389,362.9277004589742,0.004421308943268969,399,399,668,683,0
absorbing,0.3,26,31,338.3431261225922,291.33558328918735,0.0054768722086130815,322,384,606,544,0
absorbing,0.3,26,32,338.51081715732704,346.09278172771957,0.004636283450546185,379,384,630,625,0
absorbing,0.3,26,33,338.54953456014516,357.35242200649674,0.004463517971248339,393,399,574,583,0
absorbing,0.3,26,34,338.39549402015973,304.957754842288,0.005210934524003225,331,384,617,564,0
absorbing,0.3,26,35,338.4449848211329,321.4567604149408,0.004963494968320429,351,384,643,610,0
absorbing,0.3,26,36,338.1959065236275,259.6736438927963,0.006342187166206484,287,384,589,492,0
absorbing,0.3,26,37,338.2926703396321,287.3639152677441,0.005706660704923355,316,384,623,555,0
absorbing,0.3,26,38,338.2964864388625,283.0401005598073,0.005612174978237346,312,384,654,582,0
absorbing,0.3,26,39,338.331068233675,300.868921915431,0.005515272858563709,328,384,617,561,0
fold-back reflecting,0.3,26,0,339.2147273005397,302.5364596596826,0.005579404211292921,330,384,459,405,0
fold-back reflecting,0.3,26,1,339.2454898036952,306.64021178195543,0.005484964063275791,337,384,481,434,0
fold-back reflecting,0.3,26,2,339.2679829208292,309.1112951429082,0.005325353764137207,340,384,474,430,0
fold-back reflecting,0.3,26,3,339.3226965693343,320.25798011759645,0.00496938103270144,350,384,475,441,0
fold-back reflecting,0.3,26,4,339.238145285887,304.07414102288215,0.0054470067361529935,335,384,447,398,0
fold-back reflecting,0.3,26,5,339.43613942328057,358.78798945288105,0.0045391661020475265,393,393,446,455,0
fold-back reflecting,0.3,26,6,339.19520844413177,289.77442336957995,0.00572161108177861,320,384,476,412,0
fold-back reflecting,0.3,26,7,339.2463544314414,293.28746817352913,0.005483136482769332,319,384,484,419,0
fold-back reflecting,0.3,26,8,339.2819833678362,304.18007415756205,0.005256044560597089,333,384,470,419,0
fold-back reflecting,0.3,26,9,339.38665555005457,339.6453686539908,0.004759388225593151,376,401,474,466,0
fold-back reflecting,0.3,26,10,339.37044194179094,341.3860146816622,0.004724131777836122,370,395,501,487,0
fold-back reflecting,0.3,26,11,339.381191692903,342.07477869692445,0.004762188463597399,372,384,472,460,0
fold-back reflecting,0.3,26,12,339.19662565230846,293.4873194691481,0.0057458813876144505,323,384,492,431,0
fold-back reflecting,0.3,26,13,339.40504053629127,354.1596470869031,0.004644888220949198,390,392,448,454,0
fold-back reflecting,0.3,26,14,339.3597652607425,331.8331432036,0.004872490326569895,361,384,456,433,0
fold-back reflecting,0.3,26,15,339.15027345001937,267.6977152450856,0.006026772939624524,294,384,467,377,0
fold-back reflecting,0.3,26,16,339.37989773040033,347.3122411485758,0.004708689634295342,381,384,457,454,0
fold-back reflecting,0.3,26,17,339.38620848351076,349.85835315276773,0.004757737796293646,385,391,470,471,0
fold-back reflecting,0.3,26,18,339.39009990912103,345.9789600878033,0.004716776111622869,376,384,473,465,0
fold-back reflecting,0.3,26,19,339.3957394036673,334.8159470366828,0.004675515727448239,365,384,436,417,0
fold-back reflecting,0.3,26,20,339.2660699959314,303.5726745093607,0.005194708314827796,331,384,446,393,0
fold-back reflecting,0.3,26,21,339.2526840675267,301.9564092219757,0.005315815196199495,334,384,482,432,0
fold-back reflecting,0.3,26,22,339.3122420883948,324.4297904748456,0.005061386439344318,357,384,453,426,0
fold-back reflecting,0.3,26,23,339.1571239892348,271.2114001892958,0.005999312592721358,298,384,448,362,0
fold-back reflecting,0.3,26,24,339.2536301604647,299.9840267729364,0.005423711355106423,329,384,455,400,0
fold-back reflecting,0.3,26,25,339.22988820841397,290.13562300715637,0.005420018025536196,316,384,459,391,0
fold-back reflecting,0.3,26,26,339.23296994331645,306.62910793620136,0.005513029720111426,338,384,493,447,0
fold-back reflecting,0.3,26,27,339.30710197991647,335.07113460493144,0.005134038921065579,367,399,496,479,0
fold-back reflecting,0.3,26,28,339.2443971642565,309.68065729662345,0.005365344973287139,339,384,488,443,0
fold-back reflecting,0.3,26,29,339.21639233729843,296.4618343682491,0.005647917626109582,326,384,468,410,0
fold-back reflecting,0.3,26,30,339.33863704389944,327.8204131853306,0.004998861198961982,360,390,483,459,0
fold-back reflecting,0.3,26,31,339.2178178123458,297.21045891237236,0.005641761849075423,325,384,457,398,0
fold-back reflecting,0.3,26,32,339.3820465945653,341.82907006292015,0.00478691837657649,371,416,502,489,0
fold-back reflecting,0.3,26,33,339.3170968385946,319.72643015835894,0.005091610229060921,352,384,469,437,0
fold-back reflecting,0.3,26,34,339.32083717080303,326.71174443094657,0.004982443703994402,358,384,471,445,0
fold-back reflecting,0.3,26,35,339.28056357820896,312.53117454922005,0.005286485784298232,341,384,462,419,0
fold-back reflecting,0.3,26,36,339.28179063671496,306.64763466375985,0.005227329038055655,339,384,463,418,0
fold-back reflecting,0.3,26,37,339.2138245341031,291.29621336474975,0.005638113757743597,323,384,448,387,0
fold-back reflecting,0.3,26,38,339.3098953394703,316.21074780753736,0.005099892889658667,347,384,499,462,0
fold-back reflecting,0.3,26,39,339.37712373389996,330.99750097624536,0.004795051235643221,365,384,459,440,0
absorbing,0.5,8,0,291.7775104021375,306.18745964052863,0.005502188418904892,341,445,2482,2439,0
absorbing,0.5,8,1,291.7662475929611,304.72988050480785,0.005690998045597075,342,445,2297,2255,0
absorbing,0.5,8,2,291.60177005098467,252.3038549570456,0.006679621177451381,286,423,2236,2138,0
absorbing,0.5,8,3,292.3158849013022,514.9875614153191,0.003257715161696989,576,671,2725,2917,0
absorbing,0.5,8,4,291.95124992988593,355.7162491450583,0.0046630588083399135,395,541,2764,2775,0
absorbing,0.5,8,5,292.40715204714394,552.6216671427399,0.0029897459427158956,617,636,2642,2875,0
absorbing,0.5,8,6,291.9580550381684,382.7808528944304,0.0046223674252616085,427,602,2797,2840,0
absorbing,0.5,8,7,292.69593522124194,754.7398595147433,0.0022435882458309996,842,921,3206,3664,0
absorbing,0.5,8,8,291.9734608619317,382.8877386477147,0.004593200177907191,424,553,2607,2647,0
absorbing,0.5,8,9,292.034302141616,398.2704842280674,0.004286430208688739,444,476,2310,2370,0
absorbing,0.5,8,10,292.1280605647773,446.7918597246082,0.0039668240244491665,501,638,2468,2585,0
absorbing,0.5,8,11,291.42190908213547,217.99756574155222,0.007957554517605851,244,384,2237,2097,0
absorbing,0.5,8,12,292.6064939582678,680.1171805899813,0.0024554787318744917,756,767,2487,2859,0
absorbing,0.5,8,13,292.2897227759659,505.09413191261154,0.0033682160375482885,564,613,2612,2792,0
absorbing,0.5,8,14,292.3012640727872,532.8865511864404,0.00327766364786742,593,802,3268,3477,0
absorbing,0.5,8,15,292.0353810909813,406.0011127437194,0.004337832321662372,453,512,2286,2355,0
absorbing,0.5,8,16,291.62163708215854,254.29197459936827,0.00650043342712463,282,476,2417,2315,0
absorbing,0.5,8,17,292.78983405680975,813.0611723889469,0.002047285636963764,904,913,2957,3477,0
absorbing,0.5,8,18,292.46654112014807,620.5300123173655,0.002808598198209727,687,920,3134,3437,0
absorbing,0.5,8,19,291.50349270424704,249.6293044895203,0.007330182911551876,282,389,2261,2159,0
absorbing,0.5,8,20,291.98858122020283,380.36599082169795,0.004562719438243839,424,522,2249,2289,0
absorbing,0.5,8,21,292.42041046349516,585.4421393336831,0.0029278601723221726,647,716,2779,3042,0
absorbing,0.5,8,22,292.4922077505963,611.1544668648904,0.002713292842991801,680,721,2711,3007,0
absorbing,0.5,8,23,292.7381822710694,792.169212718699,0.0021503596713635456,880,953,3241,3737,0
absorbing,0.5,8,24,292.0061387775743,376.9832957725275,0.004418222668727346,423,451,2078,2117,0
absorbing,0.5,8,25,292.30023430397256,517.0224710107028,0.003321367396575441,578,740,2662,2856,0
absorbing,0.5,8,26,292.5256837009743,655.0119208174908,0.0026602753432205316,731,977,3311,3658,0
absorbing,0.5,8,27,292.01605683713,390.3760720173268,0.004368511175360458,441,535,2786,2843,0
absorbing,0.5,8,28,291.145923078043,173.15413879929665,0.010212681949933676,192,384,2091,1899,0
absorbing,0.5,8,29,291.1947407163193,166.61971451061115,0.010008598880630982,187,384,1507,1310,0
absorbing,0.5,8,30,292.4033685546813,581.439879121024,0.0029499661567668036,647,712,2388,2651,0
absorbing,0.5,8,31,292.7660733944244,818.0158897818468,0.002094732502140446,909,927,2760,3285,0
absorbing,0.5,8,32,292.20751590900164,471.18886722161756,0.0036242122659416493,525,627,2972,3113,0
absorbing,0.5,8,33,291.92543361108403,361.3560803531284,0.004665781448206682,399,434,2380,2395,0
absorbing,0.5,8,34,292.8580314850855,890.0980013731099,0.0019052300117878868,995,1021,3280,3891,0
absorbing,0.5,8,35,292.31818479125667,536.1705018692154,0.0032377094893255133,596,708,2520,2732,0
absorbing,0.5,8,36,291.990124190754,390.1066527224902,0.004528508016677273,431,583,2462,2509,0
absorbing,0.5,8,37,292.1430317254502,445.61198272070027,0.003912876374979727,499,611,2515,2630,0
absorbing,0.5,8,38,292.193924976335,476.9558494815045,0.0036787223206418574,531,642,3090,3237,0
absorbing,0.5,8,39,291.815027372611,331.32687835441243,0.005307424758769663,366,499,2661,2643,0
fold-back reflecting,0.5,8,0,313.3395877212496,509.24397867660906,0.0033525387022068065,565,575,1853,2034,0
fold-back reflecting,0.5,8,1,312.8268455555653,296.23321270350095,0.0056047951579046235,326,384,1583,1525,0
fold-back reflecting,0.5,8,2,312.5052698084675,221.50665189736202,0.0077257946480989385,247,384,1504,1367,0
fold-back reflecting,0.5,8,3,312.1394157144357,158.39186457303313,0.010181705769374749,176,384,1463,1255,0
fold-back reflecting,0.5,8,4,312.50066313558574,219.5435725068804,0.007435547262632087,244,388,1676,1536,0
fold-back reflecting,0.5,8,5,312.033713270193,132.4357158045573,0.012388731968044495,150,384,1269,1035,0
fold-back reflecting,0.5,8,6,312.45671204354716,219.90736834179404,0.00806585322302065,249,449,1704,1569,0
fold-back reflecting,0.5,8,7,312.72315697390826,282.3900017060165,0.006193417990426903,316,435,1650,1582,0
fold-back reflecting,0.5,8,8,312.5074663038745,223.46921793977108,0.007612562829635971,249,445,1709,1574,0
fold-back reflecting,0.5,8,9,312.37741083119914,182.87487207946037,0.008606447880800453,205,387,1476,1297,0
fold-back reflecting,0.5,8,10,312.9311170999521,338.3168454390081,0.005011143803845038,375,451,1705,1696,0
fold-back reflecting,0.5,8,11,312.9810577156515,370.34421068280585,0.004768653477652919,412,484,1741,1769,0
fold-back reflecting,0.5,8,12,313.0250831675115,374.0136146412686,0.004573920163861839,414,498,1837,1867,0
fold-back reflecting,0.5,8,13,312.3986288030442,207.20699391804277,0.008466301488607877,227,384,1340,1183,0
fold-back reflecting,0.5,8,14,313.11119380270736,419.62033900073936,0.004214377780725955,465,585,1986,2067,0
fold-back reflecting,0.5,8,15,312.5309852959535,227.82179290848836,0.007435575241412448,253,394,1536,1405,0
fold-back reflecting,0.5,8,16,312.58631350168173,233.15986207107477,0.007112548932755124,264,475,1748,1628,0
fold-back reflecting,0.5,8,17,312.7904486079911,305.2723070981089,0.005725149276685928,339,410,1569,1524,0
fold-back reflecting,0.5,8,18,313.07485357443863,383.97912191575085,0.0043146116965610895,430,556,1856,1902,0
fold-back reflecting,0.5,8,19,312.5248612742446,225.15627410296884,0.0074225376884537436,249,425,1660,1525,0
fold-back reflecting,0.5,8,20,312.58231399156887,246.79146799704642,0.007118430623574671,273,384,1571,1460,0
fold-back reflecting,0.5,8,21,312.3949071618283,201.5364672543696,0.008195737960888185,223,384,1485,1324,0
fold-back reflecting,0.5,8,22,312.5414535459847,239.90130562040008,0.0070340953634493,268,444,1718,1602,0
fold-back reflecting,0.5,8,23,312.676241972055,266.4647116447823,0.006389405189082654,297,404,1683,1596,0
fold-back reflecting,0.5,8,24,312.4412487272668,207.7970377625274,0.008110689096242522,233,475,1778,1627,0
fold-back reflecting,0.5,8,25,312.6319903893004,258.9474572127801,0.006510114268053647,286,396,1579,1481,0
fold-back reflecting,0.5,8,26,312.66056259778503,255.39899900945778,0.0063583213194308204,285,463,1696,1597,0
fold-back reflecting,0.5,8,27,312.6206962613797,254.24574510222664,0.006381898583951954,280,476,1878,1774,0
fold-back reflecting,0.5,8,28,313.1529102948719,427.02482319140967,0.0039526230024260365,475,592,1954,2045,0
fold-back reflecting,0.5,8,29,312.65401939467387,246.21291756247805,0.00662994945724402,276,384,1505,1397,0
fold-back reflecting,0.5,8,30,312.6016332465298,269.4841045204004,0.007018309486199493,301,431,1664,1581,0
fold-back reflecting,0.5,8,31,312.8454895198636,315.4972254869583,0.00549978377987259,351,476,1734,1701,0
fold-back reflecting,0.5,8,32,312.5905073001411,237.97835550037775,0.006986863516712331,269,429,1725,1610,0
fold-back reflecting,0.5,8,33,312.88235986461274,318.2731743837626,0.005289715588828588,362,517,1770,1748,0
fold-back reflecting,0.5,8,34,312.73319674496844,284.0445216401932,0.006159646595077368,319,510,1818,1753,0
fold-back reflecting,0.5,8,35,313.0029592680139,373.1267814139966,0.004697642676651688,413,509,1863,1892,0
fold-back reflecting,0.5,8,36,312.58522108471635,243.40627070919834,0.007109234467976679,273,384,1538,1427,0
fold-back reflecting,0.5,8,37,312.2348038566402,181.05300483606666,0.009865808102623259,200,395,1543,1359,0
fold-back reflecting,0.5,8,38,312.6954342118725,265.78908802189625,0.006368095769005496,299,461,1727,1642,0
fold-back reflecting,0.5,8,39,312.5091532303982,223.8276114639275,0.00751735418094802,248,496,1796,1660,0
absorbing,0.5,10,0,310.5621509314963,319.17852510710907,0.0049888759421680175,350,384,1800,1766,0
absorbing,0.5,10,1,310.7102214063257,376.5280640511895,0.0043215692637067656,416,416,1978,2010,0
absorbing,0.5,10,2,310.84281572051646,418.4615189819868,0.003753731567218526,462,462,2058,2136,0
absorbing,0.5,10,3,310.7672882627511,388.88752896169154,0.004091742476608468,429,429,1874,1919,0
absorbing,0.5,10,4,310.5224643005298,293.4677235870655,0.005094139993889227,320,414,1949,1885,0
absorbing,0.5,10,5,310.49768846588427,294.30979234822865,0.005241794980765638,326,463,1999,1941,0
absorbing,0.5,10,6,310.52201414906557,297.87180114358034,0.005016660123755565,327,462,2100,2043,0
absorbing,0.5,10,7,310.72542916300387,381.65677371244533,0.004202214188378138,422,422,1851,1889,0
absorbing,0.5,10,8,310.64557557592116,343.1230309976528,0.00451233399007588,372,501,1976,1964,0
absorbing,0.5,10,9,310.5070651638893,306.4197964490578,0.005224816732519806,335,408,1977,1928,0
absorbing,0.5,10,10,310.72324892234406,357.6870416100958,0.004256795528759796,393,408,1921,1930,0
absorbing,0.5,10,11,310.40384328252617,278.7082288596538,0.005735386386800815,307,384,1783,1706,0
absorbing,0.5,10,12,310.6031930997914,322.3330161152377,0.00482528426123849,355,389,1856,1827,0
absorbing,0.5,10,13,310.70589786406236,363.84079057021773,0.004330259127162312,398,507,2123,2137,0
absorbing,0.5,10,14,311.0951155788627,525.2799802340746,0.0029345609270941455,577,577,2145,2338,0
absorbing,0.5,10,15,310.3358818417218,260.6915461895307,0.006261273719526772,284,384,1763,1663,0
absorbing,0.5,10,16,310.6079142447754,331.7618805311935,0.004766647897358975,365,387,1910,1891,0
absorbing,0.5,10,17,310.8084368763049,399.87642121176543,0.003906877626502277,444,448,2025,2085,0
absorbing,0.5,10,18,310.2548887193317,244.36854071137182,0.006832264724143828,267,392,1880,1763,0
absorbing,0.5,10,19,310.87770862731065,434.7550511606314,0.0036633241234447327,475,589,2367,2458,0
absorbing,0.5,10,20,310.9108769935504,454.4283024417696,0.0035447376207998565,498,498,2020,2134,0
absorbing,0.5,10,21,310.9250380234354,457.89927485378894,0.0034899778375118524,504,504,2026,2146,0
absorbing,0.5,10,22,310.26664131904977,231.0971513305578,0.006728979291148068,259,384,1588,1463,0
absorbing,0.5,10,23,310.7219359225504,362.07952095874174,0.004277924461541904,399,518,2339,2354,0
absorbing,0.5,10,24,310.71098565888303,370.78821818641933,0.004328807315387005,408,475,2145,2169,0
absorbing,0.5,10,25,310.55067822726824,316.58883784704585,0.005040549490525246,350,384,1781,1747,0
absorbing,0.5,10,26,310.4721272418076,294.60539122630496,0.005422427043132723,323,419,1968,1907,0
absorbing,0.5,10,27,309.941419868334,176.17509758038116,0.009195654059116598,193,384,1631,1440,0
absorbing,0.5,10,28,310.6032698927222,322.86869994186947,0.00481656102330075,354,401,1922,1892,0
absorbing,0.5,10,29,310.6187823188982,335.3604815048503,0.004748462511945935,371,384,1561,1548,0
absorbing,0.5,10,30,310.38877833150025,262.97135427267267,0.005864160405026413,289,387,1800,1705,0
absorbing,0.5,10,31,310.00932466716876,183.23805983163075,0.008663153426025206,201,384,1681,1498,0
absorbing,0.5,10,32,310.84845946911895,421.3532634556635,0.003770911060091395,464,491,2221,2301,0
absorbing,0.5,10,33,310.71625256691476,370.20299695527666,0.00427085053388044,407,449,2018,2041,0
absorbing,0.5,10,34,310.95429884381093,480.6267802795205,0.0033196389972987806,525,525,2301,2442,0
absorbing,0.5,10,35,310.454969546732,287.97413899708727,0.005591420384149236,317,384,1749,1682,0
absorbing,0.5,10,36,310.25295507092585,227.9701127307564,0.00675932988802459,251,384,1814,1681,0
absorbing,0.5,10,37,310.5052164522652,297.37373350400395,0.005290245182120162,323,384,1761,1700,0
absorbing,0.5,10,38,310.20457721302995,214.02189629477414,0.007188092239869947,234,384,1693,1543,0
absorbing,0.5,10,39,310.48525741252905,299.04391308902063,0.005367785264468256,331,494,2288,2235,0
fold-back reflecting,0.5,10,0,322.7958419086311,311.35930887913185,0.005393390905821323,341,406,1301,1258,0
fold-back reflecting,0.5,10,1,322.9258239258303,339.75257958833953,0.004716553939738675,369,384,1104,1089,0
fold-back reflecting,0.5,10,2,322.46099192457257,215.4317070062626,0.00759812297925846,237,384,1007,860,0
fold-back reflecting,0.5,10,3,322.9986470699332,367.7143573448121,0.00445896705774455,409,409,1175,1200,0
fold-back reflecting,0.5,10,4,322.76228710961254,299.48402625365446,0.00567766612045534,330,384,1219,1165,0
fold-back reflecting,0.5,10,5,323.06386889655323,388.7904183330851,0.004163177928336809,429,453,1200,1245,0
fold-back reflecting,0.5,10,6,322.7381032645392,287.94116513671173,0.00579371895945851,317,384,1097,1030,0
fold-back reflecting,0.5,10,7,322.90453378627876,340.4645945403751,0.004924679007350223,378,405,1315,1309,0
fold-back reflecting,0.5,10,8,322.47383764884285,221.80620029333036,0.007243551583056075,246,384,1123,985,0
fold-back reflecting,0.5,10,9,322.7623101558465,292.5044528688004,0.005636469173465378,323,388,1219,1158,0
fold-back reflecting,0.5,10,10,322.56445072905746,240.84657686186804,0.006875838798008062,268,384,1221,1105,0
fold-back reflecting,0.5,10,11,322.76399807443136,297.9829787540787,0.005628205657658224,331,384,1234,1181,0
fold-back reflecting,0.5,10,12,322.79925487213336,301.7709264385674,0.005380309871574294,334,384,1224,1174,0
fold-back reflecting,0.5,10,13,322.8886133116015,323.16966600688386,0.005009624224440727,356,410,1248,1220,0
fold-back reflecting,0.5,10,14,322.9791890784907,349.30015762596565,0.004549322082788957,382,412,1360,1358,0
fold-back reflecting,0.5,10,15,322.70951327311263,270.83053012602926,0.00586747169156981,302,384,1202,1120,0
fold-back reflecting,0.5,10,16,322.6475972819852,270.2056920406294,0.006331396362883093,298,384,1135,1049,0
fold-back reflecting,0.5,10,17,322.64559186944024,262.11402427042754,0.00633513120919041,293,384,1100,1009,0
fold-back reflecting,0.5,10,18,322.8467619504078,324.3619090733732,0.005224330738891758,356,440,1368,1340,0
fold-back reflecting,0.5,10,19,322.612630387619,257.80695984857164,0.006397858056788087,283,384,1161,1060,0
fold-back reflecting,0.5,10,20,322.7742333388163,289.8497235779834,0.005607261374073001,322,384,1210,1148,0
fold-back reflecting,0.5,10,21,323.0486884174442,388.14917907288003,0.004265907803289647,429,442,1291,1336,0
fold-back reflecting,0.5,10,22,323.0629431977591,403.4633116127533,0.004125880024634258,444,469,1335,1395,0
fold-back reflecting,0.5,10,23,322.8035311075325,309.8246051731199,0.005378188690304418,344,412,1277,1237,0
fold-back reflecting,0.5,10,24,323.0160549929168,385.9902087939031,0.004345699397831799,428,445,1323,1367,0
fold-back reflecting,0.5,10,25,322.7002243047385,272.93741486439,0.005991523527840535,304,384,1223,1143,0
fold-back reflecting,0.5,10,26,322.60210504584984,250.42654877252423,0.006603736389743687,274,384,1130,1020,0
fold-back reflecting,0.5,10,27,322.76702728568745,292.9638704028911,0.005625309333854839,327,384,1176,1119,0
fold-back reflecting,0.5,10,28,322.4599999699824,208.35236956195246,0.007684641503978786,232,384,1056,904,0
fold-back reflecting,0.5,10,29,323.153068131373,439.8190240107755,0.003822023642677582,482,482,1358,1456,0
fold-back reflecting,0.5,10,30,322.93427266843605,341.80926851721364,0.004747839816769183,379,400,1285,1280,0
fold-back reflecting,0.5,10,31,323.0819140530899,397.84543315318786,0.004120126901771384,439,444,1307,1362,0
fold-back reflecting,0.5,10,32,322.8517470461247,311.81732510584345,0.005193611026416179,348,384,1255,1219,0
fold-back reflecting,0.5,10,33,323.1995740511837,444.35396206271446,0.0036438752675487856,492,494,1258,1366,0
fold-back reflecting,0.5,10,34,322.57611393225926,242.13773306767442,0.006838463719787667,264,384,1137,1017,0
fold-back reflecting,0.5,10,35,323.18334264821596,443.8875330952649,0.003718257864245586,491,512,1442,1549,0
fold-back reflecting,0.5,10,36,322.96832238450264,352.27396657621335,0.004583253005087586,388,403,1269,1273,0
fold-back reflecting,0.5,10,37,323.0915053094192,403.56474616509877,0.004055449329699796,446,458,1338,1400,0
fold-back reflecting,0.5,10,38,322.8321371667125,309.96194235926856,0.005294264037098751,341,384,1186,1143,0
fold-back reflecting,0.5,10,39,322.9439577756631,354.09889207211097,0.0047165798897403095,394,401,1149,1159,0
absorbing,0.5,12,0,319.14976879784325,395.1269061625408,0.004093877960084978,436,436,1769,1821,0
absorbing,0.5,12,1,319.1619537164693,409.04998462481535,0.004049991701932843,453,536,1870,1939,0
absorbing,0.5,12,2,319.1787684135099,418.7434857629149,0.003971273933510703,460,491,1806,1882,0
absorbing,0.5,12,3,318.7852705214434,275.87371945839556,0.0058808368182682765,304,384,1575,1495,0
absorbing,0.5,12,4,319.30450290077516,459.1223261524233,0.0034930741349982865,506,508,1846,1968,0
absorbing,0.5,12,5,319.31192784426577,455.8128105773148,0.0034602463820365653,504,574,1986,2106,0
absorbing,0.5,12,6,318.89093327415935,307.36340950404235,0.005308196276936269,339,392,1740,1695,0
absorbing,0.5,12,7,319.2860582897765,448.33341656459515,0.0035620958490348124,500,533,1703,1819,0
absorbing,0.5,12,8,318.75200954489696,263.9367323063554,0.0060661147504593015,288,384,1464,1368,0
absorbing,0.5,12,9,318.53462216895076,218.8174087947737,0.007430730294652,239,393,1649,1504,0
absorbing,0.5,12,10,319.01621449952535,339.5972133516275,0.004657720862460898,379,386,1654,1649,0
absorbing,0.5,12,11,318.6750547552762,243.67260555167903,0.006523758861861193,268,399,1603,1487,0
absorbing,0.5,12,12,319.16727366559155,403.6776285843658,0.003961142575399708,445,507,1779,1840,0
absorbing,0.5,12,13,319.24277249946044,439.6025144939744,0.003706649841346381,484,513,1764,1864,0
absorbing,0.5,12,14,319.1471895616905,384.95765286228135,0.004107228282622862,423,535,1830,1869,0
absorbing,0.5,12,15,318.9850238222583,335.4390763554706,0.0047740687586223345,372,444,1795,1783,0
absorbing,0.5,12,16,318.679141021945,254.4454574005744,0.006543374483896889,282,384,1427,1325,0
absorbing,0.5,12,17,319.0450966421975,362.7344923747816,0.004494110331967261,400,473,1820,1836,0
absorbing,0.5,12,18,318.43907088024406,202.92069666445673,0.008296999145559886,223,384,1462,1301,0
absorbing,0.5,12,19,319.0959902151435,377.7679390344856,0.0043064430099137895,415,467,1782,1813,0
absorbing,0.5,12,20,318.9981392402074,336.76994020983375,0.004758996276134965,368,390,1617,1601,0
absorbing,0.5,12,21,319.3265705836167,477.20612747149397,0.0034324379331870545,529,558,2034,2179,0
absorbing,0.5,12,22,319.17164979279954,413.07366464418755,0.003931339983039233,454,454,1494,1564,0
absorbing,0.5,12,23,318.6964991235518,253.931345417209,0.006398483117992064,282,390,1693,1591,0
absorbing,0.5,12,24,318.94348069898786,323.50641267431257,0.004996932843180424,354,422,1750,1720,0
absorbing,0.5,12,25,319.25014282412906,438.41361173144253,0.0036605332874068914,482,490,1704,1802,0
absorbing,0.5,12,26,319.01107317377296,351.04300773528615,0.004644860534922409,387,443,1809,1812,0
absorbing,0.5,12,27,318.6523856789891,243.090529397636,0.006664103364208618,270,443,1915,1801,0
absorbing,0.5,12,28,318.98560889276024,329.60943241144383,0.004822096830691768,362,426,1579,1557,0
absorbing,0.5,12,29,319.3733005354169,492.6575564179476,0.0032637125429436846,545,558,1966,2127,0
absorbing,0.5,12,30,318.82292608643553,297.16511211281266,0.005640752864782214,327,421,1800,1743,0
absorbing,0.5,12,31,319.1265737426142,382.86592321368425,0.004195097099662061,422,456,1685,1723,0
absorbing,0.5,12,32,319.4371207383854,523.9164142220438,0.003069821954429687,577,620,2020,2213,0
absorbing,0.5,12,33,318.4920538952333,213.7513276026806,0.007839799583184216,235,384,1549,1400,0
absorbing,0.5,12,34,318.8532789132447,299.8466088570884,0.005492107757684051,332,384,1548,1496,0
absorbing,0.5,12,35,318.9759179960064,342.8992559612844,0.004799715662190673,377,437,1737,1730,0
absorbing,0.5,12,36,319.42524495114276,517.8513678846801,0.0031096522485116592,571,573,1859,2046,0
absorbing,0.5,12,37,319.0066003867029,358.46028546237,0.0046228488676771365,397,500,1973,1986,0
absorbing,0.5,12,38,318.70892319356795,257.78308812696156,0.006344210680901371,287,384,1510,1413,0
absorbing,0.5,12,39,319.22098148611406,424.5949738658751,0.0037835116356892116,463,525,2024,2103,0
fold-back reflecting,0.5,12,0,326.8167499896215,363.0451710818601,0.004368507038402736,398,401,955,969,0
fold-back reflecting,0.5,12,1,326.9034452910881,405.91900838357145,0.004025774437561369,443,443,1090,1149,0
fold-back reflecting,0.5,12,2,326.8246772320992,371.4637172274573,0.004326769360370093,406,406,1004,1026,0
fold-back reflecting,0.5,12,3,326.55830117485016,288.8556871385554,0.005672023090870617,316,384,978,910,0
fold-back reflecting,0.5,12,4,326.63216497448354,301.06017108445957,0.0052112403070489945,330,384,997,943,0
fold-back reflecting,0.5,12,5,326.864533043783,384.1533060242884,0.004192281239891086,419,422,1120,1155,0
fold-back reflecting,0.5,12,6,326.7106552131262,326.9873909630262,0.004879834470171178,358,389,1014,988,0
fold-back reflecting,0.5,12,7,326.65177149791725,309.6248811217263,0.005166966164998804,342,384,942,900,0
fold-back reflecting,0.5,12,8,326.84953230762676,391.7446453698836,0.004254372681351493,435,444,1018,1069,0
fold-back reflecting,0.5,12,9,326.8823534293298,390.6192836828106,0.004090825577601419,429,430,1129,1174,0
fold-back reflecting,0.5,12,10,326.75949512923313,345.94466335494536,0.004619495470158189,379,388,1024,1019,0
fold-back reflecting,0.5,12,11,326.87672918169136,382.2588261568415,0.004140079529264243,422,422,1035,1073,0
fold-back reflecting,0.5,12,12,326.4731329559584,262.2490441984921,0.0061820191272261155,287,384,907,810,0
fold-back reflecting,0.5,12,13,326.67348756215193,323.3164675355588,0.00505919045207193,358,390,1031,1005,0
fold-back reflecting,0.5,12,14,326.6916221882089,328.56501077744286,0.004947282479622066,357,384,1019,992,0
fold-back reflecting,0.5,12,15,326.69127304626926,334.10180417618,0.004966133278262925,369,384,978,963,0
fold-back reflecting,0.5,12,16,326.9997627852921,440.9011963761412,0.003661639667590701,482,482,1050,1148,0
fold-back reflecting,0.5,12,17,326.83441825631303,378.74859968974397,0.004300448845202928,419,452,1115,1150,0
fold-back reflecting,0.5,12,18,326.7355070077478,336.7412008649797,0.004767727274905526,375,384,1054,1045,0
fold-back reflecting,0.5,12,19,326.78714295255895,356.41744534322896,0.004524084642964729,392,392,1021,1029,0
fold-back reflecting,0.5,12,20,326.81600188858897,358.749513561969,0.0043852709216026875,394,396,1039,1049,0
fold-back reflecting,0.5,12,21,326.60434403307477,316.3765282645493,0.005346851944698109,346,384,1007,969,0
fold-back reflecting,0.5,12,22,326.8270779809705,372.7688281473639,0.004349600396988056,409,409,1047,1072,0
fold-back reflecting,0.5,12,23,326.5988010868388,301.53813429619566,0.005355192602518153,328,384,1052,996,0
fold-back reflecting,0.5,12,24,326.9793112733575,423.5280750485666,0.003740406699175271,467,474,1130,1213,0
fold-back reflecting,0.5,12,25,326.90445581694235,398.2647635942648,0.004026440238183922,435,442,1087,1138,0
fold-back reflecting,0.5,12,26,326.74090682473116,347.68678203549547,0.0047317772416741715,377,421,1118,1111,0
fold-back reflecting,0.5,12,27,326.8049329464154,367.670926502767,0.004329077040368633,402,402,1037,1055,0
fold-back reflecting,0.5,12,28,326.66630881569165,335.7380116663204,0.005102513873952066,369,384,1004,989,0
fold-back reflecting,0.5,12,29,326.3354582357162,233.02301419573422,0.007047379878911834,254,384,999,869,0
fold-back reflecting,0.5,12,30,326.7358765707156,341.9409242059415,0.0047641469209305206,380,434,1144,1140,0
fold-back reflecting,0.5,12,31,326.68954375183154,325.21656077614006,0.004982603119749698,361,384,1012,989,0
fold-back reflecting,0.5,12,32,326.91153050280917,402.0289151385187,0.003991690479297383,440,440,1017,1073,0
fold-back reflecting,0.5,12,33,326.7285843891628,330.67914407928663,0.004792502919566623,362,384,1009,987,0
fold-back reflecting,0.5,12,34,326.7514235581924,338.4659518276071,0.004682584929662604,370,414,1071,1057,0
fold-back reflecting,0.5,12,35,326.6300952122838,314.3996848809664,0.005281840100748295,345,384,919,880,0
fold-back reflecting,0.5,12,36,326.6399464790602,311.03601399890704,0.005240313387508225,342,384,986,944,0
fold-back reflecting,0.5,12,37,327.0432682257807,440.1803665032555,0.003497921908144863,484,487,1064,1164,0
fold-back reflecting,0.5,12,38,326.85591350942013,379.0333151947915,0.0042177834963756065,415,415,973,1004,0
fold-back reflecting,0.5,12,39,326.50252242065613,271.1206199950225,0.005902675644644689,296,384,868,780,0
absorbing,0.5,14,0,323.3739006681368,244.75215146352772,0.006428027565984099,272,384,1179,1067,0
absorbing,0.5,14,1,323.30637911074933,244.0832570865943,0.006856752402600335,268,384,1295,1179,0
absorbing,0.5,14,2,323.4133463142031,261.91413426154884,0.006202572038599061,289,384,1212,1117,0
absorbing,0.5,14,3,323.01333539665364,179.04987064606863,0.009244486954950337,201,384,1376,1193,0
absorbing,0.5,14,4,323.7433846459228,365.15555243985983,0.0043854880290953345,400,401,1391,1407,0
absorbing,0.5,14,5,323.40399823347303,263.7687599398602,0.006283778981869848,291,384,1357,1264,0
absorbing,0.5,14,6,324.0087869699073,481.21452950269764,0.003423352398887144,535,548,1588,1739,0
absorbing,0.5,14,7,323.54677192554936,308.1022085531055,0.0053345157673690136,341,388,1322,1279,0
absorbing,0.5,14,8,323.7759221189952,376.84330879917576,0.0043349027830382565,418,464,1619,1653,0
absorbing,0.5,14,9,323.2043139836061,215.76853061544003,0.007665609176737511,236,384,1260,1112,0
absorbing,0.5,14,10,323.4509076665682,275.69988904926754,0.005976633952720825,304,390,1422,1342,0
absorbing,0.5,14,11,323.2957877883147,234.50764432070076,0.00696864793150455,258,384,1292,1166,0
absorbing,0.5,14,12,323.6181634945311,324.789086339754,0.005064345165889501,358,390,1418,1392,0
absorbing,0.5,14,13,323.3691702811904,254.39140484232243,0.0064322497305034565,279,384,1303,1198,0
absorbing,0.5,14,14,324.05744667485214,493.93801277041405,0.0032765626984553125,541,578,1697,1854,0
absorbing,0.5,14,15,323.6649294386243,334.7843100176904,0.004841616414979028,372,388,1454,1442,0
absorbing,0.5,14,16,323.68962027460213,347.3164913942665,0.004723703088895048,385,405,1482,1483,0
absorbing,0.5,14,17,323.8184838711175,387.54391492169873,0.00415070839353547,428,436,1523,1567,0
absorbing,0.5,14,18,323.1374336015553,203.66138296071063,0.008050485499615097,226,384,1299,1141,0
absorbing,0.5,14,19,323.6208824535253,326.466755073058,0.005024114275502417,359,394,1427,1402,0
absorbing,0.5,14,20,323.49818381055593,283.26197420052273,0.005673167387194845,311,384,1321,1248,0
absorbing,0.5,14,21,323.4184251820478,262.1696663143809,0.006207114824762132,292,384,1340,1248,0
absorbing,0.5,14,22,323.58055234453957,317.51464801620716,0.00525176523645875,351,384,1447,1414,0
absorbing,0.5,14,23,323.3647884772033,253.51039406287214,0.006525751884331588,279,384,1320,1215,0
absorbing,0.5,14,24,323.56027847706054,312.62429478115877,0.0053798899545734495,343,384,1294,1253,0
absorbing,0.5,14,25,323.64443920849294,325.82456520379617,0.004933571957667906,357,384,1350,1323,0
absorbing,0.5,14,26,323.1724581372421,197.08698850511098,0.007930612016850391,218,384,1119,953,0
absorbing,0.5,14,27,323.4698742960246,277.22250409602555,0.0058914462893170086,307,384,1338,1261,0
absorbing,0.5,14,28,323.6424397895188,328.40835841870205,0.004909925620035885,362,399,1288,1266,0
absorbing,0.5,14,29,323.4457883328921,271.4986484157589,0.005992733514113436,301,384,1408,1325,0
absorbing,0.5,14,30,323.6189184540772,324.1832703766607,0.0050811287667822886,357,402,1522,1495,0
absorbing,0.5,14,31,323.5438332268549,310.18761461179,0.005428877601610218,343,384,1412,1371,0
absorbing,0.5,14,32,323.47504024639954,288.2118185225247,0.005837492805819626,320,384,1367,1303,0
absorbing,0.5,14,33,323.43681030600527,268.9875380786067,0.0060301046761884565,301,384,1336,1253,0
absorbing,0.5,14,34,323.9409908093002,435.8742489511936,0.003670988446886058,480,482,1573,1669,0
absorbing,0.5,14,35,323.5439147891047,292.14583969473273,0.005442882031564396,321,384,1309,1246,0
absorbing,0.5,14,36,323.66319000388876,341.4429796087183,0.0048598505670394,380,398,1451,1447,0
absorbing,0.5,14,37,323.3730720765158,246.63959024032212,0.006376976087460301,271,384,1205,1092,0
absorbing,0.5,14,38,323.21050714960575,219.59182435964914,0.007640383193654453,246,396,1419,1281,0
absorbing,0.5,14,39,323.44924097421955,274.8257981063336,0.00591924210811394,303,394,1432,1351,0
fold-back reflecting,0.5,14,0,328.7972637170501,339.97064245397786,0.004810465950447942,375,396,967,958,0
fold-back reflecting,0.5,14,1,328.6231462281347,284.0886402889207,0.005758072772056717,313,384,867,796,0
fold-back reflecting,0.5,14,2,328.7396880685638,313.552307343574,0.004998927872807071,344,384,845,805,0
fold-back reflecting,0.5,14,3,328.83893286799315,343.7788755042087,0.004602688136415464,380,384,927,923,0
fold-back reflecting,0.5,14,4,328.65843986097457,288.7287438464201,0.0055611048073653324,320,384,899,835,0
fold-back reflecting,0.5,14,5,328.8616761924381,365.0819750541426,0.004485454344111069,402,402,955,973,0
fold-back reflecting,0.5,14,6,328.8056495885273,337.8728337059734,0.004799071835550445,375,384,910,901,0
fold-back reflecting,0.5,14,7,328.7694631769655,329.21240163654363,0.004925503590903641,359,384,869,844,0
fold-back reflecting,0.5,14,8,328.87812753954444,374.7557710649441,0.004432059956205837,408,408,961,985,0
fold-back reflecting,0.5,14,9,328.63784445047395,281.12235538971015,0.005677697043506529,311,385,941,868,0
fold-back reflecting,0.5,14,10,328.81324403715513,343.30454614225965,0.004738577603439206,376,384,907,899,0
fold-back reflecting,0.5,14,11,328.86705712629254,363.68748562240165,0.004509955013417507,399,406,923,938,0
fold-back reflecting,0.5,14,12,328.83173589548096,348.52410101252326,0.004620147177158833,378,389,923,917,0
fold-back reflecting,0.5,14,13,328.90688135247876,370.78134917576693,0.00429542245319226,405,410,904,925,0
fold-back reflecting,0.5,14,14,328.6760524429415,298.9039526249736,0.0052910149900123864,328,384,935,879,0
fold-back reflecting,0.5,14,15,328.63041705756893,277.92332579606534,0.0056996237798196915,308,384,873,797,0
fold-back reflecting,0.5,14,16,328.72688603835763,317.84286955960596,0.0051305572790636845,348,384,892,856,0
fold-back reflecting,0.5,14,17,328.82056651736417,339.34077687946984,0.004714483234684504,376,386,883,875,0
fold-back reflecting,0.5,14,18,328.5560425424673,273.7049280710947,0.006125569736323296,299,384,871,786,0
fold-back reflecting,0.5,14,19,328.7606454249448,321.6006466912408,0.004947097348986766,354,384,895,865,0
fold-back reflecting,0.5,14,20,328.8401166145526,343.20328168046103,0.004638632325652644,377,384,933,926,0
fold-back reflecting,0.5,14,21,328.7022151725692,302.4562277730065,0.005317888572040797,330,384,951,897,0
fold-back reflecting,0.5,14,22,328.8301203857929,347.17629676285367,0.004642812875799355,378,384,903,897,0
fold-back reflecting,0.5,14,23,328.45700414986896,245.8557314820667,0.006789265307154373,273,384,852,741,0
fold-back reflecting,0.5,14,24,328.584589794716,274.7881723908496,0.005951752001322781,300,414,1003,919,0
fold-back reflecting,0.5,14,25,328.5142768955105,255.78048105360978,0.006361967559178826,283,384,831,730,0
fold-back reflecting,0.5,14,26,328.61040883035076,283.15979762783627,0.005766244699075675,313,384,797,726,0
fold-back reflecting,0.5,14,27,328.8956229850402,376.4860282783903,0.004374788200240993,411,427,1003,1030,0
fold-back reflecting,0.5,14,28,328.83853216895494,347.9730620311915,0.004623829073609393,383,386,888,887,0
fold-back reflecting,0.5,14,29,328.8781172954684,370.74231090247395,0.004444992889139752,408,411,963,987,0
fold-back reflecting,0.5,14,30,328.65825784509474,292.7314782422474,0.005361175336734036,323,384,869,808,0
fold-back reflecting,0.5,14,31,328.3769321026152,221.23269081149184,0.00734823379520794,246,384,889,751,0
fold-back reflecting,0.5,14,32,328.6807631437318,286.52191106711194,0.005426597530607255,316,384,877,809,0
fold-back reflecting,0.5,14,33,328.5297521231194,261.96139550786086,0.006256886124888418,291,384,814,721,0
fold-back reflecting,0.5,14,34,328.87533550865066,369.25123515381233,0.0044562484287148365,407,415,908,931,0
fold-back reflecting,0.5,14,35,328.7613535382622,325.652769950423,0.004991273742292959,358,384,858,832,0
fold-back reflecting,0.5,14,36,328.5511878342177,264.3226379850638,0.006166556574388072,290,384,900,806,0
fold-back reflecting,0.5,14,37,328.9036295009386,378.401491042316,0.0043289552755839955,416,418,938,970,0
fold-back reflecting,0.5,14,38,328.7621410584867,324.4943311446057,0.0050118341212590815,357,384,849,822,0
fold-back reflecting,0.5,14,39,328.69037784532173,312.28047156451663,0.005377475967361201,343,384,836,795,0
absorbing,0.5,16,0,326.35288608010967,376.3034818488495,0.004300847564871647,416,416,1426,1458,0
absorbing,0.5,16,1,326.06163057176514,277.2022843921331,0.005687332674498789,303,384,1113,1032,0
absorbing,0.5,16,2,326.11520261125145,298.62569513191977,0.0054577425472684725,330,384,1165,1111,0
absorbing,0.5,16,3,326.43283947199706,408.2439287581986,0.0039698191224422225,449,452,1236,1301,0
absorbing,0.5,16,4,326.0893537791647,286.6819339225679,0.005543845431739406,315,384,1202,1133,0
absorbing,0.5,16,5,326.2135206576399,325.1813963193046,0.004936016529537188,356,384,1199,1171,0
absorbing,0.5,16,6,326.0889063556299,285.2126149358741,0.005577579348626509,316,384,1146,1078,0
absorbing,0.5,16,7,326.20739534744445,316.9101157610293,0.004975201570431533,346,384,1204,1166,0
absorbing,0.5,16,8,326.1878050457352,322.5095810615443,0.005081029923681008,355,384,1230,1201,0
absorbing,0.5,16,9,326.3637615043385,380.9420162967259,0.004258098704357561,422,447,1487,1525,0
absorbing,0.5,16,10,326.34976556301126,379.05238241955976,0.004280638356730622,420,422,1306,1342,0
absorbing,0.5,16,11,326.3847750599404,379.0385265336107,0.0041385912160192195,418,434,1365,1399,0
absorbing,0.5,16,12,326.1783074004531,326.0003585420008,0.005112194866696216,356,384,1190,1162,0
absorbing,0.5,16,13,326.2068911071012,320.24494401845516,0.0049600540439936995,352,384,1271,1239,0
absorbing,0.5,16,14,326.23269568051853,343.48637071905466,0.004809211847504546,378,384,1142,1136,0
absorbing,0.5,16,15,326.2387814656462,332.53399666748714,0.004827706764456753,366,384,1264,1246,0
absorbing,0.5,16,16,326.22485791557625,335.01650791215064,0.004864916460463282,367,384,1247,1230,0
absorbing,0.5,16,17,326.55336856672716,458.2241942944932,0.0035155392491658106,503,503,1190,1309,0
absorbing,0.5,16,18,326.59055943349426,483.01498588911767,0.0033591562378651727,531,546,1322,1469,0
absorbing,0.5,16,19,326.1603001188388,309.5184209540677,0.005191235186653011,340,384,1205,1161,0
absorbing,0.5,16,20,326.4530728310042,414.6533075603535,0.0038950404566799406,454,454,1298,1368,0
absorbing,0.5,16,21,326.34334731896746,382.6799080620521,0.004311461073399531,422,422,1339,1377,0
absorbing,0.5,16,22,326.39629884068756,389.69512942981527,0.004078745006418012,429,429,1252,1297,0
absorbing,0.5,16,23,326.2448295397825,335.3671881839212,0.004755326575027847,367,384,1253,1236,0
absorbing,0.5,16,24,326.01163952684186,259.98692681367544,0.005944014913153106,283,384,1157,1056,0
absorbing,0.5,16,25,326.417149055742,402.9587017674701,0.004041930996104272,441,441,1388,1445,0
absorbing,0.5,16,26,325.8315739658881,228.73054413954168,0.00719500483146826,254,384,1159,1029,0
absorbing,0.5,16,27,326.2565594606197,345.97239621330834,0.004732956176523426,379,384,1163,1158,0
absorbing,0.5,16,28,326.4377028042005,411.9744967252722,0.00391054316029736,452,452,1304,1372,0
absorbing,0.5,16,29,326.4272486111146,396.2105572516063,0.003954850510494119,433,433,1310,1359,0
absorbing,0.5,16,30,325.9394444835269,255.9473720183116,0.006322267988416146,278,384,1314,1208,0
absorbing,0.5,16,31,326.43461866089183,404.41968458233924,0.003969327545350359,444,444,1261,1321,0
absorbing,0.5,16,32,325.7400890639404,212.59366208972784,0.007711030596990978,236,384,1095,947,0
absorbing,0.5,16,33,326.3463135127522,374.43489774171826,0.004311423976314265,407,408,1323,1346,0
absorbing,0.5,16,34,326.56611060261764,445.484375867209,0.003471085068139986,490,490,1441,1547,0
absorbing,0.5,16,35,326.2972705869874,355.62820580465007,0.004536497532066748,395,421,1432,1443,0
absorbing,0.5,16,36,326.0661431103028,280.52238089404864,0.0057141203630349515,311,384,1146,1073,0
absorbing,0.5,16,37,326.3475124822759,372.05481464867165,0.004333791756229311,410,416,1309,1335,0
absorbing,0.5,16,38,326.17519051097463,300.95336651864454,0.005109497736066047,329,384,1275,1220,0
absorbing,0.5,16,39,326.2409406886212,327.4210773646635,0.004819403603124904,360,384,1236,1212,0
fold-back reflecting,0.5,16,0,330.0476390901838,384.44308128754545,0.004177585467801925,418,418,835,869,0
fold-back reflecting,0.5,16,1,330.01076134252384,380.827803893069,0.004324832969499938,419,429,874,909,0
fold-back reflecting,0.5,16,2,329.91915088953436,345.3480038769306,0.004725391967345022,374,384,864,854,0
fold-back reflecting,0.5,16,3,329.933142647201,342.0572304948077,0.0046400098658339155,375,384,831,822,0
fold-back reflecting,0.5,16,4,329.98298185233796,359.57387402488547,0.004460098658772281,394,396,869,879,0
fold-back reflecting,0.5,16,5,329.9065016908763,334.96044532586586,0.004811721010759516,369,385,816,801,0
fold-back reflecting,0.5,16,6,329.4858708249268,216.54533951553006,0.007312898364387908,241,384,829,686,0
fold-back reflecting,0.5,16,7,329.9388281392521,355.46413853838004,0.004575679657202518,389,393,863,868,0
fold-back reflecting,0.5,16,8,329.79470348288777,310.7956299639446,0.00531105382038828,339,385,825,780,0
fold-back reflecting,0.5,16,9,329.98099841057297,361.6705972778055,0.0043767272821290905,395,411,886,897,0
fold-back reflecting,0.5,16,10,330.15008177435925,428.73372529137225,0.003756008791838557,469,473,886,971,0
fold-back reflecting,0.5,16,11,329.84233694247933,318.0752096731816,0.0051189591177278285,351,385,841,808,0
fold-back reflecting,0.5,16,12,329.64903080862825,267.0479407545183,0.006118152422143427,292,384,761,669,0
fold-back reflecting,0.5,16,13,330.13868528082975,425.46707585500855,0.0038000008797994525,467,467,907,990,0
fold-back reflecting,0.5,16,14,329.8393126978767,321.5680022170282,0.005101067402742534,354,384,838,808,0
fold-back reflecting,0.5,16,15,329.88568189237327,327.90425135606904,0.004901625188906176,359,397,852,827,0
fold-back reflecting,0.5,16,16,329.9082478859445,340.5446482563574,0.004798845228259118,373,384,777,766,0
fold-back reflecting,0.5,16,17,330.0352558314644,388.4967612093672,0.004219193628539193,428,432,829,873,0
fold-back reflecting,0.5,16,18,329.8522926793668,326.5531973185063,0.005076079433082071,357,384,872,845,0
fold-back reflecting,0.5,16,19,329.8919008572316,332.84586309252643,0.004854473350802591,368,384,797,781,0
fold-back reflecting,0.5,16,20,329.76917994443113,289.8524115778431,0.005464638836446111,319,384,813,748,0
fold-back reflecting,0.5,16,21,329.9616535881938,364.6949725041494,0.004553628751485681,401,401,873,890,0
fold-back reflecting,0.5,16,22,329.9326577762423,335.22641189812225,0.004657819200595613,371,384,791,778,0
fold-back reflecting,0.5,16,23,329.92683963195805,349.0222739896012,0.0046275403331918355,383,389,872,871,0
fold-back reflecting,0.5,16,24,329.89836515555425,340.6329922122241,0.0048219310697386105,369,384,841,826,0
fold-back reflecting,0.5,16,25,329.9992832677093,367.59683668215246,0.004384359805942919,407,418,786,809,0
fold-back reflecting,0.5,16,26,329.8681232273914,330.3376367713149,0.004989194406464101,365,384,818,799,0
fold-back reflecting,0.5,16,27,329.9011139493973,329.01418953403896,0.004833803151364682,365,384,788,769,0
fold-back reflecting,0.5,16,28,329.7064696453873,279.657482724902,0.005781449887975558,308,384,819,743,0
fold-back reflecting,0.5,16,29,329.7796441335891,306.58674727934005,0.005466376905773101,337,384,814,767,0
fold-back reflecting,0.5,16,30,329.87278586941983,328.1112394183725,0.004972796476453035,362,384,825,803,0
fold-back reflecting,0.5,16,31,329.92538349003627,341.32071617468097,0.004589633144862354,375,384,842,833,0
fold-back reflecting,0.5,16,32,329.98897274665933,368.52444896875573,0.004333416171290416,405,406,867,888,0
fold-back reflecting,0.5,16,33,329.939458052001,349.498612134043,0.004655983962598013,383,384,795,794,0
fold-back reflecting,0.5,16,34,329.94375328519004,354.21700878557857,0.0045965475462460825,387,387,815,818,0
fold-back reflecting,0.5,16,35,330.14701150247646,426.16460570721614,0.0037865022623469967,463,464,794,873,0
fold-back reflecting,0.5,16,36,330.0905545346555,397.3555619986493,0.003996261638754271,438,438,925,979,0
fold-back reflecting,0.5,16,37,330.09414859098484,403.1274340632508,0.00397168225722003,440,443,855,911,0
fold-back reflecting,0.5,16,38,330.0208356143099,379.946736341604,0.004275734341853788,419,421,861,896,0
fold-back reflecting,0.5,16,39,329.87600677534556,323.72756321435423,0.0049609389824555004,359,384,822,797,0
absorbing,0.5,18,0,328.1036988826075,366.5647403914468,0.004432480527663213,405,415,1160,1181,0
absorbing,0.5,18,1,327.8879332557348,298.2836313028435,0.005467191113038469,330,384,1143,1089,0
absorbing,0.5,18,2,328.0389367667266,344.30656554196554,0.004693756615396668,380,384,1078,1074,0
absorbing,0.5,18,3,328.08579030963216,350.76674726444963,0.004502003152825672,391,393,1110,1117,0
absorbing,0.5,18,4,328.0200640691045,327.303736575022,0.004819480264213245,361,384,1192,1169,0
absorbing,0.5,18,5,328.27356114621915,434.616402362252,0.0037454474999248435,484,486,1320,1420,0
absorbing,0.5,18,6,327.97053380508504,321.6818281551617,0.005073889350771659,358,389,1189,1163,0
absorbing,0.5,18,7,327.72956953118575,256.29225115655794,0.006449587601884327,282,384,1085,983,0
absorbing,0.5,18,8,328.02620381217764,343.84199170700174,0.0047166132278528144,386,410,1212,1214,0
absorbing,0.5,18,9,328.26612411517823,436.79195050002306,0.00377127644686082,482,486,1189,1287,0
absorbing,0.5,18,10,328.3006520033621,445.1409565969156,0.0036126079752300502,491,510,1334,1441,0
absorbing,0.5,18,11,328.24467519476906,426.11808580857377,0.0038527951534898398,470,473,1223,1309,0
absorbing,0.5,18,12,328.0380272265649,347.8124186338309,0.0047372210147360325,383,385,1155,1154,0
absorbing,0.5,18,13,327.8609974769149,296.84436894241884,0.0056358859874416035,328,384,1037,981,0
absorbing,0.5,18,14,327.476860854961,195.8733405591439,0.008268060459372475,217,384,1059,892,0
absorbing,0.5,18,15,327.88394030517327,295.031239191866,0.005331890720770779,323,384,1084,1023,0
absorbing,0.5,18,16,328.2736406321718,434.7876294888398,0.003738473156297054,476,476,1219,1311,0
absorbing,0.5,18,17,328.0929347839378,352.8248056131236,0.004484816102963825,387,406,1207,1210,0
absorbing,0.5,18,18,328.00686066962317,334.2497867014144,0.004878330292647354,367,433,1211,1194,0
absorbing,0.5,18,19,328.28503834991244,434.61271797525967,0.0037061934227133014,477,477,1139,1232,0
absorbing,0.5,18,20,328.17243687823947,396.643254975341,0.004131486508969885,440,443,1216,1272,0
absorbing,0.5,18,21,328.1458228133766,388.15521149291493,0.004259725271910014,425,425,1180,1221,0
absorbing,0.5,18,22,327.86323096587785,291.53356271979357,0.005633547377530778,321,384,1059,996,0
absorbing,0.5,18,23,327.96575804707135,323.77075779964935,0.005005441569388236,353,384,1166,1135,0
absorbing,0.5,18,24,327.9244834524804,309.9237659556337,0.0052650090510285375,343,384,1025,984,0
absorbing,0.5,18,25,328.20688097944185,391.50645208926244,0.004007071957556833,434,442,1311,1361,0
absorbing,0.5,18,26,328.0434393067945,344.7112216429482,0.004711638193198075,381,384,1119,1116,0
absorbing,0.5,18,27,328.3536043948128,484.080505049256,0.00345161671054225,532,535,1268,1416,0
absorbing,0.5,18,28,328.23795034813685,421.80235963318995,0.00386605575776112,458,458,1196,1270,0
absorbing,0.5,18,29,328.4578495076896,533.1142534553207,0.0031031782333398907,587,598,1425,1628,0
absorbing,0.5,18,30,328.099965942272,371.88740530305085,0.004400836108511562,407,429,1269,1292,0
absorbing,0.5,18,31,328.243277533197,414.848602460321,0.003848536742515009,456,456,1326,1398,0
absorbing,0.5,18,32,328.251769741934,427.6498281823794,0.0038259817098754757,471,473,1275,1362,0
absorbing,0.5,18,33,328.1591696698102,395.0153951562517,0.004182903789932672,434,434,1155,1205,0
absorbing,0.5,18,34,328.0304231820674,342.3459503621545,0.004710274607909335,377,401,1164,1157,0
absorbing,0.5,18,35,327.7506711870982,269.4516718966724,0.006173456540280353,297,384,1117,1030,0
absorbing,0.5,18,36,328.05433402518355,344.10274728353335,0.00460861466803311,381,391,1165,1162,0
absorbing,0.5,18,37,328.3442444803823,458.6252694213685,0.0034910720252089196,505,511,1305,1426,0
absorbing,0.5,18,38,328.24240715966823,416.04304145722625,0.0038278314770503795,460,460,1238,1314,0
absorbing,0.5,18,39,328.0180591284089,342.05481224696126,0.004772591097273546,378,390,1175,1169,0
fold-back reflecting,0.5,18,0,330.8957977693207,402.65147475689537,0.00398236799373614,444,444,808,868,0
fold-back reflecting,0.5,18,1,330.782835974168,365.03293698509367,0.004309648771447556,399,405,805,820,0
fold-back reflecting,0.5,18,2,330.69715883439085,321.6928061323262,0.004843174862369939,351,384,799,766,0
fold-back reflecting,0.5,18,3,330.6171096164691,306.90000238260313,0.005243058169986911,338,384,777,731,0
fold-back reflecting,0.5,18,4,330.70066183805034,330.3256118893539,0.0048126051125207845,361,384,790,767,0
fold-back reflecting,0.5,18,5,330.7280930250315,341.61746930873466,0.004614200939755126,375,384,752,743,0
fold-back reflecting,0.5,18,6,330.7950331629699,366.14155486236785,0.004384677044631756,399,412,847,862,0
fold-back reflecting,0.5,18,7,330.78540992279454,362.87837514712203,0.0044403502654239225,398,404,786,800,0
fold-back reflecting,0.5,18,8,330.82947197780555,376.5312027109815,0.004252128005221873,412,415,813,841,0
fold-back reflecting,0.5,18,9,330.68801207385263,333.0037857949445,0.004869837427304874,364,384,747,727,0
fold-back reflecting,0.5,18,10,330.5845862094078,293.9254056902722,0.0053464807739585455,323,384,769,708,0
fold-back reflecting,0.5,18,11,330.6566767692147,324.80673336756996,0.005031424092009957,355,384,792,763,0
fold-back reflecting,0.5,18,12,330.8469043279791,381.4277294474261,0.004177209808666613,421,423,784,821,0
fold-back reflecting,0.5,18,13,330.6199292112696,293.8971295377826,0.005242747378816796,325,384,735,676,0
fold-back reflecting,0.5,18,14,330.8484296479423,393.3098720226941,0.004127618478420543,426,430,858,900,0
fold-back reflecting,0.5,18,15,330.61614675466177,317.6685088442837,0.0051243493835304655,344,384,766,726,0
fold-back reflecting,0.5,18,16,330.81707057787185,368.60741520312445,0.004240169773356149,405,413,840,861,0
fold-back reflecting,0.5,18,17,330.9257415676787,425.96512620023566,0.0038034179929623056,466,466,824,906,0
fold-back reflecting,0.5,18,18,330.49561038315977,269.9824779119521,0.005842567363820718,295,384,695,606,0
fold-back reflecting,0.5,18,19,330.67895741136147,329.864972812461,0.004907689804538744,362,384,774,752,0
fold-back reflecting,0.5,18,20,330.8023190370537,366.9741371151846,0.00435798260560714,402,406,792,810,0
fold-back reflecting,0.5,18,21,330.7387183787972,351.8209013751447,0.004555088087588159,388,404,827,831,0
fold-back reflecting,0.5,18,22,330.7047177188445,339.3613117670447,0.00478608468430034,369,384,806,791,0
fold-back reflecting,0.5,18,23,330.6382546508798,308.10699676967533,0.005104208517503169,339,384,771,726,0
fold-back reflecting,0.5,18,24,330.744284618477,350.3756887712292,0.0046212043172357805,383,389,755,754,0
fold-back reflecting,0.5,18,25,330.8291629833524,389.53057575106357,0.004162977162685417,424,424,778,818,0
fold-back reflecting,0.5,18,26,330.7994598653319,368.6911248732287,0.0043528465189194765,402,402,769,787,0
fold-back reflecting,0.5,18,27,330.6452925038625,330.167378360651,0.005060710058704496,359,395,822,797,0
fold-back reflecting,0.5,18,28,330.6661703619704,332.74229242631,0.004999976287534253,369,386,788,773,0
fold-back reflecting,0.5,18,29,330.6271979360478,314.241673935353,0.005182270343844429,343,384,809,768,0
fold-back reflecting,0.5,18,30,330.67154931783557,331.472783171273,0.004983575409983056,363,384,759,738,0
fold-back reflecting,0.5,18,31,330.6976015386855,330.36373466291127,0.004840518699340955,364,384,798,778,0
fold-back reflecting,0.5,18,32,330.70322493264024,329.9769011868309,0.004778440918528951,363,384,765,744,0
fold-back reflecting,0.5,18,33,330.54017930610473,288.97228194168713,0.0056074222397729575,315,384,798,729,0
fold-back reflecting,0.5,18,34,330.666084016001,324.1357456673259,0.00499889935161896,355,384,788,759,0
fold-back reflecting,0.5,18,35,330.83012429540497,380.71801859472146,0.004225802738942558,417,417,816,849,0
fold-back reflecting,0.5,18,36,330.75443614156654,362.7299716443932,0.00453310759933764,395,396,808,819,0
fold-back reflecting,0.5,18,37,330.68043520899846,326.15530173545113,0.004907241890561438,358,384,773,747,0
fold-back reflecting,0.5,18,38,330.7766966555833,361.30492587907054,0.004465505923051359,394,394,800,810,0
fold-back reflecting,0.5,18,39,330.6262548645246,311.7459594973479,0.005135537576441564,339,384,747,702,0
absorbing,0.5,20,0,329.1669689660174,254.66164757630773,0.0062487843849432555,280,384,970,866,0
absorbing,0.5,20,1,329.27434781083235,281.4306251839957,0.0057479783598663944,311,384,891,818,0
absorbing,0.5,20,2,329.23325642044193,272.8611187608205,0.005932793437465058,298,384,1000,914,0
absorbing,0.5,20,3,329.15884232956273,257.95538710385006,0.006340566897201238,281,384,1018,915,0
absorbing,0.5,20,4,329.4895673383778,355.85559044754916,0.004645225562183456,392,392,1036,1044,0
absorbing,0.5,20,5,329.2543831671747,284.6767885372842,0.005833931834140736,312,384,917,845,0
absorbing,0.5,20,6,329.19650803050274,263.6019991619466,0.006070024342134144,290,384,913,819,0
absorbing,0.5,20,7,329.26290777816587,281.61068754387725,0.0057306667645942175,310,384,981,907,0
absorbing,0.5,20,8,329.4591231476327,335.44012434583846,0.004733705235051724,370,384,997,983,0
absorbing,0.5,20,9,329.62586943163126,405.6673305686154,0.004005992205239874,445,455,1090,1151,0
absorbing,0.5,20,10,329.1841336657195,270.7951912232322,0.006257000025694279,298,384,1026,940,0
absorbing,0.5,20,11,329.57764570522494,381.23841975418145,0.004189959848557577,420,425,1090,1126,0
absorbing,0.5,20,12,329.27494169219653,285.779963718368,0.005680312259181646,316,384,1024,956,0
absorbing,0.5,20,13,329.36590077114636,312.15479367966236,0.00526374107416649,344,393,1085,1045,0
absorbing,0.5,20,14,329.5355996325786,359.39058490604833,0.004398961324840189,393,393,990,999,0
absorbing,0.5,20,15,329.3384008727848,305.72256416168153,0.005298678772454586,335,393,1057,1008,0
absorbing,0.5,20,16,329.25716535949937,285.84238546050955,0.005748120631655539,312,384,1022,950,0
absorbing,0.5,20,17,329.2230055516204,277.4258893401885,0.005891492931201566,306,384,920,842,0
absorbing,0.5,20,18,329.5122488418857,356.0033793851754,0.004534904190872924,392,400,1067,1075,0
absorbing,0.5,20,19,329.3873245195957,321.5247640280781,0.004927471166517802,353,387,1126,1095,0
absorbing,0.5,20,20,329.1858446192281,253.12105296466024,0.006278149475657466,280,384,999,895,0
absorbing,0.5,20,21,329.38136038309756,306.88065902485084,0.005177648124926576,341,384,1011,968,0
absorbing,0.5,20,22,329.63735505240777,410.5720188992336,0.003994891405676064,452,458,1150,1218,0
absorbing,0.5,20,23,329.4647802433147,339.1312217514211,0.004754782194940037,374,414,1132,1122,0
absorbing,0.5,20,24,329.5142237113191,363.0765862806425,0.00453937004634852,397,409,1075,1088,0
absorbing,0.5,20,25,329.2252827916549,266.04769277631834,0.006057436332046584,292,396,1054,962,0
absorbing,0.5,20,26,329.59614367706325,380.9502170741874,0.004141766885408147,419,419,1078,1113,0
absorbing,0.5,20,27,329.26355655334413,280.5018105461827,0.005831268965631003,308,384,994,918,0
absorbing,0.5,20,28,329.2115178840093,268.8582750413733,0.006058029548860946,296,384,1018,930,0
absorbing,0.5,20,29,329.1503580470875,254.4618733184032,0.006316962959161011,278,384,988,882,0
absorbing,0.5,20,30,329.13115064281976,241.07469014521098,0.006525957706980939,266,384,990,872,0
absorbing,0.5,20,31,328.97078064282437,210.80994259277216,0.007695818183880494,233,384,962,811,0
absorbing,0.5,20,32,329.3745469585686,310.4226059548188,0.005131652178481944,345,384,997,958,0
absorbing,0.5,20,33,328.761715694271,171.1830598122327,0.009407138060916597,190,384,939,745,0
absorbing,0.5,20,34,329.23766748551475,277.8821828514981,0.005979283480234666,305,384,968,889,0
absorbing,0.5,20,35,329.35880872405306,306.7420387944006,0.005229055874598629,337,384,1112,1065,0
absorbing,0.5,20,36,329.1930881735707,263.7546985486431,0.006213055236707848,288,384,910,814,0
absorbing,0.5,20,37,329.3075725583464,278.9557085609503,0.005564583112466908,309,384,971,896,0
absorbing,0.5,20,38,329.1849238198599,263.2508714130058,0.006116345052884674,288,384,995,899,0
absorbing,0.5,20,39,329.50592131519045,353.00593798668336,0.004537614215547763,391,422,1055,1062,0
fold-back reflecting,0.5,20,0,331.2284798199444,302.14019014124887,0.0055352227148020225,332,384,759,707,0
fold-back reflecting,0.5,20,1,331.3132955295624,307.4729580285337,0.005120966509688631,339,384,732,687,0
fold-back reflecting,0.5,20,2,331.25914694280664,309.3485611650883,0.0053874284438862755,337,384,728,681,0
fold-back reflecting,0.5,20,3,331.42327628621473,348.15949265218876,0.004543298091792658,385,388,727,728,0
fold-back reflecting,0.5,20,4,331.29639907367795,312.3822990246655,0.005190267663631039,343,384,770,729,0
fold-back reflecting,0.5,20,5,331.1503908087179,275.7344074071274,0.0059342264004554075,301,384,776,693,0
fold-back reflecting,0.5,20,6,331.1523482416596,275.14658351077156,0.005905118650478651,305,384,734,655,0
fold-back reflecting,0.5,20,7,331.4018977124283,353.5745025491558,0.0046686371275866554,386,393,774,776,0
fold-back reflecting,0.5,20,8,331.3545382988989,339.6173889868339,0.00466317173737989,371,392,760,747,0
fold-back reflecting,0.5,20,9,331.48649690824647,374.31742377652904,0.004290156989971893,413,425,774,803,0
fold-back reflecting,0.5,20,10,331.3666609929973,329.69303126541354,0.004810527123192647,361,384,791,768,0
fold-back reflecting,0.5,20,11,331.2538860068999,300.17280495396625,0.005429347592805442,333,384,750,699,0
fold-back reflecting,0.5,20,12,331.1694360378247,279.41368021472823,0.005901224424694497,306,384,728,650,0
fold-back reflecting,0.5,20,13,331.40600137714347,359.78120343140057,0.0045438405525536196,395,411,756,767,0
fold-back reflecting,0.5,20,14,331.3060202764561,324.0368490261336,0.0051345680228992024,355,384,759,730,0
fold-back reflecting,0.5,20,15,331.43932139534957,365.2164936930979,0.004444464290974912,401,439,822,839,0
fold-back reflecting,0.5,20,16,331.26604608371713,290.81475647682726,0.005363496444168605,318,384,750,684,0
fold-back reflecting,0.5,20,17,331.23309584915586,300.3729825823827,0.005427819004395045,328,384,754,698,0
fold-back reflecting,0.5,20,18,331.3798940024416,334.64493649539503,0.004724562231944481,369,384,745,730,0
fold-back reflecting,0.5,20,19,331.4049218605766,351.5966636498297,0.004672002275858741,386,406,752,754,0
fold-back reflecting,0.5,20,20,331.38416025166885,351.6215431266252,0.004748936669027646,383,423,805,804,0
fold-back reflecting,0.5,20,21,331.3612080071099,341.23661668955856,0.004819168961590986,372,384,756,744,0
fold-back reflecting,0.5,20,22,331.3796414827317,337.8167991496755,0.004760831099636645,372,384,732,720,0
fold-back reflecting,0.5,20,23,331.5387885823833,398.04020120763226,0.004092947829774244,438,454,797,851,0
fold-back reflecting,0.5,20,24,331.45412547771144,357.29807462042146,0.004416840475013665,389,400,749,754,0
fold-back reflecting,0.5,20,25,331.54470574116345,402.72249067970506,0.004076242862073885,442,445,809,867,0
fold-back reflecting,0.5,20,26,331.0326491875154,248.62956631927392,0.0066162372062823814,272,384,699,587,0
fold-back reflecting,0.5,20,27,331.2919888581648,316.26622736788335,0.00516996456948729,349,384,737,702,0
fold-back reflecting,0.5,20,28,331.28203856657007,305.6996347188817,0.005252757605269154,333,384,773,722,0
fold-back reflecting,0.5,20,29,331.20285516102587,293.1038859941956,0.005603276057484081,325,384,769,710,0
fold-back reflecting,0.5,20,30,331.0269196289987,246.45954935996232,0.006787056486026062,272,384,739,627,0
fold-back reflecting,0.5,20,31,331.0432835065693,247.09396577484836,0.006722071379212151,272,384,732,620,0
fold-back reflecting,0.5,20,32,331.3277207367103,326.22608724019267,0.00495469619395599,358,384,710,684,0
fold-back reflecting,0.5,20,33,331.6209219581467,429.6887096409971,0.003737024162319503,473,474,783,872,0
fold-back reflecting,0.5,20,34,331.4172988550978,355.6318796802486,0.004623785809943688,388,435,816,820,0
fold-back reflecting,0.5,20,35,331.0592333428836,249.7998626365864,0.006486168144591271,273,384,757,646,0
fold-back reflecting,0.5,20,36,331.10773091674054,262.55336196800033,0.006309458605549559,287,384,699,602,0
fold-back reflecting,0.5,20,37,331.2035259890011,279.8847658818488,0.005540724829257133,310,384,743,669,0
fold-back reflecting,0.5,20,38,331.3339066434867,326.4583859730253,0.005018350012222785,356,384,775,747,0
fold-back reflecting,0.5,20,39,331.30646635158655,325.1978305479276,0.005101573909139236,358,403,780,754,0
absorbing,0.5,22,0,330.2256950919274,317.7212394234193,0.005219277485748942,352,391,1029,997,0
absorbing,0.5,22,1,330.3839944115329,361.68804435389984,0.004467410303644909,401,419,1025,1042,0
absorbing,0.5,22,2,330.42510480367906,384.52421561258575,0.004291089090631534,422,425,1035,1073,0
absorbing,0.5,22,3,330.1595908853053,295.5284696277342,0.005603768339674598,324,384,957,897,0
absorbing,0.5,22,4,330.2666694921547,325.32118283453434,0.004992891038870764,359,384,953,928,0
absorbing,0.5,22,5,330.31004215791677,338.05781865761884,0.004818476311674167,374,384,977,967,0
absorbing,0.5,22,6,330.2286075253946,318.1778671304376,0.005110438749150729,352,384,972,940,0
absorbing,0.5,22,7,330.33395581468784,342.17715300266724,0.0046031828609513345,374,384,964,954,0
absorbing,0.5,22,8,330.25910996019576,327.96707013577594,0.005047858134159371,360,384,981,957,0
absorbing,0.5,22,9,330.2592076419699,332.13982415066687,0.004926691135796543,365,384,987,968,0
absorbing,0.5,22,10,330.40459066630024,367.44289051119625,0.004356524504454619,404,410,959,979,0
absorbing,0.5,22,11,330.39947063626266,388.8456240753328,0.004384593929620352,428,428,975,1019,0
absorbing,0.5,22,12,330.3674276831841,367.40143951331635,0.00452782122860801,402,439,1068,1086,0
absorbing,0.5,22,13,330.1988731780621,299.1295113188914,0.005359097794280917,333,413,1018,967,0
absorbing,0.5,22,14,330.1331073133945,279.319228859029,0.0057536119480872975,309,384,900,825,0
absorbing,0.5,22,15,330.2459858851965,320.53717955158896,0.005141353627047451,353,384,1009,978,0
absorbing,0.5,22,16,330.27447813686496,313.2492847792155,0.004981179547016314,347,384,980,943,0
absorbing,0.5,22,17,330.15989866938475,291.6696378077995,0.005601454732420797,318,384,970,904,0
absorbing,0.5,22,18,330.3933784154131,376.08206600681706,0.004405808161313289,409,409,976,1001,0
absorbing,0.5,22,19,330.1240327791005,277.20641460702444,0.0057252918118894025,304,384,890,810,0
absorbing,0.5,22,20,330.2676427580392,330.27246088980786,0.005029569642843667,361,385,986,963,0
absorbing,0.5,22,21,330.2873505276311,328.32004580517923,0.004919457254604981,364,393,966,946,0
absorbing,0.5,22,22,330.3200833940046,333.5038027983065,0.004702272881574376,367,384,953,936,0
absorbing,0.5,22,23,330.16741629901895,289.13814731821583,0.005550274602631731,319,384,925,860,0
absorbing,0.5,22,24,330.3090565823615,339.41021197746386,0.004826649752004201,373,384,948,937,0
absorbing,0.5,22,25,330.388926746054,358.36922538084286,0.00442905322437123,396,426,1031,1043,0
absorbing,0.5,22,26,330.38530590083843,360.0269574709569,0.004449968998719928,393,419,1015,1024,0
absorbing,0.5,22,27,330.24980360329914,317.7063076098475,0.005060422990424615,349,384,958,923,0
absorbing,0.5,22,28,330.10964923102796,279.5897841197046,0.005882885656301832,306,384,954,876,0
absorbing,0.5,22,29,330.2617842071983,338.7753917875556,0.005037563748880364,370,384,916,902,0
absorbing,0.5,22,30,330.2254736804765,318.6701409702145,0.005209475317757603,352,384,940,908,0
absorbing,0.5,22,31,330.2078791991215,309.88015165456255,0.005261407671933463,342,389,966,924,0
absorbing,0.5,22,32,330.05321072403103,260.8594006128174,0.006036807854447637,288,384,921,825,0
absorbing,0.5,22,33,330.0503838040324,272.3488740624493,0.006147837550267568,299,384,886,801,0
absorbing,0.5,22,34,329.95856798858074,242.9692497016956,0.006823843201999244,269,384,912,797,0
absorbing,0.5,22,35,330.3992072639823,369.432979114095,0.004394660982016787,406,408,1038,1060,0
absorbing,0.5,22,36,330.2019456684224,296.8007119358902,0.005193654704797715,326,384,894,836,0
absorbing,0.5,22,37,330.37288906441313,358.79658953116933,0.004514554872353105,398,402,939,953,0
absorbing,0.5,22,38,330.46926220038716,398.7098608025928,0.0040986673962857476,436,437,1021,1073,0
absorbing,0.5,22,39,330.2748997173119,340.8652329087321,0.004988119156287464,375,388,956,947,0
fold-back reflecting,0.5,22,0,331.7861435812492,333.91160823863214,0.004833108062568433,362,384,679,657,0
fold-back reflecting,0.5,22,1,331.79153596477323,340.31370677813084,0.004878973695865674,373,384,672,661,0
fold-back reflecting,0.5,22,2,331.95617187698264,394.70596386294005,0.0041048260143948575,434,446,741,791,0
fold-back reflecting,0.5,22,3,331.68140103167093,309.58396827877226,0.005428799070116853,340,384,717,673,0
fold-back reflecting,0.5,22,4,331.898788253243,369.67669592948454,0.004375380875693585,408,408,727,751,0
fold-back reflecting,0.5,22,5,331.92324629556293,380.1841872650516,0.004237316297882586,417,417,739,772,0
fold-back reflecting,0.5,22,6,331.54280543087583,258.93408692194186,0.006166381229762487,282,384,698,596,0
fold-back reflecting,0.5,22,7,331.5975821856472,273.70851386324614,0.0059275590381895026,300,384,688,604,0
fold-back reflecting,0.5,22,8,331.7411331766578,321.8607724481613,0.005024673553362746,351,384,696,663,0
fold-back reflecting,0.5,22,9,331.8685640415687,350.47745889916223,0.004489987885778768,384,395,743,743,0
fold-back reflecting,0.5,22,10,331.550887099457,258.14999663427875,0.006182531512074444,284,384,729,629,0
fold-back reflecting,0.5,22,11,331.76593400862777,324.49870592650313,0.004902476955297217,354,384,706,676,0
fold-back reflecting,0.5,22,12,331.6809944741481,306.49822408750737,0.005368195874483545,333,384,703,652,0
fold-back reflecting,0.5,22,13,331.9141259164603,381.92742593131544,0.004312625414852679,420,433,724,760,0
fold-back reflecting,0.5,22,14,331.75429444771703,318.6038811979944,0.005015857458916642,353,406,724,693,0
fold-back reflecting,0.5,22,15,331.73194706611696,315.7550913848536,0.005184548871364129,347,384,708,671,0
fold-back reflecting,0.5,22,16,331.84760042569326,365.5099613585239,0.004573312478064395,396,400,775,787,0
fold-back reflecting,0.5,22,17,332.02003654696847,416.2363361888663,0.003846427608520434,455,456,723,794,0
fold-back reflecting,0.5,22,18,331.63508749378184,281.5829472857027,0.005577371873549834,310,384,711,637,0
fold-back reflecting,0.5,22,19,331.819552074586,337.58689578250477,0.004745432530270637,371,384,693,680,0
fold-back reflecting,0.5,22,20,331.9712576373255,400.4980531927535,0.004056262575345318,436,436,765,817,0
fold-back reflecting,0.5,22,21,331.7559120214596,328.2733811715874,0.005054068251322843,359,384,712,687,0
fold-back reflecting,0.5,22,22,331.57780366616566,266.09447599862057,0.005964358890831258,291,384,714,621,0
fold-back reflecting,0.5,22,23,331.57631150360004,273.38976319045935,0.0059165022910729744,300,384,697,613,0
fold-back reflecting,0.5,22,24,331.63601401758336,279.5514179414066,0.005637736104276749,307,384,659,582,0
fold-back reflecting,0.5,22,25,331.56136211760685,273.659115792094,0.006071980228934766,298,384,698,612,0
fold-back reflecting,0.5,22,26,331.671714271612,294.0342635500389,0.005483085789392999,325,384,729,670,0
fold-back reflecting,0.5,22,27,331.69426303965946,305.2752122708405,0.005384004447849373,336,384,731,683,0
fold-back reflecting,0.5,22,28,331.50701791839236,247.62829115615114,0.0064692693439636515,272,384,704,592,0
fold-back reflecting,0.5,22,29,331.88535611614077,361.0765000614202,0.004413336258619325,399,402,663,678,0
fold-back reflecting,0.5,22,30,331.7087477191428,298.95776861558386,0.0052826571804257235,328,384,728,672,0
fold-back reflecting,0.5,22,31,331.7415871613067,320.11350611431016,0.005042081769245939,350,384,677,643,0
fold-back reflecting,0.5,22,32,331.81394289885856,342.857039396186,0.004758939265755758,374,384,713,703,0
fold-back reflecting,0.5,22,33,331.7942687504871,341.511911172196,0.004848821962490471,375,384,704,695,0
fold-back reflecting,0.5,22,34,331.90965407561714,370.56862626251154,0.004239373764585657,408,415,708,732,0
fold-back reflecting,0.5,22,35,331.8180664071771,341.21341311234534,0.004756107948483445,374,392,737,727,0
fold-back reflecting,0.5,22,36,331.65465323753386,300.83292526663377,0.00557280505589738,329,418,795,740,0
fold-back reflecting,0.5,22,37,331.807169038549,338.794821907316,0.00477160812179115,369,385,726,711,0
fold-back reflecting,0.5,22,38,331.8889351436445,376.60575991982995,0.0043721215926524355,410,410,677,703,0
fold-back reflecting,0.5,22,39,331.7159360183365,308.31111096288055,0.005243131516968271,338,384,729,683,0
absorbing,0.5,24,0,330.68297859727977,288.40175752153533,0.005567213660314579,316,384,835,767,0
absorbing,0.5,24,1,330.90108983136264,354.8211181072278,0.004407130462864733,390,394,913,919,0
absorbing,0.5,24,2,330.9667173413948,373.71589407828884,0.0042285661923478135,408,409,937,961,0
absorbing,0.5,24,3,330.7587364309114,301.6599931169349,0.005202318484010685,332,384,863,811,0
absorbing,0.5,24,4,331.010349315521,399.5690386539307,0.004061056778929649,434,434,958,1008,0
absorbing,0.5,24,5,330.8826974594548,349.84629167602236,0.004612324293823527,385,391,927,928,0
absorbing,0.5,24,6,331.00543828989134,403.18937403010676,0.004085647008712785,447,465,935,998,0
absorbing,0.5,24,7,330.9416115903911,364.7314782514541,0.004354281490626187,400,402,888,904,0
absorbing,0.5,24,8,330.85344714427816,338.7153546207154,0.00473400669038809,370,384,850,836,0
absorbing,0.5,24,9,330.4171956502781,229.72057209561333,0.007166597377009174,251,384,863,730,0
absorbing,0.5,24,10,330.70691645226884,301.3838135964777,0.005465835061273868,328,384,861,805,0
absorbing,0.5,24,11,330.9627583258476,378.20889646466975,0.0042591602950851955,416,443,1031,1063,0
absorbing,0.5,24,12,330.7700592302908,316.84350160378233,0.005162778311971437,346,386,923,885,0
absorbing,0.5,24,13,330.84472108807665,333.61624152815415,0.00475839350057652,363,384,822,801,0
absorbing,0.5,24,14,330.8894657503423,349.8622363452673,0.004516840860462397,384,384,875,875,0
absorbing,0.5,24,15,330.88133841459893,354.7643739278036,0.004573814416572791,390,400,889,895,0
absorbing,0.5,24,16,331.14534246924757,445.2929157058659,0.003526025524222397,489,489,931,1036,0
absorbing,0.5,24,17,330.8368641782184,333.1807042854309,0.0048344807924518155,363,384,871,850,0
absorbing,0.5,24,18,330.93133861628445,354.29630528535927,0.004404672802177944,390,397,913,919,0
absorbing,0.5,24,19,330.69772919680287,286.13339758602865,0.005536391255792156,314,384,914,844,0
absorbing,0.5,24,20,330.7719790144583,314.0706002611583,0.005141796504385553,346,384,926,888,0
absorbing,0.5,24,21,331.0461277053382,404.7775764990917,0.003896746312347678,445,459,961,1022,0
absorbing,0.5,24,22,331.09326406642043,428.9779956289781,0.0037393622048102334,465,465,895,976,0
absorbing,0.5,24,23,330.5907833829284,270.1000067997753,0.006152276187813528,297,384,893,806,0
absorbing,0.5,24,24,331.04555623931657,412.85106533572593,0.0038609464992776818,447,450,925,988,0
absorbing,0.5,24,25,330.9235908617045,354.2910855534984,0.004417251393596246,390,390,901,907,0
absorbing,0.5,24,26,330.93929146791334,370.865626853066,0.004362480977458489,409,409,866,891,0
absorbing,0.5,24,27,331.0738657192544,425.0763463531169,0.0038139833140871265,465,465,917,998,0
absorbing,0.5,24,28,331.01210753917246,397.71585024105957,0.004050796914528562,438,442,928,982,0
absorbing,0.5,24,29,330.79893257426784,313.5699053771147,0.0050177715336680315,348,384,860,824,0
absorbing,0.5,24,30,330.60221872425325,271.89289563806494,0.006071138961210047,298,384,873,787,0
absorbing,0.5,24,31,330.7787097193183,308.49561434217065,0.005131099761969741,339,384,885,840,0
absorbing,0.5,24,32,330.93314060498915,369.688205991265,0.004322555504626613,402,402,928,946,0
absorbing,0.5,24,33,330.78594360401746,310.00098620967725,0.005069689518338951,339,384,880,835,0
absorbing,0.5,24,34,330.56498973137275,250.2295425066134,0.006320159645793954,275,384,825,716,0
absorbing,0.5,24,35,331.03030835613146,414.1070511152047,0.003984307990527871,454,454,878,948,0
absorbing,0.5,24,36,330.8385452276356,335.3930378180418,0.004818892227408798,370,385,950,936,0
absorbing,0.5,24,37,330.9694062806103,375.71628322074815,0.004236747765396274,409,417,939,964,0
absorbing,0.5,24,38,330.42626426960516,227.02956969852886,0.0072093969337534815,252,384,859,727,0
absorbing,0.5,24,39,330.83008770059865,339.02251074106107,0.004859331286103439,373,384,865,854,0
fold-back reflecting,0.5,24,0,332.02450356018886,301.7856855507063,0.005440682300877729,331,385,692,639,0
fold-back reflecting,0.5,24,1,332.1572152646704,345.5410140729104,0.004759161746391077,377,392,731,724,0
fold-back reflecting,0.5,24,2,332.18452214595686,350.58030313509585,0.0046422420987753165,382,399,703,701,0
fold-back reflecting,0.5,24,3,332.1996108388802,354.24692417085106,0.004564344547615828,389,389,705,710,0
fold-back reflecting,0.5,24,4,331.9922083346421,296.004638984147,0.00558970402638826,325,384,685,626,0
fold-back reflecting,0.5,24,5,332.19494454250855,355.1402406063367,0.0045932783156881415,390,407,704,710,0
fold-back reflecting,0.5,24,6,332.29291470740606,385.9710958488502,0.004162932126088475,424,424,738,778,0
fold-back reflecting,0.5,24,7,332.149986167843,334.55231344267406,0.004802435538024532,368,384,692,676,0
fold-back reflecting,0.5,24,8,332.0403301849531,305.6008232032384,0.0052969786875465335,335,384,703,654,0
fold-back reflecting,0.5,24,9,331.9493198618177,272.77232121071233,0.005856639968321756,303,384,646,565,0
fold-back reflecting,0.5,24,10,331.98418643434746,286.9592564948263,0.005617040188662464,317,384,705,638,0
fold-back reflecting,0.5,24,11,332.1630669169539,346.62957738257035,0.004727920593792058,379,388,705,700,0
fold-back reflecting,0.5,24,12,332.1629908467195,346.8086461694693,0.004714966485854263,379,394,711,706,0
fold-back reflecting,0.5,24,13,332.16033284929637,352.3079307118001,0.004707064845672488,383,416,715,714,0
fold-back reflecting,0.5,24,14,332.1985780618597,359.56518695010305,0.004522528856993779,392,402,716,724,0
fold-back reflecting,0.5,24,15,332.0983360426479,315.4524088307918,0.00497880235609382,345,384,682,643,0
fold-back reflecting,0.5,24,16,332.14582018001505,341.37400919485503,0.004774980104574223,375,384,677,668,0
fold-back reflecting,0.5,24,17,332.13414504706077,331.4894479489441,0.004845010080164758,363,384,665,644,0
fold-back reflecting,0.5,24,18,331.962172017473,282.6415608733604,0.005802672184889375,311,384,684,611,0
fold-back reflecting,0.5,24,19,332.03693628735385,306.99814733674964,0.005351654496267323,338,384,720,674,0
fold-back reflecting,0.5,24,20,331.98920439331704,285.89639965221016,0.005550564071112196,313,387,714,643,0
fold-back reflecting,0.5,24,21,332.36461343831826,420.53933449838877,0.003811784570669087,460,460,740,816,0
fold-back reflecting,0.5,24,22,332.2060613036551,361.95791725937255,0.004544299995147842,396,396,674,686,0
fold-back reflecting,0.5,24,23,332.1167199882374,334.5300051673304,0.004931494432567671,367,398,718,701,0
fold-back reflecting,0.5,24,24,332.18311319910777,342.07724209768264,0.004640347744537978,374,384,713,703,0
fold-back reflecting,0.5,24,25,331.9251468297174,277.17692327055846,0.005908349021152021,304,384,660,580,0
fold-back reflecting,0.5,24,26,332.074868615038,319.86218632186814,0.005109918904836692,349,384,672,637,0
fold-back reflecting,0.5,24,27,332.0727197638204,318.03347743983875,0.005075455061550374,346,384,660,622,0
fold-back reflecting,0.5,24,28,332.1389491264718,327.09377082249785,0.004862538519993316,362,384,695,673,0
fold-back reflecting,0.5,24,29,332.3567926122949,412.9908264482471,0.003861569423996269,448,461,695,759,0
fold-back reflecting,0.5,24,30,332.06138143039874,308.9512522905987,0.005241053022813224,341,384,660,617,0
fold-back reflecting,0.5,24,31,331.9872849702739,288.7676710839292,0.005608581469354055,318,384,704,638,0
fold-back reflecting,0.5,24,32,332.0510570435441,294.5912767709534,0.0052411690736580896,323,384,708,647,0
fold-back reflecting,0.5,24,33,332.16442823776316,334.12000433866876,0.0047073272303296086,369,395,727,712,0
fold-back reflecting,0.5,24,34,332.1488386385097,345.4619288191776,0.0047631549601606015,378,405,722,716,0
fold-back reflecting,0.5,24,35,332.09901872048664,319.8705238424687,0.005050632005887561,350,384,721,687,0
fold-back reflecting,0.5,24,36,332.09661844003045,318.0007000005197,0.005061984731863603,347,384,679,642,0
fold-back reflecting,0.5,24,37,332.2237464175896,368.8011623783261,0.004429515665660348,400,406,753,769,0
fold-back reflecting,0.5,24,38,331.96248154065245,288.8922463586278,0.005739989634918349,317,384,688,621,0
fold-back reflecting,0.5,24,39,332.3113352991116,399.81231970971317,0.0040286976049983434,441,453,721,778,0
absorbing,0.5,26,0,331.3986996920184,348.7275437494362,0.004722681532846131,380,386,837,833,0
absorbing,0.5,26,1,331.3303930846598,325.01458789033575,0.005022752129223446,355,384,822,793,0
absorbing,0.5,26,2,331.4147070624696,339.6777047369084,0.004637439128738973,376,384,814,806,0
absorbing,0.5,26,3,331.4874232808114,386.7705802372056,0.004315740051048128,419,421,877,912,0
absorbing,0.5,26,4,331.16080535832333,272.6561084599553,0.005999263991737859,300,384,893,809,0
absorbing,0.5,26,5,331.4945922433604,381.26132961601587,0.004213477951306042,419,419,840,875,0
absorbing,0.5,26,6,331.4206504814662,347.93875419820256,0.004636282692257546,382,395,901,899,0
absorbing,0.5,26,7,331.56680688426906,416.9253064476154,0.003925926694758838,451,457,901,968,0
absorbing,0.5,26,8,331.3884461123058,333.1867706768036,0.004784566719363711,369,384,831,816,0
absorbing,0.5,26,9,331.3211390277669,315.4591746395704,0.005111487765587049,349,384,853,818,0
absorbing,0.5,26,10,331.40745913028815,338.3728075109297,0.004708769921105545,372,388,849,837,0
absorbing,0.5,26,11,331.5501344159369,401.5394669184774,0.004007215946807684,437,437,807,860,0
absorbing,0.5,26,12,331.37610057238834,330.55276401960083,0.0048243732208868954,364,387,863,843,0
absorbing,0.5,26,13,331.53363148490075,390.6267409630387,0.004138621473264172,430,435,876,922,0
absorbing,0.5,26,14,331.56635932238015,405.9311919976789,0.0040008081242228054,446,447,852,914,0
absorbing,0.5,26,15,331.4118527626672,349.0734630315359,0.00467345604461463,386,398,777,779,0
absorbing,0.5,26,16,331.4662111352222,363.19896525766563,0.004416970867834915,399,416,843,858,0
absorbing,0.5,26,17,331.4805673939943,365.3180087152515,0.004351035802003852,402,419,913,931,0
absorbing,0.5,26,18,331.3866120768748,331.56427997320804,0.004752333452534978,365,384,811,792,0
absorbing,0.5,26,19,331.4517230140704,354.4069126548827,0.004470045817719348,387,388,827,830,0
absorbing,0.5,26,20,331.4437048408011,352.21210221267927,0.004528979884676719,386,387,849,851,0
absorbing,0.5,26,21,331.52427035783535,391.61181906361765,0.004142251127285398,429,438,933,978,0
absorbing,0.5,26,22,331.41080487438495,352.8798919298939,0.004689680805807872,391,405,859,866,0
absorbing,0.5,26,23,331.4915452572153,374.85892863924886,0.00430715590771761,409,409,850,875,0
absorbing,0.5,26,24,331.3769412948558,325.0733438801185,0.004761068431385408,356,389,836,808,0
absorbing,0.5,26,25,331.46515721965045,366.46311137643545,0.004383487906238527,403,419,863,882,0
absorbing,0.5,26,26,331.6294806405882,432.4228793440551,0.0037458998821857923,477,485,945,1038,0
absorbing,0.5,26,27,331.3240971725594,312.7050173133219,0.00510933535356855,345,384,774,735,0
absorbing,0.5,26,28,331.3568510270387,334.8053308195495,0.004903133188215617,367,384,836,819,0
absorbing,0.5,26,29,331.3417055995705,322.9835603758281,0.00496077168251436,355,384,887,858,0
absorbing,0.5,26,30,331.2079871788685,287.4301346242765,0.005704024317924485,318,384,831,765,0
absorbing,0.5,26,31,331.51091652310316,377.83018728904324,0.00422854098054233,416,426,856,888,0
absorbing,0.5,26,32,331.2922609304043,307.19464501623645,0.005246473933135423,340,384,861,817,0
absorbing,0.5,26,33,331.42629494630404,337.84713030803823,0.004610215679616692,370,384,839,825,0
absorbing,0.5,26,34,331.2537304585009,295.7566004788493,0.005485402263285789,323,384,826,765,0
absorbing,0.5,26,35,331.34018091007886,315.7990094570979,0.004924886450662915,350,384,851,817,0
absorbing,0.5,26,36,331.42508723803985,352.40531915546904,0.004561338104997996,386,387,823,825,0
absorbing,0.5,26,37,331.5088509705666,369.3495278379265,0.004231764791532295,403,410,859,878,0
absorbing,0.5,26,38,331.42246429448295,349.41930839215536,0.004628906406102456,384,388,787,787,0
absorbing,0.5,26,39,331.31035553425306,309.6025204151184,0.005179222717187667,341,388,886,843,0
fold-back reflecting,0.5,26,0,332.3351122079039,314.6722463836515,0.005271817518068887,345,384,667,628,0
fold-back reflecting,0.5,26,1,332.47163091528694,350.9005923602644,0.004563775751507714,388,394,645,649,0
fold-back reflecting,0.5,26,2,332.5859636229032,399.04250565660544,0.004128531946526875,438,443,671,725,0
fold-back reflecting,0.5,26,3,332.1319669117214,258.77938081597125,0.006348094147034727,285,384,635,536,0
fold-back reflecting,0.5,26,4,332.38844411989174,329.38909025008354,0.005011617760889845,358,384,673,647,0
fold-back reflecting,0.5,26,5,332.2586168588763,287.6437735886665,0.005707032485663595,315,393,677,608,0
fold-back reflecting,0.5,26,6,332.3242688887001,309.3165575010987,0.005302659968451993,337,384,695,648,0
fold-back reflecting,0.5,26,7,332.4303281639536,333.5577200447428,0.004810866175486895,369,411,732,717,0
fold-back reflecting,0.5,26,8,332.3229829691077,304.30966874737067,0.005359357061512354,338,393,712,666,0
fold-back reflecting,0.5,26,9,332.2139701569349,269.93823485120856,0.0059561103977722836,298,384,688,602,0
fold-back reflecting,0.5,26,10,332.51985200620766,368.0211617017327,0.004378772512609248,403,404,695,714,0
fold-back reflecting,0.5,26,11,332.1513539285285,260.8667238801507,0.006212897029561162,287,384,666,569,0
fold-back reflecting,0.5,26,12,332.24162120762736,279.3128950445005,0.005827683260589979,307,384,667,590,0
fold-back reflecting,0.5,26,13,332.30921376513186,305.37563471044035,0.005421376065679297,332,384,678,626,0
fold-back reflecting,0.5,26,14,332.2936694134796,302.2067671571122,0.005492848260099494,328,384,669,613,0
fold-back reflecting,0.5,26,15,332.49645214845265,348.73684719407754,0.004451719346171755,382,405,720,718,0
fold-back reflecting,0.5,26,16,332.2269531797392,286.46950751139633,0.0058720384297138726,312,384,706,634,0
fold-back reflecting,0.5,26,17,332.2857530661108,290.59962678870335,0.005577937959995577,319,384,717,652,0
fold-back reflecting,0.5,26,18,332.3924174469459,317.04188234604953,0.00493582236996968,351,384,646,613,0
fold-back reflecting,0.5,26,19,332.40825550981236,334.15128339864503,0.004937150848227592,368,384,688,672,0
fold-back reflecting,0.5,26,20,332.58045701997656,389.92620673940263,0.004114236926596034,428,429,714,758,0
fold-back reflecting,0.5,26,21,332.38496655389883,328.2558523924881,0.005034555743232037,360,416,714,690,0
fold-back reflecting,0.5,26,22,332.3474755987501,313.6463499035091,0.0051551306688414995,343,384,629,588,0
fold-back reflecting,0.5,26,23,332.40595162570975,334.7302676226184,0.004810534426685817,369,388,686,671,0
fold-back reflecting,0.5,26,24,332.35678735406265,316.3063984336383,0.005081733582240082,349,384,686,651,0
fold-back reflecting,0.5,26,25,332.3691473331846,315.49090698950806,0.005113250963686254,349,394,704,669,0
fold-back reflecting,0.5,26,26,332.47591720638013,352.2441932155816,0.0045802876583900635,387,387,679,682,0
fold-back reflecting,0.5,26,27,332.3861638804848,321.33520609965444,0.0049859320239212385,356,392,681,653,0
fold-back reflecting,0.5,26,28,332.2958950469843,300.3992647616727,0.005474865170665629,331,384,616,563,0
fold-back reflecting,0.5,26,29,332.28054460458577,292.4365792213686,0.005551255924493074,321,384,663,600,0
fold-back reflecting,0.5,26,30,332.35356464825577,311.13696089311554,0.005082781785264288,339,394,703,658,0
fold-back reflecting,0.5,26,31,332.16079041653654,271.9924813025728,0.006291552638034595,299,384,672,587,0
fold-back reflecting,0.5,26,32,332.30517476797763,296.31842314891577,0.0054342019558136865,327,384,604,547,0
fold-back reflecting,0.5,26,33,332.600396543985,395.8308113846079,0.004019699298929651,439,452,716,771,0
fold-back reflecting,0.5,26,34,332.33586952350964,310.1121465362568,0.005304464231160021,342,384,667,625,0
fold-back reflecting,0.5,26,35,332.2424408742254,282.80862192111175,0.00578378369045825,310,384,677,603,0
fold-back reflecting,0.5,26,36,332.2141509966954,270.13727880385306,0.005890875842058929,295,384,682,593,0
fold-back reflecting,0.5,26,37,332.38406675895476,327.0431724575682,0.004959134447682101,354,384,686,656,0
fold-back reflecting,0.5,26,38,332.3919831643503,332.40172133587157,0.004953705565179047,366,384,675,657,0
fold-back reflecting,0.5,26,39,332.1684269808338,262.18731639463624,0.006239759859429654,289,384,689,594,0
absorbing,0.5,28,0,331.98726553455515,409.59049979587076,0.00395130554474509,456,458,809,881,0
absorbing,0.5,28,1,331.6569004977387,285.35140498503273,0.005491149774907347,318,384,746,680,0
absorbing,0.5,28,2,331.9398688396379,385.96134237212567,0.0041486533298607225,423,423,812,851,0
absorbing,0.5,28,3,331.91818666636703,373.6893589198838,0.0042292582712114965,409,421,841,866,0
absorbing,0.5,28,4,331.90139368713113,362.15174295766786,0.004351249837732001,398,408,755,769,0
absorbing,0.5,28,5,331.9261669874757,381.2190615385499,0.004236287651130767,419,422,779,814,0
absorbing,0.5,28,6,331.91439537503396,376.16435745728165,0.004258733528948072,412,412,808,836,0
absorbing,0.5,28,7,331.76334208971883,326.7919694524893,0.004995181574904627,358,384,778,752,0
absorbing,0.5,28,8,331.7350428776681,324.8993342779145,0.005116506609146158,358,384,786,760,0
absorbing,0.5,28,9,331.7820176343945,333.9358759617113,0.004853220097413421,369,389,744,729,0
absorbing,0.5,28,10,331.9238934458029,387.4839923834109,0.004239929613770563,425,448,863,904,0
absorbing,0.5,28,11,332.0651073719567,449.70253239459805,0.0036718558774215286,496,505,858,970,0
absorbing,0.5,28,12,331.94406526532094,382.14969404968,0.004142674199350426,421,436,831,868,0
absorbing,0.5,28,13,331.7780609772163,332.9477311139372,0.004898696369155409,366,384,755,737,0
absorbing,0.5,28,14,331.72278912570266,310.7355964945641,0.005184310827349814,339,384,801,756,0
absorbing,0.5,28,15,331.73870052683446,320.4852456439051,0.0050803540406566105,350,384,831,797,0
absorbing,0.5,28,16,331.97896736843217,412.7026724615759,0.003944966212398454,451,451,829,896,0
absorbing,0.5,28,17,331.54706278770465,267.67396320536034,0.006103339189050623,293,384,759,668,0
absorbing,0.5,28,18,331.9737099939474,405.21051056658877,0.004037292655889817,445,468,784,845,0
absorbing,0.5,28,19,331.84497621335646,359.00735468801423,0.00459791067777765,393,393,813,822,0
absorbing,0.5,28,20,331.68909809080566,308.6841860095056,0.0052562322471570826,340,396,841,797,0
absorbing,0.5,28,21,331.39982212473933,221.395451457292,0.007142817372688284,243,384,740,599,0
absorbing,0.5,28,22,331.86714867389844,370.956117837655,0.004482953830339541,406,419,841,863,0
absorbing,0.5,28,23,331.74816828643463,324.97899035659185,0.005061317338104545,356,384,811,783,0
absorbing,0.5,28,24,331.67623328806496,301.98646217215645,0.005438624020659973,331,384,747,694,0
absorbing,0.5,28,25,331.8954906870377,377.83891402799475,0.004298706737878932,416,449,923,955,0
absorbing,0.5,28,26,331.6053077671236,281.0286934569809,0.005771124394254187,308,384,757,681,0
absorbing,0.5,28,27,331.9563693574592,401.020170137729,0.0040559204749683,443,470,918,977,0
absorbing,0.5,28,28,331.89350348675544,359.4391537034969,0.004355586511745439,398,406,816,830,0
absorbing,0.5,28,29,332.0564802012608,436.06512632225514,0.0036901389397962984,476,481,812,904,0
absorbing,0.5,28,30,331.8606432862979,366.3347789802926,0.004510664257596383,402,410,808,826,0
absorbing,0.5,28,31,331.7971421965425,344.1679816391441,0.004748575637985289,379,398,830,825,0
absorbing,0.5,28,32,331.9160988674093,376.0053131893995,0.004263011715245255,419,441,833,868,0
absorbing,0.5,28,33,331.7078688696625,306.7108440082382,0.005230711884468304,339,384,818,773,0
absorbing,0.5,28,34,331.7691784075174,330.8725381393294,0.004950575047487079,364,407,858,838,0
absorbing,0.5,28,35,331.6993991553622,308.0809192092324,0.005309470437479166,339,384,775,730,0
absorbing,0.5,28,36,331.8726312513486,362.9483084363893,0.004461483031355868,396,403,777,789,0
absorbing,0.5,28,37,331.75286910971147,322.45792618702404,0.004830365838524669,352,384,786,754,0
absorbing,0.5,28,38,331.97635768377324,408.2095400450329,0.003979943069220625,446,456,845,907,0
absorbing,0.5,28,39,331.8267975881934,337.11928788273474,0.004596726617562923,369,384,760,745,0
fold-back reflecting,0.5,28,0,332.545348304212,295.77776447622995,0.005502051254621758,326,384,672,614,0
fold-back reflecting,0.5,28,1,332.57854432710707,314.70016875503404,0.005144858051558072,342,384,627,585,0
fold-back reflecting,0.5,28,2,332.57510231474845,310.3155205631586,0.00531639221669331,342,384,645,603,0
fold-back reflecting,0.5,28,3,332.69417937864546,341.4267398434185,0.004668284423515943,371,384,651,638,0
fold-back reflecting,0.5,28,4,332.4353574748751,268.118511900831,0.005992928994130724,293,384,630,539,0
fold-back reflecting,0.5,28,5,332.7648630492251,373.81621187462645,0.004425353291006433,407,413,695,718,0
fold-back reflecting,0.5,28,6,332.63402013294217,326.9606934162113,0.004979728253227663,359,384,612,587,0
fold-back reflecting,0.5,28,7,332.52930095493645,285.13354480378456,0.005562720118748835,314,384,632,562,0
fold-back reflecting,0.5,28,8,332.64585516802805,319.4621974809117,0.004972309617267491,354,384,609,579,0
fold-back reflecting,0.5,28,9,332.3602467306853,240.61649019572494,0.006601693786867511,265,384,641,522,0
fold-back reflecting,0.5,28,10,332.63989874746306,319.92870448390505,0.004995316640196882,349,406,676,641,0
fold-back reflecting,0.5,28,11,332.4310485569559,272.3461014445894,0.006156215193931241,300,384,649,565,0
fold-back reflecting,0.5,28,12,332.58918685902756,308.91412521392516,0.005189384096746632,342,407,653,611,0
fold-back reflecting,0.5,28,13,332.45290831443987,272.3629846401633,0.005960461108139593,300,384,668,584,0
fold-back reflecting,0.5,28,14,332.556199593413,300.5943942711746,0.005443516824217399,331,384,672,619,0
fold-back reflecting,0.5,28,15,332.53983342514306,291.6675611262422,0.005491370744114826,318,384,654,588,0
fold-back reflecting,0.5,28,16,332.6637232530661,333.2073620143837,0.00483694351206226,364,384,672,652,0
fold-back reflecting,0.5,28,17,332.55325567485113,293.12788481052434,0.005465874807394856,327,388,701,644,0
fold-back reflecting,0.5,28,18,332.4015379694244,250.96622607165173,0.006260018461587393,277,384,665,558,0
fold-back reflecting,0.5,28,19,332.4403619489419,265.3744411056395,0.006111441506134836,290,384,654,560,0
fold-back reflecting,0.5,28,20,332.77274223090365,371.58493448322804,0.0043874763288838155,408,422,678,702,0
fold-back reflecting,0.5,28,21,332.81231764500706,390.75072696774606,0.004209486150368017,428,429,686,730,0
fold-back reflecting,0.5,28,22,332.60249230754533,313.8794381620631,0.005189637899858545,342,393,661,619,0
fold-back reflecting,0.5,28,23,332.5599453659639,314.689120349021,0.005298182490898082,343,384,654,613,0
fold-back reflecting,0.5,28,24,332.56098797179425,308.3703082170437,0.005413873917042956,336,384,570,522,0
fold-back reflecting,0.5,28,25,332.6326856199695,326.4467417498611,0.005032096327513151,360,384,651,627,0
fold-back reflecting,0.5,28,26,332.6187252115672,316.547102445111,0.0051183895588754625,347,389,635,598,0
fold-back reflecting,0.5,28,27,332.39761881422896,264.52421360550085,0.006345174043752135,288,384,599,503,0
fold-back reflecting,0.5,28,28,332.4626531797451,276.7766654933925,0.005982205465708286,302,384,642,560,0
fold-back reflecting,0.5,28,29,332.6118552979882,310.0110667243168,0.005057542526476126,340,384,679,635,0
fold-back reflecting,0.5,28,30,332.5275244162324,288.1688517642564,0.00556827052705315,315,384,676,607,0
fold-back reflecting,0.5,28,31,332.69244359538646,341.80580781019285,0.004681364447243821,378,404,711,705,0
fold-back reflecting,0.5,28,32,332.5509384785232,296.8823222294693,0.005401853953649395,329,384,611,556,0
fold-back reflecting,0.5,28,33,332.6942011667422,344.1097659359867,0.004750973309692504,376,393,680,672,0
fold-back reflecting,0.5,28,34,332.58699596419234,305.68478850874914,0.0052486933307628846,337,399,677,630,0
fold-back reflecting,0.5,28,35,332.51688658658486,288.14522078696024,0.0056600065402234515,313,384,652,581,0
fold-back reflecting,0.5,28,36,332.49046167068684,279.29586307944527,0.005819393670707206,306,384,643,565,0
fold-back reflecting,0.5,28,37,332.69591597717505,345.1748232821336,0.004719579598378427,380,384,625,621,0
fold-back reflecting,0.5,28,38,332.84085302416105,397.9452147046657,0.00396008503448775,435,437,665,716,0
fold-back reflecting,0.5,28,39,332.5989379113502,310.1289923894024,0.005214785015390678,340,401,718,674,0
