w,block,logZ,ESS,max_weight_fraction,valid_chains,roots,sampler,L,tether_z,population_final,population_max_seen,status
0.2,0,339.9773657072855,269.8496390482399,0.005820345993578945,,384,NUMBA_PERM,10,5,298.0,384.0,OK
0.2,1,340.1598457285319,321.5521966346365,0.004846045937293216,,384,NUMBA_PERM,10,5,352.0,384.0,OK
0.2,2,340.26694187195443,367.04782105411135,0.00438039838375895,,384,NUMBA_PERM,10,5,403.0,403.0,OK
0.2,3,340.10415351287463,308.8730625852575,0.0051684070644087785,,384,NUMBA_PERM,10,5,339.0,384.0,OK
0.2,4,340.0819002883295,299.7059184547251,0.005253875979249946,,384,NUMBA_PERM,10,5,332.0,384.0,OK
0.2,5,339.99444685164354,263.7635475328237,0.0057791222960127155,,384,NUMBA_PERM,10,5,288.0,384.0,OK
0.2,6,340.04947929710806,292.07837704961196,0.005348293614231983,,384,NUMBA_PERM,10,5,322.0,384.0,OK
0.2,7,340.3232166752243,374.8753871577872,0.004161204140202789,,384,NUMBA_PERM,10,5,413.0,423.0,OK
0.2,8,340.0668687255677,293.06458850866204,0.005343775215705512,,384,NUMBA_PERM,10,5,321.0,384.0,OK
0.2,9,340.0124729026644,284.1850971166298,0.005628232949296693,,384,NUMBA_PERM,10,5,311.0,384.0,OK
0.2,10,339.99407906074975,269.90333618260706,0.005779779479740025,,384,NUMBA_PERM,10,5,294.0,384.0,OK
0.2,11,340.10980990846156,308.3615363224208,0.005084143713370949,,384,NUMBA_PERM,10,5,337.0,384.0,OK
0.2,12,340.1223500461011,312.45433423213126,0.005094086469368445,,384,NUMBA_PERM,10,5,344.0,384.0,OK
0.2,13,340.0340184562006,277.3361318513587,0.005554786877524186,,384,NUMBA_PERM,10,5,306.0,384.0,OK
0.2,14,339.99015210549123,265.7404737794118,0.005814118147313972,,384,NUMBA_PERM,10,5,292.0,384.0,OK
0.2,15,339.9403420537285,264.6339741085688,0.005948865159085556,,384,NUMBA_PERM,10,5,289.0,384.0,OK
0.2,16,340.11704785826777,309.6005339342776,0.0051101579708863745,,384,NUMBA_PERM,10,5,342.0,384.0,OK
0.2,17,340.046786791504,286.93901611089996,0.005460082570013383,,384,NUMBA_PERM,10,5,316.0,384.0,OK
0.2,18,340.03066533864796,294.4291718412432,0.0055048051187141685,,384,NUMBA_PERM,10,5,321.0,384.0,OK
0.2,19,339.9841942801837,277.1123406814011,0.005785290632129713,,384,NUMBA_PERM,10,5,304.0,384.0,OK
0.2,20,340.0528541933052,300.09632912064654,0.005434714763321361,,384,NUMBA_PERM,10,5,332.0,384.0,OK
0.2,21,340.2819785623304,367.98435994020326,0.004335297621020019,,384,NUMBA_PERM,10,5,404.0,409.0,OK
0.2,22,340.126596645164,307.6521742059811,0.0050618897994102715,,384,NUMBA_PERM,10,5,336.0,384.0,OK
0.2,23,340.1458893745013,325.81370524799536,0.0049129607037983435,,384,NUMBA_PERM,10,5,356.0,384.0,OK
0.2,24,339.9630960830608,265.6162093600589,0.005949743720298104,,384,NUMBA_PERM,10,5,293.0,384.0,OK
0.2,25,340.28631163747605,366.8409203405498,0.0043089279761028216,,384,NUMBA_PERM,10,5,407.0,407.0,OK
0.2,26,339.81520892646813,231.43734051208858,0.006876246998967221,,384,NUMBA_PERM,10,5,255.0,384.0,OK
0.2,27,340.1232071074837,324.0985558726563,0.004849821375473648,,384,NUMBA_PERM,10,5,353.0,384.0,OK
0.2,28,339.91550557732324,252.32933220143505,0.006158346224877256,,384,NUMBA_PERM,10,5,280.0,384.0,OK
0.2,29,340.1270884494081,324.86064328073684,0.004958957745088984,,384,NUMBA_PERM,10,5,355.0,384.0,OK
0.2,30,340.2532494337073,363.09988516067,0.004467356886661957,,384,NUMBA_PERM,10,5,397.0,397.0,OK
0.2,31,339.9485210254348,264.2866076121306,0.006052524104482482,,384,NUMBA_PERM,10,5,292.0,384.0,OK
0.2,32,340.2332262975001,357.02764874061813,0.004557038277779936,,384,NUMBA_PERM,10,5,393.0,393.0,OK
0.2,33,339.9838891920359,276.67639404965695,0.005850261659447522,,384,NUMBA_PERM,10,5,303.0,384.0,OK
0.2,34,340.0578363334041,294.9095653043387,0.005428430553966888,,384,NUMBA_PERM,10,5,321.0,384.0,OK
0.2,35,340.1278968601558,326.020329539963,0.004914473920568563,,384,NUMBA_PERM,10,5,355.0,384.0,OK
0.2,36,340.11155920712713,318.5162780941131,0.0051290636887234165,,384,NUMBA_PERM,10,5,348.0,384.0,OK
0.2,37,339.9938324136692,277.1209864016031,0.0057844147229809545,,384,NUMBA_PERM,10,5,304.0,384.0,OK
0.2,38,340.0900883878982,299.5860572679609,0.005160207485885144,,384,NUMBA_PERM,10,5,331.0,384.0,OK
0.2,39,340.07979987157955,304.13232974664595,0.005259178102254008,,384,NUMBA_PERM,10,5,333.0,384.0,OK
0.2,0,341.3690805157055,284.60424667933574,0.005455984319700477,,384,NUMBA_PERM,12,6,311.0,384.0,OK
0.2,1,341.49865563013253,331.91041071886724,0.0048842611728887545,,384,NUMBA_PERM,12,6,365.0,384.0,OK
0.2,2,341.4364020615156,314.0992061315705,0.0051813767102618,,384,NUMBA_PERM,12,6,341.0,384.0,OK
0.2,3,341.478872468171,326.6451454377361,0.004871442754239196,,384,NUMBA_PERM,12,6,356.0,384.0,OK
0.2,4,341.42428870372765,297.50111373146814,0.005214392087302291,,384,NUMBA_PERM,12,6,329.0,384.0,OK
0.2,5,341.45363280231834,318.6091379070934,0.005074998112662912,,384,NUMBA_PERM,12,6,352.0,384.0,OK
0.2,6,341.40937666778564,316.029087335003,0.005276417686133217,,384,NUMBA_PERM,12,6,344.0,384.0,OK
0.2,7,341.353102663691,282.4397986712101,0.0056353262719230374,,384,NUMBA_PERM,12,6,309.0,384.0,OK
0.2,8,341.5490816718271,338.4985897822731,0.004637984326648379,,384,NUMBA_PERM,12,6,372.0,384.0,OK
0.2,9,341.2825474927364,263.3467316225831,0.005947645949809385,,384,NUMBA_PERM,12,6,287.0,384.0,OK
0.2,10,341.46273057079145,318.481839067953,0.005060898255752196,,384,NUMBA_PERM,12,6,346.0,384.0,OK
0.2,11,341.53472408675646,341.0881260136966,0.004637663831258226,,384,NUMBA_PERM,12,6,374.0,389.0,OK
0.2,12,341.4406515901734,316.0521686789287,0.00511144216351068,,384,NUMBA_PERM,12,6,346.0,384.0,OK
0.2,13,341.2239662171873,240.57134596555665,0.006360207564345261,,384,NUMBA_PERM,12,6,266.0,384.0,OK
0.2,14,341.376472547492,296.11126108091383,0.005495607689719992,,384,NUMBA_PERM,12,6,325.0,384.0,OK
0.2,15,341.28341850705266,266.0262289329603,0.006044811226211902,,384,NUMBA_PERM,12,6,292.0,384.0,OK
0.2,16,341.46125443182177,305.9765874278437,0.005036577528112712,,384,NUMBA_PERM,12,6,338.0,384.0,OK
0.2,17,341.20468917076,245.87876822972888,0.006554726540200471,,384,NUMBA_PERM,12,6,273.0,384.0,OK
0.2,18,341.41511830774,299.38373712389625,0.005249409334123781,,384,NUMBA_PERM,12,6,326.0,384.0,OK
0.2,19,341.59813659203405,365.6323419080571,0.004348818130164112,,384,NUMBA_PERM,12,6,402.0,416.0,OK
0.2,20,341.3392775024486,279.23509020707746,0.005707117120843576,,384,NUMBA_PERM,12,6,306.0,384.0,OK
0.2,21,341.5803169504932,353.47768612264997,0.004491323590662387,,384,NUMBA_PERM,12,6,388.0,404.0,OK
0.2,22,341.21151113156503,247.5996753210424,0.006448688493389348,,384,NUMBA_PERM,12,6,273.0,384.0,OK
0.2,23,341.303988754288,272.22533070459946,0.005888684812353288,,384,NUMBA_PERM,12,6,299.0,384.0,OK
0.2,24,341.57937046882364,344.97948164242985,0.004491708035073842,,384,NUMBA_PERM,12,6,382.0,384.0,OK
0.2,25,341.53547958661886,344.4879229337436,0.004709123205898716,,384,NUMBA_PERM,12,6,373.0,384.0,OK
0.2,26,341.5967712686582,355.3384355263701,0.004422878961753274,,384,NUMBA_PERM,12,6,393.0,396.0,OK
0.2,27,341.42898302794856,304.0909743269632,0.005232160995330593,,384,NUMBA_PERM,12,6,334.0,384.0,OK
0.2,28,341.4202797511119,308.4419896453522,0.00527151780731033,,384,NUMBA_PERM,12,6,334.0,384.0,OK
0.2,29,341.6177732964775,378.35846104903254,0.004273896711599276,,384,NUMBA_PERM,12,6,412.0,414.0,OK
0.2,30,341.42700542176954,312.8576186032869,0.005172871763472347,,384,NUMBA_PERM,12,6,342.0,384.0,OK
0.2,31,341.37896768871303,293.4640814836075,0.005463486856604617,,384,NUMBA_PERM,12,6,319.0,384.0,OK
0.2,32,341.6677702996192,391.9114141368123,0.004125312259581996,,384,NUMBA_PERM,12,6,430.0,430.0,OK
0.2,33,341.6337808219732,372.8047114785904,0.0042536335764756855,,384,NUMBA_PERM,12,6,410.0,410.0,OK
0.2,34,341.26139227581376,263.728836087111,0.006146655017131938,,384,NUMBA_PERM,12,6,290.0,384.0,OK
0.2,35,341.42096633883506,305.1266468231859,0.005280438854303337,,384,NUMBA_PERM,12,6,337.0,388.0,OK
0.2,36,341.2733700380837,268.92161010115507,0.006019608934317595,,384,NUMBA_PERM,12,6,295.0,384.0,OK
0.2,37,341.4980563325339,326.62595739418987,0.00477685567828573,,384,NUMBA_PERM,12,6,357.0,384.0,OK
0.2,38,341.47429820135164,327.4432455337863,0.004980821065548111,,384,NUMBA_PERM,12,6,357.0,384.0,OK
0.2,39,341.4350801018546,303.42591463284566,0.005206225973210674,,384,NUMBA_PERM,12,6,332.0,384.0,OK
0.2,0,342.24643651441465,300.7258334549629,0.005277747117611736,,384,NUMBA_PERM,14,7,328.0,384.0,OK
0.2,1,342.3758255429098,341.3987846070064,0.004667912456187425,,384,NUMBA_PERM,14,7,375.0,384.0,OK
0.2,2,342.19665544960367,291.09125269851506,0.00555012193421445,,384,NUMBA_PERM,14,7,318.0,384.0,OK
0.2,3,342.2162427746585,292.93116336833145,0.005479783844502658,,384,NUMBA_PERM,14,7,324.0,384.0,OK
0.2,4,342.38081821933037,345.0493924735141,0.0046338035018704355,,384,NUMBA_PERM,14,7,378.0,384.0,OK
0.2,5,342.11063716083953,269.4381979636515,0.005969072361915838,,384,NUMBA_PERM,14,7,293.0,384.0,OK
0.2,6,342.29303479832373,312.92422634207907,0.005009281615373541,,384,NUMBA_PERM,14,7,340.0,384.0,OK
0.2,7,342.1801143178817,290.74633173777517,0.005609794264228597,,384,NUMBA_PERM,14,7,317.0,384.0,OK
0.2,8,342.3639142551722,341.5164008549595,0.004676418066867318,,384,NUMBA_PERM,14,7,371.0,384.0,OK
0.2,9,342.38443583985253,348.6233129955768,0.004550204271670646,,384,NUMBA_PERM,14,7,379.0,390.0,OK
0.2,10,342.35603738783584,336.8694876304334,0.004770706018364115,,384,NUMBA_PERM,14,7,372.0,385.0,OK
0.2,11,342.3499564151416,335.61838459753983,0.004753172360936229,,384,NUMBA_PERM,14,7,368.0,384.0,OK
0.2,12,342.1671062361455,279.412393110335,0.005760150319200203,,384,NUMBA_PERM,14,7,303.0,384.0,OK
0.2,13,342.22531845507973,291.12830649217665,0.005390779480064973,,384,NUMBA_PERM,14,7,317.0,384.0,OK
0.2,14,342.30453505113735,312.0743081577634,0.00493029263941884,,384,NUMBA_PERM,14,7,340.0,384.0,OK
0.2,15,342.2273800585522,304.3177031987775,0.005420573070790883,,384,NUMBA_PERM,14,7,335.0,384.0,OK
0.2,16,342.3720026576474,343.6667150759678,0.004687279120946887,,384,NUMBA_PERM,14,7,381.0,405.0,OK
0.2,17,342.29760193457207,304.25731354253463,0.00505160700783764,,384,NUMBA_PERM,14,7,335.0,384.0,OK
0.2,18,342.45774516643263,376.21489054838264,0.004299032845974279,,384,NUMBA_PERM,14,7,414.0,428.0,OK
0.2,19,342.39263587843067,346.27836794317614,0.004592818087285252,,384,NUMBA_PERM,14,7,377.0,385.0,OK
0.2,20,342.10745256873867,264.34577220517497,0.00610587123655307,,384,NUMBA_PERM,14,7,287.0,384.0,OK
0.2,21,342.22303618134566,293.817214415176,0.00536970929007387,,384,NUMBA_PERM,14,7,319.0,384.0,OK
0.2,22,342.24481707697674,299.40268847436255,0.005302568528790622,,384,NUMBA_PERM,14,7,327.0,384.0,OK
0.2,23,342.1573586176133,276.2010642318894,0.0057992378268454225,,384,NUMBA_PERM,14,7,305.0,384.0,OK
0.2,24,342.37545420235386,339.6750589582655,0.004636176869484543,,384,NUMBA_PERM,14,7,372.0,403.0,OK
0.2,25,342.3222300464063,323.62368467391434,0.0048730929548416145,,384,NUMBA_PERM,14,7,353.0,384.0,OK
0.2,26,342.2254679441869,287.8573883888952,0.005438259416673153,,384,NUMBA_PERM,14,7,315.0,384.0,OK
0.2,27,342.2875798103543,312.56524352356087,0.0050596313957957766,,384,NUMBA_PERM,14,7,342.0,384.0,OK
0.2,28,342.353001058134,332.92024617234915,0.004770975831777776,,384,NUMBA_PERM,14,7,365.0,387.0,OK
0.2,29,342.1440963154554,273.7447491196823,0.0058966771917294035,,384,NUMBA_PERM,14,7,299.0,384.0,OK
0.2,30,342.1091346436981,260.5644432460714,0.006078856088970581,,384,NUMBA_PERM,14,7,282.0,384.0,OK
0.2,31,342.32096885410834,325.7433264035672,0.004912381429508478,,384,NUMBA_PERM,14,7,354.0,384.0,OK
0.2,32,342.3032294707217,324.778549878901,0.004980854596587807,,384,NUMBA_PERM,14,7,354.0,390.0,OK
0.2,33,342.1359099200058,280.0170534161163,0.005893974588173902,,384,NUMBA_PERM,14,7,305.0,384.0,OK
0.2,34,342.04729134336844,250.5045341792609,0.006364484152947523,,384,NUMBA_PERM,14,7,275.0,384.0,OK
0.2,35,342.4728590329938,380.06550464822067,0.004221090935822753,,384,NUMBA_PERM,14,7,414.0,414.0,OK
0.2,36,342.2117061854377,292.64189705203364,0.005483618321016954,,384,NUMBA_PERM,14,7,321.0,384.0,OK
0.2,37,342.5646785698644,418.39351230577927,0.003871933409543064,,384,NUMBA_PERM,14,7,458.0,470.0,OK
0.2,38,342.41354173873196,362.6396021205104,0.00447448874836216,,384,NUMBA_PERM,14,7,394.0,395.0,OK
0.2,39,342.3041692336469,313.8997188443969,0.004963091449459258,,384,NUMBA_PERM,14,7,342.0,384.0,OK
0.2,0,343.21668685273613,338.1752086248456,0.004833011111908796,,384,NUMBA_PERM,18,9,368.0,384.0,OK
0.2,1,343.0554667406682,272.7161617716391,0.005675589584920761,,384,NUMBA_PERM,18,9,296.0,384.0,OK
0.2,2,343.20753176499215,328.2883739899627,0.0049518147644765885,,384,NUMBA_PERM,18,9,361.0,387.0,OK
0.2,3,343.28157659100873,357.0852078804388,0.004522799372328969,,384,NUMBA_PERM,18,9,384.0,388.0,OK
0.2,4,343.09511077128917,298.09171413969625,0.00539110078265684,,384,NUMBA_PERM,18,9,326.0,384.0,OK
0.2,5,343.16130724295994,304.99405388726024,0.005089858691059351,,384,NUMBA_PERM,18,9,333.0,384.0,OK
0.2,6,343.14152233282556,313.24779520443866,0.005192431762595462,,384,NUMBA_PERM,18,9,341.0,384.0,OK
0.2,7,343.23640699750956,334.99234657509254,0.0047804487858335186,,384,NUMBA_PERM,18,9,363.0,384.0,OK
0.2,8,343.13144923622076,307.37582903946014,0.005203484956606875,,384,NUMBA_PERM,18,9,334.0,384.0,OK
0.2,9,343.19735647579574,322.04076173642716,0.004965669824585544,,384,NUMBA_PERM,18,9,354.0,384.0,OK
0.2,10,343.1926966278456,313.4389203004274,0.005013387889372391,,384,NUMBA_PERM,18,9,345.0,384.0,OK
0.2,11,343.1244655603527,294.72894026301117,0.005380459176778018,,384,NUMBA_PERM,18,9,325.0,384.0,OK
0.2,12,343.10316074512974,293.3966411202215,0.005466552154020153,,384,NUMBA_PERM,18,9,324.0,384.0,OK
0.2,13,343.23440844710655,338.8528289706726,0.004816588229208928,,384,NUMBA_PERM,18,9,373.0,384.0,OK
0.2,14,343.1937926758605,314.3536669532553,0.005005498392501961,,384,NUMBA_PERM,18,9,347.0,384.0,OK
0.2,15,343.10154853040166,289.79160541024396,0.005494859232948057,,384,NUMBA_PERM,18,9,315.0,384.0,OK
0.2,16,343.28717625141195,350.37194496272735,0.004558099678846008,,384,NUMBA_PERM,18,9,386.0,390.0,OK
0.2,17,343.1361123198456,302.1716147743697,0.005221280688562076,,384,NUMBA_PERM,18,9,329.0,384.0,OK
0.2,18,343.3059014126732,363.63188804320106,0.004484667843192771,,384,NUMBA_PERM,18,9,395.0,395.0,OK
0.2,19,343.14800540385096,309.95530613101175,0.00525420651778937,,384,NUMBA_PERM,18,9,338.0,384.0,OK
0.2,20,343.22556399306416,326.6736015636863,0.004827730086665974,,384,NUMBA_PERM,18,9,355.0,384.0,OK
0.2,21,343.1697691913215,311.69480903645075,0.005091048375226749,,384,NUMBA_PERM,18,9,344.0,384.0,OK
0.2,22,343.08266114068607,285.47216416956,0.005540563681529205,,384,NUMBA_PERM,18,9,314.0,384.0,OK
0.2,23,343.2264917085759,326.53098381948416,0.004838964650272469,,384,NUMBA_PERM,18,9,355.0,384.0,OK
0.2,24,343.2148732494703,321.9114177648161,0.004903669745477563,,384,NUMBA_PERM,18,9,351.0,384.0,OK
0.2,25,343.1564678050718,309.40929446771975,0.0051842935353972955,,384,NUMBA_PERM,18,9,339.0,384.0,OK
0.2,26,343.07985337676115,282.44147105039025,0.005625376899157259,,384,NUMBA_PERM,18,9,308.0,384.0,OK
0.2,27,343.3493731854955,365.639528466452,0.004253603890197964,,384,NUMBA_PERM,18,9,401.0,410.0,OK
0.2,28,343.1430646763336,305.6456220025704,0.0052753480139083354,,384,NUMBA_PERM,18,9,336.0,384.0,OK
0.2,29,343.10762338880784,291.93062891899524,0.005459423423477158,,384,NUMBA_PERM,18,9,318.0,384.0,OK
0.2,30,343.25184635976484,341.3702142298872,0.004664059467937756,,384,NUMBA_PERM,18,9,373.0,384.0,OK
0.2,31,343.25379413153775,345.04580117451127,0.004708997025708601,,384,NUMBA_PERM,18,9,377.0,384.0,OK
0.2,32,343.2418799139969,339.3311977968742,0.0047664897811170595,,384,NUMBA_PERM,18,9,370.0,384.0,OK
0.2,33,343.19022372578746,320.46790031618815,0.005028013418996871,,384,NUMBA_PERM,18,9,348.0,384.0,OK
0.2,34,343.193645130206,323.0292467942283,0.00498488897274222,,384,NUMBA_PERM,18,9,353.0,384.0,OK
0.2,35,343.2200167485029,333.99769190585386,0.004860655738942233,,384,NUMBA_PERM,18,9,365.0,384.0,OK
0.2,36,343.0764917421581,281.0926435639471,0.005605505721597235,,384,NUMBA_PERM,18,9,309.0,384.0,OK
0.2,37,343.0282184571632,278.8170950501296,0.005837639777431073,,384,NUMBA_PERM,18,9,304.0,384.0,OK
0.2,38,343.23762301686935,331.9019680158026,0.004796550642468304,,384,NUMBA_PERM,18,9,362.0,384.0,OK
0.2,39,343.1573435097971,306.32630081949105,0.005157886523045408,,384,NUMBA_PERM,18,9,336.0,384.0,OK
0.2,0,343.2562115965516,259.7759945652639,0.006139151037416746,,384,NUMBA_PERM,20,10,284.0,384.0,OK
0.2,1,343.4096408689711,311.7914565215333,0.0052358404804868815,,384,NUMBA_PERM,20,10,339.0,384.0,OK
0.2,2,343.4798936098562,330.75177195580034,0.004915462224361985,,384,NUMBA_PERM,20,10,362.0,384.0,OK
0.2,3,343.37835133790566,291.5019783148995,0.005439978138192183,,384,NUMBA_PERM,20,10,320.0,384.0,OK
0.2,4,343.4020213148515,301.3550829648477,0.00528310420047543,,384,NUMBA_PERM,20,10,330.0,384.0,OK
0.2,5,343.4867924537386,321.40127017510207,0.00491375843117767,,384,NUMBA_PERM,20,10,350.0,384.0,OK
0.2,6,343.4303598831607,309.9513931996579,0.005131408560433973,,384,NUMBA_PERM,20,10,339.0,384.0,OK
0.2,7,343.33746786061243,292.69400794841397,0.005638901257130819,,384,NUMBA_PERM,20,10,321.0,384.0,OK
0.2,8,343.5852592745543,370.0918684843704,0.004422993995491433,,384,NUMBA_PERM,20,10,406.0,408.0,OK
0.2,9,343.40888280170304,307.5012276078017,0.005308329404869138,,384,NUMBA_PERM,20,10,337.0,384.0,OK
0.2,10,343.4417374510692,321.21433373013895,0.0051084974117618755,,384,NUMBA_PERM,20,10,347.0,384.0,OK
0.2,11,343.4129659194666,298.56635134712076,0.005212122029077696,,384,NUMBA_PERM,20,10,327.0,384.0,OK
0.2,12,343.50646674663835,334.65510922303133,0.004800204792492839,,384,NUMBA_PERM,20,10,365.0,384.0,OK
0.2,13,343.51470662297515,327.86168998253885,0.0047478239738591044,,384,NUMBA_PERM,20,10,358.0,384.0,OK
0.2,14,343.45884615691733,314.89925527638957,0.005031579895157273,,384,NUMBA_PERM,20,10,342.0,384.0,OK
0.2,15,343.559166904643,351.0125282936812,0.004557665794497496,,384,NUMBA_PERM,20,10,383.0,388.0,OK
0.2,16,343.3385233243965,286.4839795362777,0.005689213546795253,,384,NUMBA_PERM,20,10,313.0,384.0,OK
0.2,17,343.37242045071383,291.7564120347878,0.005384889602030706,,384,NUMBA_PERM,20,10,321.0,384.0,OK
0.2,18,343.34915376348187,291.5531783596748,0.005639296820795281,,384,NUMBA_PERM,20,10,318.0,384.0,OK
0.2,19,343.44407198252867,319.3544754707699,0.005122219973001562,,384,NUMBA_PERM,20,10,350.0,384.0,OK
0.2,20,343.45037103211365,316.489891460881,0.005093267993612179,,384,NUMBA_PERM,20,10,343.0,384.0,OK
0.2,21,343.3077049979547,283.43688739934436,0.005856751459225356,,384,NUMBA_PERM,20,10,307.0,384.0,OK
0.2,22,343.5137110558799,332.13884169610054,0.004699794699606605,,384,NUMBA_PERM,20,10,363.0,384.0,OK
0.2,23,343.37643443562035,294.0467444539813,0.005348214725969591,,384,NUMBA_PERM,20,10,322.0,384.0,OK
0.2,24,343.35827538953646,291.86413378659165,0.005566166026791446,,384,NUMBA_PERM,20,10,318.0,384.0,OK
0.2,25,343.5744489964952,349.30212858074617,0.004484141989928703,,384,NUMBA_PERM,20,10,381.0,393.0,OK
0.2,26,343.561062489606,344.98586396254507,0.004557250465986088,,384,NUMBA_PERM,20,10,376.0,384.0,OK
0.2,27,343.3481482542078,294.4312100163566,0.005641033677028097,,384,NUMBA_PERM,20,10,325.0,384.0,OK
0.2,28,343.3586836362396,283.6160059504463,0.005505356854163841,,384,NUMBA_PERM,20,10,310.0,384.0,OK
0.2,29,343.56849065777436,363.1376582777615,0.004386114996026651,,384,NUMBA_PERM,20,10,395.0,395.0,OK
0.2,30,343.46954036147287,327.4943529862773,0.004961829867441383,,384,NUMBA_PERM,20,10,357.0,384.0,OK
0.2,31,343.4874752381164,328.9995210700765,0.004904277188331346,,384,NUMBA_PERM,20,10,361.0,384.0,OK
0.2,32,343.48084300323984,337.4591604944797,0.004941443518461957,,384,NUMBA_PERM,20,10,367.0,384.0,OK
0.2,33,343.3905606470361,303.11052782887526,0.005399496579489871,,384,NUMBA_PERM,20,10,333.0,384.0,OK
0.2,34,343.4547871756364,329.2867329761857,0.005002849452609697,,384,NUMBA_PERM,20,10,358.0,384.0,OK
0.2,35,343.56590822891746,360.4085180765053,0.00439083178966169,,384,NUMBA_PERM,20,10,393.0,394.0,OK
0.2,36,343.3903843549761,304.401489153837,0.005410744535775762,,384,NUMBA_PERM,20,10,330.0,384.0,OK
0.2,37,343.32842207994906,290.3317940667844,0.005685780850854546,,384,NUMBA_PERM,20,10,314.0,384.0,OK
0.2,38,343.3677764172454,286.7077845828573,0.005411429110532408,,384,NUMBA_PERM,20,10,312.0,384.0,OK
0.2,39,343.5587931128148,346.4648156709775,0.00455371574510585,,384,NUMBA_PERM,20,10,378.0,387.0,OK
0.2,0,343.801645135213,317.6049431502919,0.005073050185704734,,384,NUMBA_PERM,24,12,347.0,384.0,OK
0.2,1,343.84649588460763,331.4388481073219,0.004877591565520007,,384,NUMBA_PERM,24,12,363.0,384.0,OK
0.2,2,343.7312349201451,292.71706914210785,0.0054673730058852526,,384,NUMBA_PERM,24,12,322.0,384.0,OK
0.2,3,343.66421021891284,275.9097245308833,0.005835725092314913,,384,NUMBA_PERM,24,12,304.0,384.0,OK
0.2,4,343.89974077038704,347.0848263704966,0.004658685503743263,,384,NUMBA_PERM,24,12,376.0,384.0,OK
0.2,5,343.91321472335636,355.693918725017,0.004543091138148754,,384,NUMBA_PERM,24,12,390.0,390.0,OK
0.2,6,343.77697358182195,309.22041031064975,0.005238246890464516,,384,NUMBA_PERM,24,12,340.0,384.0,OK
0.2,7,343.8847630458721,338.22013559928126,0.004728547582654895,,384,NUMBA_PERM,24,12,373.0,384.0,OK
0.2,8,343.8687921502595,340.76447221605304,0.004649879485162453,,384,NUMBA_PERM,24,12,373.0,384.0,OK
0.2,9,343.71338409043034,291.29994314417263,0.005568030561747954,,384,NUMBA_PERM,24,12,319.0,384.0,OK
0.2,10,343.97395624044896,369.1659656267057,0.0043185994362319735,,384,NUMBA_PERM,24,12,402.0,405.0,OK
0.2,11,343.85909120654907,337.1853657159671,0.004849908583630486,,384,NUMBA_PERM,24,12,370.0,384.0,OK
0.2,12,343.89004004112076,353.93916175851916,0.004564343288120754,,384,NUMBA_PERM,24,12,388.0,397.0,OK
0.2,13,343.7063649493079,292.7580274978552,0.005570914592877996,,384,NUMBA_PERM,24,12,321.0,384.0,OK
0.2,14,343.78918202249656,307.9071209273864,0.005113369281400046,,384,NUMBA_PERM,24,12,337.0,384.0,OK
0.2,15,343.8106530924839,321.31799974585243,0.005036166113600686,,384,NUMBA_PERM,24,12,353.0,384.0,OK
0.2,16,343.7100362699452,282.60283403109037,0.005560278921067949,,384,NUMBA_PERM,24,12,314.0,384.0,OK
0.2,17,343.6319653316079,267.8564320115672,0.00608163033117083,,384,NUMBA_PERM,24,12,291.0,384.0,OK
0.2,18,343.59015958958884,248.7399041279834,0.0063278900938198495,,384,NUMBA_PERM,24,12,273.0,384.0,OK
0.2,19,343.77900874746234,304.07992303047325,0.005189707773676956,,384,NUMBA_PERM,24,12,331.0,384.0,OK
0.2,20,343.6794420973526,278.47782183273154,0.005603247656354325,,384,NUMBA_PERM,24,12,302.0,384.0,OK
0.2,21,343.88983785535464,336.43636055207696,0.004691743788777627,,384,NUMBA_PERM,24,12,369.0,384.0,OK
0.2,22,343.7544694360648,298.746520669551,0.005325970046209277,,384,NUMBA_PERM,24,12,326.0,384.0,OK
0.2,23,343.8638822814931,339.8436437341628,0.004786034740344132,,384,NUMBA_PERM,24,12,371.0,384.0,OK
0.2,24,343.8520271448733,323.94312804478005,0.004856292057884894,,384,NUMBA_PERM,24,12,354.0,384.0,OK
0.2,25,343.81243614171063,318.14162451693517,0.00508345315147745,,384,NUMBA_PERM,24,12,347.0,384.0,OK
0.2,26,343.79264193832216,316.8480768052121,0.005178493405864784,,384,NUMBA_PERM,24,12,346.0,384.0,OK
0.2,27,343.91558125157525,353.35044556191747,0.004554423685210623,,384,NUMBA_PERM,24,12,389.0,393.0,OK
0.2,28,343.8237919723344,326.32460617165066,0.004899219450334497,,384,NUMBA_PERM,24,12,354.0,384.0,OK
0.2,29,343.7488896889568,303.0242108393857,0.005363684291145845,,384,NUMBA_PERM,24,12,331.0,384.0,OK
0.2,30,343.72675384330745,292.8733394559731,0.005507665507608248,,384,NUMBA_PERM,24,12,321.0,384.0,OK
0.2,31,343.745501040776,300.16667660668753,0.005402734449370821,,384,NUMBA_PERM,24,12,330.0,384.0,OK
0.2,32,343.8239325342646,317.9252462344267,0.005030370993947856,,384,NUMBA_PERM,24,12,350.0,384.0,OK
0.2,33,343.705488405346,285.23611338433966,0.00557167734302916,,384,NUMBA_PERM,24,12,312.0,384.0,OK
0.2,34,343.8824144329403,335.6411373204018,0.004727361155560023,,384,NUMBA_PERM,24,12,368.0,384.0,OK
0.2,35,343.7816938929679,310.1802163470239,0.005175301123308669,,384,NUMBA_PERM,24,12,340.0,384.0,OK
0.2,36,343.8790076266919,333.12831546479947,0.004741608292573433,,384,NUMBA_PERM,24,12,366.0,384.0,OK
0.2,37,343.83389027450585,322.08040030652165,0.004976242722791256,,384,NUMBA_PERM,24,12,354.0,384.0,OK
0.2,38,343.60033460852856,259.29012783177603,0.006120413082506187,,384,NUMBA_PERM,24,12,284.0,384.0,OK
0.2,39,343.8312268905125,321.4731495445694,0.004909688973211295,,384,NUMBA_PERM,24,12,351.0,384.0,OK
0.2,0,343.9079422946906,302.6155709042623,0.005309440647126686,,384,NUMBA_PERM,26,13,330.0,384.0,OK
0.2,1,343.8408612981269,290.72035939370033,0.005683296835606891,,384,NUMBA_PERM,26,13,319.0,384.0,OK
0.2,2,344.0244751238974,341.0321290410443,0.004790280032618916,,384,NUMBA_PERM,26,13,375.0,384.0,OK
0.2,3,343.69720090453825,245.72858877986178,0.006399714435874274,,384,NUMBA_PERM,26,13,270.0,384.0,OK
0.2,4,343.96783076045904,314.2251923973846,0.005035387324035983,,384,NUMBA_PERM,26,13,343.0,384.0,OK
0.2,5,343.79642435288577,273.01655388647464,0.00597250796902247,,384,NUMBA_PERM,26,13,301.0,384.0,OK
0.2,6,344.05904424003865,347.30143817774007,0.004579218565793162,,384,NUMBA_PERM,26,13,377.0,384.0,OK
0.2,7,343.9334445323341,307.30139169802703,0.005209425224642576,,384,NUMBA_PERM,26,13,337.0,384.0,OK
0.2,8,343.9535524426526,309.2422254837043,0.005089248715789896,,384,NUMBA_PERM,26,13,334.0,384.0,OK
0.2,9,343.73570012926996,252.12493097893162,0.006385184191348631,,384,NUMBA_PERM,26,13,277.0,384.0,OK
0.2,10,343.9060185654587,301.3718827381595,0.0053617911402341735,,384,NUMBA_PERM,26,13,329.0,384.0,OK
0.2,11,343.9626037668492,319.2536676965428,0.005031317292624643,,384,NUMBA_PERM,26,13,349.0,384.0,OK
0.2,12,343.9047636827084,300.5997552133843,0.0053876333887287655,,384,NUMBA_PERM,26,13,327.0,384.0,OK
0.2,13,343.93578673992783,303.7656366070198,0.005211216266278294,,384,NUMBA_PERM,26,13,333.0,384.0,OK
0.2,14,343.90009106553947,301.14312035727136,0.00539727269402197,,384,NUMBA_PERM,26,13,329.0,384.0,OK
0.2,15,343.95397042899197,303.31101533238706,0.0051279263869002095,,384,NUMBA_PERM,26,13,331.0,384.0,OK
0.2,16,344.1296313112655,375.6191654719403,0.0042911068084002055,,384,NUMBA_PERM,26,13,408.0,408.0,OK
0.2,17,343.9076033184043,301.96421819973983,0.005353018374857168,,384,NUMBA_PERM,26,13,330.0,384.0,OK
0.2,18,343.808533686686,270.66995280830645,0.0058809905127546434,,384,NUMBA_PERM,26,13,297.0,384.0,OK
0.2,19,343.92981422476123,303.6202339045457,0.005224162268165697,,384,NUMBA_PERM,26,13,332.0,384.0,OK
0.2,20,343.91877374069827,304.2983104776534,0.005262489867638262,,384,NUMBA_PERM,26,13,335.0,384.0,OK
0.2,21,343.8273823686871,277.8035987990428,0.005745552470911168,,384,NUMBA_PERM,26,13,306.0,384.0,OK
0.2,22,343.9241090846097,307.02587367267574,0.005282937704538156,,384,NUMBA_PERM,26,13,337.0,384.0,OK
0.2,23,343.8549905389567,290.44600013788465,0.005596018786987632,,384,NUMBA_PERM,26,13,320.0,384.0,OK
0.2,24,343.9879642122401,325.9472729257804,0.004940374228211831,,384,NUMBA_PERM,26,13,355.0,384.0,OK
0.2,25,343.89929669935833,308.72787259743507,0.005404254034516539,,384,NUMBA_PERM,26,13,341.0,384.0,OK
0.2,26,343.8908535652692,300.0215564674668,0.005446533006854556,,384,NUMBA_PERM,26,13,328.0,384.0,OK
0.2,27,343.9308998161009,312.36706639562493,0.00517726268978621,,384,NUMBA_PERM,26,13,344.0,384.0,OK
0.2,28,343.9933425755503,331.8019423763487,0.004893395811600382,,384,NUMBA_PERM,26,13,360.0,384.0,OK
0.2,29,344.0268366399024,342.61948755004903,0.004739742910074988,,384,NUMBA_PERM,26,13,376.0,389.0,OK
0.2,30,343.9664057579529,319.7490588269139,0.005062540254276297,,384,NUMBA_PERM,26,13,349.0,384.0,OK
0.2,31,343.7377476887162,255.7517220748242,0.006267934471707542,,384,NUMBA_PERM,26,13,282.0,384.0,OK
0.2,32,343.93056057667445,310.45692867889534,0.005254187497900213,,384,NUMBA_PERM,26,13,339.0,384.0,OK
0.2,33,343.7828057602629,264.69166871157967,0.006080713815900098,,384,NUMBA_PERM,26,13,290.0,384.0,OK
0.2,34,343.9132584123145,308.89193737685054,0.005291158845151021,,384,NUMBA_PERM,26,13,338.0,384.0,OK
0.2,35,343.80802328646394,272.0613665833639,0.005849007653567257,,384,NUMBA_PERM,26,13,298.0,384.0,OK
0.2,36,343.93796037854213,308.8026869071932,0.00520817767167854,,384,NUMBA_PERM,26,13,338.0,384.0,OK
0.2,37,344.0223600078981,337.7739093504413,0.004791972435054471,,384,NUMBA_PERM,26,13,366.0,384.0,OK
0.2,38,344.06626533928795,355.01600292237123,0.004488546062355898,,384,NUMBA_PERM,26,13,388.0,388.0,OK
0.2,39,343.9960871878612,325.8948845589912,0.004823524364603037,,384,NUMBA_PERM,26,13,357.0,384.0,OK
0.2,0,344.08078089099723,296.8565017957611,0.0053104668008207906,,384,NUMBA_PERM,30,15,325.0,384.0,OK
0.2,1,344.17171939241547,326.90041290033804,0.004943743206890203,,384,NUMBA_PERM,30,15,357.0,384.0,OK
0.2,2,344.0978631533338,298.24792410312284,0.005324481471818274,,384,NUMBA_PERM,30,15,327.0,384.0,OK
0.2,3,344.1614726669366,324.02730740321255,0.004943518535769574,,384,NUMBA_PERM,30,15,352.0,384.0,OK
0.2,4,344.03071253870587,290.33176715709743,0.005715699033670118,,384,NUMBA_PERM,30,15,321.0,384.0,OK
0.2,5,344.16313749922466,323.8490926411482,0.005033657783596767,,384,NUMBA_PERM,30,15,353.0,384.0,OK
0.2,6,344.1809247231465,335.4674648019452,0.004890688561598695,,384,NUMBA_PERM,30,15,366.0,384.0,OK
0.2,7,344.13401867959743,313.99375460466695,0.005114523010231666,,384,NUMBA_PERM,30,15,343.0,384.0,OK
0.2,8,344.18231178041395,334.1802234854836,0.0049207318467932295,,384,NUMBA_PERM,30,15,367.0,384.0,OK
0.2,9,344.1131478844483,312.05962412750006,0.005157633779063358,,384,NUMBA_PERM,30,15,338.0,384.0,OK
0.2,10,344.1432191081668,313.52056358391616,0.0050817630012727315,,384,NUMBA_PERM,30,15,340.0,384.0,OK
0.2,11,344.09674007836566,296.26447442091705,0.0052646707775791165,,384,NUMBA_PERM,30,15,325.0,384.0,OK
0.2,12,344.139729407943,323.80037726233337,0.004961384799513738,,384,NUMBA_PERM,30,15,353.0,384.0,OK
0.2,13,343.9917007648923,281.33718377258623,0.0059442625567764674,,384,NUMBA_PERM,30,15,305.0,384.0,OK
0.2,14,344.03748429837697,286.9878827332536,0.005671876933270065,,384,NUMBA_PERM,30,15,317.0,384.0,OK
0.2,15,344.19731049099374,335.0652951327634,0.0048204557863222915,,384,NUMBA_PERM,30,15,366.0,384.0,OK
0.2,16,344.1571915546962,324.60405757460694,0.0049501136919899375,,384,NUMBA_PERM,30,15,353.0,384.0,OK
0.2,17,344.20325262753397,336.2629230684571,0.004733611030272177,,384,NUMBA_PERM,30,15,368.0,384.0,OK
0.2,18,344.09293923096305,302.6951626312721,0.005398055423610703,,384,NUMBA_PERM,30,15,333.0,384.0,OK
0.2,19,344.00656725392184,287.01651299595727,0.005760796770199065,,384,NUMBA_PERM,30,15,314.0,384.0,OK
0.2,20,344.0673822250623,299.85868089215467,0.005456392047103568,,384,NUMBA_PERM,30,15,330.0,384.0,OK
0.2,21,344.1464747242577,318.9349550736803,0.005061595912755117,,384,NUMBA_PERM,30,15,347.0,384.0,OK
0.2,22,344.18082385551804,325.0910399050146,0.004910051339365609,,384,NUMBA_PERM,30,15,358.0,384.0,OK
0.2,23,344.1515838671448,315.3625469042335,0.005019578709882426,,384,NUMBA_PERM,30,15,344.0,384.0,OK
0.2,24,343.996720108597,281.630356586458,0.005845530462093978,,384,NUMBA_PERM,30,15,307.0,384.0,OK
0.2,25,344.09233795264237,314.7821130626111,0.005399798811287265,,384,NUMBA_PERM,30,15,343.0,384.0,OK
0.2,26,344.05712635463624,301.43283305387143,0.005590352480380866,,384,NUMBA_PERM,30,15,329.0,384.0,OK
0.2,27,344.12850983962454,321.12806458160964,0.005195783153482471,,384,NUMBA_PERM,30,15,352.0,384.0,OK
0.2,28,344.0232222371926,291.2493955442953,0.005659659376710819,,384,NUMBA_PERM,30,15,318.0,384.0,OK
0.2,29,344.0228143767752,281.31920309588367,0.00575821264034504,,384,NUMBA_PERM,30,15,308.0,384.0,OK
0.2,30,344.08251011833175,305.1142137576713,0.0054476422492857265,,384,NUMBA_PERM,30,15,334.0,384.0,OK
0.2,31,344.05917274512336,296.9646992073992,0.005571992585029775,,384,NUMBA_PERM,30,15,326.0,384.0,OK
0.2,32,344.04428639228314,295.50190189438985,0.00566444706931614,,384,NUMBA_PERM,30,15,324.0,384.0,OK
0.2,33,344.03359927573666,286.71882763477026,0.005723479861548404,,384,NUMBA_PERM,30,15,314.0,384.0,OK
0.2,34,344.07409448412733,294.91176667071016,0.005502454251200725,,384,NUMBA_PERM,30,15,322.0,384.0,OK
0.2,35,344.1209163645597,308.163917886956,0.005151037870201792,,384,NUMBA_PERM,30,15,334.0,384.0,OK
0.2,36,344.1019790096918,314.33359739484445,0.0050807552034086954,,384,NUMBA_PERM,30,15,341.0,384.0,OK
0.2,37,344.2089560305628,349.00399871441607,0.004796237268667206,,384,NUMBA_PERM,30,15,381.0,387.0,OK
0.2,38,344.1449629157603,324.2277344050883,0.005104842725924231,,384,NUMBA_PERM,30,15,354.0,384.0,OK
0.2,39,344.02088716830997,281.06081611584875,0.005760226992645845,,384,NUMBA_PERM,30,15,308.0,384.0,OK
0.2,0,344.32736669282497,352.27860210597663,0.0046511312412594805,,384,NUMBA_PERM,34,17,385.0,392.0,OK
0.2,1,344.25590138885724,321.8756686909289,0.004950837909870247,,384,NUMBA_PERM,34,17,350.0,384.0,OK
0.2,2,344.2660111812728,326.16247999694684,0.004895837175762874,,384,NUMBA_PERM,34,17,356.0,384.0,OK
0.2,3,344.2323291411433,314.6950355594827,0.005178626785421826,,384,NUMBA_PERM,34,17,345.0,384.0,OK
0.2,4,344.2045808875641,301.1868664755259,0.005299788642346022,,384,NUMBA_PERM,34,17,328.0,384.0,OK
0.2,5,344.19736705260226,304.24349058755445,0.005288018725050948,,384,NUMBA_PERM,34,17,333.0,384.0,OK
0.2,6,344.25152489132046,329.99016306991285,0.004957476529300413,,384,NUMBA_PERM,34,17,357.0,384.0,OK
0.2,7,344.2669540033503,326.07368005396796,0.005004025496997895,,384,NUMBA_PERM,34,17,359.0,384.0,OK
0.2,8,344.17505278707773,301.79868476833104,0.00546987611900956,,384,NUMBA_PERM,34,17,331.0,384.0,OK
0.2,9,344.16585733806824,305.1388449672037,0.005524578730052897,,384,NUMBA_PERM,34,17,334.0,384.0,OK
0.2,10,344.28136650672667,338.2849794940016,0.0049124009269424975,,384,NUMBA_PERM,34,17,369.0,384.0,OK
0.2,11,344.1827200751788,306.52851187590977,0.005322535968609064,,384,NUMBA_PERM,34,17,334.0,384.0,OK
0.2,12,344.16383481044767,307.2089531642097,0.005464552686805647,,384,NUMBA_PERM,34,17,336.0,384.0,OK
0.2,13,344.1934602717762,311.869642860344,0.00526877572848406,,384,NUMBA_PERM,34,17,338.0,384.0,OK
0.2,14,344.2093181881369,308.3321731581747,0.005271298976187804,,384,NUMBA_PERM,34,17,337.0,384.0,OK
0.2,15,344.25088599543824,320.4555144432896,0.004963386012395387,,384,NUMBA_PERM,34,17,351.0,384.0,OK
0.2,16,344.1084412488103,285.0550009757244,0.005821707771829474,,384,NUMBA_PERM,34,17,312.0,384.0,OK
0.2,17,344.23042369005634,318.1063026930076,0.0051164962570683006,,384,NUMBA_PERM,34,17,349.0,384.0,OK
0.2,18,344.1309484589718,280.9657780688352,0.005635621752239374,,384,NUMBA_PERM,34,17,308.0,384.0,OK
0.2,19,344.2270038930334,310.3504416670854,0.005199320329549217,,384,NUMBA_PERM,34,17,342.0,384.0,OK
0.2,20,344.13408557208635,280.9437865927181,0.005713655097168911,,384,NUMBA_PERM,34,17,311.0,384.0,OK
0.2,21,344.3236592127376,345.2444895824508,0.004715446840238558,,384,NUMBA_PERM,34,17,380.0,384.0,OK
0.2,22,344.1369935411197,291.73841147933337,0.005673593963445782,,384,NUMBA_PERM,34,17,325.0,384.0,OK
0.2,23,344.26758039849614,328.65759665614826,0.004920373861308188,,384,NUMBA_PERM,34,17,361.0,384.0,OK
0.2,24,344.28579477980486,325.8592246426392,0.004848775560179967,,384,NUMBA_PERM,34,17,355.0,384.0,OK
0.2,25,344.2288655092302,317.3384671845125,0.00518177779645199,,384,NUMBA_PERM,34,17,346.0,384.0,OK
0.2,26,344.19892863260173,307.30041659317715,0.005358921093239357,,384,NUMBA_PERM,34,17,337.0,384.0,OK
0.2,27,344.0362841270947,257.28087756451094,0.0061403516815295945,,384,NUMBA_PERM,34,17,283.0,384.0,OK
0.2,28,344.24575705324185,322.59304731585183,0.005089963282279996,,384,NUMBA_PERM,34,17,355.0,384.0,OK
0.2,29,344.13335071292835,292.69289057135416,0.005711302525070947,,384,NUMBA_PERM,34,17,321.0,384.0,OK
0.2,30,344.2776099817604,332.29503857695204,0.004952269837104964,,384,NUMBA_PERM,34,17,367.0,384.0,OK
0.2,31,344.2528011927188,331.8084421047197,0.0049384395375868155,,384,NUMBA_PERM,34,17,362.0,384.0,OK
0.2,32,344.27764763805595,325.1872891448093,0.004953254856239917,,384,NUMBA_PERM,34,17,359.0,384.0,OK
0.2,33,344.20709814523167,307.4448180273115,0.005274265486671372,,384,NUMBA_PERM,34,17,340.0,384.0,OK
0.2,34,344.1678880119104,305.74217042910516,0.005517645103684881,,384,NUMBA_PERM,34,17,337.0,384.0,OK
0.2,35,344.23606344268967,307.3496911471928,0.005163310064601136,,384,NUMBA_PERM,34,17,335.0,384.0,OK
0.2,36,344.32465408050905,341.0987559253778,0.004665076401647924,,384,NUMBA_PERM,34,17,369.0,387.0,OK
0.2,37,344.1430903089667,291.3647368067369,0.0056679043063247135,,384,NUMBA_PERM,34,17,322.0,384.0,OK
0.2,38,344.2622239738943,327.43014551024913,0.004979044463329004,,384,NUMBA_PERM,34,17,360.0,384.0,OK
0.2,39,344.2156483754698,307.1769260436712,0.005204073287907954,,384,NUMBA_PERM,34,17,339.0,384.0,OK
0.2,0,344.40084971200594,1119.3856965189486,0.005517943011835116,4096.0,4096,canonical_unconfined_SIS,inf,0,,,
0.2,1,344.41727132207404,1052.948231244479,0.0052639516198575535,4096.0,4096,canonical_unconfined_SIS,inf,0,,,
0.2,2,344.39169807050996,1149.9862839282296,0.005948194805386609,4096.0,4096,canonical_unconfined_SIS,inf,0,,,
0.2,3,344.4112400216095,1024.5665662802876,0.008722954065774296,4096.0,4096,canonical_unconfined_SIS,inf,0,,,
0.2,4,344.4560967417025,1084.7746713626927,0.004890528008077007,4096.0,4096,canonical_unconfined_SIS,inf,0,,,
0.2,5,344.4076550156642,1179.9071621202204,0.004762915790381445,4096.0,4096,canonical_unconfined_SIS,inf,0,,,
0.2,6,344.4513040276955,965.7951728990494,0.009498750054697403,4096.0,4096,canonical_unconfined_SIS,inf,0,,,
0.2,7,344.48780448724295,1043.8830288794343,0.005740919086776563,4096.0,4096,canonical_unconfined_SIS,inf,0,,,
0.2,8,344.4254228801123,1164.2035436521112,0.0043311809088669925,4096.0,4096,canonical_unconfined_SIS,inf,0,,,
0.2,9,344.38679053140334,1079.7950694519109,0.00625215560860471,4096.0,4096,canonical_unconfined_SIS,inf,0,,,
0.2,10,344.4297084855504,1050.5789765601512,0.00702398957404929,4096.0,4096,canonical_unconfined_SIS,inf,0,,,
0.2,11,344.40948250982586,1056.3304031681962,0.0050899459873878245,4096.0,4096,canonical_unconfined_SIS,inf,0,,,
0.2,12,344.43685705768746,1106.1759873185906,0.005790253430100294,4096.0,4096,canonical_unconfined_SIS,inf,0,,,
0.2,13,344.41692201521215,1075.098667196127,0.005823335893466692,4096.0,4096,canonical_unconfined_SIS,inf,0,,,
0.2,14,344.41080708905025,1182.4026221864287,0.004687741975706116,4096.0,4096,canonical_unconfined_SIS,inf,0,,,
0.2,15,344.4474378736507,1129.9385396793623,0.00549910708018393,4096.0,4096,canonical_unconfined_SIS,inf,0,,,
0.2,16,344.405339421609,1122.2741100179232,0.00807185667107462,4096.0,4096,canonical_unconfined_SIS,inf,0,,,
0.2,17,344.4876085482448,1000.1278195435638,0.0063386617148882335,4096.0,4096,canonical_unconfined_SIS,inf,0,,,
0.2,18,344.39381911410794,1097.8713173045699,0.007411751564430288,4096.0,4096,canonical_unconfined_SIS,inf,0,,,
0.2,19,344.3938470023133,1150.7953257041468,0.005287910294407757,4096.0,4096,canonical_unconfined_SIS,inf,0,,,
0.2,20,344.427970602342,1088.57739245873,0.004952641418183228,4096.0,4096,canonical_unconfined_SIS,inf,0,,,
0.2,21,344.4139239266704,1080.8173702921886,0.005250811409622124,4096.0,4096,canonical_unconfined_SIS,inf,0,,,
0.2,22,344.42211509671284,1142.1930930608664,0.004506902472324174,4096.0,4096,canonical_unconfined_SIS,inf,0,,,
0.2,23,344.41961543749,1098.9748984337048,0.005019471600591779,4096.0,4096,canonical_unconfined_SIS,inf,0,,,
0.2,24,344.42168354514297,1105.7675234903556,0.005769324016585565,4096.0,4096,canonical_unconfined_SIS,inf,0,,,
0.2,25,344.4280172518385,1151.8580521002227,0.00736505258304924,4096.0,4096,canonical_unconfined_SIS,inf,0,,,
0.2,26,344.4202508800165,1128.7632864911473,0.0051952096894311165,4096.0,4096,canonical_unconfined_SIS,inf,0,,,
0.2,27,344.4488445413625,1017.0642942670014,0.006387297894113255,4096.0,4096,canonical_unconfined_SIS,inf,0,,,
0.2,28,344.42975967768126,1121.1241230129265,0.004147728475645742,4096.0,4096,canonical_unconfined_SIS,inf,0,,,
0.2,29,344.44001247276043,1142.889806188897,0.005510251202887378,4096.0,4096,canonical_unconfined_SIS,inf,0,,,
0.2,30,344.41214070951196,1190.1816101092963,0.005186763371641474,4096.0,4096,canonical_unconfined_SIS,inf,0,,,
0.2,31,344.4173925597382,1140.2963894520337,0.004113452608094158,4096.0,4096,canonical_unconfined_SIS,inf,0,,,
0.2,32,344.4075310700794,1154.790855317824,0.004891754017447648,4096.0,4096,canonical_unconfined_SIS,inf,0,,,
0.2,33,344.4335028398179,1055.9588556457152,0.00805515632222998,4096.0,4096,canonical_unconfined_SIS,inf,0,,,
0.2,34,344.4335181788606,1103.834114095456,0.005700348555353201,4096.0,4096,canonical_unconfined_SIS,inf,0,,,
0.2,35,344.4474087139051,1122.6658576673626,0.004419419076788462,4096.0,4096,canonical_unconfined_SIS,inf,0,,,
0.2,36,344.42576191475854,1125.217821001983,0.004562808685671713,4096.0,4096,canonical_unconfined_SIS,inf,0,,,
0.2,37,344.44221740557356,1106.2185084232829,0.004733350906430509,4096.0,4096,canonical_unconfined_SIS,inf,0,,,
0.2,38,344.42293038234925,1166.7883499620887,0.00506009235069664,4096.0,4096,canonical_unconfined_SIS,inf,0,,,
0.2,39,344.43526719810876,1054.3117944370008,0.005532909461837998,4096.0,4096,canonical_unconfined_SIS,inf,0,,,
0.5,0,328.53616399845384,259.6336974268301,0.006642593792542917,,384,NUMBA_PERM,10,5,286.0,384.0,OK
0.5,1,328.29427986548427,199.5629078135037,0.008449308701844722,,384,NUMBA_PERM,10,5,224.0,384.0,OK
0.5,2,328.462794627859,234.61653441176367,0.0071637975683484754,,384,NUMBA_PERM,10,5,261.0,384.0,OK
0.5,3,328.7874246573433,328.14031441826234,0.005170435051140372,,384,NUMBA_PERM,10,5,364.0,457.0,OK
0.5,4,328.30773655478725,201.43275856486056,0.008348192741203051,,384,NUMBA_PERM,10,5,221.0,408.0,OK
0.5,5,328.14323233408106,170.71857038712085,0.00964548689627704,,384,NUMBA_PERM,10,5,190.0,384.0,OK
0.5,6,328.3475773999672,203.2352280238011,0.008002831720169168,,384,NUMBA_PERM,10,5,229.0,384.0,OK
0.5,7,328.4584000974788,243.4045034158372,0.007104811131390766,,384,NUMBA_PERM,10,5,267.0,384.0,OK
0.5,8,328.417124558096,224.05036982160308,0.007360265492132795,,384,NUMBA_PERM,10,5,249.0,384.0,OK
0.5,9,328.5344641537314,247.7379567106662,0.006600054601821377,,384,NUMBA_PERM,10,5,275.0,384.0,OK
0.5,10,328.69480788195546,296.1243020665387,0.005605658471031862,,384,NUMBA_PERM,10,5,327.0,404.0,OK
0.5,11,328.37950970219896,219.1544477477844,0.007631683864443069,,384,NUMBA_PERM,10,5,243.0,384.0,OK
0.5,12,328.4811523713297,236.96570056740677,0.006983297691315455,,384,NUMBA_PERM,10,5,260.0,384.0,OK
0.5,13,328.6495006292835,284.0687427564446,0.005882820365013619,,384,NUMBA_PERM,10,5,313.0,384.0,OK
0.5,14,328.47197264988915,240.98968239891798,0.006884201455444941,,384,NUMBA_PERM,10,5,265.0,388.0,OK
0.5,15,328.46193694470287,226.93381805653016,0.007102093506898031,,384,NUMBA_PERM,10,5,254.0,384.0,OK
0.5,16,328.3504533752235,205.8764470276416,0.00801242001227926,,384,NUMBA_PERM,10,5,227.0,384.0,OK
0.5,17,328.6038107666374,272.58190481533757,0.005999078811167495,,384,NUMBA_PERM,10,5,298.0,424.0,OK
0.5,18,328.5023054624069,240.06822536665928,0.006808094240959117,,384,NUMBA_PERM,10,5,263.0,390.0,OK
0.5,19,328.3676474947912,205.0154562270354,0.00787946533284797,,384,NUMBA_PERM,10,5,228.0,384.0,OK
0.5,20,328.5460991611032,263.70568745417563,0.006365448719974191,,384,NUMBA_PERM,10,5,289.0,384.0,OK
0.5,21,328.3496153581082,214.0842606716279,0.007990122979676582,,384,NUMBA_PERM,10,5,235.0,384.0,OK
0.5,22,328.41138171633065,223.02155618173623,0.007158497760420982,,384,NUMBA_PERM,10,5,247.0,384.0,OK
0.5,23,328.4308649995088,229.10643458999584,0.007371655172748991,,384,NUMBA_PERM,10,5,257.0,384.0,OK
0.5,24,328.5691037303554,257.8296661078337,0.006415644307519853,,384,NUMBA_PERM,10,5,281.0,384.0,OK
0.5,25,328.13044386127757,174.93592654260362,0.009549154097901816,,384,NUMBA_PERM,10,5,193.0,384.0,OK
0.5,26,328.26561542630685,194.58453869352994,0.008595353206749208,,384,NUMBA_PERM,10,5,213.0,384.0,OK
0.5,27,328.4115379663293,221.82833117295613,0.007450267462110728,,384,NUMBA_PERM,10,5,247.0,384.0,OK
0.5,28,328.61363566952474,266.47420906421564,0.005929662766167061,,384,NUMBA_PERM,10,5,296.0,388.0,OK
0.5,29,328.4220647947911,225.5630307702954,0.007429807441014846,,384,NUMBA_PERM,10,5,249.0,384.0,OK
0.5,30,328.3691765567865,215.2115510788421,0.007695525285060236,,384,NUMBA_PERM,10,5,237.0,384.0,OK
0.5,31,328.5343090264453,251.83834822516408,0.006549274836005122,,384,NUMBA_PERM,10,5,278.0,390.0,OK
0.5,32,328.4449253722008,222.7051354090992,0.007134759587862466,,384,NUMBA_PERM,10,5,248.0,384.0,OK
0.5,33,328.4526919903377,234.00634212983556,0.007169766239330417,,384,NUMBA_PERM,10,5,259.0,384.0,OK
0.5,34,328.4534999952047,236.94739844105874,0.0071908379050302585,,384,NUMBA_PERM,10,5,263.0,384.0,OK
0.5,35,328.592292877653,271.1522079707587,0.0060529577394302005,,384,NUMBA_PERM,10,5,300.0,384.0,OK
0.5,36,328.406412420827,220.09856075354213,0.007462892662154898,,384,NUMBA_PERM,10,5,244.0,384.0,OK
0.5,37,328.50967635031805,239.62552397306536,0.006835189834383021,,384,NUMBA_PERM,10,5,265.0,384.0,OK
0.5,38,328.47505347219504,236.96509316497034,0.007030213447556526,,384,NUMBA_PERM,10,5,262.0,384.0,OK
0.5,39,328.32928245854924,207.46211500876421,0.008167238070052487,,384,NUMBA_PERM,10,5,229.0,384.0,OK
0.5,0,329.8246696609538,299.8741086073665,0.00549792689365254,,384,NUMBA_PERM,12,6,328.0,384.0,OK
0.5,1,329.76700583903397,275.34574150578095,0.005791921476117072,,384,NUMBA_PERM,12,6,301.0,384.0,OK
0.5,2,329.78063159632364,280.71226726633677,0.005705023969631584,,384,NUMBA_PERM,12,6,307.0,384.0,OK
0.5,3,329.95420202741707,326.53980677140277,0.004834133689809647,,384,NUMBA_PERM,12,6,358.0,384.0,OK
0.5,4,329.8483887156741,302.77310050241397,0.005367063124822603,,384,NUMBA_PERM,12,6,331.0,384.0,OK
0.5,5,329.98264327456695,341.8008813110266,0.00466597201861258,,384,NUMBA_PERM,12,6,377.0,388.0,OK
0.5,6,330.04017998118815,364.70659551238896,0.004439242485108741,,384,NUMBA_PERM,12,6,395.0,395.0,OK
0.5,7,329.9498682863611,328.6334610126924,0.004825737869355224,,384,NUMBA_PERM,12,6,360.0,384.0,OK
0.5,8,330.0904927035399,371.40384324103803,0.004188124474679694,,384,NUMBA_PERM,12,6,406.0,418.0,OK
0.5,9,330.022530576673,361.10348934109334,0.004487358046453822,,384,NUMBA_PERM,12,6,396.0,396.0,OK
0.5,10,330.205495132324,437.16241059372453,0.00374280645122905,,384,NUMBA_PERM,12,6,478.0,478.0,OK
0.5,11,330.13060645904255,390.74830003650777,0.004035206272405711,,384,NUMBA_PERM,12,6,425.0,425.0,OK
0.5,12,330.0012299158096,353.0822372032003,0.004599594473019959,,384,NUMBA_PERM,12,6,387.0,387.0,OK
0.5,13,330.0923127437087,386.1571710701646,0.004184439581708301,,384,NUMBA_PERM,12,6,420.0,423.0,OK
0.5,14,330.0845906060395,377.2097277080541,0.00424436593663688,,384,NUMBA_PERM,12,6,414.0,462.0,OK
0.5,15,330.0423984071801,364.17138426813256,0.004423872721675078,,384,NUMBA_PERM,12,6,395.0,420.0,OK
0.5,16,330.161805326188,404.77864022509385,0.003937152904433222,,384,NUMBA_PERM,12,6,446.0,458.0,OK
0.5,17,330.2595049795996,450.64238580168603,0.0035131884573926706,,384,NUMBA_PERM,12,6,498.0,507.0,OK
0.5,18,330.0229881762037,352.69712254881,0.004509441676908077,,384,NUMBA_PERM,12,6,387.0,395.0,OK
0.5,19,329.8092603525262,284.2648352355166,0.005577828114645628,,384,NUMBA_PERM,12,6,316.0,392.0,OK
0.5,20,330.2404927499938,445.9133518169826,0.003579923448935129,,384,NUMBA_PERM,12,6,488.0,488.0,OK
0.5,21,330.1227556275842,389.47214349676636,0.0040766954965640876,,384,NUMBA_PERM,12,6,424.0,426.0,OK
0.5,22,329.9312344973922,321.4338474295941,0.0049437405987110055,,384,NUMBA_PERM,12,6,353.0,391.0,OK
0.5,23,330.1652012343006,412.7790807730319,0.0038755839676689087,,384,NUMBA_PERM,12,6,449.0,449.0,OK
0.5,24,329.86376659778745,297.87720720989887,0.0052905607841478635,,384,NUMBA_PERM,12,6,330.0,386.0,OK
0.5,25,330.0379489339693,359.62907790265643,0.00445101954120429,,384,NUMBA_PERM,12,6,393.0,400.0,OK
0.5,26,329.8773536624021,307.98033691261844,0.005154759569339748,,384,NUMBA_PERM,12,6,338.0,384.0,OK
0.5,27,329.9871447662276,343.96952403302265,0.004660360322671133,,384,NUMBA_PERM,12,6,378.0,384.0,OK
0.5,28,330.14208198828476,382.8371727309196,0.003994868874492041,,384,NUMBA_PERM,12,6,418.0,439.0,OK
0.5,29,329.78651294299164,291.59104774909184,0.005726557895620121,,384,NUMBA_PERM,12,6,321.0,384.0,OK
0.5,30,330.13139062040733,395.89067109560887,0.004059585731233162,,384,NUMBA_PERM,12,6,432.0,434.0,OK
0.5,31,329.9763608640703,337.9506876168508,0.004729874509307917,,384,NUMBA_PERM,12,6,369.0,384.0,OK
0.5,32,330.10787416868374,396.7510891200153,0.004134895845688925,,384,NUMBA_PERM,12,6,433.0,433.0,OK
0.5,33,330.03917481997877,362.487315415033,0.004322017066620974,,384,NUMBA_PERM,12,6,394.0,403.0,OK
0.5,34,330.13931405123867,403.1024904929633,0.004024217149148468,,384,NUMBA_PERM,12,6,446.0,446.0,OK
0.5,35,329.934019236661,326.8544424336433,0.004870583322192115,,384,NUMBA_PERM,12,6,355.0,384.0,OK
0.5,36,329.89139573784166,310.81471320896975,0.005104875957840698,,384,NUMBA_PERM,12,6,339.0,384.0,OK
0.5,37,329.8446110119639,290.1900001316203,0.005409934339643777,,384,NUMBA_PERM,12,6,319.0,384.0,OK
0.5,38,330.11942135848227,387.8364191426504,0.0041033277906240544,,384,NUMBA_PERM,12,6,424.0,425.0,OK
0.5,39,330.0839426652593,375.4581080778728,0.0042327861973043895,,384,NUMBA_PERM,12,6,412.0,412.0,OK
0.5,0,330.87907037502424,290.2907324219596,0.005507057021762455,,384,NUMBA_PERM,14,7,315.0,384.0,OK
0.5,1,331.0581668624502,349.8604348270444,0.004645508866812719,,384,NUMBA_PERM,14,7,383.0,384.0,OK
0.5,2,330.9627568703023,310.69335807249786,0.005064427982869123,,384,NUMBA_PERM,14,7,339.0,384.0,OK
0.5,3,330.903891681196,298.34284477582884,0.005350385879410674,,384,NUMBA_PERM,14,7,329.0,384.0,OK
0.5,4,330.90721366845173,308.824574340652,0.005367067290070334,,384,NUMBA_PERM,14,7,340.0,384.0,OK
0.5,5,330.7875675497277,268.3710125777536,0.006008653083448822,,384,NUMBA_PERM,14,7,295.0,384.0,OK
0.5,6,331.07024547365177,346.4627958732609,0.004583718218104316,,384,NUMBA_PERM,14,7,382.0,403.0,OK
0.5,7,330.98269478172966,320.4799657750782,0.004986398081633368,,384,NUMBA_PERM,14,7,351.0,384.0,OK
0.5,8,330.8441185945478,276.25370483595646,0.005651287268539547,,384,NUMBA_PERM,14,7,300.0,384.0,OK
0.5,9,330.8085818335473,277.6848845531367,0.005925652818943682,,384,NUMBA_PERM,14,7,307.0,384.0,OK
0.5,10,330.97048598620324,320.55678159802596,0.005011423164979523,,384,NUMBA_PERM,14,7,353.0,384.0,OK
0.5,11,331.08548713806704,355.9134106790395,0.004510947271450402,,384,NUMBA_PERM,14,7,395.0,399.0,OK
0.5,12,331.168501298652,390.7297492990847,0.00415917908843001,,384,NUMBA_PERM,14,7,429.0,429.0,OK
0.5,13,331.0242407423528,331.35670370018767,0.004787645606248561,,384,NUMBA_PERM,14,7,368.0,390.0,OK
0.5,14,330.8363280723405,272.81798819881135,0.005773321856381094,,384,NUMBA_PERM,14,7,299.0,384.0,OK
0.5,15,331.1180232315391,365.7518809387005,0.004357671656250754,,384,NUMBA_PERM,14,7,398.0,400.0,OK
0.5,16,330.8002087480084,264.6497558503295,0.005995300373944934,,384,NUMBA_PERM,14,7,289.0,384.0,OK
0.5,17,331.0994842526854,360.93078546034496,0.004461333210502931,,384,NUMBA_PERM,14,7,395.0,396.0,OK
0.5,18,330.8779941042273,289.22038927545054,0.005562266257187623,,384,NUMBA_PERM,14,7,316.0,387.0,OK
0.5,19,330.7703805403743,263.68792687904823,0.006188248424322871,,384,NUMBA_PERM,14,7,290.0,384.0,OK
0.5,20,330.9180747671747,300.5039812895336,0.005279002786444533,,384,NUMBA_PERM,14,7,330.0,395.0,OK
0.5,21,331.01012750475303,328.9003081539428,0.0048687169719444775,,384,NUMBA_PERM,14,7,361.0,384.0,OK
0.5,22,330.91874346894906,305.785674627466,0.005281775509251818,,384,NUMBA_PERM,14,7,337.0,384.0,OK
0.5,23,330.8365251787003,278.1571052218279,0.005722481730117814,,384,NUMBA_PERM,14,7,307.0,384.0,OK
0.5,24,330.95111573651076,313.7456755521806,0.0051273983526063955,,384,NUMBA_PERM,14,7,342.0,384.0,OK
0.5,25,330.8673484009324,285.3319152086257,0.00560983284544327,,384,NUMBA_PERM,14,7,311.0,384.0,OK
0.5,26,331.1194205250217,364.69079124208844,0.004292237945787772,,384,NUMBA_PERM,14,7,394.0,394.0,OK
0.5,27,330.82421359474085,274.59159827680355,0.005816655073572908,,384,NUMBA_PERM,14,7,298.0,384.0,OK
0.5,28,330.8344589146024,270.72425385519676,0.005793492288606041,,384,NUMBA_PERM,14,7,301.0,384.0,OK
0.5,29,331.122706480924,363.0933634185901,0.004339854961916299,,384,NUMBA_PERM,14,7,393.0,393.0,OK
0.5,30,330.8501846180398,277.7850926325271,0.005675250952181632,,384,NUMBA_PERM,14,7,305.0,384.0,OK
0.5,31,330.8542335788726,285.08468788540165,0.005677675119104,,384,NUMBA_PERM,14,7,314.0,384.0,OK
0.5,32,331.0206057636981,330.30039894985583,0.004821139148606609,,384,NUMBA_PERM,14,7,359.0,384.0,OK
0.5,33,330.9214423623659,309.93089463276544,0.005314488996676858,,384,NUMBA_PERM,14,7,344.0,384.0,OK
0.5,34,330.91036223984554,298.50573293191553,0.0053646582249271876,,384,NUMBA_PERM,14,7,329.0,384.0,OK
0.5,35,331.0809388413582,355.5474852531155,0.004436748096103564,,384,NUMBA_PERM,14,7,389.0,389.0,OK
0.5,36,331.088444732297,357.37465194699706,0.00448080247552309,,384,NUMBA_PERM,14,7,393.0,415.0,OK
0.5,37,331.00454834779305,328.53078312192287,0.004851557529454845,,384,NUMBA_PERM,14,7,361.0,384.0,OK
0.5,38,330.98733676540854,328.3405816043973,0.004936615815568257,,384,NUMBA_PERM,14,7,360.0,384.0,OK
0.5,39,331.1260909916103,374.02965588967106,0.004288826861247864,,384,NUMBA_PERM,14,7,410.0,413.0,OK
0.5,0,331.88341846629424,274.3649363084786,0.006161070940738538,,384,NUMBA_PERM,18,9,305.0,384.0,OK
0.5,1,331.94661247116426,285.9675208128275,0.005774075227056025,,384,NUMBA_PERM,18,9,311.0,384.0,OK
0.5,2,331.9366716773921,286.87624678622825,0.0057685103805432915,,384,NUMBA_PERM,18,9,317.0,384.0,OK
0.5,3,332.11622353305734,335.9456300340866,0.004851731444718155,,384,NUMBA_PERM,18,9,368.0,385.0,OK
0.5,4,331.9326682243257,287.0076515622588,0.005840962469726219,,384,NUMBA_PERM,18,9,314.0,384.0,OK
0.5,5,332.0945422297073,338.1548436310783,0.0049352684345451165,,384,NUMBA_PERM,18,9,372.0,384.0,OK
0.5,6,332.1875787030739,361.2759476439198,0.004543296395262445,,384,NUMBA_PERM,18,9,398.0,410.0,OK
0.5,7,331.92207411133376,279.04399360165496,0.005863508728023106,,384,NUMBA_PERM,18,9,308.0,384.0,OK
0.5,8,331.9352729061462,275.4417730681058,0.005795689751155235,,384,NUMBA_PERM,18,9,300.0,384.0,OK
0.5,9,331.9967724915965,306.75752128580973,0.005371559932940098,,384,NUMBA_PERM,18,9,339.0,387.0,OK
0.5,10,331.83089290950926,251.85564208229462,0.006528578363720009,,384,NUMBA_PERM,18,9,276.0,384.0,OK
0.5,11,332.03729340849355,313.9383658965565,0.005255062322932786,,384,NUMBA_PERM,18,9,342.0,384.0,OK
0.5,12,332.1638983901254,347.6400545838034,0.004657082720340991,,384,NUMBA_PERM,18,9,387.0,411.0,OK
0.5,13,332.2329982827031,377.9250015238346,0.004328756451031469,,384,NUMBA_PERM,18,9,416.0,441.0,OK
0.5,14,332.20441683154877,370.8163592194359,0.004492022852503074,,384,NUMBA_PERM,18,9,408.0,437.0,OK
0.5,15,332.0717702125217,328.86192041295124,0.005131913412472821,,384,NUMBA_PERM,18,9,361.0,384.0,OK
0.5,16,332.25756848494035,393.7167331811,0.004220978339750638,,384,NUMBA_PERM,18,9,427.0,427.0,OK
0.5,17,332.04049479760357,305.80608524706923,0.005150285630149571,,384,NUMBA_PERM,18,9,336.0,384.0,OK
0.5,18,332.2364987581268,384.11093002515884,0.004329764344056827,,384,NUMBA_PERM,18,9,422.0,456.0,OK
0.5,19,332.0194737128077,301.2812143901012,0.005393061246300197,,384,NUMBA_PERM,18,9,334.0,384.0,OK
0.5,20,331.64558152135317,216.54749035346575,0.0073581179628144176,,384,NUMBA_PERM,18,9,236.0,384.0,OK
0.5,21,332.18541572829207,350.20436337391465,0.004516895716564548,,384,NUMBA_PERM,18,9,387.0,403.0,OK
0.5,22,332.1494379903927,343.80616552068483,0.004728263401025924,,384,NUMBA_PERM,18,9,377.0,402.0,OK
0.5,23,332.0899066579529,329.72927483536756,0.004990510609877391,,384,NUMBA_PERM,18,9,365.0,392.0,OK
0.5,24,332.10861000936427,332.8761498224148,0.004926864843639456,,384,NUMBA_PERM,18,9,369.0,388.0,OK
0.5,25,331.9963024796648,301.63505312977634,0.005279398354586398,,384,NUMBA_PERM,18,9,328.0,384.0,OK
0.5,26,331.908564434661,281.5992318416108,0.00584525325623433,,384,NUMBA_PERM,18,9,309.0,384.0,OK
0.5,27,331.9406089938611,281.18810863206886,0.005610541033010619,,384,NUMBA_PERM,18,9,308.0,394.0,OK
0.5,28,331.9721902181778,296.0775188680644,0.005613202832205426,,384,NUMBA_PERM,18,9,329.0,384.0,OK
0.5,29,331.94341020733157,277.4922924123914,0.005826880929859799,,384,NUMBA_PERM,18,9,306.0,384.0,OK
0.5,30,332.1076964221527,337.3648275570107,0.004949274889809384,,384,NUMBA_PERM,18,9,369.0,389.0,OK
0.5,31,331.97264468018034,297.3050311268225,0.00566656459419298,,384,NUMBA_PERM,18,9,329.0,384.0,OK
0.5,32,332.0901589854678,334.775766552387,0.0050191887727043085,,384,NUMBA_PERM,18,9,371.0,388.0,OK
0.5,33,331.96100617555715,291.18520392958357,0.005586486360605909,,384,NUMBA_PERM,18,9,322.0,384.0,OK
0.5,34,332.04764927004715,319.346698544106,0.005109825304085431,,384,NUMBA_PERM,18,9,354.0,392.0,OK
0.5,35,332.2825282409217,396.35614063742037,0.004098894019356688,,384,NUMBA_PERM,18,9,436.0,461.0,OK
0.5,36,332.1064692667318,327.3596787114682,0.004958321090515352,,384,NUMBA_PERM,18,9,361.0,384.0,OK
0.5,37,332.146435261384,344.78052266712496,0.0047271137857544734,,384,NUMBA_PERM,18,9,379.0,417.0,OK
0.5,38,332.2188144975067,371.80254974301687,0.004421679404485735,,384,NUMBA_PERM,18,9,408.0,439.0,OK
0.5,39,331.6209317042103,210.66047391321013,0.007856377610594278,,384,NUMBA_PERM,18,9,232.0,384.0,OK
0.5,0,332.42471846793245,324.8137800297706,0.005061906446273659,,384,NUMBA_PERM,20,10,360.0,436.0,OK
0.5,1,332.517245737321,353.53848946580194,0.004537250522523201,,384,NUMBA_PERM,20,10,389.0,400.0,OK
0.5,2,332.1448001923829,239.79134439592534,0.006554359714503609,,384,NUMBA_PERM,20,10,262.0,384.0,OK
0.5,3,332.56881564104265,361.63076479934705,0.004380325338513284,,384,NUMBA_PERM,20,10,394.0,401.0,OK
0.5,4,332.4027499567923,317.4963864240101,0.005110761324534759,,384,NUMBA_PERM,20,10,346.0,389.0,OK
0.5,5,332.3279687348826,290.1796291016986,0.005551075378256904,,384,NUMBA_PERM,20,10,319.0,384.0,OK
0.5,6,332.3255074635929,293.63966650005835,0.005541934503065147,,384,NUMBA_PERM,20,10,325.0,384.0,OK
0.5,7,332.39955256106583,315.4455791792883,0.005105938489685722,,384,NUMBA_PERM,20,10,350.0,386.0,OK
0.5,8,332.2599334332525,279.9374036749865,0.005888565623289201,,384,NUMBA_PERM,20,10,307.0,384.0,OK
0.5,9,332.31571805699394,292.1001090384185,0.0056445853344070695,,384,NUMBA_PERM,20,10,319.0,415.0,OK
0.5,10,332.5554074897318,369.0836635486681,0.0044434656667176105,,384,NUMBA_PERM,20,10,405.0,427.0,OK
0.5,11,332.3222885258852,288.25339095001806,0.005554257738766404,,384,NUMBA_PERM,20,10,316.0,384.0,OK
0.5,12,332.4920655028652,336.62179189128466,0.0047341465715260555,,384,NUMBA_PERM,20,10,367.0,384.0,OK
0.5,13,332.12034819788636,238.46776079218864,0.006864078552485814,,384,NUMBA_PERM,20,10,261.0,384.0,OK
0.5,14,332.3703518795705,304.0936577664605,0.005336130660784884,,384,NUMBA_PERM,20,10,334.0,384.0,OK
0.5,15,332.3124812643088,290.79183433879535,0.005648301867432608,,384,NUMBA_PERM,20,10,319.0,384.0,OK
0.5,16,332.2308614314353,263.45452013561334,0.0060433369490298094,,384,NUMBA_PERM,20,10,287.0,384.0,OK
0.5,17,332.29234412161867,285.810292839604,0.005623077548002011,,384,NUMBA_PERM,20,10,312.0,384.0,OK
0.5,18,332.32591042412366,292.03804888403045,0.005573341756693259,,384,NUMBA_PERM,20,10,323.0,384.0,OK
0.5,19,332.2801172397123,279.4297043480673,0.005747232366343655,,384,NUMBA_PERM,20,10,309.0,384.0,OK
0.5,20,332.2748162402312,278.81696622002835,0.005796867056498177,,384,NUMBA_PERM,20,10,306.0,384.0,OK
0.5,21,332.2831311671639,275.49627858951084,0.005769734778939992,,384,NUMBA_PERM,20,10,305.0,384.0,OK
0.5,22,332.19758738677695,263.8968893242603,0.0062299701536626725,,384,NUMBA_PERM,20,10,292.0,384.0,OK
0.5,23,332.2407278566071,261.6878303081363,0.006065280357001104,,384,NUMBA_PERM,20,10,291.0,384.0,OK
0.5,24,332.32528553475925,289.6602711143635,0.005570312082952804,,384,NUMBA_PERM,20,10,318.0,384.0,OK
0.5,25,332.53118403282633,356.5968846485254,0.004535680522316576,,384,NUMBA_PERM,20,10,387.0,387.0,OK
0.5,26,332.4426057590145,325.21239964482265,0.004898496352190536,,384,NUMBA_PERM,20,10,359.0,384.0,OK
0.5,27,332.27514937384143,269.9911118720846,0.005831205297916768,,384,NUMBA_PERM,20,10,296.0,384.0,OK
0.5,28,332.13660988757175,243.67921256622176,0.006663132935955535,,384,NUMBA_PERM,20,10,268.0,384.0,OK
0.5,29,332.53124905375165,348.94272370386943,0.00455251952586517,,384,NUMBA_PERM,20,10,383.0,394.0,OK
0.5,30,332.28497698098437,274.70205092696057,0.005822394338166411,,384,NUMBA_PERM,20,10,300.0,384.0,OK
0.5,31,332.6487335460337,396.3502705434507,0.003982873299492861,,384,NUMBA_PERM,20,10,434.0,448.0,OK
0.5,32,332.3503515521348,296.66497279862614,0.005453571978996289,,384,NUMBA_PERM,20,10,324.0,384.0,OK
0.5,33,332.4551454770042,332.87085545500287,0.004874852596646874,,384,NUMBA_PERM,20,10,361.0,393.0,OK
0.5,34,332.3761776446608,303.9101189478778,0.005199706438908968,,384,NUMBA_PERM,20,10,335.0,384.0,OK
0.5,35,332.43623935014267,323.85430788002344,0.004924031545203131,,384,NUMBA_PERM,20,10,354.0,384.0,OK
0.5,36,332.2997016555456,280.9278936944915,0.005647650353348134,,384,NUMBA_PERM,20,10,309.0,384.0,OK
0.5,37,332.34575986688003,295.8713694949794,0.005439714631128583,,384,NUMBA_PERM,20,10,322.0,386.0,OK
0.5,38,332.57865643035564,359.46557910669935,0.004319398018692881,,384,NUMBA_PERM,20,10,393.0,406.0,OK
0.5,39,332.3426499892899,302.5795757030492,0.005307109881705866,,384,NUMBA_PERM,20,10,329.0,384.0,OK
0.5,0,332.8336958707388,331.6566118775798,0.005004811047243186,,384,NUMBA_PERM,24,12,362.0,400.0,OK
0.5,1,332.79597347040607,309.12943246475896,0.005163960843749269,,384,NUMBA_PERM,24,12,338.0,384.0,OK
0.5,2,333.01790175817627,386.35518654023963,0.00415885426885999,,384,NUMBA_PERM,24,12,425.0,434.0,OK
0.5,3,332.76600872615467,302.4996642300024,0.005258157365230775,,384,NUMBA_PERM,24,12,330.0,384.0,OK
0.5,4,332.8724312446626,346.358078831439,0.004821880221048542,,384,NUMBA_PERM,24,12,379.0,389.0,OK
0.5,5,332.7504802913806,297.86941417033347,0.005456634259352353,,384,NUMBA_PERM,24,12,326.0,384.0,OK
0.5,6,332.7482107777425,297.02078553822764,0.00547185558671472,,384,NUMBA_PERM,24,12,328.0,384.0,OK
0.5,7,332.69720486326054,278.5462232130504,0.0057624011816082895,,384,NUMBA_PERM,24,12,305.0,384.0,OK
0.5,8,332.87169497574666,346.59095758225874,0.00479312683296759,,384,NUMBA_PERM,24,12,378.0,398.0,OK
0.5,9,332.73351392016735,295.9603878903882,0.005417131294247506,,384,NUMBA_PERM,24,12,322.0,384.0,OK
0.5,10,332.80964407815804,319.84252669276356,0.005146995109550455,,384,NUMBA_PERM,24,12,346.0,386.0,OK
0.5,11,332.9730917495196,365.35651219363,0.004354093010193509,,384,NUMBA_PERM,24,12,400.0,407.0,OK
0.5,12,332.84826116861035,326.23992448616343,0.00494185131487862,,384,NUMBA_PERM,24,12,354.0,398.0,OK
0.5,13,332.8646223827976,336.2400724228727,0.004750006397654755,,384,NUMBA_PERM,24,12,367.0,385.0,OK
0.5,14,332.8359670328409,319.366149557855,0.004949456670546678,,384,NUMBA_PERM,24,12,349.0,384.0,OK
0.5,15,332.8199613355116,318.31691277263417,0.0050771350125963215,,384,NUMBA_PERM,24,12,349.0,389.0,OK
0.5,16,332.6339100680224,264.12944413090696,0.006103166741743389,,384,NUMBA_PERM,24,12,291.0,384.0,OK
0.5,17,332.86749891143023,340.5993828380562,0.004835804883695379,,384,NUMBA_PERM,24,12,372.0,389.0,OK
0.5,18,332.91178510743237,344.77727972101917,0.004573762937012623,,384,NUMBA_PERM,24,12,378.0,384.0,OK
0.5,19,332.8309972378533,320.47918570052246,0.005001140369444139,,384,NUMBA_PERM,24,12,347.0,384.0,OK
0.5,20,332.6653298100696,273.35811623628445,0.005951962328474721,,384,NUMBA_PERM,24,12,301.0,384.0,OK
0.5,21,332.78856526879093,310.44119023397417,0.005255324456990205,,384,NUMBA_PERM,24,12,339.0,384.0,OK
0.5,22,332.8266820277693,323.9647639489041,0.00505792700535778,,384,NUMBA_PERM,24,12,355.0,384.0,OK
0.5,23,332.7361600082884,291.67084764218305,0.005479955451668022,,384,NUMBA_PERM,24,12,320.0,384.0,OK
0.5,24,332.72005114530464,295.49510839108666,0.005558302173304234,,384,NUMBA_PERM,24,12,323.0,384.0,OK
0.5,25,332.7026196782286,294.3459743983893,0.005630529383488778,,384,NUMBA_PERM,24,12,327.0,384.0,OK
0.5,26,332.76293521952095,301.72864521511264,0.0053473505069629714,,384,NUMBA_PERM,24,12,331.0,384.0,OK
0.5,27,332.9506396584598,366.8162637091772,0.004464515673247901,,384,NUMBA_PERM,24,12,399.0,399.0,OK
0.5,28,333.0430415217721,392.2248402388027,0.004074583092911222,,384,NUMBA_PERM,24,12,431.0,431.0,OK
0.5,29,333.0006231053252,386.79563713386415,0.004190746184567035,,384,NUMBA_PERM,24,12,422.0,427.0,OK
0.5,30,332.8474768717125,320.4697877415597,0.0049391270813203565,,384,NUMBA_PERM,24,12,351.0,394.0,OK
0.5,31,332.8136886854824,320.7165273639332,0.005056680724931938,,384,NUMBA_PERM,24,12,352.0,390.0,OK
0.5,32,332.99371375958833,372.3004218185583,0.0042852758875348345,,384,NUMBA_PERM,24,12,408.0,426.0,OK
0.5,33,332.9301263194133,353.02131389935687,0.00454580399794557,,384,NUMBA_PERM,24,12,388.0,401.0,OK
0.5,34,332.7341861300894,291.7051512618767,0.005535812424477909,,384,NUMBA_PERM,24,12,323.0,384.0,OK
0.5,35,332.9658063491107,371.730354076652,0.004288686745423335,,384,NUMBA_PERM,24,12,403.0,407.0,OK
0.5,36,332.8390222541309,322.39333206190577,0.00493397483806615,,384,NUMBA_PERM,24,12,353.0,392.0,OK
0.5,37,332.7459702913065,292.26913550783576,0.005446985381439231,,384,NUMBA_PERM,24,12,319.0,384.0,OK
0.5,38,332.9138295421529,352.1654724944643,0.004554413108742368,,384,NUMBA_PERM,24,12,384.0,400.0,OK
0.5,39,332.6271293038133,266.6546597961771,0.006155241053883193,,384,NUMBA_PERM,24,12,293.0,384.0,OK
0.5,0,332.86902961281623,302.8645542745694,0.005282829875798384,,384,NUMBA_PERM,26,13,332.0,384.0,OK
0.5,1,333.1583045158524,396.72808721376543,0.003988554436622443,,384,NUMBA_PERM,26,13,434.0,437.0,OK
0.5,2,333.1373070446021,388.73863443806755,0.004058572530458993,,384,NUMBA_PERM,26,13,425.0,425.0,OK
0.5,3,332.96274088830626,335.30327177043233,0.00478860604903307,,384,NUMBA_PERM,26,13,365.0,384.0,OK
0.5,4,332.97223142295564,338.2286285968549,0.004783178092060019,,384,NUMBA_PERM,26,13,373.0,384.0,OK
0.5,5,332.9787110251512,342.67037613020346,0.004705231112395491,,384,NUMBA_PERM,26,13,374.0,384.0,OK
0.5,6,333.0643175481532,381.101104501689,0.004379301968472461,,384,NUMBA_PERM,26,13,416.0,417.0,OK
0.5,7,332.9310450515079,320.2315170515452,0.004983662441826016,,384,NUMBA_PERM,26,13,349.0,384.0,OK
0.5,8,333.1776183190536,413.9555276060333,0.003905005817733177,,384,NUMBA_PERM,26,13,454.0,455.0,OK
0.5,9,332.88017885505434,313.2549552418637,0.005263188822121248,,384,NUMBA_PERM,26,13,341.0,384.0,OK
0.5,10,332.90179915776827,309.9605669638212,0.005070241425793922,,384,NUMBA_PERM,26,13,341.0,384.0,OK
0.5,11,332.9498436176742,324.1161860871959,0.0048829976505584075,,384,NUMBA_PERM,26,13,356.0,384.0,OK
0.5,12,332.94079189769445,324.2014325247627,0.004952709654114919,,384,NUMBA_PERM,26,13,352.0,384.0,OK
0.5,13,332.9547331281397,331.27493158563084,0.00489025230236896,,384,NUMBA_PERM,26,13,363.0,384.0,OK
0.5,14,333.1377495055466,400.43688005957347,0.00404952532939894,,384,NUMBA_PERM,26,13,439.0,440.0,OK
0.5,15,332.89493296932017,312.9752612520644,0.005173571662222421,,384,NUMBA_PERM,26,13,344.0,384.0,OK
0.5,16,333.0724520798286,375.54624760869643,0.0042517594307427764,,384,NUMBA_PERM,26,13,407.0,407.0,OK
0.5,17,332.9146659736761,322.37554613775245,0.00508701929814178,,384,NUMBA_PERM,26,13,353.0,384.0,OK
0.5,18,332.98003182085523,336.5901663675232,0.004769012901237429,,384,NUMBA_PERM,26,13,369.0,384.0,OK
0.5,19,332.86133070847836,297.81108221920243,0.005351301759448039,,384,NUMBA_PERM,26,13,327.0,384.0,OK
0.5,20,332.93466829970504,321.0042637514123,0.004965389740234645,,384,NUMBA_PERM,26,13,353.0,384.0,OK
0.5,21,332.89295414338886,315.6781639394195,0.005197521347513586,,384,NUMBA_PERM,26,13,348.0,384.0,OK
0.5,22,333.0042635182434,352.924144651047,0.004576938736521506,,384,NUMBA_PERM,26,13,382.0,384.0,OK
0.5,23,333.00987243078987,352.9172649467992,0.00445522893956436,,384,NUMBA_PERM,26,13,386.0,417.0,OK
0.5,24,333.0957109931765,386.89762764541285,0.004243188845977632,,384,NUMBA_PERM,26,13,424.0,426.0,OK
0.5,25,332.90723126810894,319.0602201356339,0.005122209143183695,,384,NUMBA_PERM,26,13,352.0,388.0,OK
0.5,26,332.5507539734306,226.44113509478984,0.007139905411775842,,384,NUMBA_PERM,26,13,248.0,384.0,OK
0.5,27,332.8358119267293,297.2692862814733,0.00547726102849052,,384,NUMBA_PERM,26,13,327.0,387.0,OK
0.5,28,332.9136908242715,314.4588568376118,0.005020433458959969,,384,NUMBA_PERM,26,13,344.0,384.0,OK
0.5,29,333.0470019730208,362.3094346281998,0.004383220413078167,,384,NUMBA_PERM,26,13,399.0,399.0,OK
0.5,30,333.01359532645057,358.5837500395926,0.004571565768017873,,384,NUMBA_PERM,26,13,391.0,405.0,OK
0.5,31,332.97310831255106,337.6639626974357,0.0047875386664220955,,384,NUMBA_PERM,26,13,367.0,384.0,OK
0.5,32,333.1009587978752,385.51615827384416,0.004135041745013577,,384,NUMBA_PERM,26,13,423.0,428.0,OK
0.5,33,332.9048077927907,315.89835229544957,0.005129676908342594,,384,NUMBA_PERM,26,13,341.0,384.0,OK
0.5,34,332.8666840122088,319.94907761439515,0.005303885189092305,,384,NUMBA_PERM,26,13,344.0,384.0,OK
0.5,35,332.7747546488563,282.316011004289,0.00560857260581729,,384,NUMBA_PERM,26,13,306.0,384.0,OK
0.5,36,332.82916101749873,299.4219262890525,0.005411969304157274,,384,NUMBA_PERM,26,13,329.0,384.0,OK
0.5,37,332.9159606258988,319.4471858508014,0.005027222919313982,,384,NUMBA_PERM,26,13,347.0,391.0,OK
0.5,38,333.09225197096475,387.69674387519245,0.004173979165473754,,384,NUMBA_PERM,26,13,426.0,433.0,OK
0.5,39,332.8578962709776,292.5438464282264,0.005367636634428432,,384,NUMBA_PERM,26,13,323.0,384.0,OK
0.5,0,333.3226784696258,405.7251382228624,0.004050713044434238,,384,NUMBA_PERM,30,15,443.0,443.0,OK
0.5,1,333.1031907390907,329.36909002879304,0.005012001522890195,,384,NUMBA_PERM,30,15,356.0,384.0,OK
0.5,2,333.27830351185304,378.85918705633014,0.004205831925895902,,384,NUMBA_PERM,30,15,415.0,416.0,OK
0.5,3,333.06225044020437,313.24693814253413,0.005124310383870613,,384,NUMBA_PERM,30,15,340.0,384.0,OK
0.5,4,333.1729254655687,347.36681940776606,0.004566335330881618,,384,NUMBA_PERM,30,15,377.0,394.0,OK
0.5,5,333.3038689800352,393.49924023738527,0.004142874155983691,,384,NUMBA_PERM,30,15,431.0,433.0,OK
0.5,6,333.2922674741775,391.9093565858781,0.004169303562702145,,384,NUMBA_PERM,30,15,425.0,427.0,OK
0.5,7,333.0291832837233,294.8616198426831,0.005429553586753663,,384,NUMBA_PERM,30,15,324.0,384.0,OK
0.5,8,333.0060505740919,291.18943519816565,0.005397075346621493,,384,NUMBA_PERM,30,15,317.0,384.0,OK
0.5,9,333.21912655661663,366.17735484770185,0.004503466794040058,,384,NUMBA_PERM,30,15,396.0,396.0,OK
0.5,10,333.1888080991749,349.0370031378234,0.0046375634311342255,,384,NUMBA_PERM,30,15,380.0,384.0,OK
0.5,11,333.0983131340735,313.8423103465947,0.0050592472534548415,,384,NUMBA_PERM,30,15,348.0,386.0,OK
0.5,12,333.06355473523706,308.3386058926902,0.0052338836256748,,384,NUMBA_PERM,30,15,341.0,384.0,OK
0.5,13,333.18151593345374,360.4209426341328,0.004524484529587005,,384,NUMBA_PERM,30,15,396.0,410.0,OK
0.5,14,333.0635422079503,313.8701129854073,0.00522699313167771,,384,NUMBA_PERM,30,15,345.0,384.0,OK
0.5,15,332.98596643792393,283.5597171743939,0.005537968477560885,,384,NUMBA_PERM,30,15,310.0,384.0,OK
0.5,16,333.1485751507468,330.72925232772525,0.004749838766767282,,384,NUMBA_PERM,30,15,366.0,384.0,OK
0.5,17,333.24693755161996,371.3664633819363,0.004305204381855625,,384,NUMBA_PERM,30,15,406.0,406.0,OK
0.5,18,333.1673780840344,337.09002056084967,0.004748024233492196,,384,NUMBA_PERM,30,15,371.0,384.0,OK
0.5,19,333.1183591036348,326.8881710115674,0.004920590139646467,,384,NUMBA_PERM,30,15,359.0,387.0,OK
0.5,20,333.21490422415314,361.90552098825736,0.004525503656415797,,384,NUMBA_PERM,30,15,397.0,425.0,OK
0.5,21,333.00702081186677,286.0396432603234,0.0055623752711126545,,384,NUMBA_PERM,30,15,312.0,384.0,OK
0.5,22,333.26571735380526,386.39312234022543,0.004236063346865233,,384,NUMBA_PERM,30,15,425.0,427.0,OK
0.5,23,333.28532999417024,376.5807674988615,0.004213257460411335,,384,NUMBA_PERM,30,15,414.0,431.0,OK
0.5,24,333.1500877322932,343.3652811381658,0.004829411282527579,,384,NUMBA_PERM,30,15,372.0,384.0,OK
0.5,25,333.1438542341158,342.93919772769635,0.004658306919197497,,384,NUMBA_PERM,30,15,371.0,417.0,OK
0.5,26,333.213619543327,360.1093184683594,0.004516871194854316,,384,NUMBA_PERM,30,15,394.0,404.0,OK
0.5,27,333.3180215461227,395.535825393454,0.004084973148233909,,384,NUMBA_PERM,30,15,432.0,432.0,OK
0.5,28,333.12879096453787,324.0378591198226,0.004935835561176054,,384,NUMBA_PERM,30,15,352.0,384.0,OK
0.5,29,333.1745793637886,344.6377369637912,0.004676656230201992,,384,NUMBA_PERM,30,15,377.0,384.0,OK
0.5,30,333.0610837589256,301.29465626123744,0.005190427089175436,,384,NUMBA_PERM,30,15,329.0,384.0,OK
0.5,31,333.0471731297115,303.7218893447531,0.005348875210629657,,384,NUMBA_PERM,30,15,334.0,384.0,OK
0.5,32,333.12049766625637,323.99481805561163,0.0049237621841290964,,384,NUMBA_PERM,30,15,358.0,392.0,OK
0.5,33,332.97573473761844,282.8920941119198,0.005719049489491049,,384,NUMBA_PERM,30,15,311.0,384.0,OK
0.5,34,333.1626609267541,339.09452241087047,0.004691183485589348,,384,NUMBA_PERM,30,15,369.0,384.0,OK
0.5,35,332.8697347289792,254.22930109626185,0.006393573139965752,,384,NUMBA_PERM,30,15,280.0,384.0,OK
0.5,36,333.0699601391366,309.5262387345178,0.005201087665600513,,384,NUMBA_PERM,30,15,339.0,384.0,OK
0.5,37,333.0678962832905,318.9140771082296,0.00515628302129363,,384,NUMBA_PERM,30,15,351.0,384.0,OK
0.5,38,332.96844107576413,292.80908907021274,0.00577076847158459,,384,NUMBA_PERM,30,15,319.0,384.0,OK
0.5,39,332.98198301814483,295.44151451794005,0.005609254931265771,,384,NUMBA_PERM,30,15,321.0,384.0,OK
0.5,0,333.298640932462,320.1154690995708,0.0051119581014482125,,384,NUMBA_PERM,34,17,350.0,384.0,OK
0.5,1,333.3948013590688,355.0614941391159,0.004652567165712,,384,NUMBA_PERM,34,17,386.0,386.0,OK
0.5,2,333.2916227400019,311.96257882662735,0.005182141115654155,,384,NUMBA_PERM,34,17,337.0,384.0,OK
0.5,3,333.4077701249337,355.91449876511837,0.004544340792723676,,384,NUMBA_PERM,34,17,389.0,403.0,OK
0.5,4,333.06449276001024,253.99905534213076,0.006462916131140681,,384,NUMBA_PERM,34,17,281.0,384.0,OK
0.5,5,333.3218902175982,324.2027233532815,0.005002098094280368,,384,NUMBA_PERM,34,17,356.0,384.0,OK
0.5,6,333.2267873592854,297.04762435704583,0.005442038203716329,,384,NUMBA_PERM,34,17,328.0,384.0,OK
0.5,7,333.2475920334032,295.42253943383275,0.005393148505004349,,384,NUMBA_PERM,34,17,323.0,384.0,OK
0.5,8,333.27055637298764,308.8991930244212,0.005268928624446016,,384,NUMBA_PERM,34,17,336.0,384.0,OK
0.5,9,333.1920731321213,287.6983538256085,0.0056361333864080425,,384,NUMBA_PERM,34,17,318.0,384.0,OK
0.5,10,333.2900087391094,327.80728857904245,0.0050882802459244056,,384,NUMBA_PERM,34,17,358.0,384.0,OK
0.5,11,333.30219186835905,322.5670859117456,0.005103546955415245,,384,NUMBA_PERM,34,17,352.0,384.0,OK
0.5,12,333.372570916665,336.9559727674238,0.0047896867588568285,,384,NUMBA_PERM,34,17,369.0,384.0,OK
0.5,13,333.3273091302741,328.10238229574907,0.00492630375829386,,384,NUMBA_PERM,34,17,358.0,384.0,OK
0.5,14,333.08842020004437,264.0624779456615,0.006255748764314018,,384,NUMBA_PERM,34,17,292.0,384.0,OK
0.5,15,333.3244636916372,323.6761908017557,0.00502591022022565,,384,NUMBA_PERM,34,17,354.0,384.0,OK
0.5,16,333.3481594504728,336.3301364668901,0.004875363034995381,,384,NUMBA_PERM,34,17,369.0,384.0,OK
0.5,17,333.40543022704327,351.92303700865165,0.004565412434212679,,384,NUMBA_PERM,34,17,383.0,384.0,OK
0.5,18,333.3286085354198,319.10385305503746,0.0049137506432817505,,384,NUMBA_PERM,34,17,349.0,384.0,OK
0.5,19,333.44269908414657,357.57627018599635,0.004461031769009449,,384,NUMBA_PERM,34,17,392.0,392.0,OK
0.5,20,333.2368480473735,306.12005564572587,0.005244809594243373,,384,NUMBA_PERM,34,17,332.0,384.0,OK
0.5,21,333.3304242885757,335.0458328025166,0.004990508924825641,,384,NUMBA_PERM,34,17,366.0,384.0,OK
0.5,22,333.4506044983864,363.7520040541709,0.00435604239627901,,384,NUMBA_PERM,34,17,401.0,402.0,OK
0.5,23,333.40340097106946,361.6387587238545,0.004588738136134724,,384,NUMBA_PERM,34,17,393.0,405.0,OK
0.5,24,333.36416184129024,339.25202872935193,0.004801054592621219,,384,NUMBA_PERM,34,17,371.0,384.0,OK
0.5,25,333.35126303416644,332.818685248846,0.0048870103374038095,,384,NUMBA_PERM,34,17,366.0,384.0,OK
0.5,26,333.27163042616365,308.52673663466084,0.005235459243205844,,384,NUMBA_PERM,34,17,338.0,384.0,OK
0.5,27,333.3418942462664,328.18200881065457,0.004852852615059421,,384,NUMBA_PERM,34,17,361.0,384.0,OK
0.5,28,333.2464765768966,302.7643510623068,0.005432074281516599,,384,NUMBA_PERM,34,17,330.0,384.0,OK
0.5,29,333.5214675001409,405.3479343074035,0.004124998483841827,,384,NUMBA_PERM,34,17,442.0,444.0,OK
0.5,30,333.3022452808833,326.79433144180257,0.005088481968284794,,384,NUMBA_PERM,34,17,356.0,384.0,OK
0.5,31,333.23012340922133,289.2561897724384,0.005449747122565268,,384,NUMBA_PERM,34,17,314.0,384.0,OK
0.5,32,333.3529165885153,335.11494445695934,0.0048835077944646066,,384,NUMBA_PERM,34,17,369.0,384.0,OK
0.5,33,333.5418846516912,389.37283500220684,0.004009284968054141,,384,NUMBA_PERM,34,17,428.0,436.0,OK
0.5,34,333.269934848474,304.72650302753146,0.005266370044149405,,384,NUMBA_PERM,34,17,335.0,384.0,OK
0.5,35,333.32094439210925,314.2763664920764,0.005026224205705522,,384,NUMBA_PERM,34,17,346.0,384.0,OK
0.5,36,333.2461237489006,289.7708145880051,0.005397194200090909,,384,NUMBA_PERM,34,17,317.0,384.0,OK
0.5,37,333.36226588530917,333.3056103767515,0.004796482740185045,,384,NUMBA_PERM,34,17,363.0,384.0,OK
0.5,38,333.3406287331148,328.4483039590745,0.0049286844545152015,,384,NUMBA_PERM,34,17,359.0,397.0,OK
0.5,39,333.17157546489995,274.0493698667332,0.005749100401816933,,384,NUMBA_PERM,34,17,298.0,384.0,OK
0.5,0,333.60164105239255,254.53390375481996,0.031815666215207754,4096.0,4096,canonical_unconfined_SIS,inf,0,,,
0.5,1,333.58174873290864,269.25216461311464,0.02379398042129472,4096.0,4096,canonical_unconfined_SIS,inf,0,,,
0.5,2,333.61877747665847,287.0429116631095,0.025259956427349486,4096.0,4096,canonical_unconfined_SIS,inf,0,,,
0.5,3,333.5263334301488,394.77022613176956,0.016910302272805884,4096.0,4096,canonical_unconfined_SIS,inf,0,,,
0.5,4,333.6639409408093,306.1034546179319,0.021800423993805967,4096.0,4096,canonical_unconfined_SIS,inf,0,,,
0.5,5,333.62744128975015,285.57215482459566,0.02511603314045009,4096.0,4096,canonical_unconfined_SIS,inf,0,,,
0.5,6,333.54200147739544,312.1162633623332,0.018668177298826368,4096.0,4096,canonical_unconfined_SIS,inf,0,,,
0.5,7,333.5501238792807,248.34535376938848,0.03373241094067374,4096.0,4096,canonical_unconfined_SIS,inf,0,,,
0.5,8,333.66063764177113,384.88051305690965,0.01361444360453148,4096.0,4096,canonical_unconfined_SIS,inf,0,,,
0.5,9,333.6794900415697,184.29552966687083,0.04052072035664843,4096.0,4096,canonical_unconfined_SIS,inf,0,,,
0.5,10,333.5798283104199,314.60233972473634,0.025951939666647193,4096.0,4096,canonical_unconfined_SIS,inf,0,,,
0.5,11,333.6539275168478,315.501001643451,0.017530498180321215,4096.0,4096,canonical_unconfined_SIS,inf,0,,,
0.5,12,333.5947773876444,381.6431516220242,0.015985592079696458,4096.0,4096,canonical_unconfined_SIS,inf,0,,,
0.5,13,333.54714973292255,334.9900032778665,0.018644174897174643,4096.0,4096,canonical_unconfined_SIS,inf,0,,,
0.5,14,333.63498323128647,325.57763657053454,0.017372365692908374,4096.0,4096,canonical_unconfined_SIS,inf,0,,,
0.5,15,333.58276678178976,267.74345580214657,0.02128291030974705,4096.0,4096,canonical_unconfined_SIS,inf,0,,,
0.5,16,333.639078659734,219.62525316105973,0.03307801655260118,4096.0,4096,canonical_unconfined_SIS,inf,0,,,
0.5,17,333.64317588274025,333.935501158482,0.018569545997969953,4096.0,4096,canonical_unconfined_SIS,inf,0,,,
0.5,18,333.6045917502861,335.6461326351506,0.015276131021828655,4096.0,4096,canonical_unconfined_SIS,inf,0,,,
0.5,19,333.6408329256727,314.29372948676047,0.016778817860740654,4096.0,4096,canonical_unconfined_SIS,inf,0,,,
0.5,20,333.67561842437834,310.3758977410738,0.013584254247516279,4096.0,4096,canonical_unconfined_SIS,inf,0,,,
0.5,21,333.65472889501143,296.40242430738806,0.021988701973877346,4096.0,4096,canonical_unconfined_SIS,inf,0,,,
0.5,22,333.5588826260543,323.06044047126323,0.016337855684389804,4096.0,4096,canonical_unconfined_SIS,inf,0,,,
0.5,23,333.5663235195842,312.6209118303494,0.01643176254097746,4096.0,4096,canonical_unconfined_SIS,inf,0,,,
0.5,24,333.51298174864974,398.74598772936525,0.011289907261309002,4096.0,4096,canonical_unconfined_SIS,inf,0,,,
0.5,25,333.60332490630424,268.25154520515895,0.02751744885359194,4096.0,4096,canonical_unconfined_SIS,inf,0,,,
0.5,26,333.64773186050604,226.64006040066238,0.04091888484619286,4096.0,4096,canonical_unconfined_SIS,inf,0,,,
0.5,27,333.5789442770086,281.8463414233494,0.022383324692961913,4096.0,4096,canonical_unconfined_SIS,inf,0,,,
0.5,28,333.5620730669883,228.8525810572693,0.030441072976777776,4096.0,4096,canonical_unconfined_SIS,inf,0,,,
0.5,29,333.5543862708344,240.6330749829216,0.022639365501515622,4096.0,4096,canonical_unconfined_SIS,inf,0,,,
0.5,30,333.65674640054533,257.86036843898484,0.023240885375140283,4096.0,4096,canonical_unconfined_SIS,inf,0,,,
0.5,31,333.5626211653727,307.76776499780345,0.021706190952264563,4096.0,4096,canonical_unconfined_SIS,inf,0,,,
0.5,32,333.5789093132613,206.5310931217906,0.04541527036749513,4096.0,4096,canonical_unconfined_SIS,inf,0,,,
0.5,33,333.4669946873695,378.5587725235791,0.014560348161034796,4096.0,4096,canonical_unconfined_SIS,inf,0,,,
0.5,34,333.5460257031833,362.63882758668495,0.01405964398513435,4096.0,4096,canonical_unconfined_SIS,inf,0,,,
0.5,35,333.585643440756,327.9161931127819,0.01752326326039419,4096.0,4096,canonical_unconfined_SIS,inf,0,,,
0.5,36,333.53281118306484,254.73666240710546,0.03846020582295809,4096.0,4096,canonical_unconfined_SIS,inf,0,,,
0.5,37,333.63457684604316,173.42965736142318,0.0362917086644514,4096.0,4096,canonical_unconfined_SIS,inf,0,,,
0.5,38,333.5376944782393,361.5553850589847,0.013888340578008038,4096.0,4096,canonical_unconfined_SIS,inf,0,,,
0.5,39,333.56264493922936,343.94455343871095,0.022701260238015063,4096.0,4096,canonical_unconfined_SIS,inf,0,,,
1.0,0,317.0271480076089,294.75219677292347,0.005370343209853695,,384,NUMBA_PERM,10,5,326.0,384.0,OK
1.0,1,317.4078534470906,445.8997231208827,0.0035881417571868783,,384,NUMBA_PERM,10,5,492.0,495.0,OK
1.0,2,317.3510354430209,415.6470542527925,0.003865157539968477,,384,NUMBA_PERM,10,5,455.0,457.0,OK
1.0,3,317.3982463830679,445.4974579302877,0.003694023683120588,,384,NUMBA_PERM,10,5,488.0,505.0,OK
1.0,4,317.15371758696756,342.2146696653834,0.004665905432211119,,384,NUMBA_PERM,10,5,374.0,386.0,OK
1.0,5,317.40813666098734,442.4921971516602,0.003575841838755111,,384,NUMBA_PERM,10,5,489.0,490.0,OK
1.0,6,316.937081193896,283.68298910832794,0.005865695662523423,,384,NUMBA_PERM,10,5,311.0,384.0,OK
1.0,7,317.17530349927387,345.95978609333645,0.004599622313732529,,384,NUMBA_PERM,10,5,383.0,393.0,OK
1.0,8,317.5257276908217,498.87620065989756,0.0032568661521174083,,384,NUMBA_PERM,10,5,549.0,555.0,OK
1.0,9,317.3512337086092,426.2397709761871,0.0038550758364709267,,384,NUMBA_PERM,10,5,468.0,468.0,OK
1.0,10,317.2407458236918,375.2897129811696,0.004322795596287109,,384,NUMBA_PERM,10,5,412.0,412.0,OK
1.0,11,317.11701830143045,333.1448826776517,0.004904046907887079,,384,NUMBA_PERM,10,5,369.0,384.0,OK
1.0,12,317.22781140030116,379.3685686333704,0.004303581027064543,,384,NUMBA_PERM,10,5,417.0,421.0,OK
1.0,13,316.9571143042673,285.76754929805895,0.005644554980286465,,384,NUMBA_PERM,10,5,314.0,384.0,OK
1.0,14,317.19324648272067,356.48477198560494,0.0045329384936982865,,384,NUMBA_PERM,10,5,391.0,395.0,OK
1.0,15,317.066025933792,313.211897175059,0.005031396044964562,,384,NUMBA_PERM,10,5,343.0,384.0,OK
1.0,16,317.02796318184306,299.9738024226129,0.005353164032980479,,384,NUMBA_PERM,10,5,333.0,384.0,OK
1.0,17,317.2556200460499,389.9658547207923,0.004265097932436073,,384,NUMBA_PERM,10,5,428.0,428.0,OK
1.0,18,316.959346047543,284.05819121561814,0.005747891191165454,,384,NUMBA_PERM,10,5,318.0,397.0,OK
1.0,19,316.9318228300948,277.34969893040767,0.005871594952576373,,384,NUMBA_PERM,10,5,306.0,384.0,OK
1.0,20,317.39705382,440.39089572770564,0.0036860408515653666,,384,NUMBA_PERM,10,5,483.0,486.0,OK
1.0,21,317.24487719776585,380.89101903539455,0.004278985029268885,,384,NUMBA_PERM,10,5,423.0,440.0,OK
1.0,22,316.9025285109801,274.98975845280995,0.006021335112244616,,384,NUMBA_PERM,10,5,304.0,386.0,OK
1.0,23,317.2018490857922,373.38946345112197,0.004455590061874478,,384,NUMBA_PERM,10,5,411.0,411.0,OK
1.0,24,317.1165261844343,332.03958816851053,0.004864230947761086,,384,NUMBA_PERM,10,5,365.0,384.0,OK
1.0,25,317.0573113875926,300.24283713424046,0.005206514663361948,,384,NUMBA_PERM,10,5,332.0,384.0,OK
1.0,26,317.398828303717,442.32629227950235,0.0036839633417055564,,384,NUMBA_PERM,10,5,487.0,488.0,OK
1.0,27,317.4675558185848,478.36196517995637,0.003440013257095974,,384,NUMBA_PERM,10,5,528.0,540.0,OK
1.0,28,317.27302496475824,395.6861980060138,0.004078039673913041,,384,NUMBA_PERM,10,5,438.0,438.0,OK
1.0,29,317.1163998734773,331.38261737842083,0.004912953737434978,,384,NUMBA_PERM,10,5,369.0,384.0,OK
1.0,30,317.18953043049953,356.6554272547075,0.004498169191817153,,384,NUMBA_PERM,10,5,394.0,394.0,OK
1.0,31,317.01094006082553,308.9892622194324,0.0053760517696982354,,384,NUMBA_PERM,10,5,337.0,384.0,OK
1.0,32,317.4096269086849,438.11372751986954,0.003657738621046425,,384,NUMBA_PERM,10,5,483.0,484.0,OK
1.0,33,317.28405091932365,395.63598507427815,0.004152314230543128,,384,NUMBA_PERM,10,5,431.0,431.0,OK
1.0,34,317.4601756644314,472.7681774057728,0.003396604064219108,,384,NUMBA_PERM,10,5,518.0,518.0,OK
1.0,35,317.38193759565286,433.8426147280517,0.00375849463969813,,384,NUMBA_PERM,10,5,480.0,480.0,OK
1.0,36,317.26166566792045,375.88754149284546,0.004203648772065272,,384,NUMBA_PERM,10,5,416.0,417.0,OK
1.0,37,317.3700039500248,433.46483687428605,0.0037411086318763142,,384,NUMBA_PERM,10,5,479.0,504.0,OK
1.0,38,317.27453817130674,386.45296218532496,0.0041848862050104145,,384,NUMBA_PERM,10,5,425.0,425.0,OK
1.0,39,317.1056802188453,319.7429290878126,0.004928040423244905,,384,NUMBA_PERM,10,5,350.0,384.0,OK
1.0,0,318.9440642075466,323.8509923369436,0.005073649330219184,,384,NUMBA_PERM,12,6,357.0,384.0,OK
1.0,1,318.72137595948203,254.06703288185574,0.006304098722813963,,384,NUMBA_PERM,12,6,281.0,385.0,OK
1.0,2,319.1155664567526,361.289929423347,0.004261237618265112,,384,NUMBA_PERM,12,6,392.0,397.0,OK
1.0,3,318.9989995837385,335.3163238995164,0.0047209763021606715,,384,NUMBA_PERM,12,6,365.0,418.0,OK
1.0,4,318.82157005886927,279.27279465997844,0.005749247870973854,,384,NUMBA_PERM,12,6,305.0,384.0,OK
1.0,5,318.8859786804003,294.51614575898355,0.00540165953887177,,384,NUMBA_PERM,12,6,326.0,384.0,OK
1.0,6,318.8046939880098,272.4691663443191,0.0056792673198514925,,384,NUMBA_PERM,12,6,297.0,384.0,OK
1.0,7,318.701084357107,246.13521870010578,0.006420951240527137,,384,NUMBA_PERM,12,6,270.0,384.0,OK
1.0,8,318.8691015288115,293.78412836790955,0.0054436474562556125,,384,NUMBA_PERM,12,6,321.0,384.0,OK
1.0,9,318.9003782853159,299.61171132023026,0.005310357906596919,,384,NUMBA_PERM,12,6,331.0,384.0,OK
1.0,10,318.93915779112075,319.76127819979064,0.0051023756593702166,,384,NUMBA_PERM,12,6,355.0,384.0,OK
1.0,11,318.9922650508383,323.6489530893799,0.004834825162479614,,384,NUMBA_PERM,12,6,353.0,389.0,OK
1.0,12,319.0122659469874,347.45659568491806,0.004683790088375486,,384,NUMBA_PERM,12,6,379.0,389.0,OK
1.0,13,318.93880508155985,312.681948092246,0.005117847712870412,,384,NUMBA_PERM,12,6,341.0,384.0,OK
1.0,14,318.92537445817135,305.45730304471556,0.005179846285956239,,384,NUMBA_PERM,12,6,334.0,384.0,OK
1.0,15,318.7770525976712,276.03365093686295,0.006006611908942533,,384,NUMBA_PERM,12,6,305.0,384.0,OK
1.0,16,318.8034785962394,275.50831216588966,0.005857171281916875,,384,NUMBA_PERM,12,6,305.0,384.0,OK
1.0,17,319.2276841336277,422.78878502233346,0.0038106752590011833,,384,NUMBA_PERM,12,6,459.0,459.0,OK
1.0,18,319.22683806234215,414.3786698942623,0.003751536414129593,,384,NUMBA_PERM,12,6,451.0,451.0,OK
1.0,19,319.1914938103647,408.67912175832925,0.0039512180340319685,,384,NUMBA_PERM,12,6,446.0,446.0,OK
1.0,20,318.5875012999063,226.88031338461872,0.007269961189529547,,384,NUMBA_PERM,12,6,245.0,385.0,OK
1.0,21,319.1019217736119,372.4493708849662,0.004336069501394249,,384,NUMBA_PERM,12,6,403.0,403.0,OK
1.0,22,318.8468463227579,282.25698243273746,0.0055977243684748575,,384,NUMBA_PERM,12,6,309.0,384.0,OK
1.0,23,319.0760439146677,356.56134000811954,0.004441949978734822,,384,NUMBA_PERM,12,6,391.0,407.0,OK
1.0,24,319.15213582013587,377.11005303942017,0.004125049226714083,,384,NUMBA_PERM,12,6,411.0,411.0,OK
1.0,25,318.76117000623486,272.4803216858366,0.006121373425963205,,384,NUMBA_PERM,12,6,300.0,384.0,OK
1.0,26,319.1238632795612,370.4801783607937,0.004264682347034917,,384,NUMBA_PERM,12,6,403.0,403.0,OK
1.0,27,318.8734477213168,283.6295734044349,0.005370868470906006,,384,NUMBA_PERM,12,6,310.0,384.0,OK
1.0,28,318.8940116569393,291.3795392311266,0.0053184617100691875,,384,NUMBA_PERM,12,6,321.0,384.0,OK
1.0,29,318.79120271236445,269.177474020536,0.0059372576562770766,,384,NUMBA_PERM,12,6,294.0,384.0,OK
1.0,30,318.86815330706065,287.46434162057534,0.005428914056424144,,384,NUMBA_PERM,12,6,315.0,384.0,OK
1.0,31,318.6874007892254,251.6629537267735,0.006442024543103635,,384,NUMBA_PERM,12,6,273.0,384.0,OK
1.0,32,318.9880985388083,315.5361632943785,0.0048599679771014525,,384,NUMBA_PERM,12,6,348.0,384.0,OK
1.0,33,318.6311763057599,226.24307728632925,0.006920878949768646,,384,NUMBA_PERM,12,6,247.0,384.0,OK
1.0,34,318.7709776337687,277.0820356061066,0.006047829051495995,,384,NUMBA_PERM,12,6,302.0,384.0,OK
1.0,35,319.09458147752804,363.7948794337928,0.00432691645294324,,384,NUMBA_PERM,12,6,398.0,399.0,OK
1.0,36,319.0689325975204,358.37217385705605,0.004498560651610213,,384,NUMBA_PERM,12,6,392.0,392.0,OK
1.0,37,319.0579529321731,356.12731083229727,0.004494609454678875,,384,NUMBA_PERM,12,6,387.0,390.0,OK
1.0,38,318.9857450931167,326.6554360263843,0.004846866353470478,,384,NUMBA_PERM,12,6,356.0,384.0,OK
1.0,39,318.93433055301864,306.80615607983475,0.0051482250620342365,,384,NUMBA_PERM,12,6,334.0,384.0,OK
1.0,0,320.25583585472043,367.18783296061343,0.0044771105806572,,384,NUMBA_PERM,14,7,407.0,448.0,OK
1.0,1,320.11897213361743,319.36555556024814,0.005093053156233863,,384,NUMBA_PERM,14,7,351.0,415.0,OK
1.0,2,320.0221909730378,292.2750278883528,0.005671577022975701,,384,NUMBA_PERM,14,7,324.0,384.0,OK
1.0,3,320.02867392387697,291.30911903587855,0.005560140320537258,,384,NUMBA_PERM,14,7,327.0,384.0,OK
1.0,4,320.1983919546593,360.3258591324609,0.00469104534497122,,384,NUMBA_PERM,14,7,395.0,419.0,OK
1.0,5,319.85452007844896,250.13725457527397,0.00659743957547491,,384,NUMBA_PERM,14,7,276.0,384.0,OK
1.0,6,319.8963220526171,270.5270348806982,0.006268153097981104,,384,NUMBA_PERM,14,7,298.0,387.0,OK
1.0,7,319.77710157814954,224.0069943109557,0.007232757631120659,,384,NUMBA_PERM,14,7,249.0,384.0,OK
1.0,8,319.8270199846618,238.2583577346099,0.006818511445389831,,384,NUMBA_PERM,14,7,264.0,384.0,OK
1.0,9,320.02467217414323,297.23645451352274,0.005577060887008539,,384,NUMBA_PERM,14,7,325.0,384.0,OK
1.0,10,319.9559298868961,268.4066514577084,0.006062854532084724,,384,NUMBA_PERM,14,7,298.0,384.0,OK
1.0,11,319.8986499611941,249.6570467670702,0.006451302764303993,,384,NUMBA_PERM,14,7,276.0,384.0,OK
1.0,12,319.90328819562404,260.6626491083201,0.006389531412316289,,384,NUMBA_PERM,14,7,289.0,384.0,OK
1.0,13,320.38861298723685,416.1094916467551,0.0039516696168082855,,384,NUMBA_PERM,14,7,458.0,471.0,OK
1.0,14,319.93551249658367,263.95344229883426,0.006165112139264453,,384,NUMBA_PERM,14,7,290.0,384.0,OK
1.0,15,320.0114812984734,294.42521530504166,0.0057515597499311535,,384,NUMBA_PERM,14,7,324.0,395.0,OK
1.0,16,319.82667218865777,242.8402693984341,0.0068686589295423005,,384,NUMBA_PERM,14,7,270.0,384.0,OK
1.0,17,320.07229116867995,307.5201997236478,0.005364680462443484,,384,NUMBA_PERM,14,7,337.0,403.0,OK
1.0,18,320.4738132166399,459.2641347444765,0.003509745910447746,,384,NUMBA_PERM,14,7,504.0,536.0,OK
1.0,19,320.2196540301463,355.21550380538434,0.004663592867666748,,384,NUMBA_PERM,14,7,393.0,412.0,OK
1.0,20,320.23103814881586,369.04769110852357,0.004560440264367661,,384,NUMBA_PERM,14,7,404.0,412.0,OK
1.0,21,320.06449399147294,305.90502084028844,0.005406769212566203,,384,NUMBA_PERM,14,7,337.0,384.0,OK
1.0,22,320.12853416346155,323.0279586071679,0.005129221232518663,,384,NUMBA_PERM,14,7,351.0,384.0,OK
1.0,23,319.7159808430373,215.91245144107174,0.007743710766310145,,384,NUMBA_PERM,14,7,241.0,384.0,OK
1.0,24,320.17775268536997,347.3077784533366,0.004823804838980527,,384,NUMBA_PERM,14,7,382.0,398.0,OK
1.0,25,319.7913280471204,228.5614971124314,0.007172948087802551,,384,NUMBA_PERM,14,7,253.0,384.0,OK
1.0,26,320.29884679734914,396.572353056681,0.004322059816107968,,384,NUMBA_PERM,14,7,439.0,453.0,OK
1.0,27,319.60534737334035,191.43018729901758,0.008628539181033045,,384,NUMBA_PERM,14,7,213.0,384.0,OK
1.0,28,319.93656067145434,275.7683310056976,0.006116493996057489,,384,NUMBA_PERM,14,7,302.0,384.0,OK
1.0,29,320.3103699634806,386.88824186436693,0.0042652680102349995,,384,NUMBA_PERM,14,7,423.0,433.0,OK
1.0,30,320.1972750245367,352.6683895035379,0.004746295155886084,,384,NUMBA_PERM,14,7,389.0,396.0,OK
1.0,31,320.0836343139035,309.4439569473043,0.0052408805927147495,,384,NUMBA_PERM,14,7,344.0,384.0,OK
1.0,32,319.69095674164555,205.55666265517266,0.00785698714211097,,384,NUMBA_PERM,14,7,224.0,384.0,OK
1.0,33,320.1562434913205,331.21249503990686,0.004986486908953306,,384,NUMBA_PERM,14,7,369.0,385.0,OK
1.0,34,319.9413996361323,276.20709166585067,0.006006543545615897,,384,NUMBA_PERM,14,7,304.0,384.0,OK
1.0,35,319.97108284516645,285.90541325384345,0.005999448667788624,,384,NUMBA_PERM,14,7,313.0,384.0,OK
1.0,36,319.86214618561917,254.27842169491146,0.006617663163585632,,384,NUMBA_PERM,14,7,282.0,384.0,OK
1.0,37,319.81763405596604,243.125904801642,0.006868961907012752,,384,NUMBA_PERM,14,7,271.0,384.0,OK
1.0,38,319.87735798203425,253.1811374381935,0.006367385338272595,,384,NUMBA_PERM,14,7,278.0,384.0,OK
1.0,39,319.9107719473503,260.7604576665574,0.0063395471155789414,,384,NUMBA_PERM,14,7,288.0,384.0,OK
1.0,0,321.1411263408937,275.07562748917417,0.005771000558856721,,384,NUMBA_PERM,18,9,299.0,384.0,OK
1.0,1,321.31017025452593,334.84848551799485,0.004969410346899301,,384,NUMBA_PERM,18,9,369.0,395.0,OK
1.0,2,320.9358504999971,234.0885962204842,0.007009343437702126,,384,NUMBA_PERM,18,9,256.0,384.0,OK
1.0,3,321.35212961929744,351.2525480709374,0.0047612535545570895,,384,NUMBA_PERM,18,9,386.0,405.0,OK
1.0,4,321.23218204521453,297.6782589192543,0.005314465403859876,,384,NUMBA_PERM,18,9,327.0,397.0,OK
1.0,5,321.2316559830857,310.5563307178768,0.005330710190734124,,384,NUMBA_PERM,18,9,340.0,384.0,OK
1.0,6,321.359027398974,350.72786886542775,0.0046930108884050675,,384,NUMBA_PERM,18,9,389.0,423.0,OK
1.0,7,320.93795207043473,220.90287420461132,0.007178088907960271,,384,NUMBA_PERM,18,9,245.0,384.0,OK
1.0,8,321.24182293167627,311.27054784178046,0.005213782563476141,,384,NUMBA_PERM,18,9,341.0,385.0,OK
1.0,9,321.41408710925145,363.8786675062482,0.0044446566204195586,,384,NUMBA_PERM,18,9,399.0,406.0,OK
1.0,10,321.14672180256724,278.6375709374429,0.005850608215161656,,384,NUMBA_PERM,18,9,304.0,386.0,OK
1.0,11,321.22536034287594,311.10714249824133,0.005320355975195609,,384,NUMBA_PERM,18,9,342.0,384.0,OK
1.0,12,321.2876013707073,319.6587186438849,0.005084416245291996,,384,NUMBA_PERM,18,9,351.0,384.0,OK
1.0,13,321.0022705778302,247.04907278743372,0.006771532669844954,,384,NUMBA_PERM,18,9,270.0,384.0,OK
1.0,14,321.33760931380266,338.4827287392287,0.004787794192208563,,384,NUMBA_PERM,18,9,371.0,418.0,OK
1.0,15,321.40583773437936,362.8774324723785,0.004527056023842172,,384,NUMBA_PERM,18,9,402.0,407.0,OK
1.0,16,321.3356662413087,328.96508668783605,0.0048401002718333605,,384,NUMBA_PERM,18,9,363.0,411.0,OK
1.0,17,321.4649142718723,394.0696155289006,0.004245775350521908,,384,NUMBA_PERM,18,9,433.0,446.0,OK
1.0,18,321.36996328271596,356.53724032606505,0.00465699666878022,,384,NUMBA_PERM,18,9,390.0,413.0,OK
1.0,19,321.09598288397257,268.26668483173205,0.0061713067383414024,,384,NUMBA_PERM,18,9,297.0,384.0,OK
1.0,20,321.3444796806664,341.9245465348135,0.004788250811857798,,384,NUMBA_PERM,18,9,379.0,403.0,OK
1.0,21,321.3614884500675,341.730427554722,0.004726096388019979,,384,NUMBA_PERM,18,9,376.0,434.0,OK
1.0,22,321.1081713577794,269.96464247189937,0.00608349703830547,,384,NUMBA_PERM,18,9,298.0,384.0,OK
1.0,23,320.9847492601285,233.4042036651405,0.006885203532701393,,384,NUMBA_PERM,18,9,257.0,384.0,OK
1.0,24,321.1933025726683,288.9107156424886,0.0055456258930379285,,384,NUMBA_PERM,18,9,315.0,384.0,OK
1.0,25,321.02118588943665,246.07260546624772,0.006643185088843114,,384,NUMBA_PERM,18,9,270.0,384.0,OK
1.0,26,321.4651369843205,394.462766954884,0.004225766594093144,,384,NUMBA_PERM,18,9,434.0,435.0,OK
1.0,27,321.189226815417,289.56749827327616,0.005612964309021919,,384,NUMBA_PERM,18,9,316.0,384.0,OK
1.0,28,321.22298343426365,310.52165466062957,0.005367370557096772,,384,NUMBA_PERM,18,9,339.0,384.0,OK
1.0,29,321.26533486125516,326.23087115652606,0.005133036023906084,,384,NUMBA_PERM,18,9,360.0,393.0,OK
1.0,30,321.56799321179307,429.8135845298023,0.003815062830639204,,384,NUMBA_PERM,18,9,472.0,479.0,OK
1.0,31,321.16502122187865,286.59506164560037,0.005620069610065926,,384,NUMBA_PERM,18,9,315.0,384.0,OK
1.0,32,321.1407594729604,284.0087770143625,0.00585692998750666,,384,NUMBA_PERM,18,9,313.0,384.0,OK
1.0,33,321.0179690390739,253.13282458854647,0.006660751731042274,,384,NUMBA_PERM,18,9,277.0,384.0,OK
1.0,34,321.36947073229015,350.8319459747046,0.004684499367101543,,384,NUMBA_PERM,18,9,381.0,386.0,OK
1.0,35,321.01536337484083,249.24986455451898,0.006507624427030148,,384,NUMBA_PERM,18,9,273.0,384.0,OK
1.0,36,321.3658177068586,340.70608487492683,0.004671888878412362,,384,NUMBA_PERM,18,9,372.0,424.0,OK
1.0,37,321.3889439722111,352.68391893336707,0.004593688640885182,,384,NUMBA_PERM,18,9,388.0,417.0,OK
1.0,38,321.20350350714887,300.02195201922973,0.005543171492628138,,384,NUMBA_PERM,18,9,329.0,384.0,OK
1.0,39,321.2661209661477,322.24041991787,0.0051685519317126,,384,NUMBA_PERM,18,9,354.0,418.0,OK
1.0,0,321.5165851359308,306.07433260693784,0.005203300833876079,,384,NUMBA_PERM,20,10,337.0,384.0,OK
1.0,1,321.491440780706,306.6815046280622,0.005285054303854377,,384,NUMBA_PERM,20,10,335.0,392.0,OK
1.0,2,321.46902085995407,301.79761780956704,0.005409179900240286,,384,NUMBA_PERM,20,10,330.0,384.0,OK
1.0,3,321.73118930399687,382.58959734737783,0.004206073811501112,,384,NUMBA_PERM,20,10,420.0,432.0,OK
1.0,4,321.7495460182382,390.0433875363099,0.0040931962817493655,,384,NUMBA_PERM,20,10,427.0,429.0,OK
1.0,5,321.2356047835575,244.25443329546948,0.0069156174551623095,,384,NUMBA_PERM,20,10,269.0,384.0,OK
1.0,6,321.46640340026266,306.97658325272994,0.005450975407828394,,384,NUMBA_PERM,20,10,336.0,386.0,OK
1.0,7,321.74029332666174,388.8005357073873,0.004162048599532468,,384,NUMBA_PERM,20,10,428.0,428.0,OK
1.0,8,321.4260835875261,298.3608307486864,0.005562434659626771,,384,NUMBA_PERM,20,10,325.0,384.0,OK
1.0,9,321.57062767273874,331.19365024301845,0.004873320542239421,,384,NUMBA_PERM,20,10,366.0,391.0,OK
1.0,10,321.7161800954495,372.2591059310378,0.0042849422498757155,,384,NUMBA_PERM,20,10,410.0,414.0,OK
1.0,11,321.69474219158025,381.13304577758817,0.0043108830487646466,,384,NUMBA_PERM,20,10,416.0,420.0,OK
1.0,12,321.56684658135515,320.30852267460915,0.00497336599985334,,384,NUMBA_PERM,20,10,349.0,384.0,OK
1.0,13,321.7530295095644,394.23156694472004,0.004101231901090311,,384,NUMBA_PERM,20,10,431.0,438.0,OK
1.0,14,321.4436728823017,293.58483577140174,0.005550510207308469,,384,NUMBA_PERM,20,10,320.0,384.0,OK
1.0,15,321.61410252205377,336.2326618589641,0.004581255347120864,,384,NUMBA_PERM,20,10,371.0,384.0,OK
1.0,16,321.4236892409811,283.0335948155858,0.005702150649994056,,384,NUMBA_PERM,20,10,308.0,384.0,OK
1.0,17,321.33773257833826,253.40078981746638,0.006249632217007983,,384,NUMBA_PERM,20,10,282.0,384.0,OK
1.0,18,321.678109143167,363.9823571499647,0.0044414026735106965,,384,NUMBA_PERM,20,10,402.0,404.0,OK
1.0,19,321.55920204918806,331.7144698937754,0.004983311624718796,,384,NUMBA_PERM,20,10,364.0,403.0,OK
1.0,20,321.7650513232785,393.65412521453754,0.004069875025201035,,384,NUMBA_PERM,20,10,431.0,432.0,OK
1.0,21,321.39981790556106,269.6250170769095,0.005799776657920999,,384,NUMBA_PERM,20,10,296.0,384.0,OK
1.0,22,321.56831018968234,324.11048345589177,0.004945370946078348,,384,NUMBA_PERM,20,10,355.0,384.0,OK
1.0,23,321.3268255506789,266.3704910833328,0.0062450870665089475,,384,NUMBA_PERM,20,10,294.0,384.0,OK
1.0,24,321.5321028462827,319.8972280257319,0.005140297923705342,,384,NUMBA_PERM,20,10,352.0,389.0,OK
1.0,25,321.32324626326954,258.624471033556,0.006241795590373599,,384,NUMBA_PERM,20,10,285.0,384.0,OK
1.0,26,321.6847045104747,371.9593896726627,0.004298869723659954,,384,NUMBA_PERM,20,10,406.0,413.0,OK
1.0,27,321.45777697198423,303.0418461907391,0.0053861968553570875,,384,NUMBA_PERM,20,10,331.0,384.0,OK
1.0,28,321.6600014946232,361.0474149655229,0.004451561671786073,,384,NUMBA_PERM,20,10,396.0,396.0,OK
1.0,29,321.6106344578473,340.1572545928829,0.004753134903479315,,384,NUMBA_PERM,20,10,372.0,403.0,OK
1.0,30,321.319950726318,251.48620561609624,0.006267389684031341,,384,NUMBA_PERM,20,10,277.0,384.0,OK
1.0,31,321.7215410122737,382.94510541140255,0.0042556029535932415,,384,NUMBA_PERM,20,10,419.0,423.0,OK
1.0,32,321.4099969334749,287.58376952858185,0.00574841474795767,,384,NUMBA_PERM,20,10,316.0,384.0,OK
1.0,33,321.4353192211462,284.3833939170017,0.005584710993243641,,384,NUMBA_PERM,20,10,316.0,391.0,OK
1.0,34,321.6047945429223,335.2934583968326,0.004783729023413886,,384,NUMBA_PERM,20,10,371.0,384.0,OK
1.0,35,321.3799662691453,267.0615051438844,0.005851285342016689,,384,NUMBA_PERM,20,10,296.0,384.0,OK
1.0,36,321.3682462273527,267.6779812490997,0.006048807481819933,,384,NUMBA_PERM,20,10,295.0,384.0,OK
1.0,37,321.3276824372504,261.1147348440081,0.006165597126776061,,384,NUMBA_PERM,20,10,286.0,384.0,OK
1.0,38,321.37243200554445,271.4416720659997,0.00597499703935287,,384,NUMBA_PERM,20,10,299.0,384.0,OK
1.0,39,321.66443128668226,358.06584816655277,0.004461660425334086,,384,NUMBA_PERM,20,10,392.0,398.0,OK
1.0,0,322.101805538763,297.10027299572914,0.005254890239155982,,384,NUMBA_PERM,24,12,324.0,384.0,OK
1.0,1,322.07776928384186,290.8828903201529,0.00537334761202933,,384,NUMBA_PERM,24,12,318.0,384.0,OK
1.0,2,321.7853649276887,221.03591591102577,0.007094000693160516,,384,NUMBA_PERM,24,12,241.0,384.0,OK
1.0,3,322.0529143248215,298.87979558340743,0.005554460877091815,,384,NUMBA_PERM,24,12,325.0,384.0,OK
1.0,4,322.15448499279114,319.0027543800114,0.004977117268978657,,384,NUMBA_PERM,24,12,349.0,384.0,OK
1.0,5,322.2651776443467,359.5266228290988,0.004425608109980254,,384,NUMBA_PERM,24,12,393.0,396.0,OK
1.0,6,322.1302141687638,313.66617456471704,0.00512995015226813,,384,NUMBA_PERM,24,12,342.0,384.0,OK
1.0,7,322.1587261405834,315.1818137567368,0.004969782106296795,,384,NUMBA_PERM,24,12,343.0,384.0,OK
1.0,8,322.3834787475624,403.5384739590335,0.004005549582971824,,384,NUMBA_PERM,24,12,443.0,451.0,OK
1.0,9,321.8976547268242,245.84403304402466,0.006476712835498782,,384,NUMBA_PERM,24,12,269.0,384.0,OK
1.0,10,322.3029757116461,365.83984510851553,0.004322514018577493,,384,NUMBA_PERM,24,12,399.0,400.0,OK
1.0,11,322.2800396309598,373.21031807791803,0.00442996270034732,,384,NUMBA_PERM,24,12,406.0,406.0,OK
1.0,12,322.0809412786022,300.5200448127109,0.0052350525710866775,,384,NUMBA_PERM,24,12,328.0,384.0,OK
1.0,13,322.2914137223097,364.3863087097091,0.004348682047806767,,384,NUMBA_PERM,24,12,401.0,401.0,OK
1.0,14,321.9753975162129,269.9985425845034,0.005991286337756584,,384,NUMBA_PERM,24,12,294.0,384.0,OK
1.0,15,322.1573835080291,319.8206695243987,0.004979747734645572,,384,NUMBA_PERM,24,12,346.0,400.0,OK
1.0,16,321.9313402481471,256.51341600180376,0.006297995565423477,,384,NUMBA_PERM,24,12,278.0,384.0,OK
1.0,17,321.78202923376193,215.57681523183197,0.007139503561836706,,384,NUMBA_PERM,24,12,235.0,384.0,OK
1.0,18,322.0901868424484,297.9907276255153,0.005343523556003583,,384,NUMBA_PERM,24,12,325.0,384.0,OK
1.0,19,322.2304142842159,346.05556880892067,0.004657690102535538,,384,NUMBA_PERM,24,12,376.0,384.0,OK
1.0,20,322.00876975713237,276.94082455923194,0.005825947525945736,,384,NUMBA_PERM,24,12,302.0,385.0,OK
1.0,21,322.13385032903176,317.63032023620195,0.005065303109828001,,384,NUMBA_PERM,24,12,349.0,384.0,OK
1.0,22,322.0008744977937,273.11654834209105,0.005853077704750455,,384,NUMBA_PERM,24,12,298.0,384.0,OK
1.0,23,322.39598062154664,411.2122339887613,0.003941303942259303,,384,NUMBA_PERM,24,12,451.0,451.0,OK
1.0,24,321.8738857659285,238.77146752226744,0.00667166806232878,,384,NUMBA_PERM,24,12,261.0,384.0,OK
1.0,25,322.55687750336386,480.484642351541,0.0033534674917536657,,384,NUMBA_PERM,24,12,522.0,522.0,OK
1.0,26,322.1180953868732,312.4627806836194,0.0051945793942756524,,384,NUMBA_PERM,24,12,340.0,384.0,OK
1.0,27,322.1364559952192,311.9361641542495,0.005116357931126252,,384,NUMBA_PERM,24,12,341.0,384.0,OK
1.0,28,322.35038798941383,397.35241935427626,0.004134076883832877,,384,NUMBA_PERM,24,12,434.0,436.0,OK
1.0,29,322.3335889510529,379.65889523270994,0.004147333646547772,,384,NUMBA_PERM,24,12,409.0,409.0,OK
1.0,30,321.93537189241835,247.15254509196524,0.006239185637511817,,384,NUMBA_PERM,24,12,272.0,384.0,OK
1.0,31,321.86254150661034,239.45800104287946,0.006684802182859403,,384,NUMBA_PERM,24,12,261.0,384.0,OK
1.0,32,322.29329061663077,368.60118673465024,0.004372313743941157,,384,NUMBA_PERM,24,12,399.0,418.0,OK
1.0,33,321.98118785421974,270.69389521598185,0.005807074261201745,,384,NUMBA_PERM,24,12,295.0,384.0,OK
1.0,34,322.0446793614721,283.37801841861216,0.005551955651077778,,384,NUMBA_PERM,24,12,308.0,384.0,OK
1.0,35,322.096412153057,310.8369219001114,0.005327427008609257,,384,NUMBA_PERM,24,12,341.0,384.0,OK
1.0,36,322.0984310467129,299.88424864728046,0.005306111364181136,,384,NUMBA_PERM,24,12,329.0,384.0,OK
1.0,37,321.8654181292618,247.3340458016577,0.006650540259155798,,384,NUMBA_PERM,24,12,270.0,384.0,OK
1.0,38,322.3649841508349,397.75399041073825,0.004072689916159616,,384,NUMBA_PERM,24,12,433.0,447.0,OK
1.0,39,322.23112272376557,342.86228470548133,0.00453317905350387,,384,NUMBA_PERM,24,12,371.0,384.0,OK
1.0,0,322.37512881942496,328.75293763742553,0.0047381431418458166,,384,NUMBA_PERM,26,13,361.0,384.0,OK
1.0,1,322.1409403116577,273.70893937263656,0.005981149118416522,,384,NUMBA_PERM,26,13,299.0,384.0,OK
1.0,2,322.2038358031869,294.1912922670362,0.005501615968330459,,384,NUMBA_PERM,26,13,325.0,384.0,OK
1.0,3,322.1204948191806,272.268326215714,0.006126687330437305,,384,NUMBA_PERM,26,13,300.0,384.0,OK
1.0,4,322.39770272407753,361.68886401884305,0.0046203325984697655,,384,NUMBA_PERM,26,13,395.0,401.0,OK
1.0,5,322.4787699665,382.53358327991305,0.004215435018962932,,384,NUMBA_PERM,26,13,421.0,431.0,OK
1.0,6,322.2218595471891,296.78858760355337,0.005487192424284961,,384,NUMBA_PERM,26,13,326.0,384.0,OK
1.0,7,322.06595414442944,260.06129806627223,0.006310836870570022,,384,NUMBA_PERM,26,13,285.0,384.0,OK
1.0,8,322.3082358876115,318.78843384867906,0.004939167149726899,,384,NUMBA_PERM,26,13,348.0,384.0,OK
1.0,9,322.4012827010723,355.780707032161,0.004596190549925929,,384,NUMBA_PERM,26,13,391.0,421.0,OK
1.0,10,322.2312216188889,303.2786265042448,0.00522348530575373,,384,NUMBA_PERM,26,13,334.0,384.0,OK
1.0,11,322.36236686063205,344.6457012146885,0.004782347035815298,,384,NUMBA_PERM,26,13,375.0,384.0,OK
1.0,12,322.31034849926687,321.6233648447454,0.005072608543735077,,384,NUMBA_PERM,26,13,352.0,384.0,OK
1.0,13,322.3924875426728,358.00647127257264,0.004564729741548104,,384,NUMBA_PERM,26,13,390.0,395.0,OK
1.0,14,322.3001874560734,321.84096463674973,0.005119215614881718,,384,NUMBA_PERM,26,13,352.0,390.0,OK
1.0,15,322.133945348624,276.7869876290858,0.005989982368539504,,384,NUMBA_PERM,26,13,305.0,384.0,OK
1.0,16,322.23059213859466,305.36008845005284,0.005457257932026974,,384,NUMBA_PERM,26,13,333.0,384.0,OK
1.0,17,322.3333348063856,331.67452423254826,0.004878457296905968,,384,NUMBA_PERM,26,13,364.0,396.0,OK
1.0,18,322.4745734498736,380.7493099590781,0.004286727551605507,,384,NUMBA_PERM,26,13,415.0,432.0,OK
1.0,19,322.0933451731241,261.6162413664679,0.006036215713088726,,384,NUMBA_PERM,26,13,287.0,384.0,OK
1.0,20,322.16887110193534,282.1895130063861,0.00567518112959693,,384,NUMBA_PERM,26,13,308.0,384.0,OK
1.0,21,322.3602814178025,336.50481460850045,0.004822590370568033,,384,NUMBA_PERM,26,13,369.0,393.0,OK
1.0,22,322.4396478746818,363.38314076765226,0.0044378701402659395,,384,NUMBA_PERM,26,13,403.0,412.0,OK
1.0,23,322.1937462127316,292.59539416568396,0.005665488964003961,,384,NUMBA_PERM,26,13,320.0,384.0,OK
1.0,24,322.41369804853616,357.3453756917331,0.004550487191269691,,384,NUMBA_PERM,26,13,392.0,398.0,OK
1.0,25,322.20717105971363,295.0801104376117,0.00549671150541701,,384,NUMBA_PERM,26,13,324.0,384.0,OK
1.0,26,322.3536608434768,348.47911778609597,0.004752034443483086,,384,NUMBA_PERM,26,13,382.0,406.0,OK
1.0,27,322.29989008815585,314.2547923391087,0.005086882073816326,,384,NUMBA_PERM,26,13,344.0,384.0,OK
1.0,28,322.2618337969506,310.56999636182377,0.0052712046663150715,,384,NUMBA_PERM,26,13,340.0,384.0,OK
1.0,29,322.2263873781495,299.40385864937133,0.005450113109444486,,384,NUMBA_PERM,26,13,328.0,384.0,OK
1.0,30,322.34779517736956,344.10679314343395,0.004831713746468897,,384,NUMBA_PERM,26,13,379.0,398.0,OK
1.0,31,322.2920009244892,315.9193995816901,0.005162834069829214,,384,NUMBA_PERM,26,13,345.0,384.0,OK
1.0,32,322.22671912610167,294.4576307914385,0.0053336741020432645,,384,NUMBA_PERM,26,13,324.0,384.0,OK
1.0,33,322.38533646859986,345.2283789236458,0.004671687353342361,,384,NUMBA_PERM,26,13,377.0,384.0,OK
1.0,34,322.34095611245266,323.8963230986717,0.004918278088417954,,384,NUMBA_PERM,26,13,355.0,399.0,OK
1.0,35,322.1916472266412,287.31045045095453,0.00570418477694445,,384,NUMBA_PERM,26,13,314.0,384.0,OK
1.0,36,322.3016164515227,323.97820722848263,0.005096693294729702,,384,NUMBA_PERM,26,13,359.0,384.0,OK
1.0,37,322.16785678903653,286.7583593197988,0.005713637752534764,,384,NUMBA_PERM,26,13,313.0,384.0,OK
1.0,38,322.0815645440512,263.7839461136442,0.006361391174712493,,384,NUMBA_PERM,26,13,290.0,384.0,OK
1.0,39,322.39411167360726,356.98461274842236,0.004497307994484559,,384,NUMBA_PERM,26,13,390.0,394.0,OK
1.0,0,322.5158499515303,269.93807473037754,0.006172159909928222,,384,NUMBA_PERM,30,15,297.0,384.0,OK
1.0,1,322.5117046862822,268.7291477316401,0.006085640242771741,,384,NUMBA_PERM,30,15,292.0,384.0,OK
1.0,2,322.54689186870206,274.6275645698541,0.006035657640574445,,384,NUMBA_PERM,30,15,299.0,384.0,OK
1.0,3,322.40240599942416,248.59373006433844,0.006857167857403124,,384,NUMBA_PERM,30,15,270.0,384.0,OK
1.0,4,322.42807906412617,248.13823465434905,0.006768895883856861,,384,NUMBA_PERM,30,15,272.0,384.0,OK
1.0,5,322.45947028216284,250.28649600433374,0.006501485900697516,,384,NUMBA_PERM,30,15,279.0,384.0,OK
1.0,6,322.5063430588252,264.12371505352826,0.006212095778461247,,384,NUMBA_PERM,30,15,290.0,384.0,OK
1.0,7,322.60872071732183,289.154303114795,0.005673241788202996,,384,NUMBA_PERM,30,15,315.0,384.0,OK
1.0,8,322.61705379998625,299.39362968110356,0.0056157453466514585,,384,NUMBA_PERM,30,15,327.0,407.0,OK
1.0,9,322.552060263879,274.8438649112488,0.005951231305785714,,384,NUMBA_PERM,30,15,305.0,390.0,OK
1.0,10,322.4719549493995,247.9193776634191,0.006428772483254345,,384,NUMBA_PERM,30,15,272.0,384.0,OK
1.0,11,322.69967912104516,313.32052825350104,0.005182544832101783,,384,NUMBA_PERM,30,15,344.0,392.0,OK
1.0,12,322.6830099027233,313.0583202353047,0.005226596153448115,,384,NUMBA_PERM,30,15,343.0,384.0,OK
1.0,13,322.71727706944716,320.8852472516249,0.005031634808609795,,384,NUMBA_PERM,30,15,354.0,402.0,OK
1.0,14,322.65151615737625,306.9013875482988,0.005422683849924198,,384,NUMBA_PERM,30,15,336.0,384.0,OK
1.0,15,322.3703096001733,232.11296049374494,0.007133528780523486,,384,NUMBA_PERM,30,15,254.0,384.0,OK
1.0,16,322.61862921723986,292.2053800331621,0.005466353642915015,,384,NUMBA_PERM,30,15,324.0,384.0,OK
1.0,17,322.50635450203947,264.75464426032295,0.006249202483290644,,384,NUMBA_PERM,30,15,290.0,384.0,OK
1.0,18,322.4509007447475,256.6067947520997,0.006627897954640125,,384,NUMBA_PERM,30,15,281.0,384.0,OK
1.0,19,322.7410050149772,330.2677305796104,0.004961508688148362,,384,NUMBA_PERM,30,15,360.0,384.0,OK
1.0,20,322.41298066246156,237.55065598979655,0.006831100447161947,,384,NUMBA_PERM,30,15,258.0,384.0,OK
1.0,21,322.3695676465035,233.83167107618732,0.006909346701878098,,384,NUMBA_PERM,30,15,255.0,384.0,OK
1.0,22,322.59980902318796,298.5281786437549,0.00563151371151111,,384,NUMBA_PERM,30,15,326.0,384.0,OK
1.0,23,322.43454493246736,247.09958815720742,0.006498796865696659,,384,NUMBA_PERM,30,15,271.0,384.0,OK
1.0,24,322.56875544336987,277.9677741133968,0.005843362694954125,,384,NUMBA_PERM,30,15,302.0,384.0,OK
1.0,25,322.5370973497523,272.9613291844921,0.006087060659724976,,384,NUMBA_PERM,30,15,299.0,384.0,OK
1.0,26,322.5684429438794,278.6287547554665,0.005916366960932118,,384,NUMBA_PERM,30,15,307.0,384.0,OK
1.0,27,322.53435130525065,262.9930839138888,0.006064918063327443,,384,NUMBA_PERM,30,15,289.0,384.0,OK
1.0,28,322.5797442811728,283.17283821449587,0.0057488113876477676,,384,NUMBA_PERM,30,15,311.0,384.0,OK
1.0,29,322.6122973560016,291.97822386808235,0.005647842258261375,,384,NUMBA_PERM,30,15,323.0,384.0,OK
1.0,30,322.5994540555438,286.1304148719695,0.005597245329507561,,384,NUMBA_PERM,30,15,313.0,384.0,OK
1.0,31,322.4865529911592,270.008319802638,0.006339335456556825,,384,NUMBA_PERM,30,15,297.0,384.0,OK
1.0,32,322.528779557578,275.14525684743796,0.006024627541964125,,384,NUMBA_PERM,30,15,304.0,384.0,OK
1.0,33,322.5470264099668,278.04129996216506,0.006001183893838168,,384,NUMBA_PERM,30,15,308.0,384.0,OK
1.0,34,322.7841531039202,340.51645761412357,0.004742087106534772,,384,NUMBA_PERM,30,15,375.0,402.0,OK
1.0,35,322.51270943480836,271.41957113897047,0.006117070674202456,,384,NUMBA_PERM,30,15,298.0,384.0,OK
1.0,36,322.47193785453493,257.20279995899455,0.006504166752241398,,384,NUMBA_PERM,30,15,282.0,384.0,OK
1.0,37,322.5342524865488,277.2248051097911,0.005966340171048724,,384,NUMBA_PERM,30,15,303.0,384.0,OK
1.0,38,322.5982350295932,283.398397822759,0.00568059661469273,,384,NUMBA_PERM,30,15,312.0,384.0,OK
1.0,39,322.6271585117163,301.1978961931138,0.005455993047609133,,384,NUMBA_PERM,30,15,329.0,384.0,OK
1.0,0,322.53260427907173,253.75333689035855,0.006395106220180829,,384,NUMBA_PERM,34,17,276.0,384.0,OK
1.0,1,322.7727962339919,321.982326388712,0.004948588706841029,,384,NUMBA_PERM,34,17,355.0,403.0,OK
1.0,2,322.8380636218111,349.0473535657397,0.004639310646978062,,384,NUMBA_PERM,34,17,382.0,397.0,OK
1.0,3,322.73782369184374,311.77122945633687,0.005178728817350334,,384,NUMBA_PERM,34,17,342.0,394.0,OK
1.0,4,322.8597425807611,357.101805470829,0.004498980276488312,,384,NUMBA_PERM,34,17,391.0,409.0,OK
1.0,5,322.7700131654668,338.5781818785407,0.005025345563362855,,384,NUMBA_PERM,34,17,369.0,384.0,OK
1.0,6,322.7934815430768,331.9697169158167,0.004926807377418968,,384,NUMBA_PERM,34,17,363.0,384.0,OK
1.0,7,322.5691221546863,272.7390919282085,0.006112901168845826,,384,NUMBA_PERM,34,17,302.0,384.0,OK
1.0,8,322.6810453050643,292.253161791455,0.005512456066206567,,384,NUMBA_PERM,34,17,320.0,384.0,OK
1.0,9,322.51357152055385,252.77392747102203,0.006408463098655824,,384,NUMBA_PERM,34,17,278.0,384.0,OK
1.0,10,322.43960248191473,238.5428727748686,0.00699248781690948,,384,NUMBA_PERM,34,17,263.0,384.0,OK
1.0,11,322.8118888912912,332.42175016316287,0.004833236901235319,,384,NUMBA_PERM,34,17,365.0,417.0,OK
1.0,12,322.6209868896122,279.5864139502648,0.005764032172963321,,384,NUMBA_PERM,34,17,308.0,384.0,OK
1.0,13,322.76259568547533,317.3813747695797,0.0050545057261767055,,384,NUMBA_PERM,34,17,349.0,384.0,OK
1.0,14,322.6382397498564,287.5413913712815,0.005753291488358091,,384,NUMBA_PERM,34,17,315.0,384.0,OK
1.0,15,322.8893467518135,369.55873563248747,0.004426494898897505,,384,NUMBA_PERM,34,17,404.0,428.0,OK
1.0,16,322.51777752892457,257.85403765155786,0.006395359487203854,,384,NUMBA_PERM,34,17,281.0,384.0,OK
1.0,17,322.56310208873583,269.24776384920017,0.0060841545993504465,,384,NUMBA_PERM,34,17,296.0,384.0,OK
1.0,18,322.56561653070634,264.6682599943921,0.006012259209037752,,384,NUMBA_PERM,34,17,291.0,384.0,OK
1.0,19,322.73961283819654,322.7453684693431,0.005026268833722286,,384,NUMBA_PERM,34,17,352.0,397.0,OK
1.0,20,322.65592819754215,292.09686796108133,0.005607616860499857,,384,NUMBA_PERM,34,17,320.0,384.0,OK
1.0,21,322.46779123432367,233.11872841768607,0.006757129362627628,,384,NUMBA_PERM,34,17,256.0,384.0,OK
1.0,22,322.5787190231814,272.1064165222874,0.006110715575981593,,384,NUMBA_PERM,34,17,301.0,413.0,OK
1.0,23,322.72869124304907,317.979543984315,0.0052248862379467905,,384,NUMBA_PERM,34,17,349.0,385.0,OK
1.0,24,322.41025171387906,230.09473626996888,0.007140757505199163,,384,NUMBA_PERM,34,17,252.0,384.0,OK
1.0,25,322.7125598524649,293.04451540046864,0.0052246832755707805,,384,NUMBA_PERM,34,17,320.0,384.0,OK
1.0,26,322.68426286496236,298.85948229579685,0.005461082087110757,,384,NUMBA_PERM,34,17,327.0,388.0,OK
1.0,27,322.7483292768582,305.34988871708515,0.005156301675729814,,384,NUMBA_PERM,34,17,336.0,384.0,OK
1.0,28,322.83351558408873,339.4322187109914,0.004705268251527554,,384,NUMBA_PERM,34,17,370.0,393.0,OK
1.0,29,322.51621093349127,254.4171850020156,0.006417072063512562,,384,NUMBA_PERM,34,17,278.0,384.0,OK
1.0,30,322.5634993298514,263.1326874962251,0.0061124829092763615,,384,NUMBA_PERM,34,17,288.0,384.0,OK
1.0,31,322.78465968176954,328.3268484010297,0.0049203471795232325,,384,NUMBA_PERM,34,17,360.0,391.0,OK
1.0,32,322.5671040664721,265.00771674022326,0.005952040476490207,,384,NUMBA_PERM,34,17,287.0,384.0,OK
1.0,33,322.67697617200344,299.6880732112461,0.005454814197575664,,384,NUMBA_PERM,34,17,332.0,384.0,OK
1.0,34,322.65241154102216,296.37328482800376,0.005576836151282579,,384,NUMBA_PERM,34,17,323.0,384.0,OK
1.0,35,322.78220721994586,336.9279414723418,0.004907713797166514,,384,NUMBA_PERM,34,17,370.0,407.0,OK
1.0,36,322.50292088443604,254.96869462052345,0.006535524275648848,,384,NUMBA_PERM,34,17,281.0,384.0,OK
1.0,37,322.62893861438613,275.7779732101325,0.0057675100023489075,,384,NUMBA_PERM,34,17,301.0,399.0,OK
1.0,38,322.64665761243805,284.66924163621417,0.005700977908262017,,384,NUMBA_PERM,34,17,314.0,384.0,OK
1.0,39,322.61838827049655,288.2011447027269,0.0057397229078785215,,384,NUMBA_PERM,34,17,314.0,384.0,OK
1.0,0,323.062461110631,175.84551917800562,0.040109068669534745,8192,8192,canonical_unconfined_SIS,inf,0,,,
1.0,1,323.16701267946183,159.05532413520683,0.04373498242241628,8192,8192,canonical_unconfined_SIS,inf,0,,,
1.0,2,322.968606951394,276.19987049919456,0.02067389516550875,8192,8192,canonical_unconfined_SIS,inf,0,,,
1.0,3,322.99376948432496,168.00732543006978,0.0380667910196759,8192,8192,canonical_unconfined_SIS,inf,0,,,
1.0,4,323.17132681796437,113.24865176116006,0.06766171425331108,8192,8192,canonical_unconfined_SIS,inf,0,,,
1.0,5,323.02488593256004,250.6726808630721,0.022445095537134946,8192,8192,canonical_unconfined_SIS,inf,0,,,
1.0,6,323.05644460104514,156.31665024814126,0.05197084239405414,8192,8192,canonical_unconfined_SIS,inf,0,,,
1.0,7,323.02220610710515,283.74838214942537,0.01651395198015397,8192,8192,canonical_unconfined_SIS,inf,0,,,
1.0,8,323.06573479737057,175.9194546143088,0.0338300807884267,8192,8192,canonical_unconfined_SIS,inf,0,,,
1.0,9,322.9668812850478,265.4782981642488,0.02181846526827346,8192,8192,canonical_unconfined_SIS,inf,0,,,
1.0,10,323.10277695155537,222.5807779097599,0.026638941645633997,8192,8192,canonical_unconfined_SIS,inf,0,,,
1.0,11,322.9638755962148,316.7529695470986,0.021327267605713487,8192,8192,canonical_unconfined_SIS,inf,0,,,
1.0,12,323.07799880195165,195.6849216572692,0.042082887983110495,8192,8192,canonical_unconfined_SIS,inf,0,,,
1.0,13,323.0554937436947,221.1456745020869,0.02514044731823352,8192,8192,canonical_unconfined_SIS,inf,0,,,
1.0,14,323.1906190248377,186.0476873738408,0.027275392877881843,8192,8192,canonical_unconfined_SIS,inf,0,,,
1.0,15,323.0787610685252,228.7886438464889,0.023839985913816905,8192,8192,canonical_unconfined_SIS,inf,0,,,
1.0,16,323.08953824038736,248.34467244863967,0.027920454890345493,8192,8192,canonical_unconfined_SIS,inf,0,,,
1.0,17,323.1095337354356,263.8043209331245,0.03456596194877569,8192,8192,canonical_unconfined_SIS,inf,0,,,
1.0,18,323.151110046315,199.94282921929,0.03356280421441723,8192,8192,canonical_unconfined_SIS,inf,0,,,
1.0,19,322.97450538401563,312.9333780504379,0.01935618162161353,8192,8192,canonical_unconfined_SIS,inf,0,,,
1.0,20,323.06852159072696,118.39795696123633,0.07381722965660804,8192,8192,canonical_unconfined_SIS,inf,0,,,
1.0,21,323.14138511002653,167.81706467574458,0.03780817595354939,8192,8192,canonical_unconfined_SIS,inf,0,,,
1.0,22,323.1240863854936,215.3689638933442,0.03639278213113387,8192,8192,canonical_unconfined_SIS,inf,0,,,
1.0,23,323.05688127582465,334.24529834007325,0.016471733204147913,8192,8192,canonical_unconfined_SIS,inf,0,,,
1.0,24,323.1248365343108,118.77593946204699,0.06828875475377177,8192,8192,canonical_unconfined_SIS,inf,0,,,
1.0,25,322.8522292725434,441.63888743077655,0.009003045984991397,8192,8192,canonical_unconfined_SIS,inf,0,,,
1.0,26,323.1034248672748,154.8466053042683,0.053411084546020414,8192,8192,canonical_unconfined_SIS,inf,0,,,
1.0,27,323.0925339415797,228.3620904262334,0.03290745199217496,8192,8192,canonical_unconfined_SIS,inf,0,,,
1.0,28,323.0741388615882,228.02054870211006,0.033696555809624225,8192,8192,canonical_unconfined_SIS,inf,0,,,
1.0,29,323.0530090684532,285.99603929999125,0.025373672667946923,8192,8192,canonical_unconfined_SIS,inf,0,,,
1.0,30,323.1318384710444,218.15204332866438,0.027534533586596466,8192,8192,canonical_unconfined_SIS,inf,0,,,
1.0,31,323.07996733888024,190.66541945628245,0.03506273819306982,8192,8192,canonical_unconfined_SIS,inf,0,,,
1.0,32,323.1364976594997,305.15156560590333,0.01792993449151739,8192,8192,canonical_unconfined_SIS,inf,0,,,
1.0,33,323.18123450558073,129.70604079851793,0.0581827138471622,8192,8192,canonical_unconfined_SIS,inf,0,,,
1.0,34,323.0532134752156,265.4736017787063,0.019444611286127945,8192,8192,canonical_unconfined_SIS,inf,0,,,
1.0,35,323.17280619211414,92.66051685531568,0.07224271085638412,8192,8192,canonical_unconfined_SIS,inf,0,,,
1.0,36,322.9725210417683,143.1976959017595,0.06728077118980075,8192,8192,canonical_unconfined_SIS,inf,0,,,
1.0,37,323.0980612674699,219.655949921372,0.030271268479544804,8192,8192,canonical_unconfined_SIS,inf,0,,,
1.0,38,322.98476182929005,313.0565828427866,0.016624088408613576,8192,8192,canonical_unconfined_SIS,inf,0,,,
1.0,39,323.0817857645162,200.83424733764014,0.04474474749917147,8192,8192,canonical_unconfined_SIS,inf,0,,,
1.0,40,323.0576876218044,242.9891633994377,0.02428456251153009,8192,8192,canonical_unconfined_SIS,inf,0,,,
1.0,41,323.2622267489339,123.80373702645136,0.05556706571100103,8192,8192,canonical_unconfined_SIS,inf,0,,,
1.0,42,323.096764693962,242.78320555064275,0.026234696786823584,8192,8192,canonical_unconfined_SIS,inf,0,,,
1.0,43,323.04829024316507,258.6727125906455,0.01980388679104443,8192,8192,canonical_unconfined_SIS,inf,0,,,
1.0,44,323.03796979830247,294.33066893846313,0.017514603554707058,8192,8192,canonical_unconfined_SIS,inf,0,,,
1.0,45,323.13170288929837,149.09423572278587,0.04360060437156435,8192,8192,canonical_unconfined_SIS,inf,0,,,
1.0,46,323.19926494701616,110.5811689956029,0.05776077021380484,8192,8192,canonical_unconfined_SIS,inf,0,,,
1.0,47,323.0247483964856,258.9862327896903,0.02320726123447428,8192,8192,canonical_unconfined_SIS,inf,0,,,
1.0,48,323.1870447919961,170.21630010528412,0.03969227467462101,8192,8192,canonical_unconfined_SIS,inf,0,,,
1.0,49,322.98824450380243,258.76301919919945,0.03431331440635566,8192,8192,canonical_unconfined_SIS,inf,0,,,
1.0,50,323.1508249888899,166.12149582130473,0.03405692440271066,8192,8192,canonical_unconfined_SIS,inf,0,,,
1.0,51,323.08946381373676,184.11737432723748,0.03832925941625893,8192,8192,canonical_unconfined_SIS,inf,0,,,
1.0,52,322.96853793522877,301.26339294972325,0.02381886814624759,8192,8192,canonical_unconfined_SIS,inf,0,,,
1.0,53,322.98885676362175,240.15507899399375,0.030535437323108136,8192,8192,canonical_unconfined_SIS,inf,0,,,
1.0,54,323.00335338862686,284.19230345227425,0.025252166472423336,8192,8192,canonical_unconfined_SIS,inf,0,,,
1.0,55,323.003707758866,230.06884445500972,0.023782005318880285,8192,8192,canonical_unconfined_SIS,inf,0,,,
1.0,56,323.0807101259666,260.8332711804323,0.023094977831275374,8192,8192,canonical_unconfined_SIS,inf,0,,,
1.0,57,323.0511730969932,222.36027938700528,0.0320562377369349,8192,8192,canonical_unconfined_SIS,inf,0,,,
1.0,58,323.0563053115533,284.6108749116742,0.01911105477717149,8192,8192,canonical_unconfined_SIS,inf,0,,,
1.0,59,323.1157456767615,205.7602884929776,0.03239391332343069,8192,8192,canonical_unconfined_SIS,inf,0,,,
1.0,60,323.1858520615924,164.96613359710474,0.053729837494105474,8192,8192,canonical_unconfined_SIS,inf,0,,,
1.0,61,322.96350332547485,206.16247407951096,0.03840508791027818,8192,8192,canonical_unconfined_SIS,inf,0,,,
1.0,62,323.1561405795492,222.61885258902745,0.026115216462437186,8192,8192,canonical_unconfined_SIS,inf,0,,,
1.0,63,323.0219960931925,264.5784405722691,0.03336125288113958,8192,8192,canonical_unconfined_SIS,inf,0,,,
