N_minus,L_center_minus,L_state_minus,side_minus,block_id,Rg_minus,Rg_err_minus,realized_L_over_Rg_minus,logZ_minus,ESS_minus,max_weight_fraction_minus,population_ratio_minus,final_population_minus,prune_deaths_minus,clone_events_minus,overflow_events_minus,roots_per_block_minus,runtime_seconds_minus,N_plus,L_center_plus,L_state_plus,side_plus,Rg_plus,Rg_err_plus,realized_L_over_Rg_plus,logZ_plus,ESS_plus,max_weight_fraction_plus,population_ratio_plus,final_population_plus,prune_deaths_plus,clone_events_plus,overflow_events_plus,roots_per_block_plus,runtime_seconds_plus,deltaF_widen_block,force_block,fRg_block,N,L_center,target_L_over_Rg,realized_L_over_Rg,Rg,delta_L
100,4,2,minus,0,4.543427958817402,0.0072314786271316,0.8803925221785954,130.23328988552242,201.67990316457937,0.008000195773068175,0.8671875,222,168,134,0,256,4.4328062489999525,100,4,6,plus,4.543427958817402,0.0072314786271316,0.8803925221785954,168.86649617666419,181.07316861470807,0.00894410965746031,0.77734375,199,343,286,0,256,0.06902828199997657,38.63320629114176,9.65830157278544,43.88179740048346,100,4,1.0,0.8803925221785954,4.543427958817402,2
100,4,2,minus,1,4.543427958817402,0.0072314786271316,0.8803925221785954,130.3317195148441,226.44619975192742,0.007260284256185377,0.96875,248,170,162,0,256,4.502454364000016,100,4,6,plus,4.543427958817402,0.0072314786271316,0.8803925221785954,169.18894091115996,242.49120170138315,0.006444681972772509,1.05078125,269,336,349,0,256,0.07447437399997625,38.85722139631585,9.714305349078963,44.1362465234948,100,4,1.0,0.8803925221785954,4.543427958817402,2
100,4,2,minus,2,4.543427958817402,0.0072314786271316,0.8803925221785954,130.29828357860953,215.64342318900782,0.007484034859253751,0.93359375,239,148,131,0,256,0.0833626410000079,100,4,6,plus,4.543427958817402,0.0072314786271316,0.8803925221785954,168.98236786624824,205.56275866910107,0.007893298248191623,0.87890625,225,332,301,0,256,0.06973546500000793,38.68408428763871,9.671021071909678,43.93958752842667,100,4,1.0,0.8803925221785954,4.543427958817402,2
100,4,2,minus,3,4.543427958817402,0.0072314786271316,0.8803925221785954,130.24441793437046,201.69421346008193,0.007752248581109062,0.8671875,222,182,148,0,256,0.08101275100000294,100,4,6,plus,4.543427958817402,0.0072314786271316,0.8803925221785954,168.878939073911,186.68561155851648,0.00867783503529917,0.8125,208,327,279,0,256,0.07045640500001582,38.63452113954054,9.658630284885135,43.883290880227605,100,4,1.0,0.8803925221785954,4.543427958817402,2
100,4,2,minus,4,4.543427958817402,0.0072314786271316,0.8803925221785954,130.28050434286263,210.4215686608627,0.007582408234363804,0.9140625,234,156,134,0,256,0.07704593099998647,100,4,6,plus,4.543427958817402,0.0072314786271316,0.8803925221785954,168.83847314849947,176.45162271178165,0.009118198854729668,0.765625,196,311,251,0,256,0.06985533600004601,38.55796880563685,9.639492201409212,43.796338376684915,100,4,1.0,0.8803925221785954,4.543427958817402,2
100,4,2,minus,5,4.543427958817402,0.0072314786271316,0.8803925221785954,130.37639761687308,229.95975366968062,0.006893204753181728,0.9921875,254,148,146,0,256,0.07661600500000532,100,4,6,plus,4.543427958817402,0.0072314786271316,0.8803925221785954,168.9131287624982,191.2907484432224,0.008272651960811925,0.8203125,210,329,283,0,256,0.07184645099999898,38.53673114562511,9.634182786406278,43.77221543211562,100,4,1.0,0.8803925221785954,4.543427958817402,2
100,4,2,minus,6,4.543427958817402,0.0072314786271316,0.8803925221785954,130.2321616572416,213.79133417683656,0.007920820315522938,0.9140625,234,168,146,0,256,0.07675418700000591,100,4,6,plus,4.543427958817402,0.0072314786271316,0.8803925221785954,169.07357054541458,223.69805635619684,0.007278134754078528,0.96875,248,333,325,0,256,0.07473540900002718,38.84140888817299,9.710352222043248,44.11828577559598,100,4,1.0,0.8803925221785954,4.543427958817402,2
100,4,2,minus,7,4.543427958817402,0.0072314786271316,0.8803925221785954,130.31115205882702,218.68190280964467,0.007113338249357275,0.93359375,239,158,141,0,256,0.0765851119999752,100,4,6,plus,4.543427958817402,0.0072314786271316,0.8803925221785954,169.19078300090754,255.35437926045313,0.006468528773725815,1.08203125,277,361,382,0,256,0.07589809299997796,38.879630942080524,9.719907735520131,44.161700562687706,100,4,1.0,0.8803925221785954,4.543427958817402,2
100,4,2,minus,8,4.543427958817402,0.0072314786271316,0.8803925221785954,130.34842031851045,226.41955665542284,0.007049678366101057,0.96484375,247,165,156,0,256,0.07733564399995885,100,4,6,plus,4.543427958817402,0.0072314786271316,0.8803925221785954,168.95773242067668,200.88764120590193,0.008160650689170264,0.85546875,219,356,319,0,256,0.07232635299999401,38.60931210216623,9.652328025541557,43.85465701892228,100,4,1.0,0.8803925221785954,4.543427958817402,2
100,4,2,minus,9,4.543427958817402,0.0072314786271316,0.8803925221785954,130.3289235535438,220.3932420676842,0.007129892815979193,0.9453125,242,171,157,0,256,0.07943142899995337,100,4,6,plus,4.543427958817402,0.0072314786271316,0.8803925221785954,169.30952718935941,280.6782171527608,0.005752282269968633,1.21875,312,321,377,0,256,0.07742977899999914,38.98060363581561,9.745150908953903,44.276391102635976,100,4,1.0,0.8803925221785954,4.543427958817402,2
100,4,2,minus,10,4.543427958817402,0.0072314786271316,0.8803925221785954,130.2700962048852,200.40999759040506,0.007614620475796486,0.8671875,222,157,123,0,256,0.07473068199999489,100,4,6,plus,4.543427958817402,0.0072314786271316,0.8803925221785954,169.06966912417874,219.70367132599455,0.007307496284251277,0.953125,244,341,329,0,256,0.07129098800004385,38.79957291929355,9.699893229823388,44.07076609792321,100,4,1.0,0.8803925221785954,4.543427958817402,2
100,4,2,minus,11,4.543427958817402,0.0072314786271316,0.8803925221785954,130.24043496278452,205.20237865254146,0.007595211806419559,0.87109375,223,166,133,0,256,0.07527881900000466,100,4,6,plus,4.543427958817402,0.0072314786271316,0.8803925221785954,168.8083820502444,173.44249996241123,0.009492605045174565,0.734375,188,314,246,0,256,0.06806808999999703,38.567947087459885,9.641986771864971,43.807672277838854,100,4,1.0,0.8803925221785954,4.543427958817402,2
100,4,2,minus,12,4.543427958817402,0.0072314786271316,0.8803925221785954,130.38507244278887,237.3521220944473,0.006853318850110578,1.015625,260,140,144,0,256,0.07746695899999168,100,4,6,plus,4.543427958817402,0.0072314786271316,0.8803925221785954,168.9679027994684,207.4015247633785,0.008013636911827115,0.89453125,229,317,290,0,256,0.06914319400004842,38.58283035667952,9.64570758916988,43.82457754321163,100,4,1.0,0.8803925221785954,4.543427958817402,2
100,4,2,minus,13,4.543427958817402,0.0072314786271316,0.8803925221785954,130.10019562177035,176.22596020522127,0.008940933760246664,0.75,192,182,118,0,256,0.07303291400000944,100,4,6,plus,4.543427958817402,0.0072314786271316,0.8803925221785954,168.61487562147198,149.00727670974462,0.011114881893074838,0.64453125,165,338,247,0,256,0.06655804599995463,38.51467999970163,9.628669999925407,43.74716848388744,100,4,1.0,0.8803925221785954,4.543427958817402,2
100,4,2,minus,14,4.543427958817402,0.0072314786271316,0.8803925221785954,130.35659906455004,227.54429944218228,0.007102118837229065,0.9765625,250,163,157,0,256,0.0767111130000444,100,4,6,plus,4.543427958817402,0.0072314786271316,0.8803925221785954,169.03870502063157,215.3892942037612,0.0073425603345489655,0.921875,236,311,291,0,256,0.07268021100003352,38.68210595608153,9.670526489020382,43.93734042669949,100,4,1.0,0.8803925221785954,4.543427958817402,2
100,4,2,minus,15,4.543427958817402,0.0072314786271316,0.8803925221785954,130.37958755039963,240.61827307093435,0.006929288003293199,1.03515625,265,161,170,0,256,0.07855618299998923,100,4,6,plus,4.543427958817402,0.0072314786271316,0.8803925221785954,168.95210927752296,196.85729723113002,0.008218812237624502,0.83984375,215,331,290,0,256,0.06871554299999616,38.57252172712333,9.643130431780833,43.81286841427596,100,4,1.0,0.8803925221785954,4.543427958817402,2
100,4,2,minus,16,4.543427958817402,0.0072314786271316,0.8803925221785954,130.29606937023294,211.36213477842153,0.007540970157600754,0.91015625,233,173,150,0,256,0.07368864199997915,100,4,6,plus,4.543427958817402,0.0072314786271316,0.8803925221785954,169.0789572800434,222.95890106491134,0.007036411328678188,0.9453125,242,355,341,0,256,0.07220342899995558,38.782887909810455,9.695721977452614,44.05181431327855,100,4,1.0,0.8803925221785954,4.543427958817402,2
100,4,2,minus,17,4.543427958817402,0.0072314786271316,0.8803925221785954,130.32990063359577,219.6511327080019,0.0072390930873881,0.9453125,242,154,140,0,256,0.07430240000002186,100,4,6,plus,4.543427958817402,0.0072314786271316,0.8803925221785954,168.9695412516703,206.1873441385594,0.00789188380010415,0.875,224,326,294,0,256,0.07027280400001246,38.63964061807454,9.659910154518634,43.88910587570409,100,4,1.0,0.8803925221785954,4.543427958817402,2
100,4,2,minus,18,4.543427958817402,0.0072314786271316,0.8803925221785954,130.4292236102568,245.48650193818688,0.006607469939386681,1.0546875,270,155,169,0,256,0.07693339900004048,100,4,6,plus,4.543427958817402,0.0072314786271316,0.8803925221785954,168.84491086204386,178.09983065017295,0.009142373590462643,0.76171875,195,332,271,0,256,0.06909884099997043,38.41568725178706,9.603921812946766,43.63472687923864,100,4,1.0,0.8803925221785954,4.543427958817402,2
100,4,2,minus,19,4.543427958817402,0.0072314786271316,0.8803925221785954,130.1317926737154,185.2434383902483,0.008857224241890718,0.79296875,203,167,114,0,256,0.07353454699995154,100,4,6,plus,4.543427958817402,0.0072314786271316,0.8803925221785954,169.0323398560287,223.51688769570785,0.00751585823839676,0.953125,244,350,338,0,256,0.07177230899998222,38.90054718231329,9.725136795578322,44.18545842035442,100,4,1.0,0.8803925221785954,4.543427958817402,2
100,6,4,minus,0,4.543427958817402,0.0072314786271316,1.320588783267893,162.53249344877037,171.4850978050183,0.010127340029182618,0.74609375,191,297,232,0,256,0.0717089709999641,100,6,8,plus,4.543427958817402,0.0072314786271316,1.320588783267893,171.39630585731692,217.98681007609872,0.00760073297651968,0.92578125,237,251,232,0,256,0.07331292000003486,8.86381240854655,2.2159531021366377,10.068023279675753,100,6,1.4,1.320588783267893,4.543427958817402,2
100,6,4,minus,1,4.543427958817402,0.0072314786271316,1.320588783267893,162.7963985092719,218.32840000305572,0.007860844863854948,0.94921875,243,312,299,0,256,0.07711652099999355,100,6,8,plus,4.543427958817402,0.0072314786271316,1.320588783267893,171.29124897653494,186.43004287760496,0.00845929514207619,0.80078125,205,255,204,0,256,0.06829873200001657,8.494850467263035,2.1237126168157587,9.648935279733985,100,6,1.4,1.320588783267893,4.543427958817402,2
100,6,4,minus,2,4.543427958817402,0.0072314786271316,1.320588783267893,162.71338105385533,204.36684462542945,0.008386748299090911,0.88671875,227,289,260,0,256,0.07542924099999482,100,6,8,plus,4.543427958817402,0.0072314786271316,1.320588783267893,171.22155574785407,184.05736103087276,0.009128310950584535,0.796875,204,254,202,0,256,0.07187060100000053,8.50817469399874,2.127043673499685,9.664069695804141,100,6,1.4,1.320588783267893,4.543427958817402,2
100,6,4,minus,3,4.543427958817402,0.0072314786271316,1.320588783267893,162.85410286959453,233.54377140871654,0.007212013771360845,1.02734375,263,310,317,0,256,0.07821013399995991,100,6,8,plus,4.543427958817402,0.0072314786271316,1.320588783267893,171.39206554993524,205.5707670473644,0.007669610306763991,0.87890625,225,264,233,0,256,0.07131941700004063,8.537962680340712,2.134490670085178,9.697904588299888,100,6,1.4,1.320588783267893,4.543427958817402,2
100,6,4,minus,4,4.543427958817402,0.0072314786271316,1.320588783267893,162.71619398154564,207.92260805883032,0.008287767495713678,0.90625,232,318,294,0,256,0.07447132199996531,100,6,8,plus,4.543427958817402,0.0072314786271316,1.320588783267893,171.54160357155004,245.49943466121607,0.00660457709368757,1.0546875,270,244,258,0,256,0.07478085700000747,8.825409590004398,2.2063523975010995,10.0244031698103,100,6,1.4,1.320588783267893,4.543427958817402,2
100,6,4,minus,5,4.543427958817402,0.0072314786271316,1.320588783267893,162.64047848128882,195.57790694001653,0.009109318620167095,0.85546875,219,295,258,0,256,0.07519780400002674,100,6,8,plus,4.543427958817402,0.0072314786271316,1.320588783267893,171.2286213412043,180.07028621217756,0.008929121913180104,0.77734375,199,253,196,0,256,0.07167052899995952,8.588142859915479,2.1470357149788697,9.754902096014506,100,6,1.4,1.320588783267893,4.543427958817402,2
100,6,4,minus,6,4.543427958817402,0.0072314786271316,1.320588783267893,162.7431788667905,220.3856100040418,0.007902605837635742,0.9453125,242,308,294,0,256,0.08037805100002515,100,6,8,plus,4.543427958817402,0.0072314786271316,1.320588783267893,171.34601576667362,203.81900636693845,0.008036269791576801,0.87890625,225,251,220,0,256,0.07119445099999666,8.60283689988313,2.1507092249707824,9.771592424018758,100,6,1.4,1.320588783267893,4.543427958817402,2
100,6,4,minus,7,4.543427958817402,0.0072314786271316,1.320588783267893,162.51401282775066,179.53757304766148,0.00983571675738927,0.76171875,195,323,262,0,256,0.07570344300000897,100,6,8,plus,4.543427958817402,0.0072314786271316,1.320588783267893,171.31435648630662,192.4622963077961,0.007974757806809521,0.82421875,211,264,219,0,256,0.06993703799997775,8.80034365855596,2.20008591463899,9.995931856371143,100,6,1.4,1.320588783267893,4.543427958817402,2
100,6,4,minus,8,4.543427958817402,0.0072314786271316,1.320588783267893,162.8921676340857,246.81920340768613,0.0070627114913306395,1.0625,272,306,322,0,256,0.07738281500002131,100,6,8,plus,4.543427958817402,0.0072314786271316,1.320588783267893,171.61407486734817,253.0029787615255,0.0061522783609120136,1.08984375,279,251,274,0,256,0.07549163499999167,8.72190723326247,2.1804768083156176,9.906839294454109,100,6,1.4,1.320588783267893,4.543427958817402,2
100,6,4,minus,9,4.543427958817402,0.0072314786271316,1.320588783267893,162.68154951678264,203.52576724738225,0.008749028632921948,0.87890625,225,312,281,0,256,0.07570099099996241,100,6,8,plus,4.543427958817402,0.0072314786271316,1.320588783267893,171.24016106132927,177.32567645988053,0.008956362020372149,0.76171875,195,267,206,0,256,0.07056013900000835,8.558611544546636,2.139652886136659,9.721358745037643,100,6,1.4,1.320588783267893,4.543427958817402,2
100,6,4,minus,10,4.543427958817402,0.0072314786271316,1.320588783267893,162.7104025403537,209.43216460881254,0.008413909868477096,0.8984375,230,296,270,0,256,0.07594383700001117,100,6,8,plus,4.543427958817402,0.0072314786271316,1.320588783267893,171.21376135774668,169.33787373662574,0.009072767619377033,0.7265625,186,265,195,0,256,0.06794616499996664,8.503358817392979,2.1258397043482447,9.658599548699934,100,6,1.4,1.320588783267893,4.543427958817402,2
100,6,4,minus,11,4.543427958817402,0.0072314786271316,1.320588783267893,162.61822354480307,186.4269130573085,0.009340846172899748,0.80078125,205,297,246,0,256,0.07064673899998297,100,6,8,plus,4.543427958817402,0.0072314786271316,1.320588783267893,171.38093032132065,198.97386232371332,0.007739986918463704,0.86328125,221,262,227,0,256,0.07133783500000845,8.762706776517575,2.190676694129394,9.953181740837165,100,6,1.4,1.320588783267893,4.543427958817402,2
100,6,4,minus,12,4.543427958817402,0.0072314786271316,1.320588783267893,162.78039793418336,218.44755665016095,0.007769557047704072,0.94140625,241,287,272,0,256,0.07547684200000049,100,6,8,plus,4.543427958817402,0.0072314786271316,1.320588783267893,171.34662492572238,200.34685876149126,0.007983749699880074,0.859375,220,263,227,0,256,0.06977456999999276,8.566226991539025,2.1415567478847564,9.730008803733671,100,6,1.4,1.320588783267893,4.543427958817402,2
100,6,4,minus,13,4.543427958817402,0.0072314786271316,1.320588783267893,162.67895734124107,200.3703380080846,0.008833716636184574,0.87109375,223,303,270,0,256,0.0746651719999818,100,6,8,plus,4.543427958817402,0.0072314786271316,1.320588783267893,171.30220756066376,191.6810513342527,0.00830131519997451,0.8203125,210,268,222,0,256,0.06980922600001804,8.623250219422687,2.1558125548556717,9.794779035700833,100,6,1.4,1.320588783267893,4.543427958817402,2
100,6,4,minus,14,4.543427958817402,0.0072314786271316,1.320588783267893,162.70211691873385,211.1001632169804,0.00793398101400747,0.91015625,233,286,263,0,256,0.07457400200001985,100,6,8,plus,4.543427958817402,0.0072314786271316,1.320588783267893,171.20088683364844,174.40212266710918,0.00906806771468686,0.75390625,193,283,220,0,256,0.06910269799999469,8.49876991491459,2.1246924787286474,9.653387211744784,100,6,1.4,1.320588783267893,4.543427958817402,2
100,6,4,minus,15,4.543427958817402,0.0072314786271316,1.320588783267893,162.71486445505164,209.83345504798527,0.008000225694213978,0.90625,232,301,277,0,256,0.07503286100001105,100,6,8,plus,4.543427958817402,0.0072314786271316,1.320588783267893,171.12034632843302,156.4910319456516,0.010022817492115971,0.671875,172,277,193,0,256,0.06859334099999614,8.405481873381376,2.101370468345344,9.547425337713454,100,6,1.4,1.320588783267893,4.543427958817402,2
100,6,4,minus,16,4.543427958817402,0.0072314786271316,1.320588783267893,162.73360235601587,218.50921249846834,0.007783881692993987,0.94140625,241,309,294,0,256,0.07701102400000082,100,6,8,plus,4.543427958817402,0.0072314786271316,1.320588783267893,171.28659005160492,190.83444693633993,0.008398965417895305,0.82421875,211,248,203,0,256,0.06881127199994808,8.552987695589053,2.1382469238972632,9.714970856890131,100,6,1.4,1.320588783267893,4.543427958817402,2
100,6,4,minus,17,4.543427958817402,0.0072314786271316,1.320588783267893,162.8112717292882,226.33133059512022,0.0076682119933179855,0.97265625,249,319,312,0,256,0.07701738599996588,100,6,8,plus,4.543427958817402,0.0072314786271316,1.320588783267893,171.31672353100993,194.16333083072286,0.008289960955099327,0.828125,212,266,222,0,256,0.07011505100001614,8.505451801721733,2.1263629504304333,9.660976879579092,100,6,1.4,1.320588783267893,4.543427958817402,2
100,6,4,minus,18,4.543427958817402,0.0072314786271316,1.320588783267893,162.64272643264084,203.14114717889177,0.009047461325921182,0.875,224,272,240,0,256,0.07308776700000408,100,6,8,plus,4.543427958817402,0.0072314786271316,1.320588783267893,171.20577727581158,170.83409276651156,0.00925317399264496,0.7265625,186,268,198,0,256,0.06995064000000184,8.563050843170743,2.1407627107926857,9.72640115340922,100,6,1.4,1.320588783267893,4.543427958817402,2
100,6,4,minus,19,4.543427958817402,0.0072314786271316,1.320588783267893,162.7728204445604,227.22515065463463,0.007725778588116941,0.96875,248,301,293,0,256,0.0777679469999839,100,6,8,plus,4.543427958817402,0.0072314786271316,1.320588783267893,171.3985189353882,208.6074867768765,0.0075930194845066044,0.90625,232,243,219,0,256,0.07390163099995561,8.625698490827801,2.1564246227069503,9.797559921889025,100,6,1.4,1.320588783267893,4.543427958817402,2
100,8,6,minus,0,4.543427958817402,0.0072314786271316,1.7607850443571909,169.07678906324304,226.7641662953204,0.007235134696338818,0.9765625,250,332,326,0,256,0.07499317500003144,100,8,10,plus,4.543427958817402,0.0072314786271316,1.7607850443571909,172.23566832210878,185.58546114708713,0.008780732416768019,0.79296875,203,199,146,0,256,0.06931904399999667,3.1588792588657384,0.7897198147164346,3.5880350858147474,100,8,1.8,1.7607850443571909,4.543427958817402,2
100,8,6,minus,1,4.543427958817402,0.0072314786271316,1.7607850443571909,169.06145832991953,220.4149992944052,0.007270028209659577,0.95703125,245,337,326,0,256,0.07320890800002644,100,8,10,plus,4.543427958817402,0.0072314786271316,1.7607850443571909,172.4616544971766,222.06913184902368,0.006967681540236572,0.94921875,243,189,176,0,256,0.07370584000000235,3.4001961672570644,0.8500490418142661,3.8621365829448795,100,8,1.8,1.7607850443571909,4.543427958817402,2
100,8,6,minus,2,4.543427958817402,0.0072314786271316,1.7607850443571909,169.0890913185137,220.34852501880852,0.007040155678149004,0.94140625,241,350,335,0,256,0.07353119800001195,100,8,10,plus,4.543427958817402,0.0072314786271316,1.7607850443571909,172.3919870385052,206.89667531605548,0.007317775260473842,0.88671875,227,201,172,0,256,0.07545972899998787,3.302895719991483,0.8257239299978707,3.751617189816909,100,8,1.8,1.7607850443571909,4.543427958817402,2
100,8,6,minus,3,4.543427958817402,0.0072314786271316,1.7607850443571909,168.69983726417104,147.76467267460683,0.01047393867438563,0.6484375,166,301,211,0,256,0.06655443600004673,100,8,10,plus,4.543427958817402,0.0072314786271316,1.7607850443571909,172.37881013449604,203.80072364061073,0.007570995535713402,0.8828125,226,199,169,0,256,0.07456114699999716,3.6789728703249978,0.9197432175812494,4.1787870496913255,100,8,1.8,1.7607850443571909,4.543427958817402,2
100,8,6,minus,4,4.543427958817402,0.0072314786271316,1.7607850443571909,168.8866336570178,188.51008416991328,0.008666824896323049,0.81640625,209,323,276,0,256,0.0712438900000052,100,8,10,plus,4.543427958817402,0.0072314786271316,1.7607850443571909,172.3709121525255,203.10959345324895,0.007574381650286292,0.86328125,221,196,161,0,256,0.07963332700001047,3.4842784955077093,0.8710696238769273,3.95764208319899,100,8,1.8,1.7607850443571909,4.543427958817402,2
100,8,6,minus,5,4.543427958817402,0.0072314786271316,1.7607850443571909,169.138953429827,239.55161251968428,0.006811580070810857,1.04296875,267,341,352,0,256,0.07481481799999301,100,8,10,plus,4.543427958817402,0.0072314786271316,1.7607850443571909,172.35723091357553,203.97128911084997,0.007783737964343354,0.8671875,222,192,158,0,256,0.08964129099996399,3.2182774837485226,0.8045693709371307,3.6555029747238885,100,8,1.8,1.7607850443571909,4.543427958817402,2
100,8,6,minus,6,4.543427958817402,0.0072314786271316,1.7607850443571909,168.85639588496136,185.41800957370705,0.008686809664470017,0.796875,204,347,295,0,256,0.06964431599999443,100,8,10,plus,4.543427958817402,0.0072314786271316,1.7607850443571909,172.43747598165194,218.03786583601595,0.007088608428446256,0.92578125,237,194,175,0,256,0.08194400400003587,3.5810800966905845,0.8952700241726461,4.067594858517132,100,8,1.8,1.7607850443571909,4.543427958817402,2
100,8,6,minus,7,4.543427958817402,0.0072314786271316,1.7607850443571909,169.09939694108425,232.17924439373206,0.007089525244872842,0.9921875,254,343,341,0,256,0.0719269179999742,100,8,10,plus,4.543427958817402,0.0072314786271316,1.7607850443571909,172.43282592591294,220.6649950502691,0.007215035994250655,0.9375,240,197,181,0,256,0.07289297300002318,3.3334289848286858,0.8333572462071714,3.78629861210074,100,8,1.8,1.7607850443571909,4.543427958817402,2
100,8,6,minus,8,4.543427958817402,0.0072314786271316,1.7607850443571909,169.08854673909727,233.35404848642793,0.007060763892671565,0.9921875,254,348,346,0,256,0.07389375399998244,100,8,10,plus,4.543427958817402,0.0072314786271316,1.7607850443571909,172.35184042980217,195.3510648198143,0.007841833397161248,0.82421875,211,193,148,0,256,0.06999091299996962,3.2632936907048986,0.8158234226762247,3.7066349480452656,100,8,1.8,1.7607850443571909,4.543427958817402,2
100,8,6,minus,9,4.543427958817402,0.0072314786271316,1.7607850443571909,169.0425556851007,222.646475960429,0.007497819590171387,0.97265625,249,326,319,0,256,0.07240336899997146,100,8,10,plus,4.543427958817402,0.0072314786271316,1.7607850443571909,172.44930484837255,221.97867594693253,0.007010629338133514,0.94140625,241,191,176,0,256,0.08939755699998386,3.4067491632718543,0.8516872908179636,3.869579849271783,100,8,1.8,1.7607850443571909,4.543427958817402,2
100,8,6,minus,10,4.543427958817402,0.0072314786271316,1.7607850443571909,169.05768797346062,216.22488051746384,0.007108051162579006,0.9296875,238,321,303,0,256,0.07156838200000948,100,8,10,plus,4.543427958817402,0.0072314786271316,1.7607850443571909,172.3453559049604,195.0173520809101,0.0078024061687702526,0.8359375,214,207,165,0,256,0.09251807499998677,3.287667931499783,0.8219169828749457,3.734320599820872,100,8,1.8,1.7607850443571909,4.543427958817402,2
100,8,6,minus,11,4.543427958817402,0.0072314786271316,1.7607850443571909,168.9748188861849,210.32413734996305,0.007973658865775583,0.90234375,231,317,292,0,256,0.06868991800001822,100,8,10,plus,4.543427958817402,0.0072314786271316,1.7607850443571909,172.4607150120187,225.48940163248105,0.0069686576269573156,0.953125,244,190,178,0,256,0.0967364020000332,3.4858961258338184,0.8714740314584546,3.9594794799116584,100,8,1.8,1.7607850443571909,4.543427958817402,2
100,8,6,minus,12,4.543427958817402,0.0072314786271316,1.7607850443571909,169.21435880347934,254.37714765212112,0.006276384176041084,1.09375,280,350,374,0,256,0.07713271400001531,100,8,10,plus,4.543427958817402,0.0072314786271316,1.7607850443571909,172.29760798287958,194.0735941250374,0.008260589055406735,0.82421875,211,206,161,0,256,0.08721394000002647,3.083249179400241,0.7708122948500602,3.5021301314219664,100,8,1.8,1.7607850443571909,4.543427958817402,2
100,8,6,minus,13,4.543427958817402,0.0072314786271316,1.7607850443571909,169.06114258862257,230.80128675661447,0.007054706525188979,0.984375,252,358,354,0,256,0.0720737380000287,100,8,10,plus,4.543427958817402,0.0072314786271316,1.7607850443571909,172.35052358999977,202.89857401512776,0.00778987101029707,0.8671875,222,195,161,0,256,0.07549614499998825,3.289381001377194,0.8223452503442985,3.7362664022149814,100,8,1.8,1.7607850443571909,4.543427958817402,2
100,8,6,minus,14,4.543427958817402,0.0072314786271316,1.7607850443571909,168.93412533051918,200.00142736189324,0.008285863840082936,0.85546875,219,329,292,0,256,0.07045751799995514,100,8,10,plus,4.543427958817402,0.0072314786271316,1.7607850443571909,172.40605123357804,206.55365180367454,0.00742803448781107,0.8828125,226,189,159,0,256,0.07534249099995804,3.4719259030588603,0.8679814757647151,3.9436113047249957,100,8,1.8,1.7607850443571909,4.543427958817402,2
100,8,6,minus,15,4.543427958817402,0.0072314786271316,1.7607850443571909,169.27667674326412,270.83480345657097,0.005893482076714706,1.171875,300,354,398,0,256,0.07777976099998796,100,8,10,plus,4.543427958817402,0.0072314786271316,1.7607850443571909,172.56916356109633,237.03019888394653,0.0062708363164070535,1.0,256,193,193,0,256,0.0764101429999755,3.292486817832213,0.8231217044580532,3.7397941655441533,100,8,1.8,1.7607850443571909,4.543427958817402,2
100,8,6,minus,16,4.543427958817402,0.0072314786271316,1.7607850443571909,169.0300571454293,213.2844984986918,0.007319140469757948,0.90625,232,350,326,0,256,0.07268833500000937,100,8,10,plus,4.543427958817402,0.0072314786271316,1.7607850443571909,172.45119375724158,223.73677733392958,0.007031665676089397,0.96484375,247,178,169,0,256,0.07622531999999183,3.4211366118122726,0.8552841529530681,3.8859219332604287,100,8,1.8,1.7607850443571909,4.543427958817402,2
100,8,6,minus,17,4.543427958817402,0.0072314786271316,1.7607850443571909,169.22994256605924,260.93888155721004,0.006139012468538943,1.125,288,355,387,0,256,0.07419624999999996,100,8,10,plus,4.543427958817402,0.0072314786271316,1.7607850443571909,172.3852132165903,210.41579628276452,0.0072853405176052845,0.90234375,231,192,167,0,256,0.07322830900000099,3.1552706505310653,0.7888176626327663,3.583936222814703,100,8,1.8,1.7607850443571909,4.543427958817402,2
100,8,6,minus,18,4.543427958817402,0.0072314786271316,1.7607850443571909,169.0877451331952,223.86883176135635,0.007169861198119098,0.953125,244,326,314,0,256,0.07208381399999553,100,8,10,plus,4.543427958817402,0.0072314786271316,1.7607850443571909,172.34231115434773,201.79269421675752,0.007882441714984815,0.86328125,221,209,174,0,256,0.07145982200000844,3.2545660211525274,0.8136415052881318,3.696721563580375,100,8,1.8,1.7607850443571909,4.543427958817402,2
100,8,6,minus,19,4.543427958817402,0.0072314786271316,1.7607850443571909,169.09592928636016,235.06828622824509,0.006929114692458913,1.0078125,258,325,327,0,256,0.07298056700000188,100,8,10,plus,4.543427958817402,0.0072314786271316,1.7607850443571909,172.09787413966512,151.6499206062117,0.01011456118657284,0.6484375,166,200,110,0,256,0.07092489899997645,3.0019448533049626,0.7504862133262407,3.4097800443334427,100,8,1.8,1.7607850443571909,4.543427958817402,2
100,10,8,minus,0,4.543427958817402,0.0072314786271316,2.2009813054464886,171.12268215320623,169.5592095761849,0.00996135253316073,0.71875,184,240,168,0,256,0.07057004099999631,100,10,12,plus,4.543427958817402,0.0072314786271316,2.2009813054464886,172.9072874813993,180.18117171536588,0.008438093547468932,0.77734375,199,155,98,0,256,0.07271324500004539,1.7846053281930665,0.4461513320482666,2.027056435891721,100,10,2.2,2.2009813054464886,4.543427958817402,2
100,10,8,minus,1,4.543427958817402,0.0072314786271316,2.2009813054464886,171.41792570362267,217.4219222105923,0.007416129302954143,0.92578125,237,277,258,0,256,0.0764010160000339,100,10,12,plus,4.543427958817402,0.0072314786271316,2.2009813054464886,172.8327677547795,175.93901091771437,0.008834173456860179,0.75,192,162,98,0,256,0.07090067100000397,1.4148420511568247,0.3537105127892062,1.6070582331341194,100,10,2.2,2.2009813054464886,4.543427958817402,2
100,10,8,minus,2,4.543427958817402,0.0072314786271316,2.2009813054464886,171.1891514850832,174.58369649998536,0.009309581842429214,0.75,192,266,202,0,256,0.07409822099998564,100,10,12,plus,4.543427958817402,0.0072314786271316,2.2009813054464886,173.02393533925184,204.21509379009453,0.007463314180812115,0.875,224,143,111,0,256,0.07322761699998637,1.8347838541686485,0.45869596354216213,2.084052065354147,100,10,2.2,2.2009813054464886,4.543427958817402,2
100,10,8,minus,3,4.543427958817402,0.0072314786271316,2.2009813054464886,171.40458841539512,203.2768945516861,0.007505960710291005,0.87109375,223,252,219,0,256,0.07255061299997578,100,10,12,plus,4.543427958817402,0.0072314786271316,2.2009813054464886,172.92796276477333,189.50384577240035,0.008260211127510225,0.83203125,213,144,101,0,256,0.0743868739999698,1.5233743493782015,0.38084358734455037,1.7303354026775473,100,10,2.2,2.2009813054464886,4.543427958817402,2
100,10,8,minus,4,4.543427958817402,0.0072314786271316,2.2009813054464886,171.20588689153905,176.60500939439532,0.009036834602133385,0.75390625,193,272,209,0,256,0.0706801819999896,100,10,12,plus,4.543427958817402,0.0072314786271316,2.2009813054464886,172.77651326117095,161.3188782504616,0.009586897631538695,0.6953125,178,154,76,0,256,0.0697246099999802,1.5706263696318956,0.3926565924079739,1.7840069401603573,100,10,2.2,2.2009813054464886,4.543427958817402,2
100,10,8,minus,5,4.543427958817402,0.0072314786271316,2.2009813054464886,171.4203469368414,219.00024100828918,0.007415538529323576,0.93359375,239,259,242,0,256,0.07415950800003657,100,10,12,plus,4.543427958817402,0.0072314786271316,2.2009813054464886,173.17071356088167,237.26396037083762,0.006338323818475342,1.0078125,258,129,131,0,256,0.0732723799999917,1.7503666240402538,0.43759165601006345,1.988166164461329,100,10,2.2,2.2009813054464886,4.543427958817402,2
100,10,8,minus,6,4.543427958817402,0.0072314786271316,2.2009813054464886,171.38363359657555,203.4423691528753,0.00772145808618265,0.88671875,227,254,225,0,256,0.07283133700002509,100,10,12,plus,4.543427958817402,0.0072314786271316,2.2009813054464886,173.15542717726112,236.09075794272434,0.006543274613850696,1.01953125,261,121,126,0,256,0.07501108100001375,1.7717935806855678,0.44294839517139195,2.012504122935001,100,10,2.2,2.2009813054464886,4.543427958817402,2
100,10,8,minus,7,4.543427958817402,0.0072314786271316,2.2009813054464886,171.41696929321677,204.9883731678051,0.007405950272991505,0.87890625,225,258,227,0,256,0.07188528699998642,100,10,12,plus,4.543427958817402,0.0072314786271316,2.2009813054464886,172.95504164663242,186.96789739438006,0.007964647695818153,0.8046875,206,145,95,0,256,0.07196044500000198,1.5380723534156573,0.3845180883539143,1.7470302332981944,100,10,2.2,2.2009813054464886,4.543427958817402,2
100,10,8,minus,8,4.543427958817402,0.0072314786271316,2.2009813054464886,171.32072542871404,206.93947004097018,0.008262436097071616,0.89453125,229,255,228,0,256,0.07196420300005002,100,10,12,plus,4.543427958817402,0.0072314786271316,2.2009813054464886,172.8914619556139,179.7761240945198,0.008443739065184018,0.76171875,195,149,88,0,256,0.0723439889999895,1.57073652689985,0.3926841317249625,1.7841320630631303,100,10,2.2,2.2009813054464886,4.543427958817402,2
100,10,8,minus,9,4.543427958817402,0.0072314786271316,2.2009813054464886,171.34077698428462,200.28116831385796,0.007992437094402864,0.85546875,219,253,216,0,256,0.07115240999996786,100,10,12,plus,4.543427958817402,0.0072314786271316,2.2009813054464886,173.1015801037253,230.89718635742216,0.006733655757101165,0.984375,252,143,139,0,256,0.07489782500005049,1.7608031194406806,0.44020077986017014,2.0000205307099215,100,10,2.2,2.2009813054464886,4.543427958817402,2
100,10,8,minus,10,4.543427958817402,0.0072314786271316,2.2009813054464886,171.2795236072178,184.51501840965255,0.008422444873392882,0.79296875,203,260,207,0,256,0.07093356200005019,100,10,12,plus,4.543427958817402,0.0072314786271316,2.2009813054464886,172.9415578628518,186.0853940138275,0.008039510237242123,0.79296875,203,148,95,0,256,0.07090286199996854,1.6620342556339835,0.4155085639084959,1.8878332263899273,100,10,2.2,2.2009813054464886,4.543427958817402,2
100,10,8,minus,11,4.543427958817402,0.0072314786271316,2.2009813054464886,171.32507649719162,202.2657391762111,0.00810772864926032,0.8671875,222,277,243,0,256,0.07228176800003894,100,10,12,plus,4.543427958817402,0.0072314786271316,2.2009813054464886,172.86253026326847,182.3238926349945,0.008304565520799894,0.77734375,199,150,93,0,256,0.06962674599998309,1.537453766076851,0.38436344151921276,1.7463276065456685,100,10,2.2,2.2009813054464886,4.543427958817402,2
100,10,8,minus,12,4.543427958817402,0.0072314786271316,2.2009813054464886,171.3122268691816,193.03887273748623,0.008239193923044874,0.82421875,211,260,215,0,256,0.07252896400001418,100,10,12,plus,4.543427958817402,0.0072314786271316,2.2009813054464886,172.95378356460844,197.61451388350707,0.007811125195397614,0.83984375,215,136,95,0,256,0.072656625000036,1.641556695426857,0.41038917385671425,1.864573646496571,100,10,2.2,2.2009813054464886,4.543427958817402,2
100,10,8,minus,13,4.543427958817402,0.0072314786271316,2.2009813054464886,171.15957393514122,169.0668571267393,0.009196281696732566,0.73046875,187,273,204,0,256,0.07085568100001183,100,10,12,plus,4.543427958817402,0.0072314786271316,2.2009813054464886,172.95850990721078,199.8089586932384,0.007906054110537472,0.84375,216,137,97,0,256,0.07043852499998593,1.7989359720695575,0.44973399301738937,2.043333997905797,100,10,2.2,2.2009813054464886,4.543427958817402,2
100,10,8,minus,14,4.543427958817402,0.0072314786271316,2.2009813054464886,171.07988930449534,155.04672265113712,0.010453008549888211,0.68359375,175,254,173,0,256,0.06808508099999244,100,10,12,plus,4.543427958817402,0.0072314786271316,2.2009813054464886,173.04521144966373,210.36795597203903,0.007333990705327625,0.91015625,233,141,118,0,256,0.07429922900001884,1.9653221451683862,0.49133053629209655,2.2323248956102595,100,10,2.2,2.2009813054464886,4.543427958817402,2
100,10,8,minus,15,4.543427958817402,0.0072314786271316,2.2009813054464886,171.07963106634395,154.05489882821783,0.010399109762831434,0.6640625,170,263,177,0,256,0.06922654999999622,100,10,12,plus,4.543427958817402,0.0072314786271316,2.2009813054464886,172.86748896927506,181.2904830609049,0.008722237254575087,0.78125,200,147,91,0,256,0.06914779299995644,1.7878579029311084,0.4469644757327771,2.0307508956424614,100,10,2.2,2.2009813054464886,4.543427958817402,2
100,10,8,minus,16,4.543427958817402,0.0072314786271316,2.2009813054464886,171.3414633641325,199.8070881418336,0.008006909930864357,0.84765625,217,250,211,0,256,0.07169184299999642,100,10,12,plus,4.543427958817402,0.0072314786271316,2.2009813054464886,172.78229202993708,165.01651196757953,0.00933175558452655,0.70703125,181,169,94,0,256,0.07037893500000791,1.4408286658045881,0.36020716645114703,1.636575311020535,100,10,2.2,2.2009813054464886,4.543427958817402,2
100,10,8,minus,17,4.543427958817402,0.0072314786271316,2.2009813054464886,171.33244788338305,191.68647353071398,0.008172473223428353,0.82421875,211,245,200,0,256,0.06999324800000295,100,10,12,plus,4.543427958817402,0.0072314786271316,2.2009813054464886,172.88325631458198,176.54158060246306,0.008464104754795337,0.76171875,195,147,86,0,256,0.07014553200002638,1.5508084311989307,0.3877021077997327,1.7614965962697438,100,10,2.2,2.2009813054464886,4.543427958817402,2
100,10,8,minus,18,4.543427958817402,0.0072314786271316,2.2009813054464886,171.24695237882517,180.92173331949166,0.008710994908165303,0.7734375,198,261,203,0,256,0.06881578100001207,100,10,12,plus,4.543427958817402,0.0072314786271316,2.2009813054464886,172.97379740630194,199.79875146339387,0.00783282607111726,0.84765625,217,156,117,0,256,0.0711061979999954,1.7268450274767702,0.43171125686919254,1.9614489945956906,100,10,2.2,2.2009813054464886,4.543427958817402,2
100,10,8,minus,19,4.543427958817402,0.0072314786271316,2.2009813054464886,171.26598982687594,186.50913591307778,0.00867600332454579,0.796875,204,272,220,0,256,0.07127449600000091,100,10,12,plus,4.543427958817402,0.0072314786271316,2.2009813054464886,173.0309624729834,212.2410327158046,0.007317096248665819,0.8984375,230,142,116,0,256,0.07268620100001044,1.7649726461074522,0.44124316152686305,2.0047565167181327,100,10,2.2,2.2009813054464886,4.543427958817402,2
100,12,10,minus,0,4.543427958817402,0.0072314786271316,2.641177566535786,172.08903981511855,158.32197399447267,0.010039485636141184,0.6875,176,201,121,0,256,0.07006690399998661,100,12,14,plus,4.543427958817402,0.0072314786271316,2.641177566535786,173.29318283701127,203.4684374966208,0.007940613478685625,0.859375,220,115,79,0,256,0.07138518799996518,1.204143021892719,0.30103575547317973,1.3677342680205635,100,12,2.6,2.641177566535786,4.543427958817402,2
100,12,10,minus,1,4.543427958817402,0.0072314786271316,2.641177566535786,172.3371151379382,196.38922963315457,0.00786302642369127,0.8359375,214,203,161,0,256,0.0712733110000272,100,12,14,plus,4.543427958817402,0.0072314786271316,2.641177566535786,173.3512261173044,200.1480871318042,0.007484946330836423,0.8515625,218,114,76,0,256,0.07073443500001986,1.014110979366194,0.2535277448415485,1.1518850442490158,100,12,2.6,2.641177566535786,4.543427958817402,2
100,12,10,minus,2,4.543427958817402,0.0072314786271316,2.641177566535786,172.3128984119551,191.21911329435815,0.008156675299913017,0.81640625,209,206,159,0,256,0.07156059400000458,100,12,14,plus,4.543427958817402,0.0072314786271316,2.641177566535786,173.26516464994634,195.10781536966454,0.008111415806697895,0.83984375,215,118,77,0,256,0.07237042700000984,0.952266237991239,0.23806655949780975,1.0816382624818153,100,12,2.6,2.641177566535786,4.543427958817402,2
100,12,10,minus,3,4.543427958817402,0.0072314786271316,2.641177566535786,172.4382389996685,211.63615589211392,0.0071701875637783805,0.9140625,234,198,176,0,256,0.0728777779999632,100,12,14,plus,4.543427958817402,0.0072314786271316,2.641177566535786,173.42665772122123,229.62206622513224,0.006862910974244794,0.97265625,249,96,89,0,256,0.07407240499998125,0.9884187215527334,0.24710468038818334,1.1227023136303103,100,12,2.6,2.641177566535786,4.543427958817402,2
100,12,10,minus,4,4.543427958817402,0.0072314786271316,2.641177566535786,172.35188927291273,203.8135254137583,0.007814843053879925,0.87109375,223,197,164,0,256,0.0706621819999782,100,12,14,plus,4.543427958817402,0.0072314786271316,2.641177566535786,173.36958428779704,208.19753481503255,0.007320933858644967,0.87890625,225,109,78,0,256,0.07176649899997756,1.0176950148843105,0.2544237537210776,1.155955996043617,100,12,2.6,2.641177566535786,4.543427958817402,2
100,12,10,minus,5,4.543427958817402,0.0072314786271316,2.641177566535786,172.32500937520686,200.52765615591647,0.007981219938731228,0.85546875,219,187,150,0,256,0.07053200500001822,100,12,14,plus,4.543427958817402,0.0072314786271316,2.641177566535786,173.16800026484634,177.96579089040443,0.008689054838221643,0.76171875,195,127,66,0,256,0.06978957100000116,0.8429908896394807,0.21074772240987016,0.9575170942540928,100,12,2.6,2.641177566535786,4.543427958817402,2
100,12,10,minus,6,4.543427958817402,0.0072314786271316,2.641177566535786,172.32190110212477,189.1273190509955,0.008081287169599624,0.8046875,206,206,156,0,256,0.07111997200001952,100,12,14,plus,4.543427958817402,0.0072314786271316,2.641177566535786,173.30363723331084,197.91918041209675,0.007779776798015783,0.83984375,215,128,87,0,256,0.070867541000041,0.981736131186068,0.245434032796517,1.1151118466530023,100,12,2.6,2.641177566535786,4.543427958817402,2
100,12,10,minus,7,4.543427958817402,0.0072314786271316,2.641177566535786,172.28171706556157,184.20456568777266,0.00838825318046609,0.78515625,201,193,138,0,256,0.07013165600000093,100,12,14,plus,4.543427958817402,0.0072314786271316,2.641177566535786,173.2744804857232,192.27768155571755,0.007990475108030583,0.8203125,210,116,70,0,256,0.0710372199999938,0.9927634201616229,0.24819085504040572,1.1276372699133763,100,12,2.6,2.641177566535786,4.543427958817402,2
100,12,10,minus,8,4.543427958817402,0.0072314786271316,2.641177566535786,172.47670329161528,225.4843354907276,0.006904637026957901,0.94921875,243,192,179,0,256,0.07256135700004052,100,12,14,plus,4.543427958817402,0.0072314786271316,2.641177566535786,173.26013801942847,192.74949290062213,0.008167567551348032,0.8203125,210,120,74,0,256,0.0720092479999721,0.7834347278131872,0.1958586819532968,0.889869811563734,100,12,2.6,2.641177566535786,4.543427958817402,2
100,12,10,minus,9,4.543427958817402,0.0072314786271316,2.641177566535786,172.43498009527997,217.14198696391026,0.007008250475619141,0.921875,236,192,172,0,256,0.0724892099999579,100,12,14,plus,4.543427958817402,0.0072314786271316,2.641177566535786,173.32226707286182,205.40377967641106,0.007650254469487036,0.875,224,114,82,0,256,0.07211302000001751,0.8872869775818515,0.22182174439546287,1.0078311153599933,100,12,2.6,2.641177566535786,4.543427958817402,2
100,12,10,minus,10,4.543427958817402,0.0072314786271316,2.641177566535786,172.29095803925762,187.882173244192,0.008258365914170071,0.80859375,207,195,146,0,256,0.06855978300001198,100,12,14,plus,4.543427958817402,0.0072314786271316,2.641177566535786,173.36287932690303,213.71621201463594,0.007362378270590667,0.90234375,231,109,84,0,256,0.07332329299998719,1.0719212876454094,0.26798032191135235,1.2175492869849258,100,12,2.6,2.641177566535786,4.543427958817402,2
100,12,10,minus,11,4.543427958817402,0.0072314786271316,2.641177566535786,172.37754284143287,213.3998493122232,0.007495729894169616,0.91796875,235,212,191,0,256,0.0716884089999894,100,12,14,plus,4.543427958817402,0.0072314786271316,2.641177566535786,173.3410426866774,204.19945227250582,0.007505101650087868,0.87109375,223,106,73,0,256,0.07102318900001592,0.9634998452445416,0.2408749613111354,1.0943980338000725,100,12,2.6,2.641177566535786,4.543427958817402,2
100,12,10,minus,12,4.543427958817402,0.0072314786271316,2.641177566535786,172.48246505939943,226.04907509179816,0.006798195878747934,0.953125,244,181,169,0,256,0.07281020299996044,100,12,14,plus,4.543427958817402,0.0072314786271316,2.641177566535786,173.31264293383197,206.43812622808937,0.0077711857763807235,0.87109375,223,116,83,0,256,0.07192777899996372,0.8301778744325361,0.20754446860813403,0.9429633413720967,100,12,2.6,2.641177566535786,4.543427958817402,2
100,12,10,minus,13,4.543427958817402,0.0072314786271316,2.641177566535786,172.34979590204517,198.23826580270892,0.007769226830013,0.84375,216,193,153,0,256,0.0701326770000037,100,12,14,plus,4.543427958817402,0.0072314786271316,2.641177566535786,173.37183237183646,213.62076436268336,0.007285176395015915,0.90234375,231,106,81,0,256,0.07254953099999284,1.0220364697912885,0.2555091174478221,1.1608872679451943,100,12,2.6,2.641177566535786,4.543427958817402,2
100,12,10,minus,14,4.543427958817402,0.0072314786271316,2.641177566535786,172.3064053438421,193.42581966116282,0.008203089852856877,0.8359375,214,195,153,0,256,0.07080762900000082,100,12,14,plus,4.543427958817402,0.0072314786271316,2.641177566535786,173.37948255267872,221.22991255589773,0.007169054641355664,0.9453125,242,114,100,0,256,0.07374540500001103,1.0730772088366223,0.26826930220915557,1.2188622481495124,100,12,2.6,2.641177566535786,4.543427958817402,2
100,12,10,minus,15,4.543427958817402,0.0072314786271316,2.641177566535786,172.416077856957,208.02211264522472,0.007290723745775316,0.88671875,227,190,161,0,256,0.07046424899999693,100,12,14,plus,4.543427958817402,0.0072314786271316,2.641177566535786,173.2260524786431,187.54063114947468,0.008508218717943815,0.80078125,205,125,74,0,256,0.07029758400000219,0.8099746216861092,0.2024936554215273,0.9200153355253041,100,12,2.6,2.641177566535786,4.543427958817402,2
100,12,10,minus,16,4.543427958817402,0.0072314786271316,2.641177566535786,172.49608493860185,233.41308741273627,0.00678542064767443,1.0078125,258,188,190,0,256,0.07340283999997155,100,12,14,plus,4.543427958817402,0.0072314786271316,2.641177566535786,173.4190116739926,222.35433661377218,0.0069270093197137715,0.94140625,241,111,96,0,256,0.0724708040000337,0.922926735390746,0.2307316838476865,1.0483127833785963,100,12,2.6,2.641177566535786,4.543427958817402,2
100,12,10,minus,17,4.543427958817402,0.0072314786271316,2.641177566535786,172.27226637787214,188.2047228725631,0.008373609502918914,0.8046875,206,215,165,0,256,0.07182392300001084,100,12,14,plus,4.543427958817402,0.0072314786271316,2.641177566535786,173.3032370516982,198.24058553796098,0.007709046579760453,0.83984375,215,119,78,0,256,0.07298811599997634,1.0309706738260616,0.2577426684565154,1.171035246045536,100,12,2.6,2.641177566535786,4.543427958817402,2
100,12,10,minus,18,4.543427958817402,0.0072314786271316,2.641177566535786,172.33292258925826,195.71142636911478,0.007705788911870505,0.83203125,213,209,166,0,256,0.07102775800001382,100,12,14,plus,4.543427958817402,0.0072314786271316,2.641177566535786,173.28745510566608,200.5819612066834,0.007888814928898423,0.85546875,219,122,85,0,256,0.0728396409999732,0.9545325164078236,0.2386331291019559,1.084212430661909,100,12,2.6,2.641177566535786,4.543427958817402,2
100,12,10,minus,19,4.543427958817402,0.0072314786271316,2.641177566535786,172.26406799626366,192.9299982722638,0.008521106211191358,0.81640625,209,190,143,0,256,0.06851508099998682,100,12,14,plus,4.543427958817402,0.0072314786271316,2.641177566535786,173.32723354306313,209.53557349252225,0.007603352016962325,0.89453125,229,108,81,0,256,0.0731657339999856,1.0631655467994676,0.2657913866998669,1.2076040175450231,100,12,2.6,2.641177566535786,4.543427958817402,2
100,14,12,minus,0,4.543427958817402,0.0072314786271316,3.081373827625084,173.01585005461175,204.19209581344552,0.007528236270014594,0.8671875,222,138,104,0,256,0.0720969849999733,100,14,16,plus,4.543427958817402,0.0072314786271316,3.081373827625084,173.5338676712971,203.75691785847647,0.007569642870424526,0.859375,220,103,67,0,256,0.07330803500002503,0.5180176166853414,0.12950440417133535,0.5883939307020339,100,14,3.0,3.081373827625084,4.543427958817402,2
100,14,12,minus,1,4.543427958817402,0.0072314786271316,3.081373827625084,173.02353430634463,213.19399802864018,0.007445147600327805,0.90234375,231,139,114,0,256,0.07349060000001373,100,14,16,plus,4.543427958817402,0.0072314786271316,3.081373827625084,173.5118823514729,204.4883393172321,0.007779945782486462,0.875,224,87,55,0,256,0.07227767599999879,0.48834804512827645,0.12208701128206911,0.5546935404674084,100,14,3.0,3.081373827625084,4.543427958817402,2
100,14,12,minus,2,4.543427958817402,0.0072314786271316,3.081373827625084,172.96967196355791,210.89002478233442,0.007539748520753158,0.8984375,230,145,119,0,256,0.07433244100002412,100,14,16,plus,4.543427958817402,0.0072314786271316,3.081373827625084,173.50807877504954,202.34477249759314,0.007693843082771732,0.86328125,221,104,69,0,256,0.07025224400001662,0.5384068114916261,0.13460170287290651,0.6115531401371961,100,14,3.0,3.081373827625084,4.543427958817402,2
100,14,12,minus,3,4.543427958817402,0.0072314786271316,3.081373827625084,172.84575442639465,176.91886036513,0.008949679254846566,0.75390625,193,149,86,0,256,0.07498046099999556,100,14,16,plus,4.543427958817402,0.0072314786271316,3.081373827625084,173.55777203284654,207.80717226580668,0.007312181989790985,0.87890625,225,99,68,0,256,0.07115994399998726,0.7120176064518944,0.1780044016129736,0.8087501750809456,100,14,3.0,3.081373827625084,4.543427958817402,2
100,14,12,minus,4,4.543427958817402,0.0072314786271316,3.081373827625084,172.93356664239715,186.89955161327097,0.008029299562343719,0.8046875,206,141,91,0,256,0.07354282399995782,100,14,16,plus,4.543427958817402,0.0072314786271316,3.081373827625084,173.5342193766222,206.73823585779323,0.007578754578970828,0.88671875,227,92,63,0,256,0.07049430400002166,0.6006527342250365,0.15016318355625913,0.6822556065545372,100,14,3.0,3.081373827625084,4.543427958817402,2
100,14,12,minus,5,4.543427958817402,0.0072314786271316,3.081373827625084,172.83870883271405,180.4696798699523,0.008880279187733174,0.765625,196,164,104,0,256,0.06992897899999662,100,14,16,plus,4.543427958817402,0.0072314786271316,3.081373827625084,173.55793985061547,214.80512144415835,0.007388326932781502,0.91015625,233,98,75,0,256,0.07222801299997172,0.7192310179014214,0.17980775447535535,0.8169435788955043,100,14,3.0,3.081373827625084,4.543427958817402,2
100,14,12,minus,6,4.543427958817402,0.0072314786271316,3.081373827625084,172.94383075967505,200.14958409103687,0.008052009365377625,0.85546875,219,148,111,0,256,0.07067585100003271,100,14,16,plus,4.543427958817402,0.0072314786271316,3.081373827625084,173.52809318964594,202.7391030982768,0.007640457959950052,0.87109375,223,93,60,0,256,0.0721097080000277,0.5842624299708916,0.1460656074927229,0.6636385649040858,100,14,3.0,3.081373827625084,4.543427958817402,2
100,14,12,minus,7,4.543427958817402,0.0072314786271316,3.081373827625084,173.0455893736783,210.70439784176529,0.007215395466047538,0.8984375,230,133,107,0,256,0.07118103999999903,100,14,16,plus,4.543427958817402,0.0072314786271316,3.081373827625084,173.4890301676467,203.57603544294534,0.007890290347486704,0.86328125,221,101,66,0,256,0.07217787199999748,0.4434407939683922,0.11086019849209805,0.5036853253490451,100,14,3.0,3.081373827625084,4.543427958817402,2
100,14,12,minus,8,4.543427958817402,0.0072314786271316,3.081373827625084,172.91700930931142,189.74918777731585,0.008355644810736128,0.8125,208,153,105,0,256,0.06925128000000313,100,14,16,plus,4.543427958817402,0.0072314786271316,3.081373827625084,173.57709931741658,218.20194690170788,0.007181776920418173,0.91015625,233,93,70,0,256,0.07163460200001737,0.6600900081051577,0.16502250202628943,0.7497678495402448,100,14,3.0,3.081373827625084,4.543427958817402,2
100,14,12,minus,9,4.543427958817402,0.0072314786271316,3.081373827625084,173.0006110609591,203.06860229184653,0.00765401029180579,0.87109375,223,135,102,0,256,0.07113636600001882,100,14,16,plus,4.543427958817402,0.0072314786271316,3.081373827625084,173.48332660492196,202.7408929130807,0.007994845039507743,0.859375,220,97,61,0,256,0.07231725899998764,0.4827155439628541,0.12067888599071352,0.5482958246491455,100,14,3.0,3.081373827625084,4.543427958817402,2
100,14,12,minus,10,4.543427958817402,0.0072314786271316,3.081373827625084,172.94093903861514,195.16528385531305,0.007922799723645246,0.82421875,211,152,107,0,256,0.06874363299999686,100,14,16,plus,4.543427958817402,0.0072314786271316,3.081373827625084,173.52993215201278,205.86842016200794,0.007627554598237115,0.8671875,222,99,65,0,256,0.0707203789999653,0.5889931133976347,0.14724827834940868,0.6690119447404305,100,14,3.0,3.081373827625084,4.543427958817402,2
100,14,12,minus,11,4.543427958817402,0.0072314786271316,3.081373827625084,172.91045787996885,193.15814184344205,0.008408230986862051,0.8203125,210,147,101,0,256,0.0699656219999838,100,14,16,plus,4.543427958817402,0.0072314786271316,3.081373827625084,173.59046669223642,217.96412799087597,0.007143609219509505,0.921875,236,78,58,0,256,0.07319231299999274,0.6800088122675731,0.1700022030668933,0.7723927624746764,100,14,3.0,3.081373827625084,4.543427958817402,2
100,14,12,minus,12,4.543427958817402,0.0072314786271316,3.081373827625084,172.8724395618339,180.59062793940646,0.00858549611594962,0.76953125,197,150,91,0,256,0.06991443599997638,100,14,16,plus,4.543427958817402,0.0072314786271316,3.081373827625084,173.57786569431798,212.78282018216728,0.007211353126548129,0.90625,232,86,62,0,256,0.07267601799998147,0.7054261324840922,0.17635653312102306,0.8012632033021633,100,14,3.0,3.081373827625084,4.543427958817402,2
100,14,12,minus,13,4.543427958817402,0.0072314786271316,3.081373827625084,172.90321362433187,194.0205200967982,0.008297278963317679,0.8203125,210,145,99,0,256,0.07186371000000236,100,14,16,plus,4.543427958817402,0.0072314786271316,3.081373827625084,173.5481620644461,209.18496919391245,0.007485670385423701,0.89453125,229,90,63,0,256,0.07299231899997949,0.6449484401142342,0.16123711002855856,0.7325691937026706,100,14,3.0,3.081373827625084,4.543427958817402,2
100,14,12,minus,14,4.543427958817402,0.0072314786271316,3.081373827625084,173.03400916385888,212.21931954956915,0.007329809203520482,0.890625,228,142,114,0,256,0.07330264199998737,100,14,16,plus,4.543427958817402,0.0072314786271316,3.081373827625084,173.51345292735581,204.37948670734767,0.0077453323625395355,0.875,224,92,60,0,256,0.07213592499999777,0.4794437634969313,0.11986094087423282,0.5445795499381489,100,14,3.0,3.081373827625084,4.543427958817402,2
100,14,12,minus,15,4.543427958817402,0.0072314786271316,3.081373827625084,172.96854632699646,202.52521850906092,0.007734250894812638,0.859375,220,150,114,0,256,0.07057311899995966,100,14,16,plus,4.543427958817402,0.0072314786271316,3.081373827625084,173.53512362093383,211.78316234147204,0.007298627880911043,0.89453125,229,95,68,0,256,0.07220147100002805,0.566577293937371,0.14164432348434275,0.6435507795265392,100,14,3.0,3.081373827625084,4.543427958817402,2
100,14,12,minus,16,4.543427958817402,0.0072314786271316,3.081373827625084,172.98272572458663,202.56751039709528,0.007720220839569966,0.8671875,222,149,115,0,256,0.07150195600002007,100,14,16,plus,4.543427958817402,0.0072314786271316,3.081373827625084,173.4428394520193,186.83753187166147,0.008327565955382681,0.796875,204,99,47,0,256,0.07012863599999264,0.4601137274326845,0.11502843185817113,0.5226233933633371,100,14,3.0,3.081373827625084,4.543427958817402,2
100,14,12,minus,17,4.543427958817402,0.0072314786271316,3.081373827625084,172.88777947267258,190.00161992671488,0.008439852201315538,0.80078125,205,157,106,0,256,0.07101807600002985,100,14,16,plus,4.543427958817402,0.0072314786271316,3.081373827625084,173.5811081456278,218.20345256564326,0.007216566738695514,0.93359375,239,84,67,0,256,0.07409746900003711,0.6933286729552322,0.17333216823880804,0.7875222193386421,100,14,3.0,3.081373827625084,4.543427958817402,2
100,14,12,minus,18,4.543427958817402,0.0072314786271316,3.081373827625084,173.02218866062375,207.7104884847085,0.0074100336366485844,0.8828125,226,142,112,0,256,0.07122624200002292,100,14,16,plus,4.543427958817402,0.0072314786271316,3.081373827625084,173.61226827907535,221.80169709213254,0.007021046491343737,0.95703125,245,82,71,0,256,0.07391338499996891,0.5900796184515968,0.1475199046128992,0.6702460591003225,100,14,3.0,3.081373827625084,4.543427958817402,2
100,14,12,minus,19,4.543427958817402,0.0072314786271316,3.081373827625084,172.96043463203029,192.74289692262352,0.007966819081825083,0.82421875,211,156,111,0,256,0.07089881100000639,100,14,16,plus,4.543427958817402,0.0072314786271316,3.081373827625084,173.58254271810347,221.8358023151852,0.007135616014176616,0.9375,240,83,67,0,256,0.07232433199999377,0.6221080860731831,0.15552702151829578,0.7066258179178208,100,14,3.0,3.081373827625084,4.543427958817402,2
150,6,4,minus,0,5.686868711282388,0.0079017250519224,1.0550621624333227,244.74432936016285,294.74969712845024,0.005898555132822401,1.265625,324,558,626,0,256,0.21471374399999377,150,6,8,plus,5.686868711282388,0.0079017250519224,1.0550621624333227,257.49300280487074,221.16044366333642,0.007179426730050725,0.94921875,243,422,409,0,256,0.17129301700003907,12.74867344470789,3.1871683611769726,18.12500803076649,150,6,1.0,1.0550621624333227,5.686868711282388,2
150,6,4,minus,1,5.686868711282388,0.0079017250519224,1.0550621624333227,244.62562635493958,260.34501515168824,0.006687553631319789,1.1171875,286,564,594,0,256,0.21537222499995323,150,6,8,plus,5.686868711282388,0.0079017250519224,1.0550621624333227,257.26713763619557,174.94889101262993,0.009063848079016975,0.76953125,197,399,340,0,256,0.1634065929999906,12.641511281255987,3.1603778203139967,17.9726537421745,150,6,1.0,1.0550621624333227,5.686868711282388,2
150,6,4,minus,2,5.686868711282388,0.0079017250519224,1.0550621624333227,244.72552832275034,277.665382270413,0.006096242361569665,1.1953125,306,566,616,0,256,0.21220963799999026,150,6,8,plus,5.686868711282388,0.0079017250519224,1.0550621624333227,257.3358950787666,191.80153599703712,0.008319983032687004,0.81640625,209,433,386,0,256,0.16988701600001832,12.610366756016276,3.152591689004069,17.928375035646138,150,6,1.0,1.0550621624333227,5.686868711282388,2
150,6,4,minus,3,5.686868711282388,0.0079017250519224,1.0550621624333227,244.2991041952341,186.8993164072097,0.009525438077850334,0.8125,208,431,383,0,256,0.17574084000000312,150,6,8,plus,5.686868711282388,0.0079017250519224,1.0550621624333227,257.7423079805408,274.7452600888234,0.005625561654156547,1.18359375,303,437,484,0,256,0.18331648800000266,13.443203785306679,3.3608009463266697,19.11243374651338,150,6,1.0,1.0550621624333227,5.686868711282388,2
150,6,4,minus,4,5.686868711282388,0.0079017250519224,1.0550621624333227,244.66447169031264,274.2915620154908,0.006487088191763006,1.1796875,302,517,563,0,256,0.20500371299999642,150,6,8,plus,5.686868711282388,0.0079017250519224,1.0550621624333227,257.4406194858468,206.804561796729,0.00757001822034982,0.8828125,226,398,368,0,256,0.165779251999993,12.776147795534172,3.194036948883543,18.164068787285686,150,6,1.0,1.0550621624333227,5.686868711282388,2
150,6,4,minus,5,5.686868711282388,0.0079017250519224,1.0550621624333227,244.62723456943513,254.29324573000198,0.006845345643003373,1.1015625,282,519,545,0,256,0.19994806400001153,150,6,8,plus,5.686868711282388,0.0079017250519224,1.0550621624333227,257.56070595739607,232.7542247407452,0.006648838030021048,1.00390625,257,426,427,0,256,0.1808281869999746,12.933471387960935,3.233367846990234,18.38773844111526,150,6,1.0,1.0550621624333227,5.686868711282388,2
150,6,4,minus,6,5.686868711282388,0.0079017250519224,1.0550621624333227,244.05241145684838,142.53876745252904,0.011624717273630278,0.61328125,157,473,374,0,256,0.17420862800003079,150,6,8,plus,5.686868711282388,0.0079017250519224,1.0550621624333227,257.43280426586256,208.94897367288766,0.007597159006556513,0.89453125,229,398,371,0,256,0.16829189200001338,13.380392809014182,3.3450982022535456,19.023134302562653,150,6,1.0,1.0550621624333227,5.686868711282388,2
150,6,4,minus,7,5.686868711282388,0.0079017250519224,1.0550621624333227,244.40857993467165,212.6128071377724,0.008135754083727473,0.91015625,233,479,456,0,256,0.18775632000000542,150,6,8,plus,5.686868711282388,0.0079017250519224,1.0550621624333227,257.30430042734775,180.9545426507752,0.008544814545185372,0.78125,200,396,340,0,256,0.16520329299999048,12.895720492676105,3.2239301231690263,18.334067344810713,150,6,1.0,1.0550621624333227,5.686868711282388,2
150,6,4,minus,8,5.686868711282388,0.0079017250519224,1.0550621624333227,244.88017310535952,312.7292585318442,0.0053384420985489196,1.359375,348,595,687,0,256,0.233470662000002,150,6,8,plus,5.686868711282388,0.0079017250519224,1.0550621624333227,257.433626491373,204.81624329318385,0.007615061841911702,0.88671875,227,434,405,0,256,0.1703060579999942,12.553453386013473,3.1383633465033682,17.847460319865494,150,6,1.0,1.0550621624333227,5.686868711282388,2
150,6,4,minus,9,5.686868711282388,0.0079017250519224,1.0550621624333227,244.44115653729932,214.03335418584751,0.008148659358943478,0.92578125,237,531,512,0,256,0.19838723800000935,150,6,8,plus,5.686868711282388,0.0079017250519224,1.0550621624333227,257.6761993463605,255.7464192088874,0.005984795713757428,1.09375,280,436,460,0,256,0.17835161499999685,13.235042809061156,3.308760702265289,18.816487710833215,150,6,1.0,1.0550621624333227,5.686868711282388,2
150,6,4,minus,10,5.686868711282388,0.0079017250519224,1.0550621624333227,244.36485741881071,195.36721414418406,0.008703076586828024,0.8515625,218,459,421,0,256,0.18358789100000195,150,6,8,plus,5.686868711282388,0.0079017250519224,1.0550621624333227,257.3769374915549,199.3879928370101,0.008092786401973537,0.85546875,219,394,357,0,256,0.16311122999996996,13.012080072744169,3.2530200181860423,18.499497758597467,150,6,1.0,1.0550621624333227,5.686868711282388,2
150,6,4,minus,11,5.686868711282388,0.0079017250519224,1.0550621624333227,244.25529305549773,175.30741798532537,0.009564889163945415,0.76171875,195,483,422,0,256,0.18913084899998012,150,6,8,plus,5.686868711282388,0.0079017250519224,1.0550621624333227,257.7895324867126,291.86684435282905,0.005359345004057524,1.25,320,471,535,0,256,0.19108454300004496,13.534239431214843,3.3835598578037107,19.24186068809501,150,6,1.0,1.0550621624333227,5.686868711282388,2
150,6,4,minus,12,5.686868711282388,0.0079017250519224,1.0550621624333227,243.84662323493652,123.0280153349443,0.014020639199154871,0.515625,132,463,339,0,256,0.16592330200001015,150,6,8,plus,5.686868711282388,0.0079017250519224,1.0550621624333227,257.4714408737714,210.9947552738089,0.007318885140722108,0.90234375,231,417,392,0,256,0.17180647399999316,13.624817638834912,3.406204409708728,19.37063728180466,150,6,1.0,1.0550621624333227,5.686868711282388,2
150,6,4,minus,13,5.686868711282388,0.0079017250519224,1.0550621624333227,244.57082192930494,233.14555201123062,0.007156203397509059,1.00390625,257,519,520,0,256,0.20217053400000395,150,6,8,plus,5.686868711282388,0.0079017250519224,1.0550621624333227,257.285185222411,175.6549518979859,0.008858150977035519,0.75,192,398,334,0,256,0.16419156799997836,12.714363293106032,3.178590823276508,18.0762286988605,150,6,1.0,1.0550621624333227,5.686868711282388,2
150,6,4,minus,14,5.686868711282388,0.0079017250519224,1.0550621624333227,244.44377827921107,208.9003545740877,0.008211019083858375,0.91015625,233,479,456,0,256,0.1902404140000158,150,6,8,plus,5.686868711282388,0.0079017250519224,1.0550621624333227,257.68413311084583,268.48518906705675,0.005883457448027804,1.15234375,295,437,476,0,256,0.1827452009999888,13.240354831634761,3.3100887079086903,18.824039904575077,150,6,1.0,1.0550621624333227,5.686868711282388,2
150,6,4,minus,15,5.686868711282388,0.0079017250519224,1.0550621624333227,244.5781253893856,244.93296752303297,0.007169486287373836,1.05078125,269,496,509,0,256,0.20152092400002175,150,6,8,plus,5.686868711282388,0.0079017250519224,1.0550621624333227,257.54305020023,233.71567589698347,0.006864552877190146,1.01171875,259,439,442,0,256,0.1784516339999982,12.964924810844423,3.2412312027111057,18.432456312729972,150,6,1.0,1.0550621624333227,5.686868711282388,2
150,6,4,minus,16,5.686868711282388,0.0079017250519224,1.0550621624333227,244.51158425756765,225.1866893462727,0.007719035442536522,0.96875,248,514,506,0,256,0.19253745100002106,150,6,8,plus,5.686868711282388,0.0079017250519224,1.0550621624333227,257.51252264102874,220.872660967514,0.007024793825966307,0.9375,240,419,403,0,256,0.1699456380000015,13.00093838346109,3.2502345958652725,18.483657427553776,150,6,1.0,1.0550621624333227,5.686868711282388,2
150,6,4,minus,17,5.686868711282388,0.0079017250519224,1.0550621624333227,244.59602060414053,254.68791617417907,0.0069942702435881274,1.11328125,285,513,542,0,256,0.20640808600001037,150,6,8,plus,5.686868711282388,0.0079017250519224,1.0550621624333227,257.25983815127285,181.01297316343727,0.009130358467438187,0.7890625,202,437,383,0,256,0.16851461999999628,12.663817547132311,3.1659543867830777,18.004366943543904,150,6,1.0,1.0550621624333227,5.686868711282388,2
150,6,4,minus,18,5.686868711282388,0.0079017250519224,1.0550621624333227,244.36501026119913,195.64467282973663,0.008719202341852214,0.84375,216,452,412,0,256,0.17956238199997188,150,6,8,plus,5.686868711282388,0.0079017250519224,1.0550621624333227,257.23905768660006,172.06147466306763,0.009188878163111645,0.73828125,189,424,357,0,256,0.16293037799999865,12.874047425400931,3.218511856350233,18.303254372769537,150,6,1.0,1.0550621624333227,5.686868711282388,2
150,6,4,minus,19,5.686868711282388,0.0079017250519224,1.0550621624333227,244.4209642208272,218.1715926158361,0.00794426590935222,0.92578125,237,482,463,0,256,0.18358646299998327,150,6,8,plus,5.686868711282388,0.0079017250519224,1.0550621624333227,257.1738673183211,158.06627246990485,0.009828277683470157,0.68359375,175,441,360,0,256,0.16626845100000764,12.752903097493885,3.188225774373471,18.131021400788555,150,6,1.0,1.0550621624333227,5.686868711282388,2
150,8,6,minus,0,5.686868711282388,0.0079017250519224,1.4067495499110971,253.8877412634771,127.30146026013817,0.012735076993647928,0.5546875,142,521,407,0,256,0.16557502000000568,150,8,10,plus,5.686868711282388,0.0079017250519224,1.4067495499110971,258.9470179963475,189.99959069562556,0.00848261556540507,0.81640625,209,313,266,0,256,0.1961267899999939,5.059276732870387,1.2648191832175968,7.192860638469897,150,8,1.4,1.4067495499110971,5.686868711282388,2
150,8,6,minus,1,5.686868711282388,0.0079017250519224,1.4067495499110971,253.9776421477262,139.11801834772666,0.011058108538413963,0.58984375,151,502,397,0,256,0.15911858599997686,150,8,10,plus,5.686868711282388,0.0079017250519224,1.4067495499110971,259.1546773409495,224.32146302358518,0.006829070301190645,0.95703125,245,327,316,0,256,0.1718403950000038,5.177035193223304,1.294258798305826,7.360279864387345,150,8,1.4,1.4067495499110971,5.686868711282388,2
150,8,6,minus,2,5.686868711282388,0.0079017250519224,1.4067495499110971,254.1272212140886,164.24775656432257,0.010065190604811099,0.72265625,185,496,425,0,256,0.16314431200004265,150,8,10,plus,5.686868711282388,0.0079017250519224,1.4067495499110971,259.02345469696104,201.6414918526867,0.007937535839850244,0.8671875,222,338,304,0,256,0.1685096169999838,4.8962334828724465,1.2240583707181116,6.961059249220127,150,8,1.4,1.4067495499110971,5.686868711282388,2
150,8,6,minus,3,5.686868711282388,0.0079017250519224,1.4067495499110971,253.91002848255977,135.38356728021677,0.012566398456657656,0.5859375,150,501,395,0,256,0.1600352080000107,150,8,10,plus,5.686868711282388,0.0079017250519224,1.4067495499110971,259.1361089400693,225.88996352907492,0.006904205568017302,0.98046875,251,329,324,0,256,0.175954881999985,5.226080457509511,1.3065201143773777,7.430008359113796,150,8,1.4,1.4067495499110971,5.686868711282388,2
150,8,6,minus,4,5.686868711282388,0.0079017250519224,1.4067495499110971,254.2402984578925,181.07914943839577,0.008955063537721124,0.78515625,201,529,474,0,256,0.17309786700002405,150,8,10,plus,5.686868711282388,0.0079017250519224,1.4067495499110971,259.2549607330657,248.91673543254183,0.006308794646376077,1.06640625,273,332,349,0,256,0.1831980640000097,5.01466227517318,1.253665568793295,7.129431497582627,150,8,1.4,1.4067495499110971,5.686868711282388,2
150,8,6,minus,5,5.686868711282388,0.0079017250519224,1.4067495499110971,253.93805350449475,145.69529911691654,0.012024141534733357,0.62890625,161,493,398,0,256,0.15931093099999316,150,8,10,plus,5.686868711282388,0.0079017250519224,1.4067495499110971,258.8323893656197,164.79828213347952,0.009467535086294663,0.70703125,181,304,229,0,256,0.16047816700000794,4.894335861124944,1.223583965281236,6.958361367784696,150,8,1.4,1.4067495499110971,5.686868711282388,2
150,8,6,minus,6,5.686868711282388,0.0079017250519224,1.4067495499110971,254.02246570239538,150.68234860514872,0.010421186896501844,0.64453125,165,543,452,0,256,0.16728410999996868,150,8,10,plus,5.686868711282388,0.0079017250519224,1.4067495499110971,259.2679579251047,256.6770224760476,0.006159868925130707,1.08984375,279,309,332,0,256,0.17840175000003455,5.245492222709345,1.3113730556773362,7.457606399150221,150,8,1.4,1.4067495499110971,5.686868711282388,2
150,8,6,minus,7,5.686868711282388,0.0079017250519224,1.4067495499110971,254.15374014503902,169.3601255969569,0.0097869074164346,0.7421875,190,570,504,0,256,0.18209467200000518,150,8,10,plus,5.686868711282388,0.0079017250519224,1.4067495499110971,259.09245602014755,214.82557958375855,0.007345165097802724,0.91015625,233,334,311,0,256,0.17810929600000236,4.938715875108528,1.234678968777132,7.021457196017077,150,8,1.4,1.4067495499110971,5.686868711282388,2
150,8,6,minus,8,5.686868711282388,0.0079017250519224,1.4067495499110971,254.1702532538711,166.76008622661374,0.009557923864170884,0.72265625,185,529,458,0,256,0.1688481740000043,150,8,10,plus,5.686868711282388,0.0079017250519224,1.4067495499110971,259.08298748172336,208.3541127993757,0.007469831295701823,0.89453125,229,319,292,0,256,0.17189799400000538,4.912734227852269,1.2281835569630672,6.984518641804778,150,8,1.4,1.4067495499110971,5.686868711282388,2
150,8,6,minus,9,5.686868711282388,0.0079017250519224,1.4067495499110971,253.8140536692283,126.13193559716787,0.013717544878220179,0.54296875,139,530,413,0,256,0.16105399999997871,150,8,10,plus,5.686868711282388,0.0079017250519224,1.4067495499110971,258.9693491646068,196.11568511021503,0.008322847426946875,0.83203125,213,321,278,0,256,0.16969020500005172,5.15529549537851,1.2888238738446276,7.329372162520772,150,8,1.4,1.4067495499110971,5.686868711282388,2
150,8,6,minus,10,5.686868711282388,0.0079017250519224,1.4067495499110971,253.99271779138095,149.40443443764366,0.011556308310897472,0.65234375,167,487,398,0,256,0.15899254699996845,150,8,10,plus,5.686868711282388,0.0079017250519224,1.4067495499110971,259.1000547873675,214.76037362740706,0.007171846541419293,0.9140625,234,329,307,0,256,0.17383189000003085,5.1073369959865715,1.2768342489966429,7.261188740112755,150,8,1.4,1.4067495499110971,5.686868711282388,2
150,8,6,minus,11,5.686868711282388,0.0079017250519224,1.4067495499110971,254.08730584508754,157.41000996823794,0.010081119312261015,0.68359375,175,573,492,0,256,0.1786983200000236,150,8,10,plus,5.686868711282388,0.0079017250519224,1.4067495499110971,259.17971302177557,234.872583460398,0.006690475210671435,1.00390625,257,338,339,0,256,0.17811151500001188,5.0924071766880274,1.2731017941720069,7.239962759554257,150,8,1.4,1.4067495499110971,5.686868711282388,2
150,8,6,minus,12,5.686868711282388,0.0079017250519224,1.4067495499110971,253.93681152876036,141.047836146468,0.011828513604053242,0.60546875,155,540,439,0,256,0.16613979699997117,150,8,10,plus,5.686868711282388,0.0079017250519224,1.4067495499110971,259.14925584616327,228.7797789342135,0.006959387373184997,0.96875,248,321,313,0,256,0.16605022499999222,5.2124443174029125,1.3031110793507281,7.410621624485077,150,8,1.4,1.4067495499110971,5.686868711282388,2
150,8,6,minus,13,5.686868711282388,0.0079017250519224,1.4067495499110971,253.60916766609617,94.23197195146614,0.01668067651307925,0.41796875,107,443,294,0,256,0.14442713399995455,150,8,10,plus,5.686868711282388,0.0079017250519224,1.4067495499110971,258.9175040778232,180.7793448558101,0.00882486206825282,0.7734375,198,339,281,0,256,0.17677108199995928,5.308336411727026,1.3270841029317566,7.546953062202863,150,8,1.4,1.4067495499110971,5.686868711282388,2
150,8,6,minus,14,5.686868711282388,0.0079017250519224,1.4067495499110971,253.8998865532027,137.07867425673544,0.01239453948051661,0.58984375,151,531,426,0,256,0.16588071199998922,150,8,10,plus,5.686868711282388,0.0079017250519224,1.4067495499110971,259.0211884706604,195.3515765269985,0.007965298003972936,0.84375,216,322,282,0,256,0.1710953940000195,5.121301917457686,1.2803254793644214,7.281042908855153,150,8,1.4,1.4067495499110971,5.686868711282388,2
150,8,6,minus,15,5.686868711282388,0.0079017250519224,1.4067495499110971,254.1338955531318,169.10397983303636,0.009948321629576656,0.73046875,187,550,481,0,256,0.172201943999994,150,8,10,plus,5.686868711282388,0.0079017250519224,1.4067495499110971,258.9220535128689,182.60907322664647,0.00869833992101831,0.77734375,199,329,272,0,256,0.16080221800001482,4.788157959737106,1.1970394899342764,6.807406421476666,150,8,1.4,1.4067495499110971,5.686868711282388,2
150,8,6,minus,16,5.686868711282388,0.0079017250519224,1.4067495499110971,254.14135177597234,173.7626633649866,0.009912399306484748,0.75390625,193,544,481,0,256,0.17841785699999946,150,8,10,plus,5.686868711282388,0.0079017250519224,1.4067495499110971,259.1953031101743,239.5978009735877,0.006616528094988341,1.02734375,263,323,330,0,256,0.17591260900002226,5.05395133420194,1.263487833550485,7.185289427704224,150,8,1.4,1.4067495499110971,5.686868711282388,2
150,8,6,minus,17,5.686868711282388,0.0079017250519224,1.4067495499110971,254.2279158668128,182.2988683906675,0.009058685434801202,0.78515625,201,541,486,0,256,0.17984596499996996,150,8,10,plus,5.686868711282388,0.0079017250519224,1.4067495499110971,259.28977553077164,255.72837249399169,0.005975616913979969,1.0859375,278,326,348,0,256,0.17716815300002509,5.061859663958842,1.2654649159897104,7.1965328359674805,150,8,1.4,1.4067495499110971,5.686868711282388,2
150,8,6,minus,18,5.686868711282388,0.0079017250519224,1.4067495499110971,253.85369535817873,133.36522896074325,0.01259888745674436,0.56640625,145,482,371,0,256,0.15465138999996952,150,8,10,plus,5.686868711282388,0.0079017250519224,1.4067495499110971,258.83678218658343,173.15777389478404,0.009425374745964585,0.734375,188,319,251,0,256,0.1610719629999835,4.9830868284047085,1.2457717071011771,7.084540142514532,150,8,1.4,1.4067495499110971,5.686868711282388,2
150,8,6,minus,19,5.686868711282388,0.0079017250519224,1.4067495499110971,253.96096346418685,145.62760562055857,0.011182548195036718,0.62890625,161,501,406,0,256,0.2023456549999878,150,8,10,plus,5.686868711282388,0.0079017250519224,1.4067495499110971,258.91619718973504,181.251700026707,0.008856362002335562,0.7734375,198,332,274,0,256,0.16111764499999026,4.955233725548197,1.2388084313870493,7.044940907727826,150,8,1.4,1.4067495499110971,5.686868711282388,2
150,10,8,minus,0,5.686868711282388,0.0079017250519224,1.7584369373888713,257.4954423973382,212.11378958918536,0.007183348369257574,0.91796875,235,442,421,0,256,0.17814656900003456,150,10,12,plus,5.686868711282388,0.0079017250519224,1.7584369373888713,259.94020961433824,188.79662526615002,0.008084605448941906,0.8125,208,253,205,0,256,0.1652623379999909,2.4447672170000487,0.6111918042500122,3.4757675481816244,150,10,1.8,1.7584369373888713,5.686868711282388,2
150,10,8,minus,1,5.686868711282388,0.0079017250519224,1.7584369373888713,257.59097320991606,244.56943644019634,0.006555288614495361,1.05078125,269,413,426,0,256,0.17624358299997311,150,10,12,plus,5.686868711282388,0.0079017250519224,1.7584369373888713,260.025444594262,209.01914765001794,0.0073537183050561205,0.89453125,229,240,213,0,256,0.16883160399999042,2.4344713843459544,0.6086178460864886,3.4611297860373322,150,10,1.8,1.7584369373888713,5.686868711282388,2
150,10,8,minus,2,5.686868711282388,0.0079017250519224,1.7584369373888713,257.375472541512,192.21549165437213,0.00799265335892648,0.82421875,211,423,378,0,256,0.17031264400003465,150,10,12,plus,5.686868711282388,0.0079017250519224,1.7584369373888713,259.8517859650502,173.41703518770632,0.008856946645445979,0.734375,188,252,184,0,256,0.15906938999995646,2.4763134235382154,0.6190783558845538,3.520617331912012,150,10,1.8,1.7584369373888713,5.686868711282388,2
150,10,8,minus,3,5.686868711282388,0.0079017250519224,1.7584369373888713,257.45911724939106,215.249203337183,0.007468440350704232,0.91796875,235,424,403,0,256,0.17150198799998861,150,10,12,plus,5.686868711282388,0.0079017250519224,1.7584369373888713,260.1365278497366,230.1630306706568,0.006423787097407542,0.96875,248,246,238,0,256,0.1762642070000311,2.6774106003455245,0.6693526500863811,3.8065206425901894,150,10,1.8,1.7584369373888713,5.686868711282388,2
150,10,8,minus,4,5.686868711282388,0.0079017250519224,1.7584369373888713,257.6752785553457,260.30381551573123,0.00597199691975378,1.125,288,430,462,0,256,0.1813507340000342,150,10,12,plus,5.686868711282388,0.0079017250519224,1.7584369373888713,259.9985787939666,202.42413384558336,0.0076573925179216065,0.8671875,222,249,215,0,256,0.16883058600001277,2.3233002386209023,0.5808250596552256,3.303075858482029,150,10,1.8,1.7584369373888713,5.686868711282388,2
150,10,8,minus,5,5.686868711282388,0.0079017250519224,1.7584369373888713,257.7221782188793,274.79405797121785,0.005728478091680435,1.18359375,303,467,514,0,256,0.19984663700000738,150,10,12,plus,5.686868711282388,0.0079017250519224,1.7584369373888713,259.9167988328785,192.26177884418433,0.00823440803691177,0.81640625,209,259,212,0,256,0.16540854100003344,2.1946206139991773,0.5486551534997943,3.120129825721816,150,10,1.8,1.7584369373888713,5.686868711282388,2
150,10,8,minus,6,5.686868711282388,0.0079017250519224,1.7584369373888713,257.4877171288073,215.63153648535106,0.007197405765915229,0.9375,240,433,417,0,256,0.17933647099999916,150,10,12,plus,5.686868711282388,0.0079017250519224,1.7584369373888713,259.9672552601848,194.21980454932662,0.00785811013814905,0.83203125,213,242,199,0,256,0.16693602100002636,2.4795381313775238,0.6198845328443809,3.5252019544406097,150,10,1.8,1.7584369373888713,5.686868711282388,2
150,10,8,minus,7,5.686868711282388,0.0079017250519224,1.7584369373888713,257.4652155483285,209.277230604402,0.007431420846697705,0.89453125,229,432,405,0,256,0.17564884199998687,150,10,12,plus,5.686868711282388,0.0079017250519224,1.7584369373888713,259.9415449046597,199.21905037779175,0.008057927357383856,0.83984375,215,243,202,0,256,0.17343541200000345,2.4763293563311777,0.6190823390827944,3.5206399838374574,150,10,1.8,1.7584369373888713,5.686868711282388,2
150,10,8,minus,8,5.686868711282388,0.0079017250519224,1.7584369373888713,257.2829203630082,181.06826859045822,0.008553707711016783,0.78515625,201,410,355,0,256,0.16550853600000437,150,10,12,plus,5.686868711282388,0.0079017250519224,1.7584369373888713,260.03198046082315,214.50400348010356,0.007384197584849778,0.921875,236,245,225,0,256,0.16831131700001833,2.7490600978149473,0.6872650244537368,3.9083859639246814,150,10,1.8,1.7584369373888713,5.686868711282388,2
150,10,8,minus,9,5.686868711282388,0.0079017250519224,1.7584369373888713,257.408959092181,201.9190499937929,0.007729349880930328,0.87890625,225,425,394,0,256,0.16919251600000962,150,10,12,plus,5.686868711282388,0.0079017250519224,1.7584369373888713,260.12829283958365,232.2728967907852,0.006711849608747353,0.98046875,251,232,227,0,256,0.17008614099995611,2.7193337474026293,0.6798334368506573,3.8661235009095747,150,10,1.8,1.7584369373888713,5.686868711282388,2
150,10,8,minus,10,5.686868711282388,0.0079017250519224,1.7584369373888713,257.4674390773447,212.57452934261877,0.007212302766925192,0.91015625,233,417,394,0,256,0.16797240500000044,150,10,12,plus,5.686868711282388,0.0079017250519224,1.7584369373888713,260.11340151219173,236.4011166276067,0.006728786934839527,1.0,256,244,244,0,256,0.17623071700000992,2.6459624348470356,0.6614906087117589,3.761810245490043,150,10,1.8,1.7584369373888713,5.686868711282388,2
150,10,8,minus,11,5.686868711282388,0.0079017250519224,1.7584369373888713,257.36844539623615,197.64979513698833,0.008114714553216969,0.8515625,218,448,410,0,256,0.1678238599999986,150,10,12,plus,5.686868711282388,0.0079017250519224,1.7584369373888713,259.7637068463415,171.942496989659,0.00930064271271899,0.73046875,187,248,179,0,256,0.15938641799999687,2.3952614501053517,0.5988153625263379,3.4053843489862516,150,10,1.8,1.7584369373888713,5.686868711282388,2
150,10,8,minus,12,5.686868711282388,0.0079017250519224,1.7584369373888713,257.5794491908397,243.31205249043634,0.006563647611502512,1.05859375,271,433,448,0,256,0.18156985400003123,150,10,12,plus,5.686868711282388,0.0079017250519224,1.7584369373888713,260.0740660184337,215.56765404106554,0.007052718418651117,0.92578125,237,224,205,0,256,0.16879140899999356,2.4946168275940295,0.6236542068985074,3.5466395958707544,150,10,1.8,1.7584369373888713,5.686868711282388,2
150,10,8,minus,13,5.686868711282388,0.0079017250519224,1.7584369373888713,257.49187653323577,226.60618048855252,0.007143713384779085,0.98046875,251,426,421,0,256,0.1796485250000046,150,10,12,plus,5.686868711282388,0.0079017250519224,1.7584369373888713,259.95895061112225,201.81353554153986,0.007819290290259599,0.85546875,219,249,212,0,256,0.1622601899999836,2.4670740778864797,0.6167685194716199,3.5074815954871177,150,10,1.8,1.7584369373888713,5.686868711282388,2
150,10,8,minus,14,5.686868711282388,0.0079017250519224,1.7584369373888713,257.3375562464267,189.61170168053252,0.008357623331958025,0.828125,212,404,360,0,256,0.16858125099997778,150,10,12,plus,5.686868711282388,0.0079017250519224,1.7584369373888713,259.9926377133847,203.45399077747194,0.007645002684274717,0.875,224,241,209,0,256,0.16515806300003533,2.655081466957995,0.6637703667394987,3.7747749300872915,150,10,1.8,1.7584369373888713,5.686868711282388,2
150,10,8,minus,15,5.686868711282388,0.0079017250519224,1.7584369373888713,257.51240693619144,228.23981756573576,0.006996084467135259,0.97265625,249,429,422,0,256,0.18121214800004282,150,10,12,plus,5.686868711282388,0.0079017250519224,1.7584369373888713,259.9479843722157,196.35468161724373,0.008042751294993856,0.83984375,215,237,196,0,256,0.16479009199997563,2.435577436024289,0.6088943590060722,3.4627022787079778,150,10,1.8,1.7584369373888713,5.686868711282388,2
150,10,8,minus,16,5.686868711282388,0.0079017250519224,1.7584369373888713,257.4284980066303,206.54878617445976,0.007673326416896775,0.8828125,226,435,405,0,256,0.17467534500002557,150,10,12,plus,5.686868711282388,0.0079017250519224,1.7584369373888713,259.8835907363264,183.6468299316655,0.008584561296028232,0.796875,204,255,203,0,256,0.1693781969999577,2.455092729696105,0.6137731824240262,3.490447506951412,150,10,1.8,1.7584369373888713,5.686868711282388,2
150,10,8,minus,17,5.686868711282388,0.0079017250519224,1.7584369373888713,257.58472240017284,241.19088261852795,0.006592525204823343,1.046875,268,431,443,0,256,0.18770695200004184,150,10,12,plus,5.686868711282388,0.0079017250519224,1.7584369373888713,259.8585946502363,179.16733393664597,0.008800575460894884,0.76171875,195,240,179,0,256,0.1611206110000012,2.273872250063448,0.568468062515862,3.2328032380847764,150,10,1.8,1.7584369373888713,5.686868711282388,2
150,10,8,minus,18,5.686868711282388,0.0079017250519224,1.7584369373888713,257.4307566953322,204.86604193138913,0.007576229855163296,0.8671875,222,411,377,0,256,0.169518504999985,150,10,12,plus,5.686868711282388,0.0079017250519224,1.7584369373888713,260.022451326757,203.74642524006512,0.007465514444245145,0.859375,220,220,184,0,256,0.16409359599998652,2.5916946314247866,0.6479236578561967,3.68465677716204,150,10,1.8,1.7584369373888713,5.686868711282388,2
150,10,8,minus,19,5.686868711282388,0.0079017250519224,1.7584369373888713,257.332135979256,188.42633603737198,0.008415848952952124,0.8203125,210,419,373,0,256,0.1681524340000351,150,10,12,plus,5.686868711282388,0.0079017250519224,1.7584369373888713,260.0722228670025,219.85460855153482,0.007104282085205386,0.9296875,238,266,248,0,256,0.17279009200001383,2.740086887746486,0.6850217219366215,3.895628597030157,150,10,1.8,1.7584369373888713,5.686868711282388,2
150,12,10,minus,0,5.686868711282388,0.0079017250519224,2.1101243248666455,258.9959417768332,200.12342397932645,0.007995792437249877,0.859375,220,342,306,0,256,0.17500166900003933,150,12,14,plus,5.686868711282388,0.0079017250519224,2.1101243248666455,260.5226251355961,203.99770795699445,0.0076202111658091555,0.859375,220,187,151,0,256,0.16409763699999758,1.5266833587629094,0.38167083969072735,2.1705119562460737,150,12,2.2,2.1101243248666455,5.686868711282388,2
150,12,10,minus,1,5.686868711282388,0.0079017250519224,2.1101243248666455,259.0821137077002,208.3967972384713,0.007424604706509649,0.89453125,229,312,285,0,256,0.168493495000007,150,12,14,plus,5.686868711282388,0.0079017250519224,2.1101243248666455,260.53384926866306,205.9122133039428,0.00754199534790572,0.875,224,191,159,0,256,0.17086298300000635,1.4517355609628453,0.3629338902407113,2.063957384673898,150,12,2.2,2.1101243248666455,5.686868711282388,2
150,12,10,minus,2,5.686868711282388,0.0079017250519224,2.1101243248666455,259.04757848879063,202.71943908629942,0.007634999615237763,0.859375,220,326,290,0,256,0.17002496399999245,150,12,14,plus,5.686868711282388,0.0079017250519224,2.1101243248666455,260.5238647731363,200.40537785404987,0.007575543785702054,0.85546875,219,185,148,0,256,0.1650987740000005,1.47628628434569,0.3690715710864225,2.09886156983521,150,12,2.2,2.1101243248666455,5.686868711282388,2
150,12,10,minus,3,5.686868711282388,0.0079017250519224,2.1101243248666455,259.0901975701606,209.8266727085638,0.007425658347624085,0.90234375,231,312,287,0,256,0.16779408799999374,150,12,14,plus,5.686868711282388,0.0079017250519224,2.1101243248666455,260.46482200934395,193.87833463163267,0.008097942209896725,0.8203125,210,190,144,0,256,0.1649195389999818,1.3746244391833216,0.3436561097958304,1.9543271782389329,150,12,2.2,2.1101243248666455,5.686868711282388,2
150,12,10,minus,4,5.686868711282388,0.0079017250519224,2.1101243248666455,259.0226349347998,196.33452378370887,0.007937300989239914,0.84765625,217,300,261,0,256,0.16338353599996935,150,12,14,plus,5.686868711282388,0.0079017250519224,2.1101243248666455,260.5909391026194,221.3525280637999,0.007084738504963585,0.9453125,242,187,173,0,256,0.17187341999999717,1.5683041678196332,0.3920760419549083,2.229684975436809,150,12,2.2,2.1101243248666455,5.686868711282388,2
150,12,10,minus,5,5.686868711282388,0.0079017250519224,2.1101243248666455,259.11859507929023,219.698135422238,0.007200916530240977,0.953125,244,317,305,0,256,0.16964610899998434,150,12,14,plus,5.686868711282388,0.0079017250519224,2.1101243248666455,260.3394429801288,163.76298628240372,0.009178946083798996,0.69921875,179,211,134,0,256,0.16251070099997378,1.220847900838578,0.3052119752096445,1.735700432128423,150,12,2.2,2.1101243248666455,5.686868711282388,2
150,12,10,minus,6,5.686868711282388,0.0079017250519224,2.1101243248666455,259.02756182341767,198.61739021287246,0.007889284134363234,0.8515625,218,321,283,0,256,0.16781435100000408,150,12,14,plus,5.686868711282388,0.0079017250519224,2.1101243248666455,260.50954417181504,193.58203519320762,0.0077623878225559885,0.8203125,210,195,149,0,256,0.16834604500002115,1.4819823483973664,0.3704955870993416,2.1069597619434446,150,12,2.2,2.1101243248666455,5.686868711282388,2
150,12,10,minus,7,5.686868711282388,0.0079017250519224,2.1101243248666455,258.9722805581618,188.73421380575675,0.008353762968246262,0.8125,208,310,262,0,256,0.16214337000002388,150,12,14,plus,5.686868711282388,0.0079017250519224,2.1101243248666455,260.55263717606385,212.20675903391668,0.007491028065195902,0.9140625,234,188,166,0,256,0.16853899400001637,1.580356617902055,0.39508915447551374,2.246820150753813,150,12,2.2,2.1101243248666455,5.686868711282388,2
150,12,10,minus,8,5.686868711282388,0.0079017250519224,2.1101243248666455,259.2032328567516,234.79518890769506,0.00656076882999677,1.0,256,333,333,0,256,0.17950117099996987,150,12,14,plus,5.686868711282388,0.0079017250519224,2.1101243248666455,260.61058361711906,215.02961309061175,0.0071021703357274655,0.90625,232,200,176,0,256,0.1710581730000058,1.4073507603674784,0.3518376900918696,2.0008547512333226,150,12,2.2,2.1101243248666455,5.686868711282388,2
150,12,10,minus,9,5.686868711282388,0.0079017250519224,2.1101243248666455,259.1761664614747,241.71321342143074,0.00672328398636489,1.04296875,267,318,329,0,256,0.1731058969999708,150,12,14,plus,5.686868711282388,0.0079017250519224,2.1101243248666455,260.391029259431,178.9238607511269,0.00873084946727383,0.76953125,197,203,144,0,256,0.1576303180000309,1.2148627979563003,0.30371569948907506,1.7271913085496653,150,12,2.2,2.1101243248666455,5.686868711282388,2
150,12,10,minus,10,5.686868711282388,0.0079017250519224,2.1101243248666455,258.99055315965313,196.61425229112012,0.00812015718375749,0.828125,212,325,281,0,256,0.1668994839999982,150,12,14,plus,5.686868711282388,0.0079017250519224,2.1101243248666455,260.61724548357245,223.63374427269898,0.006986294171262912,0.9453125,242,182,168,0,256,0.168313033000004,1.6266923239193147,0.4066730809798287,2.3126964199449964,150,12,2.2,2.1101243248666455,5.686868711282388,2
150,12,10,minus,11,5.686868711282388,0.0079017250519224,2.1101243248666455,259.0999333061019,218.21640958520692,0.007334240669844673,0.921875,236,305,285,0,256,0.16924161600002208,150,12,14,plus,5.686868711282388,0.0079017250519224,2.1101243248666455,260.5585152463036,216.99811532713414,0.0073352491509199765,0.91796875,235,189,168,0,256,0.16888405499997816,1.458581940201725,0.36464548505043126,2.0736909996436874,150,12,2.2,2.1101243248666455,5.686868711282388,2
150,12,10,minus,12,5.686868711282388,0.0079017250519224,2.1101243248666455,259.18164517442057,233.82960455977297,0.006791213485231676,1.01171875,259,330,333,0,256,0.1779972799999996,150,12,14,plus,5.686868711282388,0.0079017250519224,2.1101243248666455,260.5857684366462,212.63814936740337,0.007153736348055188,0.90234375,231,201,176,0,256,0.16957240699997556,1.404123262225653,0.35103081555641324,1.9962661616837054,150,12,2.2,2.1101243248666455,5.686868711282388,2
150,12,10,minus,13,5.686868711282388,0.0079017250519224,2.1101243248666455,259.0012487051436,195.67921529716762,0.008095697943363872,0.83984375,215,304,263,0,256,0.16899699300000748,150,12,14,plus,5.686868711282388,0.0079017250519224,2.1101243248666455,260.50635862590394,204.46926912887332,0.007828807889315297,0.875,224,189,157,0,256,0.1665352539999958,1.505109920760333,0.3762774801900832,2.139840628853163,150,12,2.2,2.1101243248666455,5.686868711282388,2
150,12,10,minus,14,5.686868711282388,0.0079017250519224,2.1101243248666455,258.93829071477774,188.455505992571,0.008536080488998413,0.80859375,207,322,273,0,256,0.16512878099996442,150,12,14,plus,5.686868711282388,0.0079017250519224,2.1101243248666455,260.52961329202935,206.47715946986438,0.007693945619136778,0.87109375,223,203,170,0,256,0.16566985200000772,1.591322577251617,0.39783064431290427,2.262410643532368,150,12,2.2,2.1101243248666455,5.686868711282388,2
150,12,10,minus,15,5.686868711282388,0.0079017250519224,2.1101243248666455,259.00947231018483,204.61340209531295,0.008056804503000788,0.8671875,222,348,314,0,256,0.17445603499999152,150,12,14,plus,5.686868711282388,0.0079017250519224,2.1101243248666455,260.4517035392864,185.28324657370607,0.008061657299143585,0.7890625,202,197,143,0,256,0.16684580800000504,1.4422312291015942,0.36055780727539855,2.0504449128030493,150,12,2.2,2.1101243248666455,5.686868711282388,2
150,12,10,minus,16,5.686868711282388,0.0079017250519224,2.1101243248666455,259.0894506407802,211.32881810860323,0.007407600535121442,0.90234375,231,309,284,0,256,0.16770096599998396,150,12,14,plus,5.686868711282388,0.0079017250519224,2.1101243248666455,260.654428551095,224.50076593365606,0.006773672535734749,0.9453125,242,195,181,0,256,0.1700068979999969,1.5649779103147807,0.3912444775786952,2.2249559780043056,150,12,2.2,2.1101243248666455,5.686868711282388,2
150,12,10,minus,17,5.686868711282388,0.0079017250519224,2.1101243248666455,259.11466342650215,206.9927219632255,0.007157364614710653,0.8828125,226,304,274,0,256,0.16744985200000428,150,12,14,plus,5.686868711282388,0.0079017250519224,2.1101243248666455,260.5891763551285,221.64240122650247,0.007170896283311506,0.9375,240,198,182,0,256,0.16828534400002582,1.474512928626325,0.36862823215658125,2.0963403595466024,150,12,2.2,2.1101243248666455,5.686868711282388,2
150,12,10,minus,18,5.686868711282388,0.0079017250519224,2.1101243248666455,259.09429669724165,215.48419843656615,0.007362774765609772,0.9296875,238,337,319,0,256,0.17287796599998728,150,12,14,plus,5.686868711282388,0.0079017250519224,2.1101243248666455,260.5134395349714,203.1030451409334,0.007712430742431536,0.859375,220,191,155,0,256,0.16651470099998278,1.419142837729737,0.35478570943243426,2.017619750181435,150,12,2.2,2.1101243248666455,5.686868711282388,2
150,12,10,minus,19,5.686868711282388,0.0079017250519224,2.1101243248666455,258.9982454620242,198.31874859698425,0.008054643921227367,0.84765625,217,315,276,0,256,0.16792425500000263,150,12,14,plus,5.686868711282388,0.0079017250519224,2.1101243248666455,260.532474994786,206.3007184980063,0.007598015225286841,0.87890625,225,199,168,0,256,0.1696085830000129,1.534229532761799,0.38355738319044974,2.181240481447118,150,12,2.2,2.1101243248666455,5.686868711282388,2
150,14,12,minus,0,5.686868711282388,0.0079017250519224,2.46181171234442,260.10961129274443,227.09423899382668,0.006803592988377165,0.97265625,249,250,243,0,256,0.17001715300000342,150,14,16,plus,5.686868711282388,0.0079017250519224,2.46181171234442,260.81498618661453,200.37119827964057,0.007603603205508233,0.84375,216,164,124,0,256,0.1683870140000181,0.7053748938701005,0.17634372346752514,1.0028436034185024,150,14,2.4,2.46181171234442,5.686868711282388,2
150,14,12,minus,1,5.686868711282388,0.0079017250519224,2.46181171234442,260.111637679483,239.2374124607317,0.006829626196315183,1.015625,260,246,250,0,256,0.17946119600003385,150,14,16,plus,5.686868711282388,0.0079017250519224,2.46181171234442,260.85595672898995,203.93453250981273,0.007575585657729119,0.8671875,222,174,140,0,256,0.16634788599998274,0.7443190495069416,0.1860797623767354,1.0582111784631183,150,14,2.4,2.46181171234442,5.686868711282388,2
150,14,12,minus,2,5.686868711282388,0.0079017250519224,2.46181171234442,259.85420902793163,187.15656800498252,0.008485363893411086,0.8046875,206,247,197,0,256,0.16556454199997006,150,14,16,plus,5.686868711282388,0.0079017250519224,2.46181171234442,261.005568119935,235.8488819740717,0.006589467379172075,0.99609375,255,153,152,0,256,0.17127514800000654,1.1513590920033607,0.2878397730008402,1.6369069989411031,150,14,2.4,2.46181171234442,5.686868711282388,2
150,14,12,minus,3,5.686868711282388,0.0079017250519224,2.46181171234442,260.0384766846054,218.28286085802839,0.007351932990805569,0.9296875,238,249,231,0,256,0.17156099799996127,150,14,16,plus,5.686868711282388,0.0079017250519224,2.46181171234442,260.8952252479251,207.994711219028,0.007305658070872769,0.88671875,227,166,137,0,256,0.1673912129999735,0.8567485633196839,0.21418714082992096,1.218054149544712,150,14,2.4,2.46181171234442,5.686868711282388,2
150,14,12,minus,4,5.686868711282388,0.0079017250519224,2.46181171234442,259.89642331302065,177.4398466464577,0.008329517577631586,0.75390625,193,257,194,0,256,0.16713712600000008,150,14,16,plus,5.686868711282388,0.0079017250519224,2.46181171234442,260.8547540079304,205.42537468575176,0.007413199045500974,0.87109375,223,161,128,0,256,0.1650281430000291,0.9583306949097619,0.23958267372744046,1.3624752109859581,150,14,2.4,2.46181171234442,5.686868711282388,2
150,14,12,minus,5,5.686868711282388,0.0079017250519224,2.46181171234442,259.8707569958755,178.13258590116678,0.008677255530034702,0.76953125,197,249,190,0,256,0.16423005500001864,150,14,16,plus,5.686868711282388,0.0079017250519224,2.46181171234442,260.87130776938363,207.60817054098726,0.0074000540198886945,0.88671875,227,171,142,0,256,0.1675760260000061,1.0005507735081096,0.2501376933770274,1.422500221978165,150,14,2.4,2.46181171234442,5.686868711282388,2
150,14,12,minus,6,5.686868711282388,0.0079017250519224,2.46181171234442,259.91774630828434,192.11629994960424,0.0082949877034876,0.8203125,210,262,216,0,256,0.16712182199995596,150,14,16,plus,5.686868711282388,0.0079017250519224,2.46181171234442,260.84590051664117,204.2805595815639,0.007704749254910332,0.875,224,155,123,0,256,0.17188478700001042,0.9281542083568297,0.23203855208920743,1.3195727816873823,150,14,2.4,2.46181171234442,5.686868711282388,2
150,14,12,minus,7,5.686868711282388,0.0079017250519224,2.46181171234442,260.03246403236494,207.55883844770128,0.007385597481605994,0.87890625,225,248,217,0,256,0.16977181599997948,150,14,16,plus,5.686868711282388,0.0079017250519224,2.46181171234442,260.9385468128622,219.9888415304316,0.006987074540570539,0.92578125,237,157,138,0,256,0.16924150299996654,0.906082780497286,0.2265206951243215,1.288193453560441,150,14,2.4,2.46181171234442,5.686868711282388,2
150,14,12,minus,8,5.686868711282388,0.0079017250519224,2.46181171234442,259.96915113282734,189.44281475787142,0.007841913448765007,0.8125,208,268,220,0,256,0.17219409500000893,150,14,16,plus,5.686868711282388,0.0079017250519224,2.46181171234442,260.9138447958314,215.00004387300243,0.007122875003445778,0.9140625,234,156,134,0,256,0.17026226600000882,0.9446936630040454,0.23617341575101136,1.3430872084711136,150,14,2.4,2.46181171234442,5.686868711282388,2
150,14,12,minus,9,5.686868711282388,0.0079017250519224,2.46181171234442,260.0616501108326,217.520382547387,0.007156820667265992,0.91796875,235,251,230,0,256,0.1729019709999875,150,14,16,plus,5.686868711282388,0.0079017250519224,2.46181171234442,260.811098870221,199.942185681666,0.007899945219336292,0.8515625,218,174,136,0,256,0.16633184199997686,0.7494487593883719,0.18736218984709296,1.0655041751187837,150,14,2.4,2.46181171234442,5.686868711282388,2
150,14,12,minus,10,5.686868711282388,0.0079017250519224,2.46181171234442,259.88628281779785,185.84603818068496,0.00850413311243591,0.80078125,205,246,195,0,256,0.16269019499998194,150,14,16,plus,5.686868711282388,0.0079017250519224,2.46181171234442,260.8550321813381,199.7079470124485,0.00760331520160145,0.83984375,215,165,124,0,256,0.1657452219999982,0.9687493635402689,0.24218734088506721,1.3772876111479706,150,14,2.4,2.46181171234442,5.686868711282388,2
150,14,12,minus,11,5.686868711282388,0.0079017250519224,2.46181171234442,260.0583003408959,217.06385306154624,0.0072077145882689896,0.9296875,238,255,237,0,256,0.18247219199997744,150,14,16,plus,5.686868711282388,0.0079017250519224,2.46181171234442,260.8530838464613,211.96129919892164,0.007566232990830879,0.90625,232,157,133,0,256,0.16688218899997764,0.7947835055653627,0.19869587639134068,1.1299573625107482,150,14,2.4,2.46181171234442,5.686868711282388,2
150,14,12,minus,12,5.686868711282388,0.0079017250519224,2.46181171234442,260.0537319859496,215.0874974324585,0.007225492635652047,0.91015625,233,235,212,0,256,0.16823303999996142,150,14,16,plus,5.686868711282388,0.0079017250519224,2.46181171234442,261.00172666322374,237.69140406188583,0.006555764950637426,1.015625,260,164,168,0,256,0.17610889000002317,0.9479946772741528,0.2369986693185382,1.3477803171631562,150,14,2.4,2.46181171234442,5.686868711282388,2
150,14,12,minus,13,5.686868711282388,0.0079017250519224,2.46181171234442,260.0193176174656,210.96615283104464,0.00742333525760615,0.91015625,233,241,218,0,256,0.17321530999998913,150,14,16,plus,5.686868711282388,0.0079017250519224,2.46181171234442,260.8105126213103,197.06737698155925,0.007731369065119026,0.83984375,215,170,129,0,256,0.1692151369999806,0.7911950038446776,0.1977987509611694,1.1248555279718113,150,14,2.4,2.46181171234442,5.686868711282388,2
150,14,12,minus,14,5.686868711282388,0.0079017250519224,2.46181171234442,260.0882798454058,218.2584626288773,0.006999134780511829,0.9296875,238,241,223,0,256,0.1729530339999883,150,14,16,plus,5.686868711282388,0.0079017250519224,2.46181171234442,260.87568929168384,215.37865156921305,0.007272866310868738,0.90625,232,169,145,0,256,0.17261858299997357,0.7874094462780477,0.1968523615695119,1.119473535751705,150,14,2.4,2.46181171234442,5.686868711282388,2
150,14,12,minus,15,5.686868711282388,0.0079017250519224,2.46181171234442,260.03584551255267,210.93861774551695,0.007324645915609757,0.90625,232,233,209,0,256,0.18451134600002206,150,14,16,plus,5.686868711282388,0.0079017250519224,2.46181171234442,260.8664019293218,202.6903422657021,0.007536827029141857,0.85546875,219,164,127,0,256,0.16929724499999566,0.8305564167691273,0.20763910419228182,1.1808163248697912,150,14,2.4,2.46181171234442,5.686868711282388,2
150,14,12,minus,16,5.686868711282388,0.0079017250519224,2.46181171234442,259.7229324253688,158.45572630802488,0.009918302145649725,0.6796875,174,256,174,0,256,0.17701357099997495,150,14,16,plus,5.686868711282388,0.0079017250519224,2.46181171234442,260.8460108498443,206.32597841345554,0.007542573523669633,0.875,224,166,134,0,256,0.17138868000000684,1.123078424475466,0.2807696061188665,1.596699888116462,150,14,2.4,2.46181171234442,5.686868711282388,2
150,14,12,minus,17,5.686868711282388,0.0079017250519224,2.46181171234442,259.84904642305713,173.3181175326144,0.008876654421532586,0.7421875,190,253,187,0,256,0.17994414500003586,150,14,16,plus,5.686868711282388,0.0079017250519224,2.46181171234442,260.80466469681386,194.26034540191938,0.007984374420532835,0.828125,212,160,116,0,256,0.16851167199996553,0.9556182737567269,0.23890456843918173,1.3586189152392045,150,14,2.4,2.46181171234442,5.686868711282388,2
150,14,12,minus,18,5.686868711282388,0.0079017250519224,2.46181171234442,259.901325485344,187.99696731295109,0.008325566784199046,0.8046875,206,250,200,0,256,0.1775237479999987,150,14,16,plus,5.686868711282388,0.0079017250519224,2.46181171234442,260.88496077100683,209.73544129026467,0.007378554289569383,0.8828125,226,168,138,0,256,0.16705578099998775,0.9836352856628423,0.24590882141571058,1.398451182337333,150,14,2.4,2.46181171234442,5.686868711282388,2
150,14,12,minus,19,5.686868711282388,0.0079017250519224,2.46181171234442,259.7616429016599,167.38263455011264,0.009530011822809357,0.71484375,183,244,171,0,256,0.1631166749999693,150,14,16,plus,5.686868711282388,0.0079017250519224,2.46181171234442,260.8414164352792,201.8772630554191,0.007708640239329003,0.85546875,219,168,131,0,256,0.16760768899996492,1.0797735336192886,0.26994338340482216,1.5351325809025886,150,14,2.4,2.46181171234442,5.686868711282388,2
150,16,14,minus,0,5.686868711282388,0.0079017250519224,2.8134990998221943,260.48435077578284,193.87011916303746,0.008060475842630681,0.81640625,209,210,163,0,256,0.16497611100004406,150,16,18,plus,5.686868711282388,0.0079017250519224,2.8134990998221943,261.0118125296191,181.3061114141183,0.00880549301438811,0.7734375,198,145,87,0,256,0.1648425640000255,0.527461753836235,0.13186543845905874,0.7499014360723544,150,16,2.8,2.8134990998221943,5.686868711282388,2
150,16,14,minus,1,5.686868711282388,0.0079017250519224,2.8134990998221943,260.48692317871314,196.80283118134622,0.008020534606900786,0.83984375,215,193,152,0,256,0.16786220099999127,150,16,18,plus,5.686868711282388,0.0079017250519224,2.8134990998221943,261.09921260172337,200.2793838607083,0.008031623711015743,0.84765625,217,129,90,0,256,0.16561262199996918,0.6122894230102247,0.15307235575255618,0.8705023904914984,150,16,2.8,2.8134990998221943,5.686868711282388,2
150,16,14,minus,2,5.686868711282388,0.0079017250519224,2.8134990998221943,260.3796068259873,178.52537496238276,0.008863177094751925,0.7578125,194,210,148,0,256,0.16643318900003123,150,16,18,plus,5.686868711282388,0.0079017250519224,2.8134990998221943,261.1788602066519,213.63130211104874,0.00723456079408326,0.921875,236,124,104,0,256,0.17346060200003421,0.7992533806645952,0.1998133451661488,1.1363122607220395,150,16,2.8,2.8134990998221943,5.686868711282388,2
150,16,14,minus,3,5.686868711282388,0.0079017250519224,2.8134990998221943,260.43823082826725,188.59493285244665,0.008362435973726854,0.7890625,202,197,143,0,256,0.16871799399996235,150,16,18,plus,5.686868711282388,0.0079017250519224,2.8134990998221943,261.1329752365466,205.9409510212229,0.007802465106860152,0.86328125,221,144,109,0,256,0.16713141399998221,0.6947444082793481,0.17368610206983703,0.9877300594455555,150,16,2.8,2.8134990998221943,5.686868711282388,2
150,16,14,minus,4,5.686868711282388,0.0079017250519224,2.8134990998221943,260.5632754173438,206.15956235676632,0.007298934543548178,0.87890625,225,200,169,0,256,0.16986640200002512,150,16,18,plus,5.686868711282388,0.0079017250519224,2.8134990998221943,261.0886189466623,195.1546748911992,0.00805835631143816,0.828125,212,135,91,0,256,0.16682713299996976,0.5253435293184907,0.13133588232962268,0.7468899198889967,150,16,2.8,2.8134990998221943,5.686868711282388,2
150,16,14,minus,5,5.686868711282388,0.0079017250519224,2.8134990998221943,260.4727355047554,188.59357180757803,0.008040622501805112,0.80078125,205,190,139,0,256,0.16217593400000396,150,16,18,plus,5.686868711282388,0.0079017250519224,2.8134990998221943,261.06084032199306,195.31073198551348,0.008264100245936958,0.82421875,211,142,97,0,256,0.1682045690000109,0.5881048172376495,0.14702620430941238,0.8361187210258091,150,16,2.8,2.8134990998221943,5.686868711282388,2
150,16,14,minus,6,5.686868711282388,0.0079017250519224,2.8134990998221943,260.4926454205177,192.62517851056617,0.007845315554000348,0.828125,212,195,151,0,256,0.16558969200002593,150,16,18,plus,5.686868711282388,0.0079017250519224,2.8134990998221943,261.0882077934231,195.14124959542764,0.008053318030127236,0.828125,212,145,101,0,256,0.1666483540000172,0.5955623729054196,0.1488905932263549,0.8467212560232311,150,16,2.8,2.8134990998221943,5.686868711282388,2
150,16,14,minus,7,5.686868711282388,0.0079017250519224,2.8134990998221943,260.56429427873127,215.34010655889873,0.0074125567621063345,0.91015625,233,189,166,0,256,0.16534218600003214,150,16,18,plus,5.686868711282388,0.0079017250519224,2.8134990998221943,261.2046389804994,210.2457442066151,0.007163353766462544,0.88671875,227,124,95,0,256,0.1685072919999584,0.6403447017681287,0.16008617544203219,0.9103890622301559,150,16,2.8,2.8134990998221943,5.686868711282388,2
150,16,14,minus,8,5.686868711282388,0.0079017250519224,2.8134990998221943,260.5814335054721,215.19050556382786,0.007211368463392472,0.9140625,234,194,172,0,256,0.16820725400003766,150,16,18,plus,5.686868711282388,0.0079017250519224,2.8134990998221943,261.05821137331714,189.621222210851,0.008417256224160716,0.8046875,206,151,101,0,256,0.16948002699996323,0.47677786784504406,0.11919446696126101,0.6778432847199776,150,16,2.8,2.8134990998221943,5.686868711282388,2
150,16,14,minus,9,5.686868711282388,0.0079017250519224,2.8134990998221943,260.62803333464666,220.38548319359833,0.006890842170287328,0.9375,240,194,178,0,256,0.16933401799997227,150,16,18,plus,5.686868711282388,0.0079017250519224,2.8134990998221943,261.1560987802604,211.48546841887807,0.007612212669546855,0.89453125,229,134,107,0,256,0.1701451590000147,0.5280654456137199,0.13201636140342998,0.7507597150425138,150,16,2.8,2.8134990998221943,5.686868711282388,2
150,16,14,minus,10,5.686868711282388,0.0079017250519224,2.8134990998221943,260.4574678742621,187.77573912800713,0.008180038774421972,0.8046875,206,206,156,0,256,0.16878654900000356,150,16,18,plus,5.686868711282388,0.0079017250519224,2.8134990998221943,261.3172597373,244.55556883731208,0.0064962454145875,1.03515625,265,131,140,0,256,0.17494178700002294,0.8597918630379127,0.21494796575947817,1.2223808610313744,150,16,2.8,2.8134990998221943,5.686868711282388,2
150,16,14,minus,11,5.686868711282388,0.0079017250519224,2.8134990998221943,260.40209179632393,188.1395765996235,0.008319382456112853,0.78515625,201,196,141,0,256,0.1654223720000232,150,16,18,plus,5.686868711282388,0.0079017250519224,2.8134990998221943,261.1922020277388,218.1258851306051,0.007285643436289195,0.92578125,237,135,116,0,256,0.16862490200003322,0.7901102314148716,0.1975275578537179,1.12331328837433,150,16,2.8,2.8134990998221943,5.686868711282388,2
150,16,14,minus,12,5.686868711282388,0.0079017250519224,2.8134990998221943,260.4237144228034,183.9747606517375,0.008440237571510112,0.7734375,198,203,145,0,256,0.1599977849999732,150,16,18,plus,5.686868711282388,0.0079017250519224,2.8134990998221943,261.0805646631102,191.06556488498055,0.008245336338510139,0.8203125,210,146,100,0,256,0.16276547100000016,0.6568502403067669,0.16421256007669172,0.9338552698997176,150,16,2.8,2.8134990998221943,5.686868711282388,2
150,16,14,minus,13,5.686868711282388,0.0079017250519224,2.8134990998221943,260.58319301402497,211.61025095189746,0.007301528278059596,0.89453125,229,198,171,0,256,0.16819388199996865,150,16,18,plus,5.686868711282388,0.0079017250519224,2.8134990998221943,261.1419742011145,203.74712068974273,0.00775313167914227,0.85546875,219,154,117,0,256,0.16511606599999595,0.5587811870895507,0.13969529677238768,0.7944288123281991,150,16,2.8,2.8134990998221943,5.686868711282388,2
150,16,14,minus,14,5.686868711282388,0.0079017250519224,2.8134990998221943,260.5782175267376,221.25566874899468,0.007268693412174536,0.9453125,242,186,172,0,256,0.16947407999998632,150,16,18,plus,5.686868711282388,0.0079017250519224,2.8134990998221943,261.0089130740623,175.23609112098757,0.008845336636824744,0.74609375,191,159,94,0,256,0.16349610299999995,0.43069554732471715,0.10767388683117929,0.6123272580423943,150,16,2.8,2.8134990998221943,5.686868711282388,2
150,16,14,minus,15,5.686868711282388,0.0079017250519224,2.8134990998221943,260.3936197155051,170.4871620946836,0.008807578765547297,0.7265625,186,209,139,0,256,0.16488344599997617,150,16,18,plus,5.686868711282388,0.0079017250519224,2.8134990998221943,261.1999691186526,214.69937069405208,0.007290062163063049,0.90625,232,133,109,0,256,0.17142899099997067,0.8063494031474647,0.20158735078686618,1.1464007977801365,150,16,2.8,2.8134990998221943,5.686868711282388,2
150,16,14,minus,16,5.686868711282388,0.0079017250519224,2.8134990998221943,260.62626509139216,223.09893956126754,0.006913525650270351,0.94140625,241,193,178,0,256,0.1689725420000059,150,16,18,plus,5.686868711282388,0.0079017250519224,2.8134990998221943,261.1827336251909,215.50015531396463,0.007447439660467056,0.90625,232,134,110,0,256,0.1707930129999795,0.5564685337987498,0.13911713344968746,0.7911408734183242,150,16,2.8,2.8134990998221943,5.686868711282388,2
150,16,14,minus,17,5.686868711282388,0.0079017250519224,2.8134990998221943,260.54412760226506,210.25541783035206,0.007519047305385404,0.8984375,230,192,166,0,256,0.17094277399996827,150,16,18,plus,5.686868711282388,0.0079017250519224,2.8134990998221943,261.1237957861114,201.96730875885027,0.007858504090656594,0.8671875,222,147,113,0,256,0.17332989299995916,0.5796681838463087,0.14491704596157717,0.824124214410365,150,16,2.8,2.8134990998221943,5.686868711282388,2
150,16,14,minus,18,5.686868711282388,0.0079017250519224,2.8134990998221943,260.57661612418116,209.18742342446296,0.007321395998805287,0.8984375,230,191,165,0,256,0.16892195499997342,150,16,18,plus,5.686868711282388,0.0079017250519224,2.8134990998221943,261.0360985082286,191.23591046561165,0.00822795946695815,0.80078125,205,145,94,0,256,0.16566072199998416,0.45948238404741915,0.11487059601185479,0.6532539983061765,150,16,2.8,2.8134990998221943,5.686868711282388,2
150,16,14,minus,19,5.686868711282388,0.0079017250519224,2.8134990998221943,260.4616305507806,190.37436130363577,0.008200047808769104,0.8125,208,200,152,0,256,0.16686818599998787,150,16,18,plus,5.686868711282388,0.0079017250519224,2.8134990998221943,261.08121419613707,187.5431149523697,0.008188720065496874,0.80078125,205,133,82,0,256,0.16674211200000855,0.6195836453564425,0.15489591133911063,0.8808727116999591,150,16,2.8,2.8134990998221943,5.686868711282388,2
150,18,16,minus,0,5.686868711282388,0.0079017250519224,3.165186487299968,260.8211302072478,198.28989335350258,0.007745931930276051,0.83203125,213,184,141,0,256,0.16994530499999883,150,18,20,plus,5.686868711282388,0.0079017250519224,3.165186487299968,261.3305675833256,204.6979027301075,0.007631967029828663,0.8671875,222,114,80,0,256,0.16740354099999877,0.5094373760778126,0.12735934401945315,0.7242758685936779,150,18,3.0,3.165186487299968,5.686868711282388,2
150,18,16,minus,1,5.686868711282388,0.0079017250519224,3.165186487299968,260.8924717683308,216.02307650438112,0.007319047953532744,0.921875,236,148,128,0,256,0.17041219200001478,150,18,20,plus,5.686868711282388,0.0079017250519224,3.165186487299968,261.23864849747156,183.46903687621662,0.008367058676386594,0.7734375,198,134,76,0,256,0.16916943799998307,0.34617672914077957,0.08654418228519489,0.4921654023811944,150,18,3.0,3.165186487299968,5.686868711282388,2
150,18,16,minus,2,5.686868711282388,0.0079017250519224,3.165186487299968,260.91109124129895,225.08423632131513,0.0072218613896395355,0.953125,244,161,149,0,256,0.17338693499999636,150,18,20,plus,5.686868711282388,0.0079017250519224,3.165186487299968,261.41449081413845,216.9327462599168,0.007183692977889629,0.92578125,237,114,95,0,256,0.17589430599997513,0.5033995728394984,0.1258498932098746,0.7156918200134658,150,18,3.0,3.165186487299968,5.686868711282388,2
150,18,16,minus,3,5.686868711282388,0.0079017250519224,3.165186487299968,261.0398234206237,243.78673174021534,0.006179374056130208,1.01953125,261,159,164,0,256,0.17522222100001272,150,18,20,plus,5.686868711282388,0.0079017250519224,3.165186487299968,261.2220906764692,182.8910873014498,0.008579768114883344,0.77734375,199,124,67,0,256,0.16781064700001025,0.1822672558454883,0.04556681396137208,0.25913248858975235,150,18,3.0,3.165186487299968,5.686868711282388,2
150,18,16,minus,4,5.686868711282388,0.0079017250519224,3.165186487299968,260.7341930234342,184.12993697737863,0.008639810496940722,0.80078125,205,180,129,0,256,0.16716877000004615,150,18,20,plus,5.686868711282388,0.0079017250519224,3.165186487299968,261.2552078821875,192.07931669942516,0.008011277060615527,0.80078125,205,113,62,0,256,0.1675722169999858,0.5210148587532899,0.13025371468832248,0.7407357745893243,150,18,3.0,3.165186487299968,5.686868711282388,2
150,18,16,minus,5,5.686868711282388,0.0079017250519224,3.165186487299968,261.02889055104237,234.4812241589454,0.006375765289780121,0.98828125,253,169,166,0,256,0.17541466200003697,150,18,20,plus,5.686868711282388,0.0079017250519224,3.165186487299968,261.3436894539013,203.2991242431373,0.007607178329498726,0.87109375,223,115,82,0,256,0.17172171600003594,0.3147989028589109,0.07869972571472772,0.447555007753591,150,18,3.0,3.165186487299968,5.686868711282388,2
150,18,16,minus,6,5.686868711282388,0.0079017250519224,3.165186487299968,260.98119455854476,228.50878545649294,0.006745577335926392,0.97265625,249,155,148,0,256,0.17491478899995627,150,18,20,plus,5.686868711282388,0.0079017250519224,3.165186487299968,261.3707667943771,215.1985379260581,0.007483501970559739,0.9140625,234,107,85,0,256,0.1710877470000014,0.389572235832361,0.09739305895809025,0.5538615396848443,150,18,3.0,3.165186487299968,5.686868711282388,2
150,18,16,minus,7,5.686868711282388,0.0079017250519224,3.165186487299968,260.86872716063306,208.41047159469548,0.007542154803502223,0.88671875,227,162,133,0,256,0.1699247299999911,150,18,20,plus,5.686868711282388,0.0079017250519224,3.165186487299968,261.37156805988735,213.58932843696869,0.007462657946778236,0.90625,232,110,86,0,256,0.1688126359999842,0.502840899254295,0.12571022481357375,0.7148975441805874,150,18,3.0,3.165186487299968,5.686868711282388,2
150,18,16,minus,8,5.686868711282388,0.0079017250519224,3.165186487299968,260.9546436144255,223.70694793178063,0.006889607013286355,0.95703125,245,162,151,0,256,0.16991979499999843,150,18,20,plus,5.686868711282388,0.0079017250519224,3.165186487299968,261.2827376808347,197.68888024415463,0.008214953365783895,0.83203125,213,121,78,0,256,0.1689636929999665,0.32809406640922134,0.08202351660230534,0.4664569701550017,150,18,3.0,3.165186487299968,5.686868711282388,2
150,18,16,minus,9,5.686868711282388,0.0079017250519224,3.165186487299968,260.95298598282466,217.9367862155665,0.00689265051526405,0.92578125,237,154,135,0,256,0.17207103499998766,150,18,20,plus,5.686868711282388,0.0079017250519224,3.165186487299968,261.28332126986857,194.06622268133927,0.00814500940450068,0.8359375,214,117,75,0,256,0.1760467609999523,0.33033528704390847,0.08258382176097712,0.46964335203062235,150,18,3.0,3.165186487299968,5.686868711282388,2
150,18,16,minus,10,5.686868711282388,0.0079017250519224,3.165186487299968,260.9285730026944,216.30691193679357,0.007001540995301558,0.91796875,235,156,135,0,256,0.17553223999999545,150,18,20,plus,5.686868711282388,0.0079017250519224,3.165186487299968,261.301990226184,202.15849609276322,0.007543004455157354,0.8515625,218,122,84,0,256,0.17425548300002447,0.3734172234895823,0.09335430587239557,0.5308936811292121,150,18,3.0,3.165186487299968,5.686868711282388,2
150,18,16,minus,11,5.686868711282388,0.0079017250519224,3.165186487299968,260.82431883939597,198.8011429570121,0.007864495462387981,0.83984375,215,164,123,0,256,0.16819266799996058,150,18,20,plus,5.686868711282388,0.0079017250519224,3.165186487299968,261.1976055697496,176.31554775110382,0.008798072580721832,0.75,192,139,75,0,256,0.168681902000003,0.3732867303536409,0.09332168258841023,0.5307081567962565,150,18,3.0,3.165186487299968,5.686868711282388,2
150,18,16,minus,12,5.686868711282388,0.0079017250519224,3.165186487299968,260.73289575997865,182.69506854503345,0.00862732015145105,0.7734375,198,174,116,0,256,0.16448973799998612,150,18,20,plus,5.686868711282388,0.0079017250519224,3.165186487299968,261.3059572038849,196.05392445566628,0.007936030491370361,0.83203125,213,121,78,0,256,0.1719871420000345,0.5730614439062265,0.14326536097655662,0.8147312987481566,150,18,3.0,3.165186487299968,5.686868711282388,2
150,18,16,minus,13,5.686868711282388,0.0079017250519224,3.165186487299968,260.9232175134695,211.32382564823016,0.007086334643871115,0.8984375,230,168,142,0,256,0.1731742319999512,150,18,20,plus,5.686868711282388,0.0079017250519224,3.165186487299968,261.42197159907937,220.16331561025783,0.007133685486058399,0.93359375,239,108,91,0,256,0.17765968599996995,0.49875408560984624,0.12468852140246156,0.709087251019723,150,18,3.0,3.165186487299968,5.686868711282388,2
150,18,16,minus,14,5.686868711282388,0.0079017250519224,3.165186487299968,260.7914998280008,196.3019471768984,0.007904827015473181,0.83203125,213,163,120,0,256,0.16666854700002887,150,18,20,plus,5.686868711282388,0.0079017250519224,3.165186487299968,261.2902096043278,195.8970067280557,0.00815468204491974,0.84375,216,115,75,0,256,0.1733273049999866,0.4987097763270185,0.12467744408175463,0.70902425575119,150,18,3.0,3.165186487299968,5.686868711282388,2
150,18,16,minus,15,5.686868711282388,0.0079017250519224,3.165186487299968,260.9317708295913,226.2295359842029,0.006830691377905754,0.94921875,243,155,142,0,256,0.172292361000018,150,18,20,plus,5.686868711282388,0.0079017250519224,3.165186487299968,261.2776363818671,191.84913216857842,0.008084926317640047,0.82421875,211,118,73,0,256,0.1725926979999599,0.34586555227582494,0.08646638806895623,0.491722996886948,150,18,3.0,3.165186487299968,5.686868711282388,2
150,18,16,minus,16,5.686868711282388,0.0079017250519224,3.165186487299968,261.01439374185674,244.71977150357478,0.006500982051572097,1.04296875,267,147,158,0,256,0.1747575539999957,150,18,20,plus,5.686868711282388,0.0079017250519224,3.165186487299968,261.2602265174803,188.0784925797955,0.008357418779877494,0.78515625,201,139,84,0,256,0.1677824309999778,0.24583277562356898,0.061458193905892244,0.34950467997534457,150,18,3.0,3.165186487299968,5.686868711282388,2
150,18,16,minus,17,5.686868711282388,0.0079017250519224,3.165186487299968,260.8372035155822,203.31924106555496,0.0076997748994138,0.8671875,222,162,128,0,256,0.17216924299998482,150,18,20,plus,5.686868711282388,0.0079017250519224,3.165186487299968,261.17062490029997,183.70687703856862,0.008942674372285225,0.7734375,198,124,66,0,256,0.16752103699997178,0.3334213847177807,0.08335534617944518,0.47403091010599874,150,18,3.0,3.165186487299968,5.686868711282388,2
150,18,16,minus,18,5.686868711282388,0.0079017250519224,3.165186487299968,260.81275631353526,198.28896308872766,0.007881335737438629,0.84375,216,160,120,0,256,0.16586500799996884,150,18,20,plus,5.686868711282388,0.0079017250519224,3.165186487299968,261.3985288845139,221.31751945552116,0.007248438028801386,0.9375,240,102,86,0,256,0.17368489500000805,0.5857725709786337,0.14644314274465842,0.8328029264564584,150,18,3.0,3.165186487299968,5.686868711282388,2
150,18,16,minus,19,5.686868711282388,0.0079017250519224,3.165186487299968,260.87391528792256,205.70662096854488,0.007512742564808507,0.86328125,221,167,132,0,256,0.16704731400000128,150,18,20,plus,5.686868711282388,0.0079017250519224,3.165186487299968,261.4104230269829,221.55445977363502,0.007186388488507476,0.9453125,242,116,102,0,256,0.17536584499998753,0.5365077390603687,0.1341269347650922,0.7627622686558168,150,18,3.0,3.165186487299968,5.686868711282388,2
200,6,4,minus,0,6.671487068275958,0.0092594264058106,0.8993497159772681,326.6536856263162,443.50166429748225,0.004025980836513582,1.9296875,494,771,1009,0,256,0.3220918689999621,200,6,8,plus,6.671487068275958,0.0092594264058106,0.8993497159772681,343.49446494266294,304.15801698521767,0.0054091510029265245,1.29296875,331,603,678,0,256,0.2308253670000795,16.840779316346755,4.210194829086689,28.08826035717415,200,6,1.0,0.8993497159772681,6.671487068275958,2
200,6,4,minus,1,6.671487068275958,0.0092594264058106,0.8993497159772681,326.4035853620818,349.03598010459075,0.0051889820864817445,1.5,384,750,878,0,256,0.29384736800000155,200,6,8,plus,6.671487068275958,0.0092594264058106,0.8993497159772681,343.41651134934654,264.0159571787947,0.0058040525573457066,1.13671875,291,588,623,0,256,0.227571442999988,17.012925987264737,4.253231496816184,28.375378929393168,200,6,1.0,0.8993497159772681,6.671487068275958,2
200,6,4,minus,2,6.671487068275958,0.0092594264058106,0.8993497159772681,326.35190476546904,325.4861212472441,0.0054309926404303085,1.39453125,357,733,834,0,256,0.2853646430000367,200,6,8,plus,6.671487068275958,0.0092594264058106,0.8993497159772681,343.56810835484765,318.501046882068,0.005032275095991905,1.3671875,350,617,711,0,256,0.2429278739999745,17.21620358937861,4.304050897344652,28.71441990283638,200,6,1.0,0.8993497159772681,6.671487068275958,2
200,6,4,minus,3,6.671487068275958,0.0092594264058106,0.8993497159772681,326.2646514900558,299.4427194758923,0.00589479918180771,1.296875,332,748,824,0,256,0.2689969179999707,200,6,8,plus,6.671487068275958,0.0092594264058106,0.8993497159772681,343.4593775585413,288.32811887404955,0.00562469030095952,1.25390625,321,610,675,0,256,0.23729486000001998,17.194726068485465,4.298681517121366,28.678598152112073,200,6,1.0,0.8993497159772681,6.671487068275958,2
200,6,4,minus,4,6.671487068275958,0.0092594264058106,0.8993497159772681,326.3206596337858,319.19106109907653,0.005424675638160111,1.375,352,698,794,0,256,0.2681836380000391,200,6,8,plus,6.671487068275958,0.0092594264058106,0.8993497159772681,343.4610674190649,291.5028173270998,0.00555258822035427,1.23828125,317,601,662,0,256,0.22716369400006897,17.14040778527908,4.28510194631977,28.588002221116486,200,6,1.0,0.8993497159772681,6.671487068275958,2
200,6,4,minus,5,6.671487068275958,0.0092594264058106,0.8993497159772681,326.30403083366843,323.75080432369487,0.005647896882504634,1.39453125,357,688,789,0,256,0.2621067409999114,200,6,8,plus,6.671487068275958,0.0092594264058106,0.8993497159772681,343.459748665439,281.43120590648215,0.005619133207509428,1.2109375,310,565,619,0,256,0.22586405499998818,17.155717831770573,4.288929457942643,28.61353741541216,200,6,1.0,0.8993497159772681,6.671487068275958,2
200,6,4,minus,6,6.671487068275958,0.0092594264058106,0.8993497159772681,326.2757367801622,297.2247035510823,0.005810150546249797,1.2890625,330,735,809,0,256,0.2856431180000527,200,6,8,plus,6.671487068275958,0.0092594264058106,0.8993497159772681,343.26150810734964,239.78460360577276,0.006824679521512485,1.015625,260,563,567,0,256,0.2138969879999877,16.98577132718742,4.246442831796855,28.33008843850586,200,6,1.0,0.8993497159772681,6.671487068275958,2
200,6,4,minus,7,6.671487068275958,0.0092594264058106,0.8993497159772681,326.39577990969576,342.85961631201263,0.005145835788899285,1.48828125,381,778,903,0,256,0.30225650299996687,200,6,8,plus,6.671487068275958,0.0092594264058106,0.8993497159772681,343.65032282634536,341.1615044878983,0.004655110059272004,1.4609375,374,631,749,0,256,0.25136003399995843,17.254542916649598,4.3136357291623995,28.77836498436008,200,6,1.0,0.8993497159772681,6.671487068275958,2
200,6,4,minus,8,6.671487068275958,0.0092594264058106,0.8993497159772681,326.0090932941417,228.5315103943842,0.007643143212281281,0.99609375,255,661,660,0,256,0.2749032479999869,200,6,8,plus,6.671487068275958,0.0092594264058106,0.8993497159772681,343.5353377953183,303.14455562027575,0.005215614374956106,1.30859375,335,628,707,0,256,0.23890844400000333,17.52624450117662,4.381561125294155,29.23152838626061,200,6,1.0,0.8993497159772681,6.671487068275958,2
200,6,4,minus,9,6.671487068275958,0.0092594264058106,0.8993497159772681,326.32600135850436,323.4294009890634,0.005576041058043999,1.3984375,358,843,945,0,256,0.3352084120000427,200,6,8,plus,6.671487068275958,0.0092594264058106,0.8993497159772681,343.3475896820616,257.24121418409237,0.006267498043906593,1.10546875,283,605,632,0,256,0.22792163700000856,17.02158832355724,4.25539708088931,28.38982659553229,200,6,1.0,0.8993497159772681,6.671487068275958,2
200,6,4,minus,10,6.671487068275958,0.0092594264058106,0.8993497159772681,326.02896799936065,246.61957993690538,0.00684656302466721,1.0546875,270,617,631,0,256,0.23474326799998835,200,6,8,plus,6.671487068275958,0.0092594264058106,0.8993497159772681,343.63362958132575,331.24684204800445,0.00473346620674903,1.41796875,363,695,802,0,256,0.2614354930000218,17.604661581965104,4.401165395491276,29.36231802136369,200,6,1.0,0.8993497159772681,6.671487068275958,2
200,6,4,minus,11,6.671487068275958,0.0092594264058106,0.8993497159772681,326.21239735284337,289.6878694509634,0.006098882646102044,1.2421875,318,642,704,0,256,0.25263999000003423,200,6,8,plus,6.671487068275958,0.0092594264058106,0.8993497159772681,343.6210699887646,332.8558062858634,0.004683350317803384,1.4296875,366,670,780,0,256,0.25143974499997057,17.40867263592122,4.352168158980305,29.03543359159949,200,6,1.0,0.8993497159772681,6.671487068275958,2
200,6,4,minus,12,6.671487068275958,0.0092594264058106,0.8993497159772681,326.3018961729484,325.4181687721523,0.005678016475721889,1.3984375,358,720,822,0,256,0.279798937999999,200,6,8,plus,6.671487068275958,0.0092594264058106,0.8993497159772681,343.5456842194491,321.4653393242294,0.005007908024026592,1.35546875,347,592,683,0,256,0.2323555220000344,17.243788046500697,4.310947011625174,28.760427240080237,200,6,1.0,0.8993497159772681,6.671487068275958,2
200,6,4,minus,13,6.671487068275958,0.0092594264058106,0.8993497159772681,326.34033380951297,331.33302829109545,0.005331066281208438,1.4296875,366,740,850,0,256,0.2839797089999365,200,6,8,plus,6.671487068275958,0.0092594264058106,0.8993497159772681,343.60595425513384,337.70994346079203,0.004856796212305476,1.453125,372,629,745,0,256,0.2531820820000803,17.26562044562087,4.316405111405217,28.796840882180152,200,6,1.0,0.8993497159772681,6.671487068275958,2
200,6,4,minus,14,6.671487068275958,0.0092594264058106,0.8993497159772681,326.20813723131454,279.7389628561598,0.0063087344516658305,1.234375,316,658,718,0,256,0.25399356299999454,200,6,8,plus,6.671487068275958,0.0092594264058106,0.8993497159772681,343.62718058532175,335.2434737429271,0.004754833765619298,1.4375,368,632,744,0,256,0.24742267500005255,17.419043354007215,4.354760838501804,29.052730619499354,200,6,1.0,0.8993497159772681,6.671487068275958,2
200,6,4,minus,15,6.671487068275958,0.0092594264058106,0.8993497159772681,326.4682688990182,382.25639928694744,0.004841547869659074,1.6328125,418,705,867,0,256,0.30261844099993596,200,6,8,plus,6.671487068275958,0.0092594264058106,0.8993497159772681,343.69960052361034,364.8514185595337,0.004365707290369613,1.55859375,399,642,785,0,256,0.25614785200002643,17.231331624592144,4.307832906148036,28.73965152566026,200,6,1.0,0.8993497159772681,6.671487068275958,2
200,6,4,minus,16,6.671487068275958,0.0092594264058106,0.8993497159772681,326.2927364224034,317.50034488209786,0.005688841039203377,1.375,352,773,869,0,256,0.29530172900001617,200,6,8,plus,6.671487068275958,0.0092594264058106,0.8993497159772681,343.41930562032326,264.33296604005835,0.0058663681783292015,1.14453125,293,567,604,0,256,0.22143913399997928,17.126569197919878,4.281642299479969,28.564921231963954,200,6,1.0,0.8993497159772681,6.671487068275958,2
200,6,4,minus,17,6.671487068275958,0.0092594264058106,0.8993497159772681,326.02703054140744,246.5632138334692,0.007460549810773478,1.06640625,273,624,641,0,256,0.24643554399995082,200,6,8,plus,6.671487068275958,0.0092594264058106,0.8993497159772681,343.5320336096519,310.0634986781946,0.005239549968287445,1.328125,340,625,709,0,256,0.24322410300010233,17.505003068244434,4.376250767061109,29.196100399980928,200,6,1.0,0.8993497159772681,6.671487068275958,2
200,6,4,minus,18,6.671487068275958,0.0092594264058106,0.8993497159772681,326.0582321660225,247.60097480184436,0.0072060716640243855,1.06640625,273,712,729,0,256,0.2627290059999723,200,6,8,plus,6.671487068275958,0.0092594264058106,0.8993497159772681,343.67939173657686,353.95548268535504,0.004518137125191394,1.52734375,391,678,813,0,256,0.2649398649999739,17.62115957055437,4.405289892638592,29.389834550745153,200,6,1.0,0.8993497159772681,6.671487068275958,2
200,6,4,minus,19,6.671487068275958,0.0092594264058106,0.8993497159772681,326.1468969213509,274.38314234724777,0.006586425115958687,1.171875,300,676,720,0,256,0.25886867500003063,200,6,8,plus,6.671487068275958,0.0092594264058106,0.8993497159772681,343.62615005529364,329.7410902488126,0.004767554796478024,1.42578125,365,585,694,0,256,0.2408470610000677,17.479253133942734,4.3698132834856835,29.15315281155524,200,6,1.0,0.8993497159772681,6.671487068275958,2
200,8,6,minus,0,6.671487068275958,0.0092594264058106,1.1991329546363574,339.11819471128126,215.78084308279875,0.007481117148820728,0.9375,240,872,856,0,256,0.2526371090000339,200,8,10,plus,6.671487068275958,0.0092594264058106,1.1991329546363574,345.7399158714242,239.00808090098656,0.006886160924216385,1.03125,264,460,468,0,256,0.22869349299992336,6.621721160142954,1.6554302900357385,11.044181772405748,200,8,1.2,1.1991329546363574,6.671487068275958,2
200,8,6,minus,1,6.671487068275958,0.0092594264058106,1.1991329546363574,338.7730852000193,160.63224665974087,0.01050013666287146,0.6953125,178,712,634,0,256,0.21901156800004173,200,8,10,plus,6.671487068275958,0.0092594264058106,1.1991329546363574,345.7462996980847,232.77709247907882,0.006794639484817116,1.00390625,257,432,433,0,256,0.22016409800005476,6.973214498065431,1.7433036245163578,11.630427587039488,200,8,1.2,1.1991329546363574,6.671487068275958,2
200,8,6,minus,2,6.671487068275958,0.0092594264058106,1.1991329546363574,338.7078440146912,145.14957555654934,0.011518110359601078,0.62890625,161,756,661,0,256,0.2233898469999076,200,8,10,plus,6.671487068275958,0.0092594264058106,1.1991329546363574,345.94655721164764,276.9396655156979,0.00552782688373424,1.1875,304,464,512,0,256,0.23940430999994078,7.238713196956439,1.8096782992391098,12.073245371113352,200,8,1.2,1.1991329546363574,6.671487068275958,2
200,8,6,minus,3,6.671487068275958,0.0092594264058106,1.1991329546363574,338.9286819287067,183.9490255278701,0.009155393610978734,0.80859375,207,815,766,0,256,0.24263898899994274,200,8,10,plus,6.671487068275958,0.0092594264058106,1.1991329546363574,345.6339050810025,204.6923054029913,0.007584771836264588,0.8671875,222,449,415,0,256,0.20990335099997992,6.705223152295844,1.676305788073961,11.183452387611569,200,8,1.2,1.1991329546363574,6.671487068275958,2
200,8,6,minus,4,6.671487068275958,0.0092594264058106,1.1991329546363574,338.821056191412,152.6717992774509,0.010139324880672184,0.6640625,170,732,646,0,256,0.2152099630000066,200,8,10,plus,6.671487068275958,0.0092594264058106,1.1991329546363574,345.8481268818322,252.76049343565165,0.00613849996791887,1.08203125,277,445,466,0,256,0.22518835100004253,7.027070690420146,1.7567676726050365,11.720252809749754,200,8,1.2,1.1991329546363574,6.671487068275958,2
200,8,6,minus,5,6.671487068275958,0.0092594264058106,1.1991329546363574,338.97744276176144,189.30457781752145,0.00876757195989178,0.83203125,213,919,876,0,256,0.2592266380000865,200,8,10,plus,6.671487068275958,0.0092594264058106,1.1991329546363574,345.7492685653479,227.76968795884127,0.006811968785976346,0.98046875,251,435,430,0,256,0.21580512399998497,6.7718258035864665,1.6929564508966166,11.29453706931114,200,8,1.2,1.1991329546363574,6.671487068275958,2
200,8,6,minus,6,6.671487068275958,0.0092594264058106,1.1991329546363574,338.92906143118796,188.97937408227457,0.00902240830117323,0.80859375,207,771,722,0,256,0.2280013910000207,200,8,10,plus,6.671487068275958,0.0092594264058106,1.1991329546363574,345.744869998257,232.72766470770358,0.0067960179132701215,0.98046875,251,464,459,0,256,0.21965902600004483,6.815808567069041,1.7039521417672603,11.367894678761399,200,8,1.2,1.1991329546363574,6.671487068275958,2
200,8,6,minus,7,6.671487068275958,0.0092594264058106,1.1991329546363574,338.9916765211089,192.53663434342994,0.008722105763645164,0.8359375,214,890,848,0,256,0.25592822100009016,200,8,10,plus,6.671487068275958,0.0092594264058106,1.1991329546363574,345.8621741341252,264.2831255770405,0.006040746378254678,1.1328125,290,457,491,0,256,0.22361245499996585,6.870497613016312,1.717624403254078,11.45910899446479,200,8,1.2,1.1991329546363574,6.671487068275958,2
200,8,6,minus,8,6.671487068275958,0.0092594264058106,1.1991329546363574,338.99297934818094,190.00460046707977,0.008623915887868046,0.8203125,210,783,737,0,256,0.23385199900008047,200,8,10,plus,6.671487068275958,0.0092594264058106,1.1991329546363574,345.96011052502865,291.3142562888357,0.0054787750209400075,1.26171875,323,486,553,0,256,0.23749347599994053,6.967131176847715,1.7417827942119288,11.620281387330447,200,8,1.2,1.1991329546363574,6.671487068275958,2
200,8,6,minus,9,6.671487068275958,0.0092594264058106,1.1991329546363574,339.0506214501451,203.37048163887758,0.00816657088818615,0.88671875,227,773,744,0,256,0.23154922100002295,200,8,10,plus,6.671487068275958,0.0092594264058106,1.1991329546363574,345.78158751079496,233.58418720879536,0.006599859531700007,1.01171875,259,469,472,0,256,0.22214279299998907,6.730966060649848,1.682741515162462,11.226388257657458,200,8,1.2,1.1991329546363574,6.671487068275958,2
200,8,6,minus,10,6.671487068275958,0.0092594264058106,1.1991329546363574,338.89918508256375,174.45493025347278,0.009345563731087754,0.74609375,191,797,732,0,256,0.23114881800006515,200,8,10,plus,6.671487068275958,0.0092594264058106,1.1991329546363574,345.86006673271874,264.45260385288486,0.006011553158763993,1.13671875,291,461,496,0,256,0.2181878979999965,6.960881650154988,1.740220412538747,11.609857978202104,200,8,1.2,1.1991329546363574,6.671487068275958,2
200,8,6,minus,11,6.671487068275958,0.0092594264058106,1.1991329546363574,338.9262916906196,185.34290282101878,0.009070745139637836,0.80078125,205,852,801,0,256,0.24030786700006956,200,8,10,plus,6.671487068275958,0.0092594264058106,1.1991329546363574,345.86285770515394,250.24788034377383,0.006063549253820375,1.078125,276,448,468,0,256,0.21492845000000216,6.936566014534321,1.7341415036335803,11.569302616052056,200,8,1.2,1.1991329546363574,6.671487068275958,2
200,8,6,minus,12,6.671487068275958,0.0092594264058106,1.1991329546363574,339.13253454181216,218.39745321642633,0.00754422353323504,0.953125,244,816,804,0,256,0.24826128800009428,200,8,10,plus,6.671487068275958,0.0092594264058106,1.1991329546363574,345.6850188941918,225.98362045220097,0.007242917677052394,0.96484375,247,471,462,0,256,0.2181395169999405,6.552484352379622,1.6381210880949055,10.928703655495305,200,8,1.2,1.1991329546363574,6.671487068275958,2
200,8,6,minus,13,6.671487068275958,0.0092594264058106,1.1991329546363574,339.01182781351963,192.71261765964485,0.008510661185925984,0.828125,212,895,851,0,256,0.2517105499999843,200,8,10,plus,6.671487068275958,0.0092594264058106,1.1991329546363574,345.64146772509906,206.62022814425632,0.007541352066850066,0.88671875,227,450,421,0,256,0.207122611999921,6.6296399115794316,1.6574099778948579,11.057389234357085,200,8,1.2,1.1991329546363574,6.671487068275958,2
200,8,6,minus,14,6.671487068275958,0.0092594264058106,1.1991329546363574,338.9720378099528,192.76799101194274,0.008757324610136617,0.82421875,211,802,757,0,256,0.23979124000004504,200,8,10,plus,6.671487068275958,0.0092594264058106,1.1991329546363574,345.7437183102445,239.53872995587926,0.0068505439569072875,1.01953125,261,426,431,0,256,0.2160908289999952,6.771680500291723,1.6929201250729307,11.294294722048175,200,8,1.2,1.1991329546363574,6.671487068275958,2
200,8,6,minus,15,6.671487068275958,0.0092594264058106,1.1991329546363574,338.7958244277412,162.45540505821887,0.010190740299782923,0.70703125,181,706,631,0,256,0.21785875299997315,200,8,10,plus,6.671487068275958,0.0092594264058106,1.1991329546363574,345.73138437294614,228.31783622718527,0.006828428166900233,0.9765625,250,460,454,0,256,0.2183349020000378,6.935559945204943,1.7338899863012358,11.567624621421873,200,8,1.2,1.1991329546363574,6.671487068275958,2
200,8,6,minus,16,6.671487068275958,0.0092594264058106,1.1991329546363574,338.62553534037045,136.22959223151983,0.011999489530060206,0.5859375,150,704,598,0,256,0.2093737830000464,200,8,10,plus,6.671487068275958,0.0092594264058106,1.1991329546363574,345.817910385024,249.0692132739244,0.006301249681230414,1.06640625,273,451,468,0,256,0.2198864259999027,7.192375044653545,1.7980937611633863,11.995959275149211,200,8,1.2,1.1991329546363574,6.671487068275958,2
200,8,6,minus,17,6.671487068275958,0.0092594264058106,1.1991329546363574,338.7279850077415,152.84551010530365,0.011106753074077588,0.671875,172,795,711,0,256,0.23608957999999802,200,8,10,plus,6.671487068275958,0.0092594264058106,1.1991329546363574,345.8156444218436,250.3755883610131,0.006367443949267717,1.07421875,275,475,494,0,256,0.22397543400006725,7.08765941410212,1.77191485352553,11.821307031381663,200,8,1.2,1.1991329546363574,6.671487068275958,2
200,8,6,minus,18,6.671487068275958,0.0092594264058106,1.1991329546363574,338.62411819029336,132.57707125189526,0.012290810675487936,0.57421875,147,717,608,0,256,0.20894327899998189,200,8,10,plus,6.671487068275958,0.0092594264058106,1.1991329546363574,345.77191239234435,236.90803148714127,0.006584344051951535,1.01171875,259,460,463,0,256,0.21832676900010028,7.147794202050989,1.7869485505127471,11.921604146420261,200,8,1.2,1.1991329546363574,6.671487068275958,2
200,8,6,minus,19,6.671487068275958,0.0092594264058106,1.1991329546363574,338.54004344777144,120.31846026810193,0.013611854404334068,0.5234375,134,754,632,0,256,0.2238381309999795,200,8,10,plus,6.671487068275958,0.0092594264058106,1.1991329546363574,345.71516131162844,227.2075171486885,0.006923311355560058,0.9765625,250,461,455,0,256,0.21509958599995116,7.175117863856997,1.7937794659642492,11.967176510519442,200,8,1.2,1.1991329546363574,6.671487068275958,2
200,10,8,minus,0,6.671487068275958,0.0092594264058106,1.498916193295447,343.4044367679794,264.0667706402284,0.005955233179797381,1.1328125,290,544,578,0,256,0.2116713670000081,200,10,12,plus,6.671487068275958,0.0092594264058106,1.498916193295447,347.0356128388947,202.39057478160584,0.007619970417770752,0.859375,220,340,304,0,256,0.20880375699994147,3.6311760709152736,0.9077940177288184,6.056336049936088,200,10,1.4,1.498916193295447,6.671487068275958,2
200,10,8,minus,1,6.671487068275958,0.0092594264058106,1.498916193295447,343.47780379819847,291.74490827806756,0.005526237466824134,1.24609375,319,565,628,0,256,0.2209617780000599,200,10,12,plus,6.671487068275958,0.0092594264058106,1.498916193295447,346.8607007982478,179.63762023919116,0.009078501635890733,0.77734375,199,331,274,0,256,0.19485820799991416,3.382897000049354,0.8457242500123385,5.6422383972847,200,10,1.4,1.498916193295447,6.671487068275958,2
200,10,8,minus,2,6.671487068275958,0.0092594264058106,1.498916193295447,343.62483460436266,332.67696199200554,0.004737543117621798,1.4296875,366,691,801,0,256,0.25986225600001944,200,10,12,plus,6.671487068275958,0.0092594264058106,1.498916193295447,346.79597995112596,175.2284646096155,0.009075020790613111,0.734375,188,337,269,0,256,0.19819231600001785,3.1711453467632964,0.7927863366908241,5.289063793138703,200,10,1.4,1.498916193295447,6.671487068275958,2
200,10,8,minus,3,6.671487068275958,0.0092594264058106,1.498916193295447,343.49264643277166,291.995525840338,0.0054346459616684975,1.24609375,319,594,657,0,256,0.22679683500007286,200,10,12,plus,6.671487068275958,0.0092594264058106,1.498916193295447,346.907628043956,184.0284388322176,0.0086211806096355,0.7890625,202,364,310,0,256,0.20207702599998356,3.4149816111843165,0.8537454027960791,5.695751414354091,200,10,1.4,1.498916193295447,6.671487068275958,2
200,10,8,minus,4,6.671487068275958,0.0092594264058106,1.498916193295447,343.4683763202707,279.49144535662396,0.00557012370416319,1.203125,308,617,669,0,256,0.23320938199992725,200,10,12,plus,6.671487068275958,0.0092594264058106,1.498916193295447,346.9312843501297,186.2374156109765,0.008476349098705871,0.79296875,203,354,301,0,256,0.20282187400005114,3.4629080298590225,0.8657270074647556,5.775686534958361,200,10,1.4,1.498916193295447,6.671487068275958,2
200,10,8,minus,5,6.671487068275958,0.0092594264058106,1.498916193295447,343.3932023024377,269.2061646938105,0.005863555890988574,1.1484375,294,597,635,0,256,0.2196461429999772,200,10,12,plus,6.671487068275958,0.0092594264058106,1.498916193295447,346.8418114172939,170.27314622478983,0.009298723306643754,0.72265625,185,345,274,0,256,0.19738439700006438,3.448609114856197,0.8621522787140492,5.751837778325429,200,10,1.4,1.498916193295447,6.671487068275958,2
200,10,8,minus,6,6.671487068275958,0.0092594264058106,1.498916193295447,343.56323571724624,317.02571526907883,0.004911847044279987,1.3671875,350,622,716,0,256,0.2397511350000059,200,10,12,plus,6.671487068275958,0.0092594264058106,1.498916193295447,347.08273216473526,217.57788972520038,0.007288127218504023,0.92578125,237,359,340,0,256,0.20953874700001052,3.5194964474890185,0.8798741118722546,5.87006875906654,200,10,1.4,1.498916193295447,6.671487068275958,2
200,10,8,minus,7,6.671487068275958,0.0092594264058106,1.498916193295447,343.43920179238404,284.92294254021056,0.005644660231840511,1.20703125,309,632,685,0,256,0.22771333600007893,200,10,12,plus,6.671487068275958,0.0092594264058106,1.498916193295447,346.97161999337845,195.10799705169734,0.008202278724366342,0.828125,212,341,297,0,256,0.20424669200008339,3.532418200994414,0.8831045502486035,5.891620586919214,200,10,1.4,1.498916193295447,6.671487068275958,2
200,10,8,minus,8,6.671487068275958,0.0092594264058106,1.498916193295447,343.0601041049467,189.64543326608842,0.008342557468134604,0.8203125,210,526,480,0,256,0.19002896300003158,200,10,12,plus,6.671487068275958,0.0092594264058106,1.498916193295447,347.02425317035835,203.16366373439882,0.007750927394657782,0.86328125,221,364,329,0,256,0.2086348509999425,3.964149065411675,0.9910372663529188,6.611692306653054,200,10,1.4,1.498916193295447,6.671487068275958,2
200,10,8,minus,9,6.671487068275958,0.0092594264058106,1.498916193295447,343.5486419082643,313.331002773688,0.005153194500499229,1.3359375,342,673,759,0,256,0.2467156159999604,200,10,12,plus,6.671487068275958,0.0092594264058106,1.498916193295447,347.0433480157837,206.8396815608597,0.007660018153662663,0.88671875,227,329,300,0,256,0.204400398999951,3.4947061075193915,0.8736765268798479,5.828721650935158,200,10,1.4,1.498916193295447,6.671487068275958,2
200,10,8,minus,10,6.671487068275958,0.0092594264058106,1.498916193295447,343.82937929912185,423.00525381814157,0.0038415743315048678,1.81640625,465,690,899,0,256,0.27709579800000483,200,10,12,plus,6.671487068275958,0.0092594264058106,1.498916193295447,347.0700553478758,221.0515119002245,0.007315686789737612,0.94140625,241,350,335,0,256,0.21296300699998483,3.240676048753926,0.8101690121884815,5.405032087933361,200,10,1.4,1.498916193295447,6.671487068275958,2
200,10,8,minus,11,6.671487068275958,0.0092594264058106,1.498916193295447,343.7673472566248,388.62506342681775,0.004118351350379448,1.66015625,425,673,842,0,256,0.2703972409999551,200,10,12,plus,6.671487068275958,0.0092594264058106,1.498916193295447,347.12402108786614,218.4147724712257,0.007057152480881838,0.93359375,239,354,337,0,256,0.2091647140000532,3.3566738312413236,0.8391684578103309,5.598501514386702,200,10,1.4,1.498916193295447,6.671487068275958,2
200,10,8,minus,12,6.671487068275958,0.0092594264058106,1.498916193295447,343.6322777323489,328.9450721642782,0.004712424676187297,1.41015625,361,639,744,0,256,0.2747093829999585,200,10,12,plus,6.671487068275958,0.0092594264058106,1.498916193295447,346.73726242510236,151.29474414207866,0.010359420536987013,0.65625,168,353,265,0,256,0.19433854199996858,3.104984692753476,0.776246173188369,5.178716306224904,200,10,1.4,1.498916193295447,6.671487068275958,2
200,10,8,minus,13,6.671487068275958,0.0092594264058106,1.498916193295447,343.56679837024956,313.24048278486646,0.00504456766283828,1.34765625,345,671,760,0,256,0.2734084889999622,200,10,12,plus,6.671487068275958,0.0092594264058106,1.498916193295447,346.8971009794031,187.45233327546362,0.00881425871874441,0.8046875,206,344,294,0,256,0.20333915900005195,3.3303026091535344,0.8325756522883836,5.554517697603372,200,10,1.4,1.498916193295447,6.671487068275958,2
200,10,8,minus,14,6.671487068275958,0.0092594264058106,1.498916193295447,343.73670323169836,371.79537846309574,0.004220668906896363,1.58984375,407,615,766,0,256,0.24692181000000346,200,10,12,plus,6.671487068275958,0.0092594264058106,1.498916193295447,346.8701434142352,175.23750632041373,0.009008692362894274,0.74609375,191,339,274,0,256,0.2022458970000116,3.1334401825368445,0.7833600456342111,5.226176414252704,200,10,1.4,1.498916193295447,6.671487068275958,2
200,10,8,minus,15,6.671487068275958,0.0092594264058106,1.498916193295447,343.70975220774193,364.05976573341337,0.004355953553780141,1.5625,400,645,789,0,256,0.253319466999983,200,10,12,plus,6.671487068275958,0.0092594264058106,1.498916193295447,347.247937278851,247.83873593725886,0.006211709489840356,1.05859375,271,356,371,0,256,0.21497797400002128,3.538185071109069,0.8845462677772673,5.901238986767802,200,10,1.4,1.498916193295447,6.671487068275958,2
200,10,8,minus,16,6.671487068275958,0.0092594264058106,1.498916193295447,343.61312364619823,331.15800620636924,0.0048316159097347555,1.41796875,363,648,755,0,256,0.25168073299994376,200,10,12,plus,6.671487068275958,0.0092594264058106,1.498916193295447,346.8634123472417,170.78235534132017,0.009167251044638785,0.734375,188,348,280,0,256,0.19809175899990805,3.2502887010434733,0.8125721752608683,5.421064759293748,200,10,1.4,1.498916193295447,6.671487068275958,2
200,10,8,minus,17,6.671487068275958,0.0092594264058106,1.498916193295447,343.3004844361431,245.25069351854137,0.006460537434229528,1.0546875,270,573,587,0,256,0.21357546999990973,200,10,12,plus,6.671487068275958,0.0092594264058106,1.498916193295447,346.99002550138806,197.3191662721989,0.008046926881391274,0.83984375,215,337,296,0,256,0.20150726299993948,3.6895410652449527,0.9223852663112382,6.153681376163702,200,10,1.4,1.498916193295447,6.671487068275958,2
200,10,8,minus,18,6.671487068275958,0.0092594264058106,1.498916193295447,343.6132360573291,331.05903447269185,0.004833826329885437,1.41015625,361,631,736,0,256,0.23935606400004872,200,10,12,plus,6.671487068275958,0.0092594264058106,1.498916193295447,346.9455140469139,194.14112992057224,0.008296121780697182,0.8203125,210,347,301,0,256,0.20193636099998002,3.3322779895847816,0.8330694973961954,5.557812378853869,200,10,1.4,1.498916193295447,6.671487068275958,2
200,10,8,minus,19,6.671487068275958,0.0092594264058106,1.498916193295447,343.55011148499966,303.13038965019047,0.005129899883719213,1.3125,336,593,673,0,256,0.22761242199999288,200,10,12,plus,6.671487068275958,0.0092594264058106,1.498916193295447,347.0848617465943,218.39439845133572,0.007320197807752486,0.93359375,239,358,341,0,256,0.2131750959999863,3.5347502615946382,0.8836875653986596,5.895510164953422,200,10,1.4,1.498916193295447,6.671487068275958,2
200,12,10,minus,0,6.671487068275958,0.0092594264058106,1.7986994319545362,345.57018757381144,195.56103427689177,0.00814400799548946,0.83203125,213,416,373,0,256,0.20612812700005634,200,12,14,plus,6.671487068275958,0.0092594264058106,1.7986994319545362,347.73692876601166,210.76270277296345,0.007308291516720061,0.90234375,231,292,267,0,256,0.21401429899992763,2.16674119220022,0.541685298050055,3.6138464610161503,200,12,1.8,1.7986994319545362,6.671487068275958,2
200,12,10,minus,1,6.671487068275958,0.0092594264058106,1.7986994319545362,345.58179954191297,196.14398727179915,0.008020105047602881,0.84375,216,434,394,0,256,0.20301019199996517,200,12,14,plus,6.671487068275958,0.0092594264058106,1.7986994319545362,347.6599426615195,194.60266240022716,0.007921306330798123,0.82421875,211,282,237,0,256,0.20633896799995455,2.0781431196065228,0.5195357799016307,3.4660762371203937,200,12,1.8,1.7986994319545362,6.671487068275958,2
200,12,10,minus,2,6.671487068275958,0.0092594264058106,1.7986994319545362,345.8082875670946,253.56823720547786,0.00640066717007073,1.0859375,278,504,526,0,256,0.23762160499995844,200,12,14,plus,6.671487068275958,0.0092594264058106,1.7986994319545362,347.74099601621907,212.7106416367055,0.007022982447399259,0.90625,232,279,255,0,256,0.21059880300003897,1.9327084491244477,0.48317711228111193,3.223509856270359,200,12,1.8,1.7986994319545362,6.671487068275958,2
200,12,10,minus,3,6.671487068275958,0.0092594264058106,1.7986994319545362,345.7798982261025,245.69717470791772,0.006436004160167419,1.04296875,267,478,489,0,256,0.2241319190000013,200,12,14,plus,6.671487068275958,0.0092594264058106,1.7986994319545362,347.61150424173536,186.26700188358362,0.008303649540081719,0.7890625,202,281,227,0,256,0.19862045800005035,1.8316060156328717,0.45790150390821793,3.054883961867789,200,12,1.8,1.7986994319545362,6.671487068275958,2
200,12,10,minus,4,6.671487068275958,0.0092594264058106,1.7986994319545362,345.9327892222526,276.3939093933459,0.005636388827044071,1.1796875,302,462,508,0,256,0.22486818499999117,200,12,14,plus,6.671487068275958,0.0092594264058106,1.7986994319545362,347.7653646431698,221.04754956572984,0.0071357797558201435,0.94140625,241,270,255,0,256,0.2069792290000123,1.8325754209171805,0.4581438552292951,3.0565008055723353,200,12,1.8,1.7986994319545362,6.671487068275958,2
200,12,10,minus,5,6.671487068275958,0.0092594264058106,1.7986994319545362,345.6793863982274,212.0243961346671,0.007132494882778138,0.91015625,233,467,444,0,256,0.21066539499997816,200,12,14,plus,6.671487068275958,0.0092594264058106,1.7986994319545362,347.638769875984,193.0454512431244,0.008062700577066356,0.81640625,209,264,217,0,256,0.19738378599993212,1.959383477756603,0.48984586943915076,3.2680003834116875,200,12,1.8,1.7986994319545362,6.671487068275958,2
200,12,10,minus,6,6.671487068275958,0.0092594264058106,1.7986994319545362,345.9182090980667,273.2913683811235,0.005755225482418026,1.1796875,302,511,557,0,256,0.24602778899998157,200,12,14,plus,6.671487068275958,0.0092594264058106,1.7986994319545362,347.64841848012173,198.35864130048918,0.008019874983033578,0.8359375,214,302,260,0,256,0.20986501800007318,1.7302093820550226,0.43255234551375565,2.885767379447455,200,12,1.8,1.7986994319545362,6.671487068275958,2
200,12,10,minus,7,6.671487068275958,0.0092594264058106,1.7986994319545362,345.746608772598,236.12571826532616,0.006740614851746025,1.0,256,432,432,0,256,0.20889117400008672,200,12,14,plus,6.671487068275958,0.0092594264058106,1.7986994319545362,347.57462681932225,180.67552895174248,0.008455103687136383,0.765625,196,287,227,0,256,0.2091008630000033,1.828018046724253,0.45700451168106326,3.048899689823983,200,12,1.8,1.7986994319545362,6.671487068275958,2
200,12,10,minus,8,6.671487068275958,0.0092594264058106,1.7986994319545362,345.717144879265,230.0397782486632,0.007008132424089527,0.98828125,253,464,461,0,256,0.22038047000000915,200,12,14,plus,6.671487068275958,0.0092594264058106,1.7986994319545362,347.624484412721,190.12270156288068,0.008162273985269848,0.80859375,207,293,244,0,256,0.2085328360000176,1.9073395334560246,0.47683488336400615,3.1811977580658417,200,12,1.8,1.7986994319545362,6.671487068275958,2
200,12,10,minus,9,6.671487068275958,0.0092594264058106,1.7986994319545362,345.6833497286058,221.3105517879477,0.007122158479542833,0.9375,240,481,465,0,256,0.21877402299992355,200,12,14,plus,6.671487068275958,0.0092594264058106,1.7986994319545362,347.573961047194,181.3613597932988,0.008644796708371276,0.77734375,199,267,210,0,256,0.19529869400003008,1.8906113185882418,0.47265282964706046,3.1532972407744033,200,12,1.8,1.7986994319545362,6.671487068275958,2
200,12,10,minus,10,6.671487068275958,0.0092594264058106,1.7986994319545362,345.9851295937384,288.28865025336785,0.005379807927762245,1.234375,316,481,541,0,256,0.23925778800003172,200,12,14,plus,6.671487068275958,0.0092594264058106,1.7986994319545362,347.46048204858477,152.32533234048773,0.00966050109034971,0.6484375,166,289,199,0,256,0.19230347699999584,1.4753524548463588,0.3688381137115897,2.460698705914168,200,12,1.8,1.7986994319545362,6.671487068275958,2
200,12,10,minus,11,6.671487068275958,0.0092594264058106,1.7986994319545362,345.9903184435773,297.1523883611633,0.005337415732352959,1.265625,324,469,537,0,256,0.2509685060000493,200,12,14,plus,6.671487068275958,0.0092594264058106,1.7986994319545362,347.74659928494845,214.72308150164733,0.007114614143648501,0.91015625,233,280,257,0,256,0.207648906999907,1.756280841371165,0.43907021034279126,2.9292512303671367,200,12,1.8,1.7986994319545362,6.671487068275958,2
200,12,10,minus,12,6.671487068275958,0.0092594264058106,1.7986994319545362,345.5371923053743,187.12420503766128,0.008348901014299208,0.796875,204,400,348,0,256,0.19164937600010035,200,12,14,plus,6.671487068275958,0.0092594264058106,1.7986994319545362,347.8207612040473,236.43866136946036,0.006749507701169592,1.0078125,258,298,300,0,256,0.22133791900000688,2.2835688986730247,0.5708922246682562,3.808700094253564,200,12,1.8,1.7986994319545362,6.671487068275958,2
200,12,10,minus,13,6.671487068275958,0.0092594264058106,1.7986994319545362,345.8756120180066,256.5947036091462,0.0059509420297913325,1.10546875,283,486,513,0,256,0.226553570999954,200,12,14,plus,6.671487068275958,0.0092594264058106,1.7986994319545362,347.7382856567037,212.8821578099705,0.007178587567403825,0.8984375,230,282,256,0,256,0.20798986800002695,1.8626736386970606,0.46566840967426515,3.106700773246491,200,12,1.8,1.7986994319545362,6.671487068275958,2
200,12,10,minus,14,6.671487068275958,0.0092594264058106,1.7986994319545362,345.8303626588872,248.51826092970003,0.0062776280235643965,1.05859375,271,455,470,0,256,0.2156190590000051,200,12,14,plus,6.671487068275958,0.0092594264058106,1.7986994319545362,347.69149761698264,205.4160610509384,0.007681137833251033,0.87890625,225,283,252,0,256,0.2090913779999255,1.8611349580954197,0.46528373952385493,3.1041344513124773,200,12,1.8,1.7986994319545362,6.671487068275958,2
200,12,10,minus,15,6.671487068275958,0.0092594264058106,1.7986994319545362,345.446949043682,171.0704536071979,0.009077729580989237,0.73828125,189,434,367,0,256,0.19728293200000735,200,12,14,plus,6.671487068275958,0.0092594264058106,1.7986994319545362,347.72541298951705,212.8501632301022,0.0073967099869199915,0.8984375,230,283,257,0,256,0.20269967499996255,2.2784639458350284,0.5696159864587571,3.8001856875428515,200,12,1.8,1.7986994319545362,6.671487068275958,2
200,12,10,minus,16,6.671487068275958,0.0092594264058106,1.7986994319545362,345.5202634160229,185.56577831245949,0.008464551883034984,0.80078125,205,431,380,0,256,0.20332517199994982,200,12,14,plus,6.671487068275958,0.0092594264058106,1.7986994319545362,347.581192189542,186.17409340218876,0.008542313954582954,0.79296875,203,270,217,0,256,0.1998828929999945,2.0609287735190946,0.5152321933797737,3.437364915292618,200,12,1.8,1.7986994319545362,6.671487068275958,2
200,12,10,minus,17,6.671487068275958,0.0092594264058106,1.7986994319545362,345.90122737622545,267.1152215940803,0.005847732454223641,1.140625,292,475,511,0,256,0.23706168299997898,200,12,14,plus,6.671487068275958,0.0092594264058106,1.7986994319545362,347.66995514593907,197.5752486209042,0.007770079086323225,0.83984375,215,284,243,0,256,0.20469659000002594,1.768727769713621,0.44218194242840525,2.95001111073625,200,12,1.8,1.7986994319545362,6.671487068275958,2
200,12,10,minus,18,6.671487068275958,0.0092594264058106,1.7986994319545362,345.66575425609375,219.14775839074258,0.007332261916478302,0.9296875,238,461,443,0,256,0.21002798300003178,200,12,14,plus,6.671487068275958,0.0092594264058106,1.7986994319545362,347.885711534896,249.91634032420623,0.006126883287957513,1.05859375,271,269,284,0,256,0.21654482899998584,2.2199572788022692,0.5549893197005673,3.7026040694136064,200,12,1.8,1.7986994319545362,6.671487068275958,2
200,12,10,minus,19,6.671487068275958,0.0092594264058106,1.7986994319545362,345.77645099144576,240.88311447283698,0.006593587539204253,1.03125,264,493,501,0,256,0.23251205899998695,200,12,14,plus,6.671487068275958,0.0092594264058106,1.7986994319545362,347.58584269847114,186.01863423842386,0.008516845573716169,0.78515625,201,278,223,0,256,0.1930581629999324,1.8093917070253838,0.45234792675634594,3.0178333437164024,200,12,1.8,1.7986994319545362,6.671487068275958,2
200,14,12,minus,0,6.671487068275958,0.0092594264058106,2.0984826706136257,346.87272898030926,174.86591953021815,0.00863140726223738,0.75,192,318,254,0,256,0.1974927659999821,200,14,16,plus,6.671487068275958,0.0092594264058106,2.0984826706136257,348.19536547921655,181.3788037449152,0.00846055865958933,0.78515625,201,230,175,0,256,0.20203321500002858,1.3226364989072863,0.3306591247268216,2.205988074622437,200,14,2.0,2.0984826706136257,6.671487068275958,2
200,14,12,minus,1,6.671487068275958,0.0092594264058106,2.0984826706136257,346.8774715046596,179.5217566051321,0.008827969595078972,0.76953125,197,357,298,0,256,0.20525734399996054,200,14,16,plus,6.671487068275958,0.0092594264058106,2.0984826706136257,348.28873345709655,209.60059768424418,0.007744638304033217,0.890625,228,242,214,0,256,0.208942711000077,1.4112619524369734,0.35281548810924335,2.3538039664082873,200,14,2.0,2.0984826706136257,6.671487068275958,2
200,14,12,minus,2,6.671487068275958,0.0092594264058106,2.0984826706136257,346.8528780146289,170.5066824486093,0.008838811310685627,0.734375,188,349,281,0,256,0.20066618099997413,200,14,16,plus,6.671487068275958,0.0092594264058106,2.0984826706136257,348.1280113109482,174.24540440813726,0.009051550632439582,0.74609375,191,250,185,0,256,0.20616285400001289,1.275133296319268,0.318783324079817,2.126758824180523,200,14,2.0,2.0984826706136257,6.671487068275958,2
200,14,12,minus,3,6.671487068275958,0.0092594264058106,2.0984826706136257,347.0323577491368,205.042792772438,0.007665680949342175,0.87890625,225,344,313,0,256,0.21208087900004102,200,14,16,plus,6.671487068275958,0.0092594264058106,2.0984826706136257,348.21394297205933,192.29805117674738,0.008001695308819364,0.81640625,209,228,181,0,256,0.21798113299996658,1.1815852229225356,0.2953963057306339,1.9707326336984154,200,14,2.0,2.0984826706136257,6.671487068275958,2
200,14,12,minus,4,6.671487068275958,0.0092594264058106,2.0984826706136257,346.9056623992213,178.64408904910215,0.008783256779859833,0.7578125,194,350,288,0,256,0.20175644400001147,200,14,16,plus,6.671487068275958,0.0092594264058106,2.0984826706136257,348.41624100922303,231.4195851997122,0.006699395995987378,0.984375,252,223,219,0,256,0.21922639100000652,1.510578610001744,0.377644652500436,2.519451415560227,200,14,2.0,2.0984826706136257,6.671487068275958,2
200,14,12,minus,5,6.671487068275958,0.0092594264058106,2.0984826706136257,347.0954922693401,220.7120338830114,0.007147382721503493,0.93359375,239,336,319,0,256,0.2099671710000166,200,14,16,plus,6.671487068275958,0.0092594264058106,2.0984826706136257,348.3366837002303,218.79929035164977,0.007399243516529649,0.93359375,239,241,224,0,256,0.21454182299999047,1.2411914308901828,0.3102978577225457,2.070148145109697,200,14,2.0,2.0984826706136257,6.671487068275958,2
200,14,12,minus,6,6.671487068275958,0.0092594264058106,2.0984826706136257,346.8424326187049,165.71474048178294,0.009313849730374406,0.71875,184,344,272,0,256,0.1952793359999987,200,14,16,plus,6.671487068275958,0.0092594264058106,2.0984826706136257,348.10246586978303,175.1047267153307,0.008948990515011006,0.75,192,234,170,0,256,0.22660485200003677,1.2600332510781413,0.31500831276953534,2.1015738850413834,200,14,2.0,2.0984826706136257,6.671487068275958,2
200,14,12,minus,7,6.671487068275958,0.0092594264058106,2.0984826706136257,346.8186598378583,165.32493317530097,0.009517199705039217,0.70703125,181,348,273,0,256,0.20032231000004685,200,14,16,plus,6.671487068275958,0.0092594264058106,2.0984826706136257,348.2484648725101,195.99176034059133,0.007818711151546458,0.8359375,214,246,204,0,256,0.23656701499999144,1.4298050346517925,0.35745125866294813,2.384731449708823,200,14,2.0,2.0984826706136257,6.671487068275958,2
200,14,12,minus,8,6.671487068275958,0.0092594264058106,2.0984826706136257,346.8432546414761,171.31322039066458,0.009089144812282523,0.7265625,186,328,258,0,256,0.19977340900004492,200,14,16,plus,6.671487068275958,0.0092594264058106,2.0984826706136257,348.09842290903384,167.6362389373794,0.009366182891961703,0.71875,184,232,160,0,256,0.19957700300005854,1.2551682675577354,0.31379206688943384,2.0934597163804423,200,14,2.0,2.0984826706136257,6.671487068275958,2
200,14,12,minus,9,6.671487068275958,0.0092594264058106,2.0984826706136257,346.84541936836877,169.87805157922787,0.00921431342428808,0.7265625,186,337,267,0,256,0.19499004600004355,200,14,16,plus,6.671487068275958,0.0092594264058106,2.0984826706136257,348.27239847390797,204.53828064033442,0.007828233357233082,0.8828125,226,228,198,0,256,0.20509207700001753,1.4269791055392034,0.35674477638480084,2.380018162326197,200,14,2.0,2.0984826706136257,6.671487068275958,2
200,14,12,minus,10,6.671487068275958,0.0092594264058106,2.0984826706136257,346.9634041920792,193.12104328615774,0.00823183199209478,0.82421875,211,351,306,0,256,0.20984096899996985,200,14,16,plus,6.671487068275958,0.0092594264058106,2.0984826706136257,348.27630499329285,202.90227792906495,0.007580291796409501,0.85546875,219,238,201,0,256,0.20047534000002543,1.3129008012136296,0.3282252003034074,2.1897501793064684,200,14,2.0,2.0984826706136257,6.671487068275958,2
200,14,12,minus,11,6.671487068275958,0.0092594264058106,2.0984826706136257,346.8540760157501,176.49041720468577,0.00913886644025413,0.75390625,193,346,283,0,256,0.20077077400003418,200,14,16,plus,6.671487068275958,0.0092594264058106,2.0984826706136257,348.17696002103435,183.09887708107757,0.00861014344994072,0.78125,200,241,185,0,256,0.20347522700001264,1.3228840052842656,0.3307210013210664,2.2064008835207707,200,14,2.0,2.0984826706136257,6.671487068275958,2
200,14,12,minus,12,6.671487068275958,0.0092594264058106,2.0984826706136257,346.89266390192506,179.9014713368215,0.008870626389804227,0.765625,196,329,269,0,256,0.20078198200008046,200,14,16,plus,6.671487068275958,0.0092594264058106,2.0984826706136257,348.04697970622647,166.2143003535222,0.009546632478795192,0.7109375,182,239,165,0,256,0.20152761299993927,1.1543158043014046,0.28857895107535114,1.9252507402758456,200,14,2.0,2.0984826706136257,6.671487068275958,2
200,14,12,minus,13,6.671487068275958,0.0092594264058106,2.0984826706136257,346.88791142627036,178.8793654620511,0.008837190165553958,0.76171875,195,344,283,0,256,0.2033333770000354,200,14,16,plus,6.671487068275958,0.0092594264058106,2.0984826706136257,348.15064985987283,180.62641242262544,0.008798077035066455,0.7734375,198,231,173,0,256,0.19729806899999858,1.2627384336024647,0.3156846084006162,2.1060857825984707,200,14,2.0,2.0984826706136257,6.671487068275958,2
200,14,12,minus,14,6.671487068275958,0.0092594264058106,2.0984826706136257,346.83797166132115,166.52080949251544,0.009109758501524528,0.71875,184,376,304,0,256,0.2052602820000402,200,14,16,plus,6.671487068275958,0.0092594264058106,2.0984826706136257,348.14883641914884,183.34362316080365,0.008859371333184604,0.78125,200,244,188,0,256,0.19974813099997846,1.3108647578276873,0.3277161894569218,2.186354320026528,200,14,2.0,2.0984826706136257,6.671487068275958,2
200,14,12,minus,15,6.671487068275958,0.0092594264058106,2.0984826706136257,347.03721648878064,208.6801168881145,0.007690894538386856,0.890625,228,371,343,0,256,0.21295188800002052,200,14,16,plus,6.671487068275958,0.0092594264058106,2.0984826706136257,348.14169432314503,173.16071846045537,0.008855716773276325,0.73046875,187,235,166,0,256,0.19662504300004002,1.1044778343643884,0.2761194585910971,1.8421273972898633,200,14,2.0,2.0984826706136257,6.671487068275958,2
200,14,12,minus,16,6.671487068275958,0.0092594264058106,2.0984826706136257,347.00310633525567,202.175058811131,0.007907330757979628,0.87109375,223,350,317,0,256,0.2113904849999244,200,14,16,plus,6.671487068275958,0.0092594264058106,2.0984826706136257,348.1982973344145,187.86748872803378,0.008419189820935702,0.8203125,210,215,169,0,256,0.2073213339999711,1.1951909991588536,0.2987977497897134,1.9934253237520283,200,14,2.0,2.0984826706136257,6.671487068275958,2
200,14,12,minus,17,6.671487068275958,0.0092594264058106,2.0984826706136257,347.0427845001874,207.42640715991084,0.007531832891993612,0.8828125,226,319,289,0,256,0.20732599100006155,200,14,16,plus,6.671487068275958,0.0092594264058106,2.0984826706136257,348.21715609746195,188.87065542911947,0.008324956433972741,0.80859375,207,244,195,0,256,0.20833932400000776,1.1743715972745576,0.2935928993186394,1.9587012311419483,200,14,2.0,2.0984826706136257,6.671487068275958,2
200,14,12,minus,18,6.671487068275958,0.0092594264058106,2.0984826706136257,347.0473571179643,209.08413157793052,0.007341263330011722,0.8828125,226,334,304,0,256,0.20929349900006855,200,14,16,plus,6.671487068275958,0.0092594264058106,2.0984826706136257,348.2282136362219,187.31513480439673,0.008122372092443377,0.80078125,205,231,180,0,256,0.2067209049999974,1.180856518257599,0.29521412956439974,1.9695172477612362,200,14,2.0,2.0984826706136257,6.671487068275958,2
200,14,12,minus,19,6.671487068275958,0.0092594264058106,2.0984826706136257,346.9643854360915,185.76567982926477,0.008210893102635421,0.796875,204,335,283,0,256,0.2031679130000157,200,14,16,plus,6.671487068275958,0.0092594264058106,2.0984826706136257,348.1560828343221,181.69843396611432,0.008667392868417374,0.78125,200,235,179,0,256,0.20582258899992212,1.1916973982305876,0.2979243495576469,1.9875984453983675,200,14,2.0,2.0984826706136257,6.671487068275958,2
200,16,14,minus,0,6.671487068275958,0.0092594264058106,2.3982659092727148,347.7591858203166,213.35582837919452,0.0071389256602704945,0.90234375,231,283,258,0,256,0.20937734999995428,200,16,18,plus,6.671487068275958,0.0092594264058106,2.3982659092727148,348.45088555168456,192.98403570085466,0.008634488543994763,0.82421875,211,208,163,0,256,0.2072351949999529,0.6916997313679758,0.17292493284199395,1.153666453237851,200,16,2.4,2.3982659092727148,6.671487068275958,2
200,16,14,minus,1,6.671487068275958,0.0092594264058106,2.3982659092727148,347.51514539807107,174.34372068848683,0.00911035234899169,0.7421875,190,294,228,0,256,0.19938437500002237,200,16,18,plus,6.671487068275958,0.0092594264058106,2.3982659092727148,348.44026546273386,188.38929914509202,0.008720354726577787,0.8046875,206,205,155,0,256,0.2094550150000032,0.9251200646627922,0.23128001616569804,1.542981637000109,200,16,2.4,2.3982659092727148,6.671487068275958,2
200,16,14,minus,2,6.671487068275958,0.0092594264058106,2.3982659092727148,347.82208215864136,230.478189687208,0.006694280622656064,0.97265625,249,271,264,0,256,0.21117463100006262,200,16,18,plus,6.671487068275958,0.0092594264058106,2.3982659092727148,348.3624703816142,160.28902280167088,0.009334317528678982,0.6875,176,218,138,0,256,0.19703249900010178,0.5403882229728083,0.13509705574320208,0.9012982603529289,200,16,2.4,2.3982659092727148,6.671487068275958,2
200,16,14,minus,3,6.671487068275958,0.0092594264058106,2.3982659092727148,347.7188360489673,204.87478281046106,0.007472968518520871,0.87109375,223,267,234,0,256,0.20297460899996622,200,16,18,plus,6.671487068275958,0.0092594264058106,2.3982659092727148,348.48514133477767,186.76847997313666,0.00830159483775617,0.80078125,205,220,169,0,256,0.20666196900003797,0.766305285810347,0.19157632145258674,1.2780989511588106,200,16,2.4,2.3982659092727148,6.671487068275958,2
200,16,14,minus,4,6.671487068275958,0.0092594264058106,2.3982659092727148,347.6799621106047,199.77495174595526,0.00760446404352617,0.84375,216,295,255,0,256,0.203268661999914,200,16,18,plus,6.671487068275958,0.0092594264058106,2.3982659092727148,348.6472618503853,232.0133896492264,0.0068730082497181644,0.9921875,254,191,189,0,256,0.21436873400000422,0.9672997397805716,0.2418249349451429,1.6133319262731958,200,16,2.4,2.3982659092727148,6.671487068275958,2
200,16,14,minus,5,6.671487068275958,0.0092594264058106,2.3982659092727148,347.68665465852445,201.8913951899289,0.007512607045040768,0.85546875,219,275,238,0,256,0.19888981200006128,200,16,18,plus,6.671487068275958,0.0092594264058106,2.3982659092727148,348.52806849504356,193.62182286966882,0.00790950326066625,0.828125,212,215,171,0,256,0.20500981800000773,0.8414138365191093,0.21035345912977732,1.4033703823514247,200,16,2.4,2.3982659092727148,6.671487068275958,2
200,16,14,minus,6,6.671487068275958,0.0092594264058106,2.3982659092727148,347.55441454682006,182.13859284154924,0.008619188442986352,0.77734375,199,292,235,0,256,0.19784237300007135,200,16,18,plus,6.671487068275958,0.0092594264058106,2.3982659092727148,348.58253216227143,202.3191256878901,0.007569035089095517,0.86328125,221,200,165,0,256,0.20861670500005403,1.0281176154513787,0.2570294038628447,1.7147683440376469,200,16,2.4,2.3982659092727148,6.671487068275958,2
200,16,14,minus,7,6.671487068275958,0.0092594264058106,2.3982659092727148,347.7184514858489,214.62130075627985,0.0074174918564864425,0.91796875,235,281,260,0,256,0.21294569400004093,200,16,18,plus,6.671487068275958,0.0092594264058106,2.3982659092727148,348.57620230045137,201.3287166971753,0.007539693605564549,0.859375,220,209,173,0,256,0.2170137649999333,0.8577508146024684,0.2144377036506171,1.4306183668558843,200,16,2.4,2.3982659092727148,6.671487068275958,2
200,16,14,minus,8,6.671487068275958,0.0092594264058106,2.3982659092727148,347.6754434827368,197.21635671294487,0.007714304011873769,0.84375,216,291,251,0,256,0.2107278740000993,200,16,18,plus,6.671487068275958,0.0092594264058106,2.3982659092727148,348.44855714922153,188.26133234999446,0.008643642323514986,0.8125,208,202,154,0,256,0.21109963300000345,0.7731136664847327,0.19327841662118317,1.2894544570650766,200,16,2.4,2.3982659092727148,6.671487068275958,2
200,16,14,minus,9,6.671487068275958,0.0092594264058106,2.3982659092727148,347.78841865908163,220.9865447917199,0.006959794077945904,0.9375,240,275,259,0,256,0.20970600499992997,200,16,18,plus,6.671487068275958,0.0092594264058106,2.3982659092727148,348.4229473593961,179.17269040169913,0.008849547555568075,0.7734375,198,212,154,0,256,0.21182505900003434,0.6345287003144904,0.1586321750786226,1.0583125046495183,200,16,2.4,2.3982659092727148,6.671487068275958,2
200,16,14,minus,10,6.671487068275958,0.0092594264058106,2.3982659092727148,347.84355043619325,240.46390499629234,0.0064642454752748815,1.0234375,262,279,285,0,256,0.2180551019999939,200,16,18,plus,6.671487068275958,0.0092594264058106,2.3982659092727148,348.5666654683294,201.15344744700775,0.0076971940841835725,0.859375,220,184,148,0,256,0.207214098999998,0.7231150321361497,0.18077875803403742,1.2060631464430691,200,16,2.4,2.3982659092727148,6.671487068275958,2
200,16,14,minus,11,6.671487068275958,0.0092594264058106,2.3982659092727148,347.7659379844385,214.72848702987923,0.00703943207410398,0.91015625,233,293,270,0,256,0.20961168000008001,200,16,18,plus,6.671487068275958,0.0092594264058106,2.3982659092727148,348.5697959176189,212.8971766901433,0.0076438371875271836,0.89453125,229,210,183,0,256,0.2152144200000521,0.8038579331803817,0.20096448329509542,1.340731951485989,200,16,2.4,2.3982659092727148,6.671487068275958,2
200,16,14,minus,12,6.671487068275958,0.0092594264058106,2.3982659092727148,347.772207771471,220.07742461437294,0.007008599618691142,0.9375,240,274,258,0,256,0.20830186500006675,200,16,18,plus,6.671487068275958,0.0092594264058106,2.3982659092727148,348.46407485368803,187.67952419462546,0.008546822804028631,0.80078125,205,194,143,0,256,0.20489324600009695,0.6918670822170156,0.1729667705542539,1.1539455729941597,200,16,2.4,2.3982659092727148,6.671487068275958,2
200,16,14,minus,13,6.671487068275958,0.0092594264058106,2.3982659092727148,347.6719940821907,206.65187994835617,0.007809717314531532,0.8828125,226,273,243,0,256,0.20671827900002882,200,16,18,plus,6.671487068275958,0.0092594264058106,2.3982659092727148,348.7594442920932,254.75222971867555,0.0063216742607084065,1.078125,276,200,220,0,256,0.22437313199998243,1.0874502099024994,0.27186255247562485,1.8137275031896254,200,16,2.4,2.3982659092727148,6.671487068275958,2
200,16,14,minus,14,6.671487068275958,0.0092594264058106,2.3982659092727148,347.7793098115911,222.85533893917952,0.0069903209753314054,0.95703125,245,299,288,0,256,0.22000357000001713,200,16,18,plus,6.671487068275958,0.0092594264058106,2.3982659092727148,348.47710998770555,194.41532851883463,0.008368601653885775,0.8359375,214,204,162,0,256,0.20942115999991984,0.6978001761144697,0.1744500440286174,1.1638412127970925,200,16,2.4,2.3982659092727148,6.671487068275958,2
200,16,14,minus,15,6.671487068275958,0.0092594264058106,2.3982659092727148,347.55881077310426,188.00918888964773,0.008722881970559603,0.80859375,207,288,239,0,256,0.20813493700006802,200,16,18,plus,6.671487068275958,0.0092594264058106,2.3982659092727148,348.65494408328755,217.6153621375855,0.007060228175070274,0.9296875,238,200,182,0,256,0.2101310900000044,1.0961333101832906,0.27403332754582266,1.8282098009985859,200,16,2.4,2.3982659092727148,6.671487068275958,2
200,16,14,minus,16,6.671487068275958,0.0092594264058106,2.3982659092727148,347.72242489218485,205.62273215677826,0.007425703180887205,0.87890625,225,294,263,0,256,0.2097658999999794,200,16,18,plus,6.671487068275958,0.0092594264058106,2.3982659092727148,348.6488216468129,218.98369741522703,0.007063106147009634,0.9375,240,194,178,0,256,0.22200989399993887,0.9263967546280583,0.23159918865701457,1.5451109921484767,200,16,2.4,2.3982659092727148,6.671487068275958,2
200,16,14,minus,17,6.671487068275958,0.0092594264058106,2.3982659092727148,347.7304697050938,211.23792532003665,0.00734723640794458,0.890625,228,288,260,0,256,0.20972382299999026,200,16,18,plus,6.671487068275958,0.0092594264058106,2.3982659092727148,348.59819438358403,205.49708762503036,0.0074471688102793416,0.8828125,226,204,174,0,256,0.21304960800000572,0.8677246784902195,0.21693116962255488,1.4472534928428533,200,16,2.4,2.3982659092727148,6.671487068275958,2
200,16,14,minus,18,6.671487068275958,0.0092594264058106,2.3982659092727148,347.73694339161386,212.6137105623602,0.007259124141140701,0.90234375,231,281,256,0,256,0.21412242399992465,200,16,18,plus,6.671487068275958,0.0092594264058106,2.3982659092727148,348.6571873019708,224.79748523201064,0.007049563165277318,0.9609375,246,185,175,0,256,0.21629444999996394,0.9202439103569304,0.2300609775892326,1.5348488369014903,200,16,2.4,2.3982659092727148,6.671487068275958,2
200,16,14,minus,19,6.671487068275958,0.0092594264058106,2.3982659092727148,347.6130202081038,181.2221499770982,0.008297164588237373,0.76171875,195,276,215,0,256,0.20245827300004748,200,16,18,plus,6.671487068275958,0.0092594264058106,2.3982659092727148,348.5770051563982,204.58506191546564,0.007640181933866398,0.87109375,223,205,172,0,256,0.2060144350000428,0.9639849482943532,0.2409962370735883,1.6078032791396115,200,16,2.4,2.3982659092727148,6.671487068275958,2
200,18,16,minus,0,6.671487068275958,0.0092594264058106,2.6980491479318043,348.2105360014277,195.7261421032406,0.00838936678223244,0.83203125,213,253,210,0,256,0.21003130199994757,200,18,20,plus,6.671487068275958,0.0092594264058106,2.6980491479318043,348.8822168639659,230.1983792930631,0.006671423871574705,0.98046875,251,164,159,0,256,0.21086921200003417,0.6716808625381532,0.1679202156345383,1.1202775471079327,200,18,2.6,2.6980491479318043,6.671487068275958,2
200,18,16,minus,1,6.671487068275958,0.0092594264058106,2.6980491479318043,348.1775158151492,187.39211584791866,0.00867405162299652,0.796875,204,244,192,0,256,0.20624309499999072,200,18,20,plus,6.671487068275958,0.0092594264058106,2.6980491479318043,348.7301967202854,202.04288158006503,0.007685926998659989,0.85546875,219,190,153,0,256,0.2043635349999704,0.5526809051361852,0.1381702262840463,0.9218008778747777,200,18,2.6,2.6980491479318043,6.671487068275958,2
200,18,16,minus,2,6.671487068275958,0.0092594264058106,2.6980491479318043,348.24072714825184,198.34530968435791,0.008097754761313277,0.83984375,215,228,187,0,256,0.2087898419999874,200,18,20,plus,6.671487068275958,0.0092594264058106,2.6980491479318043,348.7706756282921,202.45492196156235,0.007232547853157911,0.8671875,222,176,142,0,256,0.2021303450000005,0.5299484800402752,0.1324871200100688,0.8838861078602989,200,18,2.6,2.6980491479318043,6.671487068275958,2
200,18,16,minus,3,6.671487068275958,0.0092594264058106,2.6980491479318043,348.24516313960885,188.3911880105052,0.008100448410408351,0.80859375,207,229,180,0,256,0.20134933199994975,200,18,20,plus,6.671487068275958,0.0092594264058106,2.6980491479318043,348.69745878638213,193.96563125028138,0.008037731192801207,0.828125,212,177,133,0,256,0.21136285600005067,0.4522956467732797,0.11307391169331993,0.7543711396213616,200,18,2.6,2.6980491479318043,6.671487068275958,2
200,18,16,minus,4,6.671487068275958,0.0092594264058106,2.6980491479318043,348.12046284616133,171.7742474065376,0.009146662812311232,0.734375,188,213,145,0,256,0.19997698999998192,200,18,20,plus,6.671487068275958,0.0092594264058106,2.6980491479318043,348.83847251955984,219.43796727970778,0.007025496490475735,0.9453125,242,180,166,0,256,0.21198928599994815,0.7180096733985124,0.1795024183496281,1.1975480627438049,200,18,2.6,2.6980491479318043,6.671487068275958,2
200,18,16,minus,5,6.671487068275958,0.0092594264058106,2.6980491479318043,348.27091177413007,202.70914171569254,0.007906878172762904,0.875,224,236,204,0,256,0.20969330800005537,200,18,20,plus,6.671487068275958,0.0092594264058106,2.6980491479318043,348.85758550347754,232.3550353186433,0.006824316087067477,0.9921875,254,175,173,0,256,0.2202174210000294,0.5866737293474671,0.14666843233686677,0.978496549659714,200,18,2.6,2.6980491479318043,6.671487068275958,2
200,18,16,minus,6,6.671487068275958,0.0092594264058106,2.6980491479318043,348.1433018844779,177.80463276945306,0.008909721076078653,0.74609375,191,240,175,0,256,0.19650841999998647,200,18,20,plus,6.671487068275958,0.0092594264058106,2.6980491479318043,348.7209812205378,202.84618628837214,0.00787769443369421,0.8671875,222,178,144,0,256,0.20963565599993217,0.5776793360598731,0.14441983401496827,0.9634950550334211,200,18,2.6,2.6980491479318043,6.671487068275958,2
200,18,16,minus,7,6.671487068275958,0.0092594264058106,2.6980491479318043,348.2258093214223,189.76753145057003,0.00821249625174162,0.80859375,207,230,181,0,256,0.20667671299997892,200,18,20,plus,6.671487068275958,0.0092594264058106,2.6980491479318043,348.7346667915262,207.38031261091612,0.007466055496071609,0.8828125,226,172,142,0,256,0.2144663629999286,0.5088574701039192,0.1272143675259798,0.8487090078484792,200,18,2.6,2.6980491479318043,6.671487068275958,2
200,18,16,minus,8,6.671487068275958,0.0092594264058106,2.6980491479318043,348.22059524058614,190.90901817633824,0.0082925303258497,0.8203125,210,217,171,0,256,0.20743966899999577,200,18,20,plus,6.671487068275958,0.0092594264058106,2.6980491479318043,348.7350104568643,203.4401798428982,0.00774744344095751,0.87109375,223,188,155,0,256,0.20414264300006835,0.5144152162781666,0.12860380406954164,0.8579786157810421,200,18,2.6,2.6980491479318043,6.671487068275958,2
200,18,16,minus,9,6.671487068275958,0.0092594264058106,2.6980491479318043,348.25479501325736,201.81142028972022,0.00791248811611597,0.859375,220,242,206,0,256,0.2099464519999401,200,18,20,plus,6.671487068275958,0.0092594264058106,2.6980491479318043,348.87653616035686,227.52601278768446,0.006635769861113373,0.96875,248,162,154,0,256,0.21521092400007547,0.6217411470994989,0.15543528677487473,1.036984505672342,200,18,2.6,2.6980491479318043,6.671487068275958,2
200,18,16,minus,10,6.671487068275958,0.0092594264058106,2.6980491479318043,348.00736364220825,156.1019081038017,0.010108101878509156,0.66796875,171,235,150,0,256,0.19284865600002377,200,18,20,plus,6.671487068275958,0.0092594264058106,2.6980491479318043,348.74950060516124,209.05635011235597,0.007537227395418869,0.8828125,226,182,152,0,256,0.20451136700000916,0.7421369629529977,0.18553424073824942,1.2377892878076295,200,18,2.6,2.6980491479318043,6.671487068275958,2
200,18,16,minus,11,6.671487068275958,0.0092594264058106,2.6980491479318043,348.1221298905389,171.20291345822338,0.009098315344332824,0.734375,188,238,170,0,256,0.20265696399997069,200,18,20,plus,6.671487068275958,0.0092594264058106,2.6980491479318043,348.7890835232772,214.2963992763699,0.007351944662555106,0.921875,236,167,147,0,256,0.21713561199999276,0.6669536327383412,0.1667384081845853,1.112393133988379,200,18,2.6,2.6980491479318043,6.671487068275958,2
200,18,16,minus,12,6.671487068275958,0.0092594264058106,2.6980491479318043,348.2362822551551,191.47805920150165,0.008131632975134577,0.82421875,211,239,194,0,256,0.2085763139999699,200,18,20,plus,6.671487068275958,0.0092594264058106,2.6980491479318043,348.7651890163208,213.205673305136,0.007520703323542519,0.90234375,231,161,136,0,256,0.21429806100002224,0.5289067611656719,0.13222669029141798,0.8821486543601252,200,18,2.6,2.6980491479318043,6.671487068275958,2
200,18,16,minus,13,6.671487068275958,0.0092594264058106,2.6980491479318043,348.2939790933196,208.58737032050055,0.007482504795941783,0.890625,228,224,196,0,256,0.21105818199998794,200,18,20,plus,6.671487068275958,0.0092594264058106,2.6980491479318043,348.7656127167507,209.32816703729446,0.00750215484311375,0.88671875,227,173,144,0,256,0.2185927079999601,0.47163362343110293,0.11790840585777573,0.786624404921184,200,18,2.6,2.6980491479318043,6.671487068275958,2
200,18,16,minus,14,6.671487068275958,0.0092594264058106,2.6980491479318043,348.26587986943326,197.7823201528297,0.00786778980934163,0.8359375,214,228,186,0,256,0.20373429099993245,200,18,20,plus,6.671487068275958,0.0092594264058106,2.6980491479318043,348.90903975962283,239.2883063906843,0.006519630891124776,1.0234375,262,163,169,0,256,0.22449353499996505,0.6431598901895654,0.16078997254739136,1.0727082225583677,200,18,2.6,2.6980491479318043,6.671487068275958,2
200,18,16,minus,15,6.671487068275958,0.0092594264058106,2.6980491479318043,348.3011136672408,202.4485802383168,0.007513659277437544,0.85546875,219,240,203,0,256,0.20674806800002443,200,18,20,plus,6.671487068275958,0.0092594264058106,2.6980491479318043,348.5835554522144,184.87284825607955,0.009015780444027049,0.78125,200,203,147,0,256,0.2118151829999988,0.282441784973571,0.07061044624339274,0.4710766789979894,200,18,2.6,2.6980491479318043,6.671487068275958,2
200,18,16,minus,16,6.671487068275958,0.0092594264058106,2.6980491479318043,348.1856755067883,189.4140780689272,0.008514616977301253,0.8125,208,230,182,0,256,0.20073063899997123,200,18,20,plus,6.671487068275958,0.0092594264058106,2.6980491479318043,348.9311062349229,247.5008841707868,0.006171043823809738,1.05859375,271,177,192,0,256,0.22402421300000697,0.7454307281345791,0.18635768203364478,1.243282865761344,200,18,2.6,2.6980491479318043,6.671487068275958,2
200,18,16,minus,17,6.671487068275958,0.0092594264058106,2.6980491479318043,348.2206335184433,192.75723839949757,0.008279970117568394,0.8203125,210,236,190,0,256,0.20775425600004382,200,18,20,plus,6.671487068275958,0.0092594264058106,2.6980491479318043,348.7931172988896,213.27068654508085,0.007180733396142757,0.90234375,231,182,157,0,256,0.20843800099999044,0.572483780446305,0.14312094511157625,0.9548295345113141,200,18,2.6,2.6980491479318043,6.671487068275958,2
200,18,16,minus,18,6.671487068275958,0.0092594264058106,2.6980491479318043,348.08442676507997,170.17467874922355,0.00938563458677078,0.71875,184,237,165,0,256,0.20013633700000355,200,18,20,plus,6.671487068275958,0.0092594264058106,2.6980491479318043,348.8605889497255,236.01474217549247,0.0068497031567253215,1.0078125,258,188,190,0,256,0.2162999029999355,0.7761621846455569,0.19404054616138922,1.2945389944369123,200,18,2.6,2.6980491479318043,6.671487068275958,2
200,18,16,minus,19,6.671487068275958,0.0092594264058106,2.6980491479318043,348.22924761164944,189.20784797069908,0.008168828409620764,0.81640625,209,251,204,0,256,0.2086327380000057,200,18,20,plus,6.671487068275958,0.0092594264058106,2.6980491479318043,348.8395134708785,224.80826923712962,0.006979714595909314,0.94921875,243,187,174,0,256,0.2201883209999096,0.6102658592290595,0.15256646480726488,1.0178451970142468,200,18,2.6,2.6980491479318043,6.671487068275958,2
200,20,18,minus,0,6.671487068275958,0.0092594264058106,2.997832386590894,348.5749962890544,212.14418532576744,0.007611309997425395,0.90625,232,210,186,0,256,0.21800496200000907,200,20,22,plus,6.671487068275958,0.0092594264058106,2.997832386590894,348.98833887060067,197.64839964303212,0.007848720391349949,0.8515625,218,150,112,0,256,0.2090239770000153,0.41334258154626013,0.10333564538656503,0.6894024218884188,200,20,3.0,2.997832386590894,6.671487068275958,2
200,20,18,minus,1,6.671487068275958,0.0092594264058106,2.997832386590894,348.5465928244229,210.0567438561551,0.00778679471040593,0.890625,228,196,168,0,256,0.21350761600001533,200,20,22,plus,6.671487068275958,0.0092594264058106,2.997832386590894,349.0163387055218,202.54727963085557,0.007711652558424032,0.86328125,221,161,126,0,256,0.21397602100000768,0.4697458810989019,0.11743647027472548,0.783475892781805,200,20,3.0,2.997832386590894,6.671487068275958,2
200,20,18,minus,2,6.671487068275958,0.0092594264058106,2.997832386590894,348.58150628853844,209.3838428061006,0.007607558986356492,0.88671875,227,204,175,0,256,0.24015236599996115,200,20,22,plus,6.671487068275958,0.0092594264058106,2.997832386590894,348.91193828430914,189.40156992136676,0.008452311969535914,0.8125,208,152,104,0,256,0.20729208400007337,0.33043199577070936,0.08260799894267734,0.551118196682226,200,20,3.0,2.997832386590894,6.671487068275958,2
200,20,18,minus,3,6.671487068275958,0.0092594264058106,2.997832386590894,348.485324562755,194.39605522766996,0.008248795285296638,0.8203125,210,204,158,0,256,0.2320259939999687,200,20,22,plus,6.671487068275958,0.0092594264058106,2.997832386590894,349.0172275667504,207.5082541038643,0.007734623303893864,0.89453125,229,151,124,0,256,0.21715472699997918,0.53190300399541,0.1329757509988525,0.8871460031831283,200,20,3.0,2.997832386590894,6.671487068275958,2
200,20,18,minus,4,6.671487068275958,0.0092594264058106,2.997832386590894,348.5170170320368,196.1586676952791,0.00807222274861788,0.83984375,215,219,178,0,256,0.20933878200003164,200,20,22,plus,6.671487068275958,0.0092594264058106,2.997832386590894,349.05641292117167,211.193796631066,0.007361637847855961,0.8984375,230,153,127,0,256,0.21084654900005262,0.5393958891348802,0.13484897228372006,0.8996431747611415,200,20,3.0,2.997832386590894,6.671487068275958,2
200,20,18,minus,5,6.671487068275958,0.0092594264058106,2.997832386590894,348.5620242111156,211.4652178367699,0.007568960476308579,0.89453125,229,202,175,0,256,0.21198685699994257,200,20,22,plus,6.671487068275958,0.0092594264058106,2.997832386590894,348.9400568192227,191.8755590531186,0.007958560263714595,0.82421875,211,164,119,0,256,0.2083186669999577,0.37803260810710526,0.09450815202677632,0.6305099140932965,200,20,3.0,2.997832386590894,6.671487068275958,2
200,20,18,minus,6,6.671487068275958,0.0092594264058106,2.997832386590894,348.5837513955012,207.42451422213344,0.007474374761625456,0.890625,228,191,163,0,256,0.20858730000009018,200,20,22,plus,6.671487068275958,0.0092594264058106,2.997832386590894,348.98937105404514,205.80807353690713,0.0078946682609117,0.87109375,223,148,115,0,256,0.2068558869999606,0.40561965854391246,0.10140491463597812,0.6765215766535554,200,20,3.0,2.997832386590894,6.671487068275958,2
200,20,18,minus,7,6.671487068275958,0.0092594264058106,2.997832386590894,348.51987750789147,193.48025016956225,0.007926579795255758,0.81640625,209,214,167,0,256,0.20682452999994894,200,20,22,plus,6.671487068275958,0.0092594264058106,2.997832386590894,349.0547905429667,213.19140750192273,0.007454126869370089,0.921875,236,140,120,0,256,0.21600589700005912,0.5349130350752489,0.13372825876881222,0.8921663490391918,200,20,3.0,2.997832386590894,6.671487068275958,2
200,20,18,minus,8,6.671487068275958,0.0092594264058106,2.997832386590894,348.5350327872191,198.7173942547232,0.007884318993905907,0.83984375,215,206,165,0,256,0.20402856199996222,200,20,22,plus,6.671487068275958,0.0092594264058106,2.997832386590894,348.9949293919245,211.76488889565564,0.007909320888307494,0.8984375,230,146,120,0,256,0.2087260299999798,0.45989660470536364,0.11497415117634091,0.7670485627589634,200,20,3.0,2.997832386590894,6.671487068275958,2
200,20,18,minus,9,6.671487068275958,0.0092594264058106,2.997832386590894,348.6028705807727,211.15459571035413,0.007368670619577203,0.90625,232,215,191,0,256,0.21837985000001936,200,20,22,plus,6.671487068275958,0.0092594264058106,2.997832386590894,349.021429869829,214.05471679439955,0.007656488018870734,0.91796875,235,146,125,0,256,0.21453547299995535,0.41855928905630435,0.10463982226407609,0.6981032210614783,200,20,3.0,2.997832386590894,6.671487068275958,2
200,20,18,minus,10,6.671487068275958,0.0092594264058106,2.997832386590894,348.56298617756454,201.81864628046677,0.007570759018569357,0.8515625,218,218,180,0,256,0.20768496200003028,200,20,22,plus,6.671487068275958,0.0092594264058106,2.997832386590894,348.9366401029659,193.37288667307462,0.008324226720689581,0.82421875,211,168,123,0,256,0.21208881699999438,0.37365392540135645,0.09341348135033911,0.6232068328314248,200,20,3.0,2.997832386590894,6.671487068275958,2
200,20,18,minus,11,6.671487068275958,0.0092594264058106,2.997832386590894,348.60803726030963,209.68432243708634,0.007334335058958989,0.890625,228,197,169,0,256,0.20891759599999205,200,20,22,plus,6.671487068275958,0.0092594264058106,2.997832386590894,348.8464871364661,176.04768123558603,0.0090546715451253,0.74609375,191,165,100,0,256,0.20382046600002468,0.23844987615649416,0.05961246903912354,0.3977038163025136,200,20,3.0,2.997832386590894,6.671487068275958,2
200,20,18,minus,12,6.671487068275958,0.0092594264058106,2.997832386590894,348.40996873936007,183.77806468749287,0.008888721676670824,0.7890625,202,200,146,0,256,0.2003735719999895,200,20,22,plus,6.671487068275958,0.0092594264058106,2.997832386590894,348.9863414786084,197.89078260662916,0.00792063153242142,0.84765625,217,168,129,0,256,0.21167052900000272,0.5763727392483133,0.14409318481207833,0.9613158191004784,200,20,3.0,2.997832386590894,6.671487068275958,2
200,20,18,minus,13,6.671487068275958,0.0092594264058106,2.997832386590894,348.6375964270913,221.9417129806551,0.007177566066146127,0.9296875,238,205,187,0,256,0.21642430899999,200,20,22,plus,6.671487068275958,0.0092594264058106,2.997832386590894,348.91360322814774,183.60035475499345,0.008393781964230846,0.78515625,201,157,102,0,256,0.20692911799994818,0.2760068010564396,0.0690017002641099,0.46034395100106296,200,20,3.0,2.997832386590894,6.671487068275958,2
200,20,18,minus,14,6.671487068275958,0.0092594264058106,2.997832386590894,348.34187351702695,164.7048782915638,0.009671193043815965,0.703125,180,223,147,0,256,0.1950600720000466,200,20,22,plus,6.671487068275958,0.0092594264058106,2.997832386590894,349.0438355100507,215.70002262276788,0.007514485008448276,0.91015625,233,153,130,0,256,0.2168066159999853,0.7019619930237582,0.17549049825593954,1.1707825897198052,200,20,3.0,2.997832386590894,6.671487068275958,2
200,20,18,minus,15,6.671487068275958,0.0092594264058106,2.997832386590894,348.4895359019881,196.34381608492578,0.008099836536543755,0.828125,212,211,167,0,256,0.21316049399990789,200,20,22,plus,6.671487068275958,0.0092594264058106,2.997832386590894,348.87172353850514,179.9062122578167,0.008782190648438649,0.7734375,198,162,104,0,256,0.20533736699997007,0.3821876365170169,0.09554690912925423,0.6374399686695577,200,20,3.0,2.997832386590894,6.671487068275958,2
200,20,18,minus,16,6.671487068275958,0.0092594264058106,2.997832386590894,348.48229351167544,192.3663038144885,0.008356472610160289,0.81640625,209,208,161,0,256,0.21195506899994143,200,20,22,plus,6.671487068275958,0.0092594264058106,2.997832386590894,348.9034235145472,187.47521323342622,0.008404876650429162,0.79296875,203,182,129,0,256,0.2052405300000828,0.4211300028717915,0.10528250071794787,0.7023908420555435,200,20,3.0,2.997832386590894,6.671487068275958,2
200,20,18,minus,17,6.671487068275958,0.0092594264058106,2.997832386590894,348.44796817960014,183.80783967592626,0.008641016413748663,0.78125,200,204,148,0,256,0.20813188700003593,200,20,22,plus,6.671487068275958,0.0092594264058106,2.997832386590894,348.96990125947025,194.57898141214267,0.008034542399121573,0.8203125,210,154,108,0,256,0.2123019559999193,0.5219330798701094,0.13048326996752735,0.8705174482147194,200,20,3.0,2.997832386590894,6.671487068275958,2
200,20,18,minus,18,6.671487068275958,0.0092594264058106,2.997832386590894,348.4909631558704,190.15653965554827,0.00826347124503252,0.81640625,209,202,155,0,256,0.21124089600004936,200,20,22,plus,6.671487068275958,0.0092594264058106,2.997832386590894,348.84994646240705,177.0284761350723,0.0090212138789607,0.76171875,195,173,112,0,256,0.20628347299998495,0.35898330653662924,0.08974582663415731,0.5987381218215165,200,20,3.0,2.997832386590894,6.671487068275958,2
200,20,18,minus,19,6.671487068275958,0.0092594264058106,2.997832386590894,348.57960223928984,211.17439068475485,0.007614102594993598,0.89453125,229,211,184,0,256,0.21451876200001152,200,20,22,plus,6.671487068275958,0.0092594264058106,2.997832386590894,348.99168936443294,202.52977559810486,0.007942554195551477,0.86328125,221,157,122,0,256,0.2101001040000483,0.41208712514310264,0.10302178128577566,0.6873084815988064,200,20,3.0,2.997832386590894,6.671487068275958,2
250,8,6,minus,0,7.5486723071819615,0.0130749800998768,1.0597890164590449,423.49686732359396,221.63281461646767,0.0077670317313417205,0.94921875,243,946,933,0,256,0.2866309020000699,250,8,10,plus,7.5486723071819615,0.0130749800998768,1.0597890164590449,432.64563510537056,242.87483522234479,0.006493293359422072,1.03515625,265,662,671,0,256,0.3008879569999863,9.148767781776598,2.2871919454441496,17.265262499783887,250,8,1.0,1.0597890164590449,7.5486723071819615,2
250,8,6,minus,1,7.5486723071819615,0.0130749800998768,1.0597890164590449,423.4055493774322,204.23321473968144,0.008344786581937479,0.875,224,1001,969,0,256,0.2922362650000423,250,8,10,plus,7.5486723071819615,0.0130749800998768,1.0597890164590449,432.2457436667581,169.04527272625586,0.009638392263953523,0.72265625,185,631,560,0,256,0.26721513600000435,8.840194289325893,2.2100485723314733,16.682932455485624,250,8,1.0,1.0597890164590449,7.5486723071819615,2
250,8,6,minus,2,7.5486723071819615,0.0130749800998768,1.0597890164590449,423.76144254254996,278.9161670884586,0.005924160009952053,1.22265625,313,1038,1095,0,256,0.3108615490000375,250,8,10,plus,7.5486723071819615,0.0130749800998768,1.0597890164590449,432.42865483177087,199.86993553673878,0.00796909480790578,0.84375,216,593,553,0,256,0.26621649000003345,8.667212289220913,2.1668030723052283,16.35648634702727,250,8,1.0,1.0597890164590449,7.5486723071819615,2
250,8,6,minus,3,7.5486723071819615,0.0130749800998768,1.0597890164590449,423.77903175834854,293.09941991799195,0.005787304171718278,1.28515625,329,1048,1121,0,256,0.3230108149999751,250,8,10,plus,7.5486723071819615,0.0130749800998768,1.0597890164590449,432.0865406558952,142.33976507003055,0.011328555910565806,0.61328125,157,599,500,0,256,0.25023418800003583,8.307508897546654,2.0768772243866636,15.677665589144544,250,8,1.0,1.0597890164590449,7.5486723071819615,2
250,8,6,minus,4,7.5486723071819615,0.0130749800998768,1.0597890164590449,424.0845272815668,390.3082255220627,0.0043258531261937,1.6796875,430,1175,1349,0,256,0.3751519579999467,250,8,10,plus,7.5486723071819615,0.0130749800998768,1.0597890164590449,432.4458055834851,203.98138909495256,0.007804335767095807,0.875,224,641,609,0,256,0.29280608700003086,8.361278301918276,2.090319575479569,15.779137492582976,250,8,1.0,1.0597890164590449,7.5486723071819615,2
250,8,6,minus,5,7.5486723071819615,0.0130749800998768,1.0597890164590449,424.016096626053,366.39891808828116,0.004627091976957558,1.59765625,409,1165,1318,0,256,0.37492055400002755,250,8,10,plus,7.5486723071819615,0.0130749800998768,1.0597890164590449,432.28718194903576,172.37775106359328,0.00922651483811878,0.74609375,191,587,522,0,256,0.2628582559999586,8.271085322982742,2.0677713307456855,15.60892818198475,250,8,1.0,1.0597890164590449,7.5486723071819615,2
250,8,6,minus,6,7.5486723071819615,0.0130749800998768,1.0597890164590449,423.63048389217016,258.86671595483756,0.006439291236723827,1.125,288,1048,1080,0,256,0.3081389499999432,250,8,10,plus,7.5486723071819615,0.0130749800998768,1.0597890164590449,432.3050591577243,172.9885136651464,0.00909693147905242,0.734375,188,562,494,0,256,0.25278890699996737,8.674575265554154,2.1686438163885384,16.37038152091356,250,8,1.0,1.0597890164590449,7.5486723071819615,2
250,8,6,minus,7,7.5486723071819615,0.0130749800998768,1.0597890164590449,423.76512767847635,288.758716331405,0.005932689743394552,1.25390625,321,1043,1108,0,256,0.3172095370000534,250,8,10,plus,7.5486723071819615,0.0130749800998768,1.0597890164590449,432.51102866533984,208.00679239650435,0.007350780712899785,0.89453125,229,632,605,0,256,0.2847069279999914,8.74590098686349,2.1864752467158723,16.504985145222953,250,8,1.0,1.0597890164590449,7.5486723071819615,2
250,8,6,minus,8,7.5486723071819615,0.0130749800998768,1.0597890164590449,424.15069111415426,408.5924211249535,0.004050551904275854,1.765625,452,1330,1526,0,256,0.40363054500005546,250,8,10,plus,7.5486723071819615,0.0130749800998768,1.0597890164590449,432.4394042178529,204.91507574952055,0.007895993610263772,0.87890625,225,619,588,0,256,0.28882587700002205,8.288713103698626,2.0721782759246565,15.642194767016516,250,8,1.0,1.0597890164590449,7.5486723071819615,2
250,8,6,minus,9,7.5486723071819615,0.0130749800998768,1.0597890164590449,423.5680291323077,231.95407595668803,0.0072607260084163,1.015625,260,962,966,0,256,0.2860617320000074,250,8,10,plus,7.5486723071819615,0.0130749800998768,1.0597890164590449,432.55702602935094,221.10182617097422,0.007035548884270252,0.94921875,243,581,568,0,256,0.2814418120000255,8.98899689704325,2.2472492242608126,16.96374798651374,250,8,1.0,1.0597890164590449,7.5486723071819615,2
250,8,6,minus,10,7.5486723071819615,0.0130749800998768,1.0597890164590449,424.0332173321206,371.8447839696487,0.004565423068902665,1.609375,412,1132,1288,0,256,0.37011251000001266,250,8,10,plus,7.5486723071819615,0.0130749800998768,1.0597890164590449,432.20216868715636,156.66063572674278,0.010078029168510515,0.671875,172,598,514,0,256,0.25504915999999866,8.168951355035745,2.042237838758936,15.41618421811872,250,8,1.0,1.0597890164590449,7.5486723071819615,2
250,8,6,minus,11,7.5486723071819615,0.0130749800998768,1.0597890164590449,423.8811434593014,322.05650623747147,0.005334905056367099,1.390625,356,1113,1213,0,256,0.33710508900003333,250,8,10,plus,7.5486723071819615,0.0130749800998768,1.0597890164590449,432.087178375558,139.47963921575914,0.011321216987295624,0.6015625,154,578,476,0,256,0.24227280299999165,8.206034916256556,2.051508729064139,15.486167131028527,250,8,1.0,1.0597890164590449,7.5486723071819615,2
250,8,6,minus,12,7.5486723071819615,0.0130749800998768,1.0597890164590449,423.65366686515955,264.8961053315743,0.006617655923735832,1.1484375,294,1062,1100,0,256,0.32682840100005706,250,8,10,plus,7.5486723071819615,0.0130749800998768,1.0597890164590449,432.1758981603361,152.56093252348956,0.010352006031376825,0.65234375,167,512,423,0,256,0.22766963100002613,8.522231295176539,2.1305578237941347,16.08288284332465,250,8,1.0,1.0597890164590449,7.5486723071819615,2
250,8,6,minus,13,7.5486723071819615,0.0130749800998768,1.0597890164590449,423.49820673161577,222.78576769469373,0.007748748323835862,0.97265625,249,937,930,0,256,0.2928664920000301,250,8,10,plus,7.5486723071819615,0.0130749800998768,1.0597890164590449,432.4895909723792,207.03856052568216,0.007545926675945743,0.89453125,229,646,619,0,256,0.2913160030000199,8.99138424076341,2.2478460601908523,16.968253305370762,250,8,1.0,1.0597890164590449,7.5486723071819615,2
250,8,6,minus,14,7.5486723071819615,0.0130749800998768,1.0597890164590449,423.78114696504673,282.43734319240485,0.00589471101494186,1.2421875,318,1068,1130,0,256,0.33537951499999963,250,8,10,plus,7.5486723071819615,0.0130749800998768,1.0597890164590449,432.4374646664628,201.29760939721086,0.008007303148374053,0.859375,220,665,629,0,256,0.28702229700002135,8.656317701416071,2.164079425354018,16.335926428712128,250,8,1.0,1.0597890164590449,7.5486723071819615,2
250,8,6,minus,15,7.5486723071819615,0.0130749800998768,1.0597890164590449,423.88537198613903,324.2126736940169,0.005238115946727674,1.39453125,357,1025,1126,0,256,0.32911373600006755,250,8,10,plus,7.5486723071819615,0.0130749800998768,1.0597890164590449,432.1672543036135,145.65307769860902,0.010230179177088287,0.62109375,159,532,435,0,256,0.2299484489999486,8.28188231747447,2.0704705793686173,15.629303925314874,250,8,1.0,1.0597890164590449,7.5486723071819615,2
250,8,6,minus,16,7.5486723071819615,0.0130749800998768,1.0597890164590449,423.9892634195029,357.2909045417549,0.004657707591192079,1.55859375,399,1100,1243,0,256,0.3564541990000407,250,8,10,plus,7.5486723071819615,0.0130749800998768,1.0597890164590449,432.3805093081425,191.02228945347468,0.008272767272149066,0.82421875,211,595,550,0,256,0.27018294499998774,8.391245888639617,2.097811472159904,15.835691365582091,250,8,1.0,1.0597890164590449,7.5486723071819615,2
250,8,6,minus,17,7.5486723071819615,0.0130749800998768,1.0597890164590449,423.6636931377095,264.61744630714793,0.006490288649951136,1.1484375,294,1040,1078,0,256,0.30369393400007993,250,8,10,plus,7.5486723071819615,0.0130749800998768,1.0597890164590449,432.2864939405844,172.34892133247905,0.009274296841187114,0.7421875,190,541,475,0,256,0.2424799670000084,8.622800802874906,2.1557002007187265,16.272674407752046,250,8,1.0,1.0597890164590449,7.5486723071819615,2
250,8,6,minus,18,7.5486723071819615,0.0130749800998768,1.0597890164590449,423.94904826927973,348.8139251596551,0.004985244884196632,1.5078125,386,1075,1205,0,256,0.3433864829999038,250,8,10,plus,7.5486723071819615,0.0130749800998768,1.0597890164590449,432.802405165103,287.3676977279239,0.005547075670334934,1.22265625,313,673,730,0,256,0.3465939170000638,8.853356895823254,2.2133392239558134,16.70777250627486,250,8,1.0,1.0597890164590449,7.5486723071819615,2
250,8,6,minus,19,7.5486723071819615,0.0130749800998768,1.0597890164590449,423.70203162078536,273.5583679217527,0.006380132209111576,1.19140625,305,1008,1057,0,256,0.3092121560000578,250,8,10,plus,7.5486723071819615,0.0130749800998768,1.0597890164590449,432.5523642037409,221.37418341867672,0.007146781781447236,0.94921875,243,628,615,0,256,0.30007323399991037,8.85033258295556,2.21258314573889,16.70206511957671,250,8,1.0,1.0597890164590449,7.5486723071819615,2
250,10,8,minus,0,7.5486723071819615,0.0130749800998768,1.3247362705738062,429.5517673102978,318.65879299803856,0.005024717113414523,1.37109375,351,775,870,0,256,0.31939139999997224,250,10,12,plus,7.5486723071819615,0.0130749800998768,1.3247362705738062,433.75022861916284,198.77142324329225,0.007733736705150461,0.84375,216,472,432,0,256,0.2613410769999973,4.198461308865035,1.0496153272162587,7.923202153751105,250,10,1.4,1.3247362705738062,7.5486723071819615,2
250,10,8,minus,1,7.5486723071819615,0.0130749800998768,1.3247362705738062,429.41333470893466,279.7444835670674,0.005758966737561017,1.1953125,306,699,749,0,256,0.2914288370000122,250,10,12,plus,7.5486723071819615,0.0130749800998768,1.3247362705738062,434.00456636694105,257.30389836350815,0.006110791119368398,1.1015625,282,506,532,0,256,0.29582485299999917,4.591231658006393,1.1478079145015982,8.664425818162496,250,10,1.4,1.3247362705738062,7.5486723071819615,2
250,10,8,minus,2,7.5486723071819615,0.0130749800998768,1.3247362705738062,429.7192997362339,365.5971811566423,0.004269863269800536,1.5859375,406,759,909,0,256,0.3088369120000607,250,10,12,plus,7.5486723071819615,0.0130749800998768,1.3247362705738062,433.7264246930368,193.78724746770635,0.008016353112945953,0.828125,212,496,452,0,256,0.2607126039999912,4.0071249568028975,1.0017812392007244,7.5621182982089366,250,10,1.4,1.3247362705738062,7.5486723071819615,2
250,10,8,minus,3,7.5486723071819615,0.0130749800998768,1.3247362705738062,429.64438578562147,352.0561899168468,0.004597819858718928,1.5234375,390,717,851,0,256,0.2932403780000641,250,10,12,plus,7.5486723071819615,0.0130749800998768,1.3247362705738062,433.98913857912106,256.4878952291601,0.0061763972850447,1.09765625,281,452,477,0,256,0.27051555800005644,4.344752793499595,1.0861881983748987,8.199278773460465,250,10,1.4,1.3247362705738062,7.5486723071819615,2
250,10,8,minus,4,7.5486723071819615,0.0130749800998768,1.3247362705738062,429.60050447237563,315.85560444216355,0.0047995303379908425,1.359375,348,727,819,0,256,0.2798141780000378,250,10,12,plus,7.5486723071819615,0.0130749800998768,1.3247362705738062,433.89569667094105,234.8979802750576,0.0067976661394890895,1.01171875,259,463,466,0,256,0.2671283570000469,4.295192198565417,1.0737980496413542,8.105749600833692,250,10,1.4,1.3247362705738062,7.5486723071819615,2
250,10,8,minus,5,7.5486723071819615,0.0130749800998768,1.3247362705738062,429.19926136786387,226.32077605183423,0.00716551399280557,0.96484375,247,656,647,0,256,0.24243300600005568,250,10,12,plus,7.5486723071819615,0.0130749800998768,1.3247362705738062,434.12550105687,288.26842348744896,0.005391615513133386,1.21875,312,486,542,0,256,0.2813818370000263,4.926239689006138,1.2315599222515345,9.296642279735329,250,10,1.4,1.3247362705738062,7.5486723071819615,2
250,10,8,minus,6,7.5486723071819615,0.0130749800998768,1.3247362705738062,429.61931952933776,339.8446475943405,0.0046806418515948104,1.45703125,373,727,844,0,256,0.2907567830000062,250,10,12,plus,7.5486723071819615,0.0130749800998768,1.3247362705738062,433.7696243224332,200.56173464806332,0.0076767631133812814,0.85546875,219,457,420,0,256,0.24598355600005561,4.150304793095415,1.0375761982738538,7.832322714500981,250,10,1.4,1.3247362705738062,7.5486723071819615,2
250,10,8,minus,7,7.5486723071819615,0.0130749800998768,1.3247362705738062,429.88415677855966,431.2493475745263,0.0036250819755945735,1.8515625,474,765,983,0,256,0.3057792029999291,250,10,12,plus,7.5486723071819615,0.0130749800998768,1.3247362705738062,433.6782589221317,187.81890033766314,0.008432652798836541,0.80078125,205,470,419,0,256,0.2475844479999978,3.7941021435720472,0.9485255358930118,7.160108445450508,250,10,1.4,1.3247362705738062,7.5486723071819615,2
250,10,8,minus,8,7.5486723071819615,0.0130749800998768,1.3247362705738062,429.34683997926544,249.6426236572532,0.006138582807726948,1.0625,272,710,726,0,256,0.25928597600000103,250,10,12,plus,7.5486723071819615,0.0130749800998768,1.3247362705738062,434.07026613830106,273.9496053197757,0.005719197970241798,1.17578125,301,457,502,0,256,0.27443454800004474,4.7234261590356255,1.1808565397589064,8.91389906043277,250,10,1.4,1.3247362705738062,7.5486723071819615,2
250,10,8,minus,9,7.5486723071819615,0.0130749800998768,1.3247362705738062,429.7094210548327,355.7926312884795,0.004311910025378116,1.51953125,389,740,873,0,256,0.29686127000002216,250,10,12,plus,7.5486723071819615,0.0130749800998768,1.3247362705738062,434.22778798213795,321.58586170460933,0.004869379032342096,1.359375,348,508,600,0,256,0.3096595970000635,4.518366927305237,1.1295917318263093,8.526917824458973,250,10,1.4,1.3247362705738062,7.5486723071819615,2
250,10,8,minus,10,7.5486723071819615,0.0130749800998768,1.3247362705738062,429.7167151682911,377.40428647443923,0.004258762902928529,1.6171875,414,863,1021,0,256,0.3347202939999079,250,10,12,plus,7.5486723071819615,0.0130749800998768,1.3247362705738062,433.91710976720424,235.4277256032786,0.006629471298707522,1.00390625,257,488,489,0,256,0.27740509599993857,4.200394598913135,1.0500986497282838,7.9268505970130665,250,10,1.4,1.3247362705738062,7.5486723071819615,2
250,10,8,minus,11,7.5486723071819615,0.0130749800998768,1.3247362705738062,429.6365006476688,336.86054484065124,0.004611547757343584,1.44921875,371,780,895,0,256,0.2968676160000996,250,10,12,plus,7.5486723071819615,0.0130749800998768,1.3247362705738062,433.976616057036,250.44375247481062,0.0062220408579229235,1.0625,272,497,513,0,256,0.2784212239999988,4.340115409367172,1.085028852341793,8.19052725016592,250,10,1.4,1.3247362705738062,7.5486723071819615,2
250,10,8,minus,12,7.5486723071819615,0.0130749800998768,1.3247362705738062,429.7457351948775,366.8638487627801,0.004142092369744462,1.578125,404,765,913,0,256,0.2999239819999957,250,10,12,plus,7.5486723071819615,0.0130749800998768,1.3247362705738062,433.77317902826053,211.54326641830238,0.0076832668873127044,0.8984375,230,442,416,0,256,0.24709376400005567,4.027443833383018,1.0068609583457544,7.6004634334472865,250,10,1.4,1.3247362705738062,7.5486723071819615,2
250,10,8,minus,13,7.5486723071819615,0.0130749800998768,1.3247362705738062,429.5155896627124,307.4912136510265,0.005230040341926299,1.31640625,337,723,804,0,256,0.2776587629999767,250,10,12,plus,7.5486723071819615,0.0130749800998768,1.3247362705738062,434.0557823656576,277.8692108493824,0.005754752457526849,1.19140625,305,464,513,0,256,0.28578596900001685,4.540192702945205,1.1350481757363013,8.568106731498021,250,10,1.4,1.3247362705738062,7.5486723071819615,2
250,10,8,minus,14,7.5486723071819615,0.0130749800998768,1.3247362705738062,429.83889311605145,404.21689546192556,0.0037919898324478354,1.73046875,443,856,1043,0,256,0.33749495899996873,250,10,12,plus,7.5486723071819615,0.0130749800998768,1.3247362705738062,434.0417929998587,270.39886839977567,0.005873309855485369,1.13671875,291,471,506,0,256,0.26925581099999363,4.202899883807277,1.0507249709518192,7.931578490688568,250,10,1.4,1.3247362705738062,7.5486723071819615,2
250,10,8,minus,15,7.5486723071819615,0.0130749800998768,1.3247362705738062,429.7379240751979,384.9276522562571,0.0041737960129024435,1.640625,420,846,1010,0,256,0.3231349709999449,250,10,12,plus,7.5486723071819615,0.0130749800998768,1.3247362705738062,433.8894619356016,237.68404572875346,0.006770397102973627,1.0078125,258,484,486,0,256,0.27101357500009726,4.151537860403721,1.0378844651009302,7.834649719761755,250,10,1.4,1.3247362705738062,7.5486723071819615,2
250,10,8,minus,16,7.5486723071819615,0.0130749800998768,1.3247362705738062,429.0552108221357,191.07371180477378,0.008197421199592683,0.8203125,210,614,568,0,256,0.22709513699999206,250,10,12,plus,7.5486723071819615,0.0130749800998768,1.3247362705738062,434.09719758146684,280.38302719389355,0.005574271864382779,1.2109375,310,500,554,0,256,0.2941901980000239,5.0419867593311665,1.2604966898327916,9.515076455835324,250,10,1.4,1.3247362705738062,7.5486723071819615,2
250,10,8,minus,17,7.5486723071819615,0.0130749800998768,1.3247362705738062,429.36796638867605,269.64389242604904,0.006006855841445296,1.16015625,297,649,690,0,256,0.24644007199992757,250,10,12,plus,7.5486723071819615,0.0130749800998768,1.3247362705738062,434.1577972359472,300.4076326942511,0.005224931097735991,1.27734375,327,520,591,0,256,0.30389993300002516,4.789830847271162,1.1974577118177905,9.039215868220433,250,10,1.4,1.3247362705738062,7.5486723071819615,2
250,10,8,minus,18,7.5486723071819615,0.0130749800998768,1.3247362705738062,429.4203411452296,267.9933546898573,0.00574690816587595,1.14453125,293,693,730,0,256,0.25205750799989346,250,10,12,plus,7.5486723071819615,0.0130749800998768,1.3247362705738062,434.00426157651555,251.41144237051986,0.006109967994355183,1.07421875,275,478,497,0,256,0.27009049599996615,4.5839204312859465,1.1459801078214866,8.650628304493454,250,10,1.4,1.3247362705738062,7.5486723071819615,2
250,10,8,minus,19,7.5486723071819615,0.0130749800998768,1.3247362705738062,429.534438572499,309.39924126905146,0.005139438066437231,1.328125,340,753,837,0,256,0.28481082200005403,250,10,12,plus,7.5486723071819615,0.0130749800998768,1.3247362705738062,433.95506022837543,251.05803308964894,0.006419006373126406,1.078125,276,486,506,0,256,0.2814851499999804,4.420621655876403,1.1051554139691007,8.342456068560766,250,10,1.4,1.3247362705738062,7.5486723071819615,2
250,12,10,minus,0,7.5486723071819615,0.0130749800998768,1.5896835246885672,432.4799884432729,204.9729269470234,0.007580313471501434,0.87890625,225,610,579,0,256,0.27307179000001724,250,12,14,plus,7.5486723071819615,0.0130749800998768,1.5896835246885672,434.891063388813,209.24995777650977,0.007624387472291779,0.8984375,230,380,354,0,256,0.26039279299993723,2.411074945540122,0.6027687363850305,4.550103667984744,250,12,1.6,1.5896835246885672,7.5486723071819615,2
250,12,10,minus,1,7.5486723071819615,0.0130749800998768,1.5896835246885672,432.0246616526145,133.15235269630597,0.012061772850570812,0.5703125,146,552,442,0,256,0.2379219849999572,250,12,14,plus,7.5486723071819615,0.0130749800998768,1.5896835246885672,434.9602649366096,215.73804710249988,0.00707793344413362,0.91015625,233,390,367,0,256,0.25683345000004465,2.9356032839950785,0.7339008209987696,5.539976803691518,250,12,1.6,1.5896835246885672,7.5486723071819615,2
250,12,10,minus,2,7.5486723071819615,0.0130749800998768,1.5896835246885672,432.1042200499422,142.25540699619555,0.01061255643576443,0.60546875,155,572,471,0,256,0.2468951199999765,250,12,14,plus,7.5486723071819615,0.0130749800998768,1.5896835246885672,434.9413117087048,215.17953454611893,0.007309351696325343,0.9140625,234,373,351,0,256,0.25703641500001595,2.8370916587625743,0.7092729146906436,5.354068809359495,250,12,1.6,1.5896835246885672,7.5486723071819615,2
250,12,10,minus,3,7.5486723071819615,0.0130749800998768,1.5896835246885672,432.27995964996296,178.28560703493113,0.009321751185908044,0.75390625,193,600,537,0,256,0.2543732890000001,250,12,14,plus,7.5486723071819615,0.0130749800998768,1.5896835246885672,434.81739808174643,195.53660938892986,0.007983788879020782,0.8359375,214,385,343,0,256,0.2584825159999582,2.537438431783471,0.6343596079458678,4.788572805295778,250,12,1.6,1.5896835246885672,7.5486723071819615,2
250,12,10,minus,4,7.5486723071819615,0.0130749800998768,1.5896835246885672,432.1672747889698,155.45756572324999,0.010475835530738978,0.66796875,171,599,514,0,256,0.2612513299999364,250,12,14,plus,7.5486723071819615,0.0130749800998768,1.5896835246885672,434.8031580339544,185.44765008644424,0.008368274099439103,0.78515625,201,347,292,0,256,0.24565373699999782,2.6358832449845977,0.6589708112461494,4.97435471409504,250,12,1.6,1.5896835246885672,7.5486723071819615,2
250,12,10,minus,5,7.5486723071819615,0.0130749800998768,1.5896835246885672,432.34390906795375,181.44929692635034,0.008599202417064682,0.77734375,199,564,507,0,256,0.2535790270000007,250,12,14,plus,7.5486723071819615,0.0130749800998768,1.5896835246885672,434.9680035930753,209.34343881855017,0.007118485182000664,0.8984375,230,370,344,0,256,0.2620663910000758,2.6240945251215635,0.6560236312803909,4.952107418303236,250,12,1.6,1.5896835246885672,7.5486723071819615,2
250,12,10,minus,6,7.5486723071819615,0.0130749800998768,1.5896835246885672,432.390606364339,197.059628538456,0.008071357425423052,0.84375,216,639,599,0,256,0.2787692749999451,250,12,14,plus,7.5486723071819615,0.0130749800998768,1.5896835246885672,434.9816605697812,225.1059217911478,0.00702422678352544,0.95703125,245,379,368,0,256,0.26402985400000034,2.5910542054421626,0.6477635513605406,4.889754781757153,250,12,1.6,1.5896835246885672,7.5486723071819615,2
250,12,10,minus,7,7.5486723071819615,0.0130749800998768,1.5896835246885672,432.46373526631044,204.60087958782321,0.007584269954936384,0.87890625,225,608,577,0,256,0.2689486479999914,250,12,14,plus,7.5486723071819615,0.0130749800998768,1.5896835246885672,435.0131817742953,243.9991480086908,0.0067394485041383624,1.046875,268,388,400,0,256,0.2754819140000109,2.5494465079848396,0.6373616269962099,4.8112340633667285,250,12,1.6,1.5896835246885672,7.5486723071819615,2
250,12,10,minus,8,7.5486723071819615,0.0130749800998768,1.5896835246885672,432.51585249902234,224.68399084207712,0.007375834830715334,0.953125,244,596,584,0,256,0.27683532699995794,250,12,14,plus,7.5486723071819615,0.0130749800998768,1.5896835246885672,434.65565232853857,158.57315469029885,0.009703432960003146,0.671875,172,349,265,0,256,0.22963720299992474,2.139799829516221,0.5349499573790553,4.038161928995445,250,12,1.6,1.5896835246885672,7.5486723071819615,2
250,12,10,minus,9,7.5486723071819615,0.0130749800998768,1.5896835246885672,432.4836858199442,206.69513439793343,0.0076208468966111826,0.87890625,225,609,578,0,256,0.28138270800002374,250,12,14,plus,7.5486723071819615,0.0130749800998768,1.5896835246885672,434.8613168437344,198.7132471929427,0.007877035263737557,0.85546875,219,381,344,0,256,0.257589132000021,2.3776310237902294,0.5944077559475573,4.4869893664955,250,12,1.6,1.5896835246885672,7.5486723071819615,2
250,12,10,minus,10,7.5486723071819615,0.0130749800998768,1.5896835246885672,432.47932247204596,201.63705179662574,0.0075850083820846155,0.859375,220,579,543,0,256,0.261066851999999,250,12,14,plus,7.5486723071819615,0.0130749800998768,1.5896835246885672,434.92251641474627,216.16982003304972,0.0073995586228645495,0.91015625,233,379,356,0,256,0.2747065859999793,2.4431939427003044,0.6107984856750761,4.610717614084125,250,12,1.6,1.5896835246885672,7.5486723071819615,2
250,12,10,minus,11,7.5486723071819615,0.0130749800998768,1.5896835246885672,432.2828971003655,169.72812701511364,0.009350336319003295,0.73828125,189,613,546,0,256,0.27166515099997923,250,12,14,plus,7.5486723071819615,0.0130749800998768,1.5896835246885672,434.8080547486335,190.4418083716434,0.008354935967840593,0.8125,208,384,336,0,256,0.2488099570000486,2.525157648267964,0.631289412066991,4.765396902687277,250,12,1.6,1.5896835246885672,7.5486723071819615,2
250,12,10,minus,12,7.5486723071819615,0.0130749800998768,1.5896835246885672,432.50371129045993,206.2760482546612,0.0075023048611171156,0.87109375,223,634,601,0,256,0.27381522700000005,250,12,14,plus,7.5486723071819615,0.0130749800998768,1.5896835246885672,434.71645719964647,179.77830986580378,0.008920819795987911,0.7578125,194,360,298,0,256,0.2738930400000754,2.2127459091865376,0.5531864772966344,4.175823441876647,250,12,1.6,1.5896835246885672,7.5486723071819615,2
250,12,10,minus,13,7.5486723071819615,0.0130749800998768,1.5896835246885672,432.7936143953481,278.46463937604614,0.005603620901636395,1.18359375,303,702,749,0,256,0.3403870660000621,250,12,14,plus,7.5486723071819615,0.0130749800998768,1.5896835246885672,434.9283972753571,209.46631859259548,0.0073696964103988375,0.90234375,231,383,358,0,256,0.28662246800001867,2.134782880009027,0.5336957200022567,4.028694102042573,250,12,1.6,1.5896835246885672,7.5486723071819615,2
250,12,10,minus,14,7.5486723071819615,0.0130749800998768,1.5896835246885672,432.5154938796503,210.87449383319574,0.0074026402459106124,0.91015625,233,678,655,0,256,0.29824394700005996,250,12,14,plus,7.5486723071819615,0.0130749800998768,1.5896835246885672,434.8696593463889,204.11580010270785,0.00785633225502935,0.87890625,225,363,332,0,256,0.26501905000009174,2.354165466738607,0.5885413666846517,4.442705916323455,250,12,1.6,1.5896835246885672,7.5486723071819615,2
250,12,10,minus,15,7.5486723071819615,0.0130749800998768,1.5896835246885672,432.5042007032091,209.07471782097377,0.00747688529510174,0.90234375,231,594,569,0,256,0.2740088849999438,250,12,14,plus,7.5486723071819615,0.0130749800998768,1.5896835246885672,435.0153454048448,232.00475081547785,0.0068401873385568815,0.98828125,253,372,369,0,256,0.2657091850001052,2.5111447016357147,0.6277861754089287,4.738952117141057,250,12,1.6,1.5896835246885672,7.5486723071819615,2
250,12,10,minus,16,7.5486723071819615,0.0130749800998768,1.5896835246885672,431.9496749146257,123.36567602466175,0.012957356355291872,0.5234375,134,545,423,0,256,0.2287164770000345,250,12,14,plus,7.5486723071819615,0.0130749800998768,1.5896835246885672,434.95813065451614,221.87202795956597,0.007242216165147757,0.94921875,243,358,345,0,256,0.24625762300001952,3.008455739890451,0.7521139349726127,5.677461632773416,250,12,1.6,1.5896835246885672,7.5486723071819615,2
250,12,10,minus,17,7.5486723071819615,0.0130749800998768,1.5896835246885672,432.6770507152926,255.25678038155132,0.006277007662809769,1.09375,280,683,707,0,256,0.3154194459999644,250,12,14,plus,7.5486723071819615,0.0130749800998768,1.5896835246885672,434.7903732967107,188.3072951551654,0.008496595452736944,0.8046875,206,352,302,0,256,0.2467293150000387,2.1133225814181174,0.5283306453545293,3.9881949116233097,250,12,1.6,1.5896835246885672,7.5486723071819615,2
250,12,10,minus,18,7.5486723071819615,0.0130749800998768,1.5896835246885672,432.53454547920853,222.85761557265985,0.007230046038026029,0.95703125,245,633,622,0,256,0.2921831899999461,250,12,14,plus,7.5486723071819615,0.0130749800998768,1.5896835246885672,434.80321451009917,191.72136132390617,0.008273746415698382,0.828125,212,375,331,0,256,0.2586796900000081,2.268669030890635,0.5671672577226587,4.281359771911369,250,12,1.6,1.5896835246885672,7.5486723071819615,2
250,12,10,minus,19,7.5486723071819615,0.0130749800998768,1.5896835246885672,432.25556888976394,168.24995192972278,0.009573534058154948,0.7109375,182,588,514,0,256,0.25829488600004424,250,12,14,plus,7.5486723071819615,0.0130749800998768,1.5896835246885672,434.96487139644483,218.46078834137307,0.007166409716375415,0.92578125,237,368,349,0,256,0.26448014800007513,2.709302506680899,0.6773256266702248,5.1129092009901935,250,12,1.6,1.5896835246885672,7.5486723071819615,2
250,14,12,minus,0,7.5486723071819615,0.0130749800998768,1.8546307788033285,433.82326983893086,215.98514584275543,0.007282911915548,0.92578125,237,524,505,0,256,0.2781255190000138,250,14,16,plus,7.5486723071819615,0.0130749800998768,1.8546307788033285,435.3953134976353,196.78814610454927,0.007873444105990337,0.8359375,214,311,269,0,256,0.24155439399999068,1.5720436587044446,0.39301091467611116,2.966710608035813,250,14,1.8,1.8546307788033285,7.5486723071819615,2
250,14,12,minus,1,7.5486723071819615,0.0130749800998768,1.8546307788033285,433.85583468831373,230.73404807188197,0.006825889910008085,0.98046875,251,493,488,0,256,0.26904908499989233,250,14,16,plus,7.5486723071819615,0.0130749800998768,1.8546307788033285,435.5979103057904,241.84570520596424,0.006405881699539413,1.02734375,263,325,332,0,256,0.2720350669999334,1.7420756174766439,0.43551890436916096,3.2875894926657145,250,14,1.8,1.8546307788033285,7.5486723071819615,2
250,14,12,minus,2,7.5486723071819615,0.0130749800998768,1.8546307788033285,433.8935088141186,230.98305389089933,0.006777676248815626,0.98828125,253,495,492,0,256,0.2705250349999915,250,14,16,plus,7.5486723071819615,0.0130749800998768,1.8546307788033285,435.5407513397263,230.1056952229793,0.006841694965776008,0.97265625,249,312,305,0,256,0.25958155000000716,1.6472425256076804,0.4118106314019201,3.1086235090667924,250,14,1.8,1.8546307788033285,7.5486723071819615,2
250,14,12,minus,3,7.5486723071819615,0.0130749800998768,1.8546307788033285,433.96909466456316,245.61538028196404,0.006316455636678958,1.0546875,270,455,469,0,256,0.26016847300002155,250,14,16,plus,7.5486723071819615,0.0130749800998768,1.8546307788033285,435.4124820067447,206.96274898575047,0.007730772716863598,0.87890625,225,300,269,0,256,0.2509143759999688,1.443387342181552,0.360846835545388,2.7239145146157138,250,14,1.8,1.8546307788033285,7.5486723071819615,2
250,14,12,minus,4,7.5486723071819615,0.0130749800998768,1.8546307788033285,434.0003821164576,258.15276303002514,0.006064309798797333,1.09765625,281,471,496,0,256,0.26811614700000064,250,14,16,plus,7.5486723071819615,0.0130749800998768,1.8546307788033285,435.53877460258667,219.88563918283216,0.006727687421469034,0.92578125,237,312,293,0,256,0.2561269310000398,1.5383924861290552,0.3845981215322638,2.9032051894048023,250,14,1.8,1.8546307788033285,7.5486723071819615,2
250,14,12,minus,5,7.5486723071819615,0.0130749800998768,1.8546307788033285,434.0366842179436,266.0171101282308,0.005910590948084436,1.1328125,290,461,495,0,256,0.27416778399992836,250,14,16,plus,7.5486723071819615,0.0130749800998768,1.8546307788033285,435.37286216994005,192.94243191300208,0.007938580864932394,0.81640625,209,296,249,0,256,0.23784276499998214,1.336177951996433,0.33404448799910824,2.5215923759256453,250,14,1.8,1.8546307788033285,7.5486723071819615,2
250,14,12,minus,6,7.5486723071819615,0.0130749800998768,1.8546307788033285,434.0488207437001,270.33840043062355,0.005821459055772733,1.1484375,294,481,519,0,256,0.27759533800008285,250,14,16,plus,7.5486723071819615,0.0130749800998768,1.8546307788033285,435.48671896756315,215.2914658270406,0.007136247481865584,0.9296875,238,306,288,0,256,0.25653547299998536,1.4378982238630442,0.35947455596576106,2.7135556257552724,250,14,1.8,1.8546307788033285,7.5486723071819615,2
250,14,12,minus,7,7.5486723071819615,0.0130749800998768,1.8546307788033285,434.0563444452631,271.3374381596021,0.00577853926386489,1.1640625,298,464,506,0,256,0.27317338099999233,250,14,16,plus,7.5486723071819615,0.0130749800998768,1.8546307788033285,435.40129221020993,194.3236111312297,0.007846675822469184,0.82421875,211,310,265,0,256,0.2409434549999787,1.3449477649468236,0.3362369412367059,2.53814248696509,250,14,1.8,1.8546307788033285,7.5486723071819615,2
250,14,12,minus,8,7.5486723071819615,0.0130749800998768,1.8546307788033285,434.1784055112167,307.93324508906755,0.005127735366035158,1.3046875,334,486,564,0,256,0.2935443439999972,250,14,16,plus,7.5486723071819615,0.0130749800998768,1.8546307788033285,435.50368954179294,220.9299116125392,0.006999700510506943,0.93359375,239,309,292,0,256,0.24384647299996232,1.325284030576256,0.331321007644064,2.501033715190369,250,14,1.8,1.8546307788033285,7.5486723071819615,2
250,14,12,minus,9,7.5486723071819615,0.0130749800998768,1.8546307788033285,433.9663289108911,247.1118354483754,0.006334592770024799,1.0625,272,464,480,0,256,0.27327728699992804,250,14,16,plus,7.5486723071819615,0.0130749800998768,1.8546307788033285,435.55746347232304,231.17412088203574,0.006673129123705562,0.97265625,249,306,299,0,256,0.26699244400003863,1.591134561431943,0.39778364035798575,3.0027383502203557,250,14,1.8,1.8546307788033285,7.5486723071819615,2
250,14,12,minus,10,7.5486723071819615,0.0130749800998768,1.8546307788033285,434.13084522304183,291.63678841839857,0.005351556993773715,1.2265625,314,453,511,0,256,0.26982566599997426,250,14,16,plus,7.5486723071819615,0.0130749800998768,1.8546307788033285,435.42925789163735,211.66466403743064,0.0074754582978081964,0.8984375,230,307,281,0,256,0.2519498020000128,1.2984126685955175,0.3246031671488794,2.450322938680303,250,14,1.8,1.8546307788033285,7.5486723071819615,2
250,14,12,minus,11,7.5486723071819615,0.0130749800998768,1.8546307788033285,434.14045059887604,291.0159597777282,0.005288225924866936,1.234375,316,487,547,0,256,0.29947985399996924,250,14,16,plus,7.5486723071819615,0.0130749800998768,1.8546307788033285,435.5502886113976,228.21980519078696,0.0067635284997951345,0.9609375,246,319,309,0,256,0.2582334410000158,1.4098380125215613,0.3524595031303903,2.6606012906834913,250,14,1.8,1.8546307788033285,7.5486723071819615,2
250,14,12,minus,12,7.5486723071819615,0.0130749800998768,1.8546307788033285,434.11753279143244,285.0041153755816,0.0054367347618734544,1.21484375,311,479,534,0,256,0.28094470500002444,250,14,16,plus,7.5486723071819615,0.0130749800998768,1.8546307788033285,435.2089398011216,167.90239768788388,0.0094015387388831,0.70703125,181,336,261,0,256,0.24038197100003345,1.091407009689135,0.27285175242228377,2.059668467476162,250,14,1.8,1.8546307788033285,7.5486723071819615,2
250,14,12,minus,13,7.5486723071819615,0.0130749800998768,1.8546307788033285,433.8503369486221,225.9143896827887,0.007127342822761361,0.96484375,247,471,462,0,256,0.2711853980000569,250,14,16,plus,7.5486723071819615,0.0130749800998768,1.8546307788033285,435.73107469633294,269.3361629158298,0.005645325759229193,1.13671875,291,311,346,0,256,0.27449640999998337,1.880737747710839,0.4701844369277097,3.549268238304146,250,14,1.8,1.8546307788033285,7.5486723071819615,2
250,14,12,minus,14,7.5486723071819615,0.0130749800998768,1.8546307788033285,433.98725299433534,254.44932804612247,0.006139721161680841,1.08203125,277,452,473,0,256,0.2682322650000515,250,14,16,plus,7.5486723071819615,0.0130749800998768,1.8546307788033285,435.23400434882984,167.71324642379517,0.00927728796685143,0.71484375,183,303,230,0,256,0.232271935999961,1.2467513544945064,0.3116878386236266,2.35282935590357,250,14,1.8,1.8546307788033285,7.5486723071819615,2
250,14,12,minus,15,7.5486723071819615,0.0130749800998768,1.8546307788033285,433.86185840910116,220.03465482641707,0.007046084701394706,0.9296875,238,482,464,0,256,0.26254529100003765,250,14,16,plus,7.5486723071819615,0.0130749800998768,1.8546307788033285,435.42504414404567,207.5426854291701,0.00756284053557915,0.88671875,227,308,279,0,256,0.24419745399995918,1.5631857349445113,0.3907964337361278,2.9499942170893787,250,14,1.8,1.8546307788033285,7.5486723071819615,2
250,14,12,minus,16,7.5486723071819615,0.0130749800998768,1.8546307788033285,434.13957915889415,291.75459412235887,0.005294325406043541,1.25390625,321,470,535,0,256,0.28311202200006846,250,14,16,plus,7.5486723071819615,0.0130749800998768,1.8546307788033285,435.46786171437043,210.4838101460136,0.007251028733541923,0.8828125,226,298,268,0,256,0.24968194400003085,1.328282555476278,0.3320706388690695,2.506692435659167,250,14,1.8,1.8546307788033285,7.5486723071819615,2
250,14,12,minus,17,7.5486723071819615,0.0130749800998768,1.8546307788033285,433.86231920180495,224.35254167084642,0.007000102391048011,0.9609375,246,475,465,0,256,0.27018415200006984,250,14,16,plus,7.5486723071819615,0.0130749800998768,1.8546307788033285,435.5708802902369,239.39352631403347,0.006630906683163564,1.0078125,258,292,294,0,256,0.25981528699992396,1.7085610884319635,0.4271402721079909,3.2243419433437586,250,14,1.8,1.8546307788033285,7.5486723071819615,2
250,14,12,minus,18,7.5486723071819615,0.0130749800998768,1.8546307788033285,433.80296307496405,208.79775994323788,0.00710998473655533,0.8828125,226,451,421,0,256,0.255747638999992,250,14,16,plus,7.5486723071819615,0.0130749800998768,1.8546307788033285,435.3661640144966,185.3995908417048,0.00810112722911363,0.796875,204,299,247,0,256,0.24051346300007026,1.5632009395325213,0.3908002348831303,2.950022910702492,250,14,1.8,1.8546307788033285,7.5486723071819615,2
250,14,12,minus,19,7.5486723071819615,0.0130749800998768,1.8546307788033285,434.00567548433406,259.9551960870029,0.0061078940762760376,1.12890625,289,491,524,0,256,0.2928009419999853,250,14,16,plus,7.5486723071819615,0.0130749800998768,1.8546307788033285,435.6293279253987,247.74487829894568,0.00625556911098019,1.05078125,269,290,303,0,256,0.2737047379999922,1.6236524410646211,0.4059131102661553,3.0641050545882242,250,14,1.8,1.8546307788033285,7.5486723071819615,2
250,16,14,minus,0,7.5486723071819615,0.0130749800998768,2.1195780329180898,434.95722406320965,218.56359468044607,0.007163736148875268,0.93359375,239,383,366,0,256,0.2749164040000096,250,16,18,plus,7.5486723071819615,0.0130749800998768,2.1195780329180898,436.0082215727982,213.54486774691526,0.007476608437852937,0.90625,232,243,219,0,256,0.2513705059999438,1.0509975095885693,0.2627493773971423,1.9834089488871103,250,16,2.2,2.1195780329180898,7.5486723071819615,2
250,16,14,minus,1,7.5486723071819615,0.0130749800998768,2.1195780329180898,434.9012620855698,203.80091279027138,0.007530076377035257,0.859375,220,366,330,0,256,0.257846756000049,250,16,18,plus,7.5486723071819615,0.0130749800998768,2.1195780329180898,435.88656916959246,189.8084469377179,0.008585216579712764,0.8203125,210,251,205,0,256,0.24599693499999375,0.9853070840226792,0.2463267710056698,1.8594400748080522,250,16,2.2,2.1195780329180898,7.5486723071819615,2
250,16,14,minus,2,7.5486723071819615,0.0130749800998768,2.1195780329180898,434.93259614207204,223.03679095706548,0.007398911395758538,0.9609375,246,361,351,0,256,0.2622735190000185,250,16,18,plus,7.5486723071819615,0.0130749800998768,2.1195780329180898,435.9883619201493,203.53752400277244,0.007565941770477158,0.8671875,222,263,229,0,256,0.24624573999994936,1.055765778077273,0.2639414445193182,1.9924074729605816,250,16,2.2,2.1195780329180898,7.5486723071819615,2
250,16,14,minus,3,7.5486723071819615,0.0130749800998768,2.1195780329180898,434.73952662420106,179.71746118652072,0.008996094051373834,0.76953125,197,391,332,0,256,0.24894628899994586,250,16,18,plus,7.5486723071819615,0.0130749800998768,2.1195780329180898,435.86370341550486,185.13665831729438,0.008615859062189011,0.78515625,201,279,224,0,256,0.2526580109999941,1.124176791303796,0.281044197825949,2.1215105532229104,250,16,2.2,2.1195780329180898,7.5486723071819615,2
250,16,14,minus,4,7.5486723071819615,0.0130749800998768,2.1195780329180898,434.9196078462254,204.74246728639355,0.00749284537117328,0.875,224,388,356,0,256,0.25705557700007375,250,16,18,plus,7.5486723071819615,0.0130749800998768,2.1195780329180898,435.8780526596523,188.29997989779312,0.008502194943390214,0.796875,204,267,215,0,256,0.2522093869999935,0.9584448134269223,0.23961120335673058,1.8087464552694976,250,16,2.2,2.1195780329180898,7.5486723071819615,2
250,16,14,minus,5,7.5486723071819615,0.0130749800998768,2.1195780329180898,434.90429990400094,212.99955295522489,0.00754724449602502,0.90234375,231,363,338,0,256,0.24909215299999232,250,16,18,plus,7.5486723071819615,0.0130749800998768,2.1195780329180898,435.8061284831729,167.02536396953155,0.009227282266202468,0.72265625,185,273,202,0,256,0.2412297309999758,0.9018285791719904,0.2254571447929976,1.7019021053552148,250,16,2.2,2.1195780329180898,7.5486723071819615,2
250,16,14,minus,6,7.5486723071819615,0.0130749800998768,2.1195780329180898,434.9788353414465,225.22829317146255,0.007057492007803156,0.97265625,249,361,354,0,256,0.256563372999949,250,16,18,plus,7.5486723071819615,0.0130749800998768,2.1195780329180898,435.9428320088705,194.38507561002172,0.00814566979453364,0.82421875,211,278,233,0,256,0.2560603330000504,0.9639966674239986,0.24099916685599965,1.8192237368998094,250,16,2.2,2.1195780329180898,7.5486723071819615,2
250,16,14,minus,7,7.5486723071819615,0.0130749800998768,2.1195780329180898,434.65978147525897,157.94620039098064,0.009771561776336535,0.67578125,173,385,302,0,256,0.24052087899997332,250,16,18,plus,7.5486723071819615,0.0130749800998768,2.1195780329180898,436.10206587710434,225.53317457205452,0.0067950310898978045,0.95703125,245,269,258,0,256,0.26193883899998127,1.4422844018453702,0.36057110046134255,2.7218330808226616,250,16,2.2,2.1195780329180898,7.5486723071819615,2
250,16,14,minus,8,7.5486723071819615,0.0130749800998768,2.1195780329180898,434.74051972677154,174.46865011350025,0.008740471594893589,0.75,192,354,290,0,256,0.24117172299997947,250,16,18,plus,7.5486723071819615,0.0130749800998768,2.1195780329180898,435.73131675112955,164.61245960231875,0.010082963133944283,0.7109375,182,282,208,0,256,0.24461725699995895,0.9907970243580166,0.24769925608950416,1.8698005149524128,250,16,2.2,2.1195780329180898,7.5486723071819615,2
250,16,14,minus,9,7.5486723071819615,0.0130749800998768,2.1195780329180898,434.7594804812305,175.7068135952206,0.008828115564336573,0.75,192,366,302,0,256,0.24616671200010387,250,16,18,plus,7.5486723071819615,0.0130749800998768,2.1195780329180898,436.04729466324784,213.16682984736636,0.007281385477129557,0.9140625,234,252,230,0,256,0.28854861399997844,1.2878141820173141,0.32195354550432853,2.430321813147572,250,16,2.2,2.1195780329180898,7.5486723071819615,2
250,16,14,minus,10,7.5486723071819615,0.0130749800998768,2.1195780329180898,434.93819324892974,214.19816518774343,0.007222833669029132,0.921875,236,352,332,0,256,0.24978018100000554,250,16,18,plus,7.5486723071819615,0.0130749800998768,2.1195780329180898,435.86814512530316,187.80801373529314,0.008618183417580598,0.796875,204,286,234,0,256,0.2815124570000762,0.9299518763734227,0.23248796909335567,1.7549754940479898,250,16,2.2,2.1195780329180898,7.5486723071819615,2
250,16,14,minus,11,7.5486723071819615,0.0130749800998768,2.1195780329180898,435.0092308920924,232.57136054382724,0.00682066850241667,0.9921875,254,413,411,0,256,0.2817311780000864,250,16,18,plus,7.5486723071819615,0.0130749800998768,2.1195780329180898,435.8697587572127,183.2484074707354,0.0086665261516235,0.78125,200,259,203,0,256,0.24637449400006517,0.8605278651203321,0.21513196628008302,1.6239607162480663,250,16,2.2,2.1195780329180898,7.5486723071819615,2
250,16,14,minus,12,7.5486723071819615,0.0130749800998768,2.1195780329180898,434.8974892828698,206.10995309208462,0.007704633538062032,0.87109375,223,369,336,0,256,0.24862080299999434,250,16,18,plus,7.5486723071819615,0.0130749800998768,2.1195780329180898,436.0549850737613,218.28993537796708,0.00723577210771796,0.92578125,237,257,238,0,256,0.26008985099997517,1.1574957908915167,0.28937394772287917,2.1843891055956184,250,16,2.2,2.1195780329180898,7.5486723071819615,2
250,16,14,minus,13,7.5486723071819615,0.0130749800998768,2.1195780329180898,434.8560548714436,194.5697146413061,0.007930528453323458,0.828125,212,373,329,0,256,0.2582355900000266,250,16,18,plus,7.5486723071819615,0.0130749800998768,2.1195780329180898,435.9692786198411,205.0971847180933,0.007937242311819621,0.8671875,222,272,238,0,256,0.25071319300002415,1.1132237483975018,0.27830593709937546,2.1008403203063803,250,16,2.2,2.1195780329180898,7.5486723071819615,2
250,16,14,minus,14,7.5486723071819615,0.0130749800998768,2.1195780329180898,435.0885932096935,244.90925740051006,0.006360026943545931,1.04296875,267,375,386,0,256,0.2815334139999095,250,16,18,plus,7.5486723071819615,0.0130749800998768,2.1195780329180898,436.04623879040315,211.5042620617537,0.007279108323347762,0.91015625,233,252,229,0,256,0.2510430959999894,0.9576455807096522,0.23941139517741306,1.807238168799535,250,16,2.2,2.1195780329180898,7.5486723071819615,2
250,16,14,minus,15,7.5486723071819615,0.0130749800998768,2.1195780329180898,434.93548821228006,216.4766270654748,0.007298507040588486,0.92578125,237,387,368,0,256,0.27956452199998694,250,16,18,plus,7.5486723071819615,0.0130749800998768,2.1195780329180898,435.8752595778172,186.37185730227,0.008462769852516115,0.80078125,205,300,249,0,256,0.2594427579999774,0.9397713655371263,0.23494284138428156,1.7735065205281704,250,16,2.2,2.1195780329180898,7.5486723071819615,2
250,16,14,minus,16,7.5486723071819615,0.0130749800998768,2.1195780329180898,434.95516238539733,214.92042071580576,0.007227263278173581,0.91796875,235,370,349,0,256,0.26088208199996643,250,16,18,plus,7.5486723071819615,0.0130749800998768,2.1195780329180898,435.9326049253402,194.90933794542613,0.00816018162618896,0.83984375,215,254,213,0,256,0.24694681000005403,0.9774425399428424,0.2443606349857106,1.8445983582820331,250,16,2.2,2.1195780329180898,7.5486723071819615,2
250,16,14,minus,17,7.5486723071819615,0.0130749800998768,2.1195780329180898,434.9787698114532,225.30375152361086,0.006949305373008982,0.94921875,243,356,343,0,256,0.2584883250000303,250,16,18,plus,7.5486723071819615,0.0130749800998768,2.1195780329180898,436.01553033029853,211.07778356423412,0.007447045849091533,0.89453125,229,264,237,0,256,0.25286043999994945,1.0367605188453126,0.25919012971132815,1.9565413544468033,250,16,2.2,2.1195780329180898,7.5486723071819615,2
250,16,14,minus,18,7.5486723071819615,0.0130749800998768,2.1195780329180898,434.84815496112145,194.6427766034444,0.007955078262893671,0.828125,212,359,315,0,256,0.23712511600001562,250,16,18,plus,7.5486723071819615,0.0130749800998768,2.1195780329180898,435.9425284575195,195.04313561063097,0.008160499284423393,0.8359375,214,279,237,0,256,0.254516358999922,1.0943734963980205,0.2735933740995051,2.065266726493409,250,16,2.2,2.1195780329180898,7.5486723071819615,2
250,16,14,minus,19,7.5486723071819615,0.0130749800998768,2.1195780329180898,434.7908112146681,187.1752419730692,0.00851115439073727,0.79296875,203,367,314,0,256,0.25065969499996754,250,16,18,plus,7.5486723071819615,0.0130749800998768,2.1195780329180898,435.9080223681202,185.119350935632,0.008436467513704615,0.78125,200,271,215,0,256,0.24606335999999374,1.1172111534521036,0.2793027883630259,2.108365223834678,250,16,2.2,2.1195780329180898,7.5486723071819615,2
250,18,16,minus,0,7.5486723071819615,0.0130749800998768,2.384525287032851,435.53982157733896,233.02819565435274,0.006742365772220732,0.99609375,255,296,295,0,256,0.2580402090000007,250,18,20,plus,7.5486723071819615,0.0130749800998768,2.384525287032851,436.20282577387854,188.9420408961046,0.008379140720227636,0.8125,208,226,178,0,256,0.2525848110000197,0.663004196539589,0.16575104913489724,1.2512003544909553,250,18,2.4,2.384525287032851,7.5486723071819615,2
250,18,16,minus,1,7.5486723071819615,0.0130749800998768,2.384525287032851,435.5956906850202,236.94560968372903,0.0062011376480611245,1.00390625,257,323,324,0,256,0.26607106599999497,250,18,20,plus,7.5486723071819615,0.0130749800998768,2.384525287032851,436.2397319220642,197.61512133325826,0.008096656667294387,0.84375,216,223,183,0,256,0.24418120099994667,0.6440412370440072,0.1610103092610018,1.2154140626893275,250,18,2.4,2.384525287032851,7.5486723071819615,2
250,18,16,minus,2,7.5486723071819615,0.0130749800998768,2.384525287032851,435.4040788406563,203.23912622778062,0.007808824560723887,0.87109375,223,293,260,0,256,0.24621002699996097,250,18,20,plus,7.5486723071819615,0.0130749800998768,2.384525287032851,436.2005516144061,196.13329718527254,0.00840726169916701,0.84375,216,225,185,0,256,0.2544836289999921,0.7964727737497697,0.19911819343744241,1.5030779926573226,250,18,2.4,2.384525287032851,7.5486723071819615,2
250,18,16,minus,3,7.5486723071819615,0.0130749800998768,2.384525287032851,435.6242097905915,249.71732177110988,0.006278561554071493,1.05859375,271,315,330,0,256,0.2736021380000011,250,18,20,plus,7.5486723071819615,0.0130749800998768,2.384525287032851,436.3247399584546,210.29242423480719,0.007412181641681081,0.90625,232,230,206,0,256,0.2570741460000363,0.7005301678630644,0.1751325419657661,1.3220181696233613,250,18,2.4,2.384525287032851,7.5486723071819615,2
250,18,16,minus,4,7.5486723071819615,0.0130749800998768,2.384525287032851,435.5915097195321,236.67739616284084,0.006432665177519433,1.0,256,304,304,0,256,0.2589461869999923,250,18,20,plus,7.5486723071819615,0.0130749800998768,2.384525287032851,436.3133098336338,214.66131313502268,0.007373841043855191,0.90625,232,256,232,0,256,0.2582918459999064,0.7218001141017112,0.1804500285254278,1.3621581331600918,250,18,2.4,2.384525287032851,7.5486723071819615,2
250,18,16,minus,5,7.5486723071819615,0.0130749800998768,2.384525287032851,435.70407291682426,265.3620754118975,0.005769348625013235,1.1171875,286,302,332,0,256,0.27282083099999,250,18,20,plus,7.5486723071819615,0.0130749800998768,2.384525287032851,436.23121045699827,196.2178804204449,0.0082393239638908,0.83984375,215,243,202,0,256,0.25441953999995803,0.5271375401740102,0.13178438504350254,0.9947971378968923,250,18,2.4,2.384525287032851,7.5486723071819615,2
250,18,16,minus,6,7.5486723071819615,0.0130749800998768,2.384525287032851,435.5209381613015,230.07459209123613,0.00693444182911849,0.97265625,249,337,330,0,256,0.26538827900003525,250,18,20,plus,7.5486723071819615,0.0130749800998768,2.384525287032851,436.05068737990854,162.15693212553248,0.009843992793874271,0.6953125,178,234,156,0,256,0.23033259900000758,0.5297492186070372,0.1324373046517593,0.9997258140625561,250,18,2.4,2.384525287032851,7.5486723071819615,2
250,18,16,minus,7,7.5486723071819615,0.0130749800998768,2.384525287032851,435.37449542413424,195.43746981468033,0.007880568164106058,0.83203125,213,290,247,0,256,0.24730692599996473,250,18,20,plus,7.5486723071819615,0.0130749800998768,2.384525287032851,436.32521055726124,219.95251487078082,0.007439121336929638,0.9375,240,229,213,0,256,0.26234531099999003,0.9507151331270052,0.2376787832817513,1.794159249363659,250,18,2.4,2.384525287032851,7.5486723071819615,2
250,18,16,minus,8,7.5486723071819615,0.0130749800998768,2.384525287032851,435.32165071542215,184.43408720142486,0.008336465931159697,0.78515625,201,331,276,0,256,0.2600270290000708,250,18,20,plus,7.5486723071819615,0.0130749800998768,2.384525287032851,436.4376410109939,245.9870987754135,0.00661010181647594,1.0390625,266,223,233,0,256,0.26446387100008906,1.1159902955717484,0.2789975738929371,2.1060612598165673,250,18,2.4,2.384525287032851,7.5486723071819615,2
250,18,16,minus,9,7.5486723071819615,0.0130749800998768,2.384525287032851,435.5416737042224,223.16577128118922,0.006766133706468206,0.9453125,242,289,275,0,256,0.26118865900002675,250,18,20,plus,7.5486723071819615,0.0130749800998768,2.384525287032851,436.1224272329213,174.87955199549177,0.009099309180302986,0.74609375,191,254,189,0,256,0.24376826000002438,0.5807535286989491,0.14518838217473728,1.0959795198469904,250,18,2.4,2.384525287032851,7.5486723071819615,2
250,18,16,minus,10,7.5486723071819615,0.0130749800998768,2.384525287032851,435.5382870058083,225.8595364678326,0.006837441743727878,0.96484375,247,308,299,0,256,0.259424799000044,250,18,20,plus,7.5486723071819615,0.0130749800998768,2.384525287032851,436.4156936036828,234.57026549946562,0.006849080248458671,0.99609375,255,249,248,0,256,0.26073504900000444,0.8774065978745398,0.21935164946863495,1.6558137218785693,250,18,2.4,2.384525287032851,7.5486723071819615,2
250,18,16,minus,11,7.5486723071819615,0.0130749800998768,2.384525287032851,435.6407385037986,249.1255694891926,0.006088402363498787,1.0546875,270,313,327,0,256,0.2698706360000642,250,18,20,plus,7.5486723071819615,0.0130749800998768,2.384525287032851,436.24515779923075,199.80100557342934,0.008046843471389899,0.84375,216,240,200,0,256,0.25346717099989746,0.6044192954321375,0.15110482385803437,1.1406407993387522,250,18,2.4,2.384525287032851,7.5486723071819615,2
250,18,16,minus,12,7.5486723071819615,0.0130749800998768,2.384525287032851,435.30060441555315,174.95875408038756,0.008545960536196837,0.73828125,189,316,249,0,256,0.23723686299990732,250,18,20,plus,7.5486723071819615,0.0130749800998768,2.384525287032851,436.15285228777697,185.51597313850058,0.008875560935153955,0.78515625,201,250,195,0,256,0.2507880869999326,0.8522478722238134,0.21306196805595334,1.6083349779776628,250,18,2.4,2.384525287032851,7.5486723071819615,2
250,18,16,minus,13,7.5486723071819615,0.0130749800998768,2.384525287032851,435.2655607767381,175.80879645239,0.00892228243220232,0.7421875,190,296,230,0,256,0.23853108500009057,250,18,20,plus,7.5486723071819615,0.0130749800998768,2.384525287032851,436.2114449839298,186.65124755395155,0.008421064996480236,0.796875,204,242,190,0,256,0.2544900289999532,0.9458842071917388,0.2364710517979347,1.7850424801572609,250,18,2.4,2.384525287032851,7.5486723071819615,2
250,18,16,minus,14,7.5486723071819615,0.0130749800998768,2.384525287032851,435.6841759244637,259.8156098710109,0.005874302728183326,1.08984375,279,292,315,0,256,0.2596346910000875,250,18,20,plus,7.5486723071819615,0.0130749800998768,2.384525287032851,436.1685065972898,180.92313058757213,0.00864232422187693,0.7734375,198,236,178,0,256,0.23695432599993183,0.4843306728261041,0.12108266820652602,0.9140133843703048,250,18,2.4,2.384525287032851,7.5486723071819615,2
250,18,16,minus,15,7.5486723071819615,0.0130749800998768,2.384525287032851,435.55149919852073,237.09329359755324,0.006570466346837507,1.00390625,257,300,301,0,256,0.2642777959999876,250,18,20,plus,7.5486723071819615,0.0130749800998768,2.384525287032851,436.31657767673863,211.1489694824194,0.007567956113960054,0.90234375,231,243,218,0,256,0.2640754649999053,0.7650784782179016,0.1912696195544754,1.443831680336098,250,18,2.4,2.384525287032851,7.5486723071819615,2
250,18,16,minus,16,7.5486723071819615,0.0130749800998768,2.384525287032851,435.4864320849155,215.78685760904668,0.007168043336339603,0.921875,236,318,298,0,256,0.2559514960000797,250,18,20,plus,7.5486723071819615,0.0130749800998768,2.384525287032851,436.223809103853,191.06737841657008,0.008292044000897694,0.81640625,209,226,179,0,256,0.2517602310000484,0.7373770189374795,0.18434425473436988,1.391554370701435,250,18,2.4,2.384525287032851,7.5486723071819615,2
250,18,16,minus,17,7.5486723071819615,0.0130749800998768,2.384525287032851,435.48337534624596,224.78589745258668,0.007218446698867202,0.95703125,245,309,298,0,256,0.2689245699999674,250,18,20,plus,7.5486723071819615,0.0130749800998768,2.384525287032851,436.23105419688824,190.60568324848063,0.008176612264020765,0.82421875,211,222,177,0,256,0.2573511729999609,0.7476788506422736,0.1869197126605684,1.410995658627242,250,18,2.4,2.384525287032851,7.5486723071819615,2
250,18,16,minus,18,7.5486723071819615,0.0130749800998768,2.384525287032851,435.49801497690186,214.4242533370919,0.007046952930272935,0.90234375,231,299,274,0,256,0.25284650300000067,250,18,20,plus,7.5486723071819615,0.0130749800998768,2.384525287032851,436.27581800130923,202.67166967772698,0.0075553392760538685,0.859375,220,246,210,0,256,0.26615812800002914,0.7778030244073761,0.19445075610184404,1.467845037696584,250,18,2.4,2.384525287032851,7.5486723071819615,2
250,18,16,minus,19,7.5486723071819615,0.0130749800998768,2.384525287032851,435.5331744129958,228.93726806533027,0.006761994613064537,0.96875,248,283,275,0,256,0.27407703199992284,250,18,20,plus,7.5486723071819615,0.0130749800998768,2.384525287032851,436.20684868087017,183.94135625800308,0.008189746537108886,0.78125,200,233,177,0,256,0.24013714400007302,0.6736742678743894,0.16841856696859736,1.2713365724911214,250,18,2.4,2.384525287032851,7.5486723071819615,2
250,20,18,minus,0,7.5486723071819615,0.0130749800998768,2.6494725411476123,436.01943236888656,206.64870943862755,0.007536978017657101,0.8828125,226,274,244,0,256,0.2605494890000273,250,20,22,plus,7.5486723071819615,0.0130749800998768,2.6494725411476123,436.34998782726854,175.22954188938198,0.009278292421513885,0.765625,196,216,156,0,256,0.25099098600003344,0.33055545838197986,0.08263886459549497,0.6238137086689727,250,20,2.6,2.6494725411476123,7.5486723071819615,2
250,20,18,minus,1,7.5486723071819615,0.0130749800998768,2.6494725411476123,435.96026663897607,199.86132584405888,0.007749518691572486,0.85546875,219,258,221,0,256,0.24857979700004762,250,20,22,plus,7.5486723071819615,0.0130749800998768,2.6494725411476123,436.35693370498,176.53002685719434,0.00909415057679328,0.75,192,216,152,0,256,0.24045167899998887,0.39666706600394264,0.09916676650098566,0.7485774240787703,250,20,2.6,2.6494725411476123,7.5486723071819615,2
250,20,18,minus,2,7.5486723071819615,0.0130749800998768,2.6494725411476123,435.965225258163,204.60352565424623,0.007988026562470208,0.87890625,225,281,250,0,256,0.2583554360001017,250,20,22,plus,7.5486723071819615,0.0130749800998768,2.6494725411476123,436.5166540602606,204.48368280662984,0.007842748259093183,0.87109375,223,203,170,0,256,0.24858691099996122,0.5514288020975755,0.13785720052439387,1.0406388319441227,250,20,2.6,2.6494725411476123,7.5486723071819615,2
250,20,18,minus,3,7.5486723071819615,0.0130749800998768,2.6494725411476123,436.0278234906433,212.62803555147065,0.007416315591661763,0.90234375,231,262,237,0,256,0.25938759399991795,250,20,22,plus,7.5486723071819615,0.0130749800998768,2.6494725411476123,436.5419102388271,206.315879844008,0.0075937620925510315,0.875,224,223,191,0,256,0.2611127289999331,0.5140867481837859,0.12852168704594646,0.9701680998760427,250,20,2.6,2.6494725411476123,7.5486723071819615,2
250,20,18,minus,4,7.5486723071819615,0.0130749800998768,2.6494725411476123,436.0763261668184,221.3056485112447,0.007140075880724266,0.94921875,243,248,235,0,256,0.2556075530000044,250,20,22,plus,7.5486723071819615,0.0130749800998768,2.6494725411476123,436.4964477530788,202.0862962593623,0.007973986386979498,0.8671875,222,226,192,0,256,0.25986775299998044,0.42012158626044993,0.10503039656511248,0.792840045963404,250,20,2.6,2.6494725411476123,7.5486723071819615,2
250,20,18,minus,5,7.5486723071819615,0.0130749800998768,2.6494725411476123,435.74113181877226,165.91524027057474,0.009906148321110586,0.70703125,181,272,197,0,256,0.24325449499997376,250,20,22,plus,7.5486723071819615,0.0130749800998768,2.6494725411476123,436.2600672992677,160.36535265155248,0.009820109300547813,0.6796875,174,231,149,0,256,0.241302363999921,0.5189354804954291,0.1297338701238573,0.9793184727075027,250,20,2.6,2.6494725411476123,7.5486723071819615,2
250,20,18,minus,6,7.5486723071819615,0.0130749800998768,2.6494725411476123,436.0077945404087,200.02019958925047,0.007502466374425368,0.84765625,217,262,223,0,256,0.25428065699998115,250,20,22,plus,7.5486723071819615,0.0130749800998768,2.6494725411476123,436.37175603010843,174.82947486280915,0.008947122829434604,0.75,192,223,159,0,256,0.24784202599994387,0.36396148969970454,0.09099037242492614,0.6868565045442131,250,20,2.6,2.6494725411476123,7.5486723071819615,2
250,20,18,minus,7,7.5486723071819615,0.0130749800998768,2.6494725411476123,436.0252858807708,218.7916129096402,0.007498710804566421,0.92578125,237,286,267,0,256,0.25850116300000536,250,20,22,plus,7.5486723071819615,0.0130749800998768,2.6494725411476123,436.5525874640434,209.53203417001478,0.0074538070918225095,0.89453125,229,210,183,0,256,0.2825516249999964,0.5273015832726173,0.13182539581815433,0.9951067147958024,250,20,2.6,2.6494725411476123,7.5486723071819615,2
250,20,18,minus,8,7.5486723071819615,0.0130749800998768,2.6494725411476123,436.0046095693716,201.83728148866734,0.007543064964168804,0.875,224,263,231,0,256,0.2536565220000284,250,20,22,plus,7.5486723071819615,0.0130749800998768,2.6494725411476123,436.23557822245454,158.3731600901826,0.010208792837773581,0.68359375,175,221,140,0,256,0.27730349099999785,0.23096865308292536,0.05774216327073134,0.43587666883854903,250,20,2.6,2.6494725411476123,7.5486723071819615,2
250,20,18,minus,9,7.5486723071819615,0.0130749800998768,2.6494725411476123,435.9218131412482,188.12237971127703,0.007906375888421378,0.796875,204,249,197,0,256,0.23752789699994992,250,20,22,plus,7.5486723071819615,0.0130749800998768,2.6494725411476123,436.5539343115341,217.5564559111868,0.007479200123472744,0.921875,236,205,185,0,256,0.25924851299998863,0.6321211702858704,0.1580302925714676,1.1929188932301007,250,20,2.6,2.6494725411476123,7.5486723071819615,2
250,20,18,minus,10,7.5486723071819615,0.0130749800998768,2.6494725411476123,435.9453556641689,186.88191784178056,0.008081664601242896,0.796875,204,290,238,0,256,0.24872763600001235,250,20,22,plus,7.5486723071819615,0.0130749800998768,2.6494725411476123,436.5783300070682,218.29840204826007,0.007339232351762666,0.9296875,238,219,201,0,256,0.2749847549999913,0.6329743428992742,0.15824358572481856,1.1945289733501125,250,20,2.6,2.6494725411476123,7.5486723071819615,2
250,20,18,minus,11,7.5486723071819615,0.0130749800998768,2.6494725411476123,435.79490876680825,170.20431475552405,0.009356296978902973,0.734375,188,265,197,0,256,0.24252900299995872,250,20,22,plus,7.5486723071819615,0.0130749800998768,2.6494725411476123,436.5311077005105,213.71860947416798,0.007557985265674561,0.8984375,230,217,191,0,256,0.26720364999994217,0.7361989337022692,0.1840497334255673,1.3893311258538021,250,20,2.6,2.6494725411476123,7.5486723071819615,2
250,20,18,minus,12,7.5486723071819615,0.0130749800998768,2.6494725411476123,435.98756469223116,200.5807827695914,0.007768902031043946,0.85546875,219,278,241,0,256,0.2561905249999654,250,20,22,plus,7.5486723071819615,0.0130749800998768,2.6494725411476123,436.55941131854195,214.93456056563852,0.007535450555972614,0.91796875,235,211,190,0,256,0.2576795159999392,0.5718466263107871,0.14296165657769677,1.0791706979969176,250,20,2.6,2.6494725411476123,7.5486723071819615,2
250,20,18,minus,13,7.5486723071819615,0.0130749800998768,2.6494725411476123,435.9636819628266,203.6038300470422,0.007904102695176225,0.875,224,255,223,0,256,0.25075568700003714,250,20,22,plus,7.5486723071819615,0.0130749800998768,2.6494725411476123,436.4934087170262,202.0346361668101,0.007957508206878837,0.86328125,221,213,178,0,256,0.2531557199999952,0.5297267541996007,0.13243168854990017,0.9996834199499779,250,20,2.6,2.6494725411476123,7.5486723071819615,2
250,20,18,minus,14,7.5486723071819615,0.0130749800998768,2.6494725411476123,435.9007912106043,196.05107123962398,0.008236502997652289,0.83203125,213,283,240,0,256,0.2538308189999725,250,20,22,plus,7.5486723071819615,0.0130749800998768,2.6494725411476123,436.5272097310141,206.92132120364317,0.007728027560669156,0.88671875,227,216,187,0,256,0.2545136300000195,0.6264185204097998,0.15660463010244996,1.1821570344308385,250,20,2.6,2.6494725411476123,7.5486723071819615,2
250,20,18,minus,15,7.5486723071819615,0.0130749800998768,2.6494725411476123,436.00840067874697,210.4985887956851,0.007215126198192554,0.88671875,227,262,233,0,256,0.24301769600003809,250,20,22,plus,7.5486723071819615,0.0130749800998768,2.6494725411476123,436.5389397791615,207.44650226468943,0.007589412682118595,0.88671875,227,215,186,0,256,0.24526372600007562,0.5305391004145577,0.1326347751036394,1.0012164537941504,250,20,2.6,2.6494725411476123,7.5486723071819615,2
250,20,18,minus,16,7.5486723071819615,0.0130749800998768,2.6494725411476123,435.90130298482103,184.75079069289447,0.00846484410583437,0.7890625,202,250,196,0,256,0.2398879779999561,250,20,22,plus,7.5486723071819615,0.0130749800998768,2.6494725411476123,436.55772436035716,217.12917866896936,0.00750713205129949,0.9296875,238,214,196,0,256,0.26153359699992507,0.6564213755361266,0.16410534388403164,1.2387774648379624,250,20,2.6,2.6494725411476123,7.5486723071819615,2
250,20,18,minus,17,7.5486723071819615,0.0130749800998768,2.6494725411476123,436.10027894324367,227.1051829507742,0.006973540480969661,0.9609375,246,269,259,0,256,0.26555703499991523,250,20,22,plus,7.5486723071819615,0.0130749800998768,2.6494725411476123,436.57261828463226,222.10047284111604,0.007277177839069083,0.9453125,242,208,194,0,256,0.2667787020000105,0.47233934138859013,0.11808483534714753,0.8913837264831542,250,20,2.6,2.6494725411476123,7.5486723071819615,2
250,20,18,minus,18,7.5486723071819615,0.0130749800998768,2.6494725411476123,435.99371461140686,207.84485365892436,0.007700553270088564,0.88671875,227,256,227,0,256,0.2519506309999997,250,20,22,plus,7.5486723071819615,0.0130749800998768,2.6494725411476123,436.5121446395607,205.76106352735906,0.0077724546243181725,0.890625,228,209,181,0,256,0.2574755360000154,0.5184300281538299,0.12960750703845747,0.978364599184095,250,20,2.6,2.6494725411476123,7.5486723071819615,2
250,20,18,minus,19,7.5486723071819615,0.0130749800998768,2.6494725411476123,436.1256410289431,238.916916216362,0.006742489226458082,1.015625,260,253,257,0,256,0.2634078779999527,250,20,22,plus,7.5486723071819615,0.0130749800998768,2.6494725411476123,436.2197082742604,161.119081777826,0.010172337512935576,0.6875,176,225,145,0,256,0.23343134300000656,0.09406724531731925,0.023516811329329812,0.17752070243493495,250,20,2.6,2.6494725411476123,7.5486723071819615,2
250,22,20,minus,0,7.5486723071819615,0.0130749800998768,2.9144197952623734,436.23852480068206,191.89586636659365,0.007973558705558118,0.8203125,210,226,180,0,256,0.2409325669999589,250,22,24,plus,7.5486723071819615,0.0130749800998768,2.9144197952623734,436.7102136632725,207.55725776530556,0.007622071095669661,0.87890625,225,188,157,0,256,0.2508811740000283,0.4716888625904403,0.11792221564761007,0.8901561636606535,250,22,3.0,2.9144197952623734,7.5486723071819615,2
250,22,20,minus,1,7.5486723071819615,0.0130749800998768,2.9144197952623734,436.25375009859897,202.32923999904955,0.007989439706051862,0.86328125,221,231,196,0,256,0.2429338329999382,250,22,24,plus,7.5486723071819615,0.0130749800998768,2.9144197952623734,436.83400438657134,239.37430821198538,0.006801657442477705,1.0234375,262,163,169,0,256,0.2641638549999925,0.580254287972366,0.1450635719930915,1.0950373686851467,250,22,3.0,2.9144197952623734,7.5486723071819615,2
250,22,20,minus,2,7.5486723071819615,0.0130749800998768,2.9144197952623734,436.34277869151526,216.2288922479249,0.007381647453001201,0.9296875,238,244,226,0,256,0.25782172899994293,250,22,24,plus,7.5486723071819615,0.0130749800998768,2.9144197952623734,436.79174356885017,221.3864967724389,0.007072040484314714,0.9453125,242,192,178,0,256,0.25475934899998265,0.44896487733490176,0.11224121933372544,0.8472721841088298,250,22,3.0,2.9144197952623734,7.5486723071819615,2
250,22,20,minus,3,7.5486723071819615,0.0130749800998768,2.9144197952623734,436.19173331594595,190.33836799649148,0.008460251508178208,0.8125,208,244,196,0,256,0.23935890899997503,250,22,24,plus,7.5486723071819615,0.0130749800998768,2.9144197952623734,436.6432146358522,194.69517255376664,0.008097618059200118,0.828125,212,196,152,0,256,0.24817373399991993,0.45148131990623597,0.11287032997655899,0.8520211341965409,250,22,3.0,2.9144197952623734,7.5486723071819615,2
250,22,20,minus,4,7.5486723071819615,0.0130749800998768,2.9144197952623734,436.2711672999966,204.0851706925591,0.007863563605754223,0.85546875,219,232,195,0,256,0.24707007099993916,250,22,24,plus,7.5486723071819615,0.0130749800998768,2.9144197952623734,436.67879741210925,204.57571811654785,0.007970803442890768,0.87109375,223,189,156,0,256,0.24739178400000128,0.4076301121126562,0.10190752802816405,0.7692665347195715,250,22,3.0,2.9144197952623734,7.5486723071819615,2
250,22,20,minus,5,7.5486723071819615,0.0130749800998768,2.9144197952623734,436.3007375547523,209.02930415478792,0.007312032160608533,0.8984375,230,222,196,0,256,0.25541434499996285,250,22,24,plus,7.5486723071819615,0.0130749800998768,2.9144197952623734,436.6428176575737,184.5622914268606,0.008273426457278351,0.79296875,203,197,144,0,256,0.23686148600006618,0.34208010282139867,0.08552002570534967,0.6455626497514625,250,22,3.0,2.9144197952623734,7.5486723071819615,2
250,22,20,minus,6,7.5486723071819615,0.0130749800998768,2.9144197952623734,436.32753911156084,210.61300178418804,0.00724141773813989,0.89453125,229,230,203,0,256,0.2515413259999377,250,22,24,plus,7.5486723071819615,0.0130749800998768,2.9144197952623734,436.58958499528717,185.76321867153158,0.008570151310447116,0.7890625,202,191,137,0,256,0.24187119199996232,0.26204588372633,0.0655114709315825,0.4945246264239928,250,22,3.0,2.9144197952623734,7.5486723071819615,2
250,22,20,minus,7,7.5486723071819615,0.0130749800998768,2.9144197952623734,436.2598647176999,203.6023905997599,0.008022392650796848,0.875,224,228,196,0,256,0.25258527400001185,250,22,24,plus,7.5486723071819615,0.0130749800998768,2.9144197952623734,436.6454664138056,190.8747829583615,0.008174917535019572,0.8125,208,197,149,0,256,0.24139489799995317,0.3856016961057094,0.09640042402642734,0.7276952112488907,250,22,3.0,2.9144197952623734,7.5486723071819615,2
250,22,20,minus,8,7.5486723071819615,0.0130749800998768,2.9144197952623734,436.3695983256515,221.4739874096508,0.007147203458060602,0.953125,244,229,217,0,256,0.25630440499992346,250,22,24,plus,7.5486723071819615,0.0130749800998768,2.9144197952623734,436.54265452557127,178.72287263527937,0.009013048218576479,0.76171875,195,198,137,0,256,0.23991977899993344,0.17305619991975618,0.043264049979939045,0.32658613598010217,250,22,3.0,2.9144197952623734,7.5486723071819615,2
250,22,20,minus,9,7.5486723071819615,0.0130749800998768,2.9144197952623734,436.1862740489769,186.4682101248671,0.00858325829762434,0.80078125,205,235,184,0,256,0.2436953099999073,250,22,24,plus,7.5486723071819615,0.0130749800998768,2.9144197952623734,436.399507446859,162.09100153250333,0.01047198958823588,0.69140625,177,205,126,0,256,0.23132113500003015,0.2132333978821066,0.05330834947052665,0.4024072613897427,250,22,3.0,2.9144197952623734,7.5486723071819615,2
250,22,20,minus,10,7.5486723071819615,0.0130749800998768,2.9144197952623734,436.2733898174478,202.5218006086128,0.007872185226536016,0.86328125,221,227,192,0,256,0.2421913629999608,250,22,24,plus,7.5486723071819615,0.0130749800998768,2.9144197952623734,436.79061823414963,218.34727282654111,0.0070486568208415765,0.9296875,238,185,167,0,256,0.25819399700003487,0.517228416701812,0.129307104175453,0.976096956411135,250,22,3.0,2.9144197952623734,7.5486723071819615,2
250,22,20,minus,11,7.5486723071819615,0.0130749800998768,2.9144197952623734,436.10921511772506,167.9963155108425,0.009280901957442527,0.7109375,182,255,181,0,256,0.23916959100006352,250,22,24,plus,7.5486723071819615,0.0130749800998768,2.9144197952623734,436.5384199789073,170.31153653747356,0.00912996078521543,0.7265625,186,210,140,0,256,0.24142642799995429,0.42920486118225654,0.10730121529556413,0.8099817124285945,250,22,3.0,2.9144197952623734,7.5486723071819615,2
250,22,20,minus,12,7.5486723071819615,0.0130749800998768,2.9144197952623734,436.19689547257923,190.5273408862055,0.008458016952577982,0.8125,208,246,198,0,256,0.25132389800000965,250,22,24,plus,7.5486723071819615,0.0130749800998768,2.9144197952623734,436.6891477542948,201.9845310944473,0.007509531974872383,0.87109375,223,188,155,0,256,0.24690633500006243,0.49225228171559365,0.12306307042889841,0.9289627917834088,250,22,3.0,2.9144197952623734,7.5486723071819615,2
250,22,20,minus,13,7.5486723071819615,0.0130749800998768,2.9144197952623734,436.34509181110093,211.56685503869875,0.007248072567146171,0.90625,232,245,221,0,256,0.26962786400008554,250,22,24,plus,7.5486723071819615,0.0130749800998768,2.9144197952623734,436.64933420394976,192.4233880928617,0.008018668202138113,0.81640625,209,189,142,0,256,0.24890555399997538,0.3042423928488347,0.07606059821220867,0.5741565313921935,250,22,3.0,2.9144197952623734,7.5486723071819615,2
250,22,20,minus,14,7.5486723071819615,0.0130749800998768,2.9144197952623734,436.2117950292146,187.17681312360793,0.008309403373313302,0.796875,204,243,191,0,256,0.24847665799995866,250,22,24,plus,7.5486723071819615,0.0130749800998768,2.9144197952623734,436.468933884678,168.59975994502892,0.009754103347251842,0.70703125,181,190,115,0,256,0.2365565360000801,0.25713885546338133,0.06428471386584533,0.4852642393342229,250,22,3.0,2.9144197952623734,7.5486723071819615,2
250,22,20,minus,15,7.5486723071819615,0.0130749800998768,2.9144197952623734,436.3122875348798,210.51376805512714,0.007544584271772597,0.89453125,229,246,219,0,256,0.25613700400003836,250,22,24,plus,7.5486723071819615,0.0130749800998768,2.9144197952623734,436.61289362251387,188.91728171070665,0.008447619074651152,0.80078125,205,205,154,0,256,0.2421271709999928,0.3006060876340939,0.07515152190852348,0.5672942122734497,250,22,3.0,2.9144197952623734,7.5486723071819615,2
250,22,20,minus,16,7.5486723071819615,0.0130749800998768,2.9144197952623734,436.3345325321348,209.9465187399428,0.007424355975994348,0.90625,232,249,225,0,256,0.25815772700002526,250,22,24,plus,7.5486723071819615,0.0130749800998768,2.9144197952623734,436.7194231061098,208.84632756798422,0.007627591647316434,0.89453125,229,183,156,0,256,0.2502130440000201,0.3848905739749853,0.09622264349374632,0.7263532042650854,250,22,3.0,2.9144197952623734,7.5486723071819615,2
250,22,20,minus,17,7.5486723071819615,0.0130749800998768,2.9144197952623734,436.2385499244459,192.75119021036735,0.008090560922355747,0.81640625,209,233,186,0,256,0.24339457299993228,250,22,24,plus,7.5486723071819615,0.0130749800998768,2.9144197952623734,436.59991309867195,187.6800651142694,0.008643515918901199,0.80078125,205,199,148,0,256,0.24221558900001128,0.36136317422602815,0.09034079355650704,0.6819530465288473,250,22,3.0,2.9144197952623734,7.5486723071819615,2
250,22,20,minus,18,7.5486723071819615,0.0130749800998768,2.9144197952623734,436.0889857013447,169.18206122454217,0.009355064221798059,0.7265625,186,252,182,0,256,0.23716165600001204,250,22,24,plus,7.5486723071819615,0.0130749800998768,2.9144197952623734,436.60418578503584,191.35989281125237,0.00854495811752809,0.8125,208,191,143,0,256,0.2475583950000555,0.515200083691127,0.12880002092278175,0.9722691511042598,250,22,3.0,2.9144197952623734,7.5486723071819615,2
250,22,20,minus,19,7.5486723071819615,0.0130749800998768,2.9144197952623734,436.2662875128724,204.61443418930526,0.007789909135843284,0.875,224,241,209,0,256,0.24380729500001053,250,22,24,plus,7.5486723071819615,0.0130749800998768,2.9144197952623734,436.7588865212337,219.30322496499983,0.007333393012118035,0.93359375,239,181,164,0,256,0.2486879449999151,0.4925990083613101,0.12314975209032752,0.9296171232405792,250,22,3.0,2.9144197952623734,7.5486723071819615,2
