N,L,side,block_id,Rg,Rg_err,realized_L_over_Rg,logZ,roots,final_population,min_population,max_population_seen,prune_events,clone_events,overflow,runtime_seconds,confined,Rg_original_archive,Rg_err_original_archive,realized_L_over_Rg_original_archive
100,6,confined,0,6.449921465376292,0.0137537732170537,0.93024388470596,145.79636890979856,384,382,337,384,1091,2186,0,0.9215739720000328,True,6.449921465376292,0.0137537732170537,0.93024388470596
100,6,confined,1,6.449921465376292,0.0137537732170537,0.93024388470596,145.96123020525906,384,458,347,458,1139,2436,0,0.9516684509999322,True,6.449921465376292,0.0137537732170537,0.93024388470596
100,6,confined,2,6.449921465376292,0.0137537732170537,0.93024388470596,145.84982252890768,384,415,350,415,1124,2324,0,0.9563766520000172,True,6.449921465376292,0.0137537732170537,0.93024388470596
100,6,confined,3,6.449921465376292,0.0137537732170537,0.93024388470596,145.8017011197575,384,394,347,394,1129,2296,0,0.9645700019998458,True,6.449921465376292,0.0137537732170537,0.93024388470596
100,6,confined,4,6.449921465376292,0.0137537732170537,0.93024388470596,145.4886575526332,384,289,276,384,991,1798,0,0.9061966459998984,True,6.449921465376292,0.0137537732170537,0.93024388470596
100,6,confined,5,6.449921465376292,0.0137537732170537,0.93024388470596,145.7119395647857,384,358,320,389,1089,2132,0,0.9949334380000892,True,6.449921465376292,0.0137537732170537,0.93024388470596
100,6,confined,6,6.449921465376292,0.0137537732170537,0.93024388470596,145.79478697510268,384,383,338,393,1091,2192,0,1.0033751150001535,True,6.449921465376292,0.0137537732170537,0.93024388470596
100,6,confined,7,6.449921465376292,0.0137537732170537,0.93024388470596,145.77623473228238,384,374,315,384,1032,2056,0,1.0101409349999813,True,6.449921465376292,0.0137537732170537,0.93024388470596
100,6,confined,8,6.449921465376292,0.0137537732170537,0.93024388470596,145.79673916065371,384,393,337,433,1164,2352,0,0.9710763450000286,True,6.449921465376292,0.0137537732170537,0.93024388470596
100,6,confined,9,6.449921465376292,0.0137537732170537,0.93024388470596,145.8835993287986,384,447,357,447,1143,2420,0,0.9476342289999592,True,6.449921465376292,0.0137537732170537,0.93024388470596
100,6,confined,10,6.449921465376292,0.0137537732170537,0.93024388470596,145.50605805387826,384,289,273,390,988,1798,0,0.9416708270000528,True,6.449921465376292,0.0137537732170537,0.93024388470596
100,6,confined,11,6.449921465376292,0.0137537732170537,0.93024388470596,145.87940816490243,384,428,332,435,1115,2330,0,0.9483082919998652,True,6.449921465376292,0.0137537732170537,0.93024388470596
100,6,confined,12,6.449921465376292,0.0137537732170537,0.93024388470596,145.85243376551307,384,410,322,423,1117,2294,0,0.962832728999956,True,6.449921465376292,0.0137537732170537,0.93024388470596
100,6,confined,13,6.449921465376292,0.0137537732170537,0.93024388470596,145.83044863822332,384,405,338,405,1064,2180,0,1.038298894000036,True,6.449921465376292,0.0137537732170537,0.93024388470596
100,6,confined,14,6.449921465376292,0.0137537732170537,0.93024388470596,145.99219166600489,384,460,350,460,1210,2580,0,1.0768233339999824,True,6.449921465376292,0.0137537732170537,0.93024388470596
100,6,confined,15,6.449921465376292,0.0137537732170537,0.93024388470596,145.7383168754803,384,368,337,384,1058,2098,0,1.020537751999882,True,6.449921465376292,0.0137537732170537,0.93024388470596
100,6,confined,16,6.449921465376292,0.0137537732170537,0.93024388470596,145.8938889585061,384,421,334,438,1105,2298,0,0.989069320999988,True,6.449921465376292,0.0137537732170537,0.93024388470596
100,6,confined,17,6.449921465376292,0.0137537732170537,0.93024388470596,145.8173536918481,384,391,300,391,990,2002,0,0.9112331950000224,True,6.449921465376292,0.0137537732170537,0.93024388470596
100,6,confined,18,6.449921465376292,0.0137537732170537,0.93024388470596,146.05349873858705,384,502,345,502,1234,2716,0,0.9859530619999076,True,6.449921465376292,0.0137537732170537,0.93024388470596
100,6,confined,19,6.449921465376292,0.0137537732170537,0.93024388470596,145.82776266079637,384,402,318,412,1074,2200,0,0.9308812399999624,True,6.449921465376292,0.0137537732170537,0.93024388470596
100,6,confined,20,6.449921465376292,0.0137537732170537,0.93024388470596,145.7750486210242,384,381,270,384,983,1968,0,0.9093277169999964,True,6.449921465376292,0.0137537732170537,0.93024388470596
100,6,confined,21,6.449921465376292,0.0137537732170537,0.93024388470596,145.85952063276514,384,413,346,422,1097,2258,0,0.9200979249999364,True,6.449921465376292,0.0137537732170537,0.93024388470596
100,6,confined,22,6.449921465376292,0.0137537732170537,0.93024388470596,145.99477000465794,384,472,343,472,1193,2578,0,0.9819209879999562,True,6.449921465376292,0.0137537732170537,0.93024388470596
100,6,confined,23,6.449921465376292,0.0137537732170537,0.93024388470596,145.88519693419357,384,413,342,415,1089,2246,0,0.996115115000066,True,6.449921465376292,0.0137537732170537,0.93024388470596
100,6,confined,24,6.449921465376292,0.0137537732170537,0.93024388470596,145.69494520203898,384,364,342,387,1066,2096,0,0.9541128910000224,True,6.449921465376292,0.0137537732170537,0.93024388470596
100,6,confined,25,6.449921465376292,0.0137537732170537,0.93024388470596,145.9554968563099,384,451,362,454,1194,2532,0,0.990640606999932,True,6.449921465376292,0.0137537732170537,0.93024388470596
100,6,confined,26,6.449921465376292,0.0137537732170537,0.93024388470596,145.8663502395912,384,410,297,410,1012,2086,0,0.9894553330000236,True,6.449921465376292,0.0137537732170537,0.93024388470596
100,6,confined,27,6.449921465376292,0.0137537732170537,0.93024388470596,145.83961878662237,384,412,300,412,1027,2118,0,1.0225768949999292,True,6.449921465376292,0.0137537732170537,0.93024388470596
100,6,confined,28,6.449921465376292,0.0137537732170537,0.93024388470596,145.7896638600763,384,389,328,394,1079,2184,0,0.9481794600001194,True,6.449921465376292,0.0137537732170537,0.93024388470596
100,6,confined,29,6.449921465376292,0.0137537732170537,0.93024388470596,145.78263188201217,384,381,318,384,1035,2068,0,0.9386013589999038,True,6.449921465376292,0.0137537732170537,0.93024388470596
100,6,confined,30,6.449921465376292,0.0137537732170537,0.93024388470596,145.87905546227952,384,427,326,427,1094,2288,0,0.9621533499998804,True,6.449921465376292,0.0137537732170537,0.93024388470596
100,6,confined,31,6.449921465376292,0.0137537732170537,0.93024388470596,145.7380063873236,384,379,346,408,1155,2308,0,0.9556265889998484,True,6.449921465376292,0.0137537732170537,0.93024388470596
100,6,confined,32,6.449921465376292,0.0137537732170537,0.93024388470596,145.28189803635684,384,230,227,384,926,1552,0,0.8756720899998527,True,6.449921465376292,0.0137537732170537,0.93024388470596
100,6,confined,33,6.449921465376292,0.0137537732170537,0.93024388470596,145.77293821023488,384,370,336,384,1089,2164,0,0.9446309360000668,True,6.449921465376292,0.0137537732170537,0.93024388470596
100,6,confined,34,6.449921465376292,0.0137537732170537,0.93024388470596,146.04705737275495,384,496,348,523,1224,2680,0,1.0065712059999896,True,6.449921465376292,0.0137537732170537,0.93024388470596
100,6,confined,35,6.449921465376292,0.0137537732170537,0.93024388470596,145.7943772998107,384,394,336,394,1060,2156,0,0.9843200170000728,True,6.449921465376292,0.0137537732170537,0.93024388470596
100,6,confined,36,6.449921465376292,0.0137537732170537,0.93024388470596,146.02612461929118,384,488,345,488,1151,2520,0,0.9642375569999332,True,6.449921465376292,0.0137537732170537,0.93024388470596
100,6,confined,37,6.449921465376292,0.0137537732170537,0.93024388470596,145.74708303509925,384,360,338,422,1183,2330,0,1.0023735590000342,True,6.449921465376292,0.0137537732170537,0.93024388470596
100,6,confined,38,6.449921465376292,0.0137537732170537,0.93024388470596,145.97713324705447,384,467,352,467,1115,2404,0,0.9670119040001736,True,6.449921465376292,0.0137537732170537,0.93024388470596
100,6,confined,39,6.449921465376292,0.0137537732170537,0.93024388470596,145.95212602835684,384,461,354,490,1240,2642,0,1.0051845599998614,True,6.449921465376292,0.0137537732170537,0.93024388470596
100,8,confined,0,6.449921465376292,0.0137537732170537,1.2403251796079466,149.12842821357785,384,355,340,410,1034,2022,0,0.9333719310000106,True,6.449921465376292,0.0137537732170537,1.2403251796079466
100,8,confined,1,6.449921465376292,0.0137537732170537,1.2403251796079466,149.17204272466603,384,363,330,384,960,1882,0,0.9285376370000904,True,6.449921465376292,0.0137537732170537,1.2403251796079466
100,8,confined,2,6.449921465376292,0.0137537732170537,1.2403251796079466,149.0151669173637,384,316,313,389,975,1820,0,0.9826497530000324,True,6.449921465376292,0.0137537732170537,1.2403251796079466
100,8,confined,3,6.449921465376292,0.0137537732170537,1.2403251796079466,149.00509534039895,384,314,305,397,1045,1960,0,0.99952343200016,True,6.449921465376292,0.0137537732170537,1.2403251796079466
100,8,confined,4,6.449921465376292,0.0137537732170537,1.2403251796079466,149.21088827988387,384,380,336,424,1026,2052,0,0.949492753999948,True,6.449921465376292,0.0137537732170537,1.2403251796079466
100,8,confined,5,6.449921465376292,0.0137537732170537,1.2403251796079466,149.05815889167806,384,324,311,424,1059,2000,0,0.950685576000069,True,6.449921465376292,0.0137537732170537,1.2403251796079466
100,8,confined,6,6.449921465376292,0.0137537732170537,1.2403251796079466,148.92596148511998,384,288,256,384,859,1528,0,0.9103789040000264,True,6.449921465376292,0.0137537732170537,1.2403251796079466
100,8,confined,7,6.449921465376292,0.0137537732170537,1.2403251796079466,149.09535902381518,384,329,316,396,1016,1924,0,0.950965752000002,True,6.449921465376292,0.0137537732170537,1.2403251796079466
100,8,confined,8,6.449921465376292,0.0137537732170537,1.2403251796079466,149.02397141125795,384,313,300,411,1033,1928,0,0.9541979269999956,True,6.449921465376292,0.0137537732170537,1.2403251796079466
100,8,confined,9,6.449921465376292,0.0137537732170537,1.2403251796079466,148.94934480021263,384,299,295,384,911,1652,0,0.927327994000052,True,6.449921465376292,0.0137537732170537,1.2403251796079466
100,8,confined,10,6.449921465376292,0.0137537732170537,1.2403251796079466,148.9866620181595,384,307,290,384,921,1688,0,0.9421906560000934,True,6.449921465376292,0.0137537732170537,1.2403251796079466
100,8,confined,11,6.449921465376292,0.0137537732170537,1.2403251796079466,148.92258379125585,384,283,268,384,980,1758,0,0.9344555400000444,True,6.449921465376292,0.0137537732170537,1.2403251796079466
100,8,confined,12,6.449921465376292,0.0137537732170537,1.2403251796079466,149.10327835716197,384,334,322,384,959,1832,0,0.9544093050001266,True,6.449921465376292,0.0137537732170537,1.2403251796079466
100,8,confined,13,6.449921465376292,0.0137537732170537,1.2403251796079466,149.24858306367585,384,395,338,402,970,1964,0,0.9554678570000306,True,6.449921465376292,0.0137537732170537,1.2403251796079466
100,8,confined,14,6.449921465376292,0.0137537732170537,1.2403251796079466,149.18765735748127,384,380,349,459,1081,2166,0,0.965809629999967,True,6.449921465376292,0.0137537732170537,1.2403251796079466
100,8,confined,15,6.449921465376292,0.0137537732170537,1.2403251796079466,149.14736420366916,384,359,342,430,1011,1982,0,1.0219549429998551,True,6.449921465376292,0.0137537732170537,1.2403251796079466
100,8,confined,16,6.449921465376292,0.0137537732170537,1.2403251796079466,149.1178447003624,384,347,341,386,991,1910,0,1.0163818910000373,True,6.449921465376292,0.0137537732170537,1.2403251796079466
100,8,confined,17,6.449921465376292,0.0137537732170537,1.2403251796079466,149.01963201346717,384,306,290,384,967,1784,0,1.0081093119999878,True,6.449921465376292,0.0137537732170537,1.2403251796079466
100,8,confined,18,6.449921465376292,0.0137537732170537,1.2403251796079466,148.92202712945362,384,280,272,384,917,1636,0,0.996976868000047,True,6.449921465376292,0.0137537732170537,1.2403251796079466
100,8,confined,19,6.449921465376292,0.0137537732170537,1.2403251796079466,149.1907819759385,384,378,340,409,985,1962,0,0.9787332060000152,True,6.449921465376292,0.0137537732170537,1.2403251796079466
100,8,confined,20,6.449921465376292,0.0137537732170537,1.2403251796079466,148.9684057468721,384,291,281,384,936,1698,0,1.0014451800000188,True,6.449921465376292,0.0137537732170537,1.2403251796079466
100,8,confined,21,6.449921465376292,0.0137537732170537,1.2403251796079466,148.95571364300778,384,300,291,384,905,1644,0,0.9543070770000668,True,6.449921465376292,0.0137537732170537,1.2403251796079466
100,8,confined,22,6.449921465376292,0.0137537732170537,1.2403251796079466,149.11026810498072,384,351,336,392,996,1932,0,1.0166382999998405,True,6.449921465376292,0.0137537732170537,1.2403251796079466
100,8,confined,23,6.449921465376292,0.0137537732170537,1.2403251796079466,149.00377978465093,384,304,279,384,976,1800,0,1.0014660580000054,True,6.449921465376292,0.0137537732170537,1.2403251796079466
100,8,confined,24,6.449921465376292,0.0137537732170537,1.2403251796079466,148.9506337825058,384,300,280,384,922,1682,0,0.9559837950000656,True,6.449921465376292,0.0137537732170537,1.2403251796079466
100,8,confined,25,6.449921465376292,0.0137537732170537,1.2403251796079466,149.21794994675776,384,392,344,401,962,1948,0,0.9303290299999388,True,6.449921465376292,0.0137537732170537,1.2403251796079466
100,8,confined,26,6.449921465376292,0.0137537732170537,1.2403251796079466,149.32042293755237,384,427,345,472,1065,2220,0,1.0155465830000594,True,6.449921465376292,0.0137537732170537,1.2403251796079466
100,8,confined,27,6.449921465376292,0.0137537732170537,1.2403251796079466,148.78389923879067,384,247,239,384,833,1398,0,0.9409837200000766,True,6.449921465376292,0.0137537732170537,1.2403251796079466
100,8,confined,28,6.449921465376292,0.0137537732170537,1.2403251796079466,149.0268718020846,384,318,297,384,891,1652,0,0.9419378860000052,True,6.449921465376292,0.0137537732170537,1.2403251796079466
100,8,confined,29,6.449921465376292,0.0137537732170537,1.2403251796079466,149.05585910359304,384,325,311,384,953,1800,0,0.9361173650002002,True,6.449921465376292,0.0137537732170537,1.2403251796079466
100,8,confined,30,6.449921465376292,0.0137537732170537,1.2403251796079466,149.03003139637022,384,310,290,403,974,1806,0,0.946164329999874,True,6.449921465376292,0.0137537732170537,1.2403251796079466
100,8,confined,31,6.449921465376292,0.0137537732170537,1.2403251796079466,149.33426686317082,384,428,332,428,957,2010,0,0.968859221999992,True,6.449921465376292,0.0137537732170537,1.2403251796079466
100,8,confined,32,6.449921465376292,0.0137537732170537,1.2403251796079466,148.97813487704417,384,296,289,384,950,1728,0,0.9210058670000764,True,6.449921465376292,0.0137537732170537,1.2403251796079466
100,8,confined,33,6.449921465376292,0.0137537732170537,1.2403251796079466,148.9832579371957,384,300,274,384,863,1570,0,0.9038193740000224,True,6.449921465376292,0.0137537732170537,1.2403251796079466
100,8,confined,34,6.449921465376292,0.0137537732170537,1.2403251796079466,149.06218598130957,384,326,315,384,962,1812,0,0.9536826440000824,True,6.449921465376292,0.0137537732170537,1.2403251796079466
100,8,confined,35,6.449921465376292,0.0137537732170537,1.2403251796079466,148.9318433309004,384,288,279,384,954,1716,0,0.9228755299998284,True,6.449921465376292,0.0137537732170537,1.2403251796079466
100,8,confined,36,6.449921465376292,0.0137537732170537,1.2403251796079466,149.197105312737,384,371,337,384,927,1832,0,0.9379103329999908,True,6.449921465376292,0.0137537732170537,1.2403251796079466
100,8,confined,37,6.449921465376292,0.0137537732170537,1.2403251796079466,149.08100399549704,384,334,320,384,975,1856,0,0.961357623999902,True,6.449921465376292,0.0137537732170537,1.2403251796079466
100,8,confined,38,6.449921465376292,0.0137537732170537,1.2403251796079466,149.05778422544324,384,317,301,405,1016,1902,0,1.0439945999999054,True,6.449921465376292,0.0137537732170537,1.2403251796079466
100,8,confined,39,6.449921465376292,0.0137537732170537,1.2403251796079466,149.00287072997733,384,302,296,384,953,1750,0,1.0052606990000186,True,6.449921465376292,0.0137537732170537,1.2403251796079466
100,10,confined,0,6.449921465376292,0.0137537732170537,1.5504064745099333,150.75719357026975,384,353,314,384,818,1578,0,0.9909409409999624,True,6.449921465376292,0.0137537732170537,1.5504064745099333
100,10,confined,1,6.449921465376292,0.0137537732170537,1.5504064745099333,150.63481019475418,384,316,305,384,794,1458,0,0.9998926209998444,True,6.449921465376292,0.0137537732170537,1.5504064745099333
100,10,confined,2,6.449921465376292,0.0137537732170537,1.5504064745099333,150.76854687665372,384,371,339,398,829,1634,0,1.0133196960000532,True,6.449921465376292,0.0137537732170537,1.5504064745099333
100,10,confined,3,6.449921465376292,0.0137537732170537,1.5504064745099333,150.73976289432505,384,343,324,384,831,1582,0,0.99667731500017,True,6.449921465376292,0.0137537732170537,1.5504064745099333
100,10,confined,4,6.449921465376292,0.0137537732170537,1.5504064745099333,150.73892571603096,384,344,326,384,838,1604,0,0.9418238599998858,True,6.449921465376292,0.0137537732170537,1.5504064745099333
100,10,confined,5,6.449921465376292,0.0137537732170537,1.5504064745099333,150.8189432378471,384,373,331,388,883,1746,0,0.989076278000084,True,6.449921465376292,0.0137537732170537,1.5504064745099333
100,10,confined,6,6.449921465376292,0.0137537732170537,1.5504064745099333,150.85242327713146,384,387,343,408,912,1836,0,1.0528392999999596,True,6.449921465376292,0.0137537732170537,1.5504064745099333
100,10,confined,7,6.449921465376292,0.0137537732170537,1.5504064745099333,150.68243384195026,384,330,318,384,856,1608,0,1.0172384909999437,True,6.449921465376292,0.0137537732170537,1.5504064745099333
100,10,confined,8,6.449921465376292,0.0137537732170537,1.5504064745099333,150.62942034101624,384,318,314,389,860,1594,0,0.976044813999806,True,6.449921465376292,0.0137537732170537,1.5504064745099333
100,10,confined,9,6.449921465376292,0.0137537732170537,1.5504064745099333,150.50796969328164,384,278,263,384,815,1420,0,0.9463318530001744,True,6.449921465376292,0.0137537732170537,1.5504064745099333
100,10,confined,10,6.449921465376292,0.0137537732170537,1.5504064745099333,150.4853469831237,384,278,278,384,787,1366,0,1.0191621030000988,True,6.449921465376292,0.0137537732170537,1.5504064745099333
100,10,confined,11,6.449921465376292,0.0137537732170537,1.5504064745099333,150.61208511466762,384,306,290,390,841,1532,0,1.0131510469998375,True,6.449921465376292,0.0137537732170537,1.5504064745099333
100,10,confined,12,6.449921465376292,0.0137537732170537,1.5504064745099333,150.70918490451405,384,337,313,384,828,1566,0,0.9590206749999196,True,6.449921465376292,0.0137537732170537,1.5504064745099333
100,10,confined,13,6.449921465376292,0.0137537732170537,1.5504064745099333,150.78474175886652,384,361,343,384,800,1568,0,0.944014081999967,True,6.449921465376292,0.0137537732170537,1.5504064745099333
100,10,confined,14,6.449921465376292,0.0137537732170537,1.5504064745099333,150.84113738975628,384,382,358,421,905,1814,0,0.9945064429998638,True,6.449921465376292,0.0137537732170537,1.5504064745099333
100,10,confined,15,6.449921465376292,0.0137537732170537,1.5504064745099333,150.83999062669923,384,378,336,384,860,1714,0,1.1058719519999158,True,6.449921465376292,0.0137537732170537,1.5504064745099333
100,10,confined,16,6.449921465376292,0.0137537732170537,1.5504064745099333,150.8483719249578,384,401,345,445,903,1842,0,1.0793360039999698,True,6.449921465376292,0.0137537732170537,1.5504064745099333
100,10,confined,17,6.449921465376292,0.0137537732170537,1.5504064745099333,150.71570953387456,384,346,330,403,878,1686,0,1.0697616310001197,True,6.449921465376292,0.0137537732170537,1.5504064745099333
100,10,confined,18,6.449921465376292,0.0137537732170537,1.5504064745099333,150.7060309450384,384,337,323,384,809,1526,0,1.0223761530000957,True,6.449921465376292,0.0137537732170537,1.5504064745099333
100,10,confined,19,6.449921465376292,0.0137537732170537,1.5504064745099333,150.8220045141195,384,391,346,418,927,1870,0,1.0516199529999994,True,6.449921465376292,0.0137537732170537,1.5504064745099333
100,10,confined,20,6.449921465376292,0.0137537732170537,1.5504064745099333,150.63895338076065,384,315,311,384,793,1450,0,1.0758168639999894,True,6.449921465376292,0.0137537732170537,1.5504064745099333
100,10,confined,21,6.449921465376292,0.0137537732170537,1.5504064745099333,150.5928105405037,384,311,311,384,851,1558,0,0.9852928469999824,True,6.449921465376292,0.0137537732170537,1.5504064745099333
100,10,confined,22,6.449921465376292,0.0137537732170537,1.5504064745099333,150.7651326822163,384,349,312,384,833,1604,0,0.962784499999998,True,6.449921465376292,0.0137537732170537,1.5504064745099333
100,10,confined,23,6.449921465376292,0.0137537732170537,1.5504064745099333,150.6394519185725,384,322,305,384,772,1426,0,0.9561711280000508,True,6.449921465376292,0.0137537732170537,1.5504064745099333
100,10,confined,24,6.449921465376292,0.0137537732170537,1.5504064745099333,150.68042684233112,384,332,331,424,918,1738,0,1.0288325510000504,True,6.449921465376292,0.0137537732170537,1.5504064745099333
100,10,confined,25,6.449921465376292,0.0137537732170537,1.5504064745099333,150.68436617674004,384,323,323,384,853,1590,0,0.9606141239999032,True,6.449921465376292,0.0137537732170537,1.5504064745099333
100,10,confined,26,6.449921465376292,0.0137537732170537,1.5504064745099333,150.6536854316469,384,318,274,384,762,1402,0,0.9182334300001004,True,6.449921465376292,0.0137537732170537,1.5504064745099333
100,10,confined,27,6.449921465376292,0.0137537732170537,1.5504064745099333,150.59870768595457,384,298,290,384,827,1486,0,0.9621090210000602,True,6.449921465376292,0.0137537732170537,1.5504064745099333
100,10,confined,28,6.449921465376292,0.0137537732170537,1.5504064745099333,150.49437249844203,384,269,261,384,747,1270,0,0.9478226100000028,True,6.449921465376292,0.0137537732170537,1.5504064745099333
100,10,confined,29,6.449921465376292,0.0137537732170537,1.5504064745099333,150.68375556815607,384,325,306,384,843,1578,0,0.9461742610001238,True,6.449921465376292,0.0137537732170537,1.5504064745099333
100,10,confined,30,6.449921465376292,0.0137537732170537,1.5504064745099333,150.85822749154585,384,390,354,396,869,1752,0,0.9543459159999657,True,6.449921465376292,0.0137537732170537,1.5504064745099333
100,10,confined,31,6.449921465376292,0.0137537732170537,1.5504064745099333,150.6752861766739,384,332,322,384,846,1590,0,0.9817098589999204,True,6.449921465376292,0.0137537732170537,1.5504064745099333
100,10,confined,32,6.449921465376292,0.0137537732170537,1.5504064745099333,150.62573270612626,384,307,302,384,823,1494,0,0.9853681079998752,True,6.449921465376292,0.0137537732170537,1.5504064745099333
100,10,confined,33,6.449921465376292,0.0137537732170537,1.5504064745099333,150.74012870880983,384,353,315,384,809,1564,0,0.9467744639998728,True,6.449921465376292,0.0137537732170537,1.5504064745099333
100,10,confined,34,6.449921465376292,0.0137537732170537,1.5504064745099333,150.56293387767948,384,292,292,384,872,1568,0,0.9163131379998504,True,6.449921465376292,0.0137537732170537,1.5504064745099333
100,10,confined,35,6.449921465376292,0.0137537732170537,1.5504064745099333,150.825709748279,384,374,348,417,929,1850,0,0.959964307000064,True,6.449921465376292,0.0137537732170537,1.5504064745099333
100,10,confined,36,6.449921465376292,0.0137537732170537,1.5504064745099333,150.70141494531785,384,327,306,384,793,1474,0,0.933912269000075,True,6.449921465376292,0.0137537732170537,1.5504064745099333
100,10,confined,37,6.449921465376292,0.0137537732170537,1.5504064745099333,150.64928820026432,384,320,318,384,879,1640,0,0.932680911000034,True,6.449921465376292,0.0137537732170537,1.5504064745099333
100,10,confined,38,6.449921465376292,0.0137537732170537,1.5504064745099333,150.6480379400442,384,325,325,390,891,1672,0,0.9297927740001342,True,6.449921465376292,0.0137537732170537,1.5504064745099333
100,10,confined,39,6.449921465376292,0.0137537732170537,1.5504064745099333,150.6827685345592,384,330,324,386,831,1562,0,0.9687393850001628,True,6.449921465376292,0.0137537732170537,1.5504064745099333
100,12,confined,0,6.449921465376292,0.0137537732170537,1.86048776941192,151.59542067064584,384,344,321,384,727,1382,0,0.9869101330000376,True,6.449921465376292,0.0137537732170537,1.86048776941192
100,12,confined,1,6.449921465376292,0.0137537732170537,1.86048776941192,151.59162758855496,384,335,325,384,755,1414,0,0.9570686699998988,True,6.449921465376292,0.0137537732170537,1.86048776941192
100,12,confined,2,6.449921465376292,0.0137537732170537,1.86048776941192,151.75193520950785,384,382,319,417,803,1610,0,0.9793515260000732,True,6.449921465376292,0.0137537732170537,1.86048776941192
100,12,confined,3,6.449921465376292,0.0137537732170537,1.86048776941192,151.73709918673367,384,390,343,393,768,1556,0,0.9645944499998222,True,6.449921465376292,0.0137537732170537,1.86048776941192
100,12,confined,4,6.449921465376292,0.0137537732170537,1.86048776941192,151.3751046630883,384,266,250,384,677,1122,0,0.9512162359999364,True,6.449921465376292,0.0137537732170537,1.86048776941192
100,12,confined,5,6.449921465376292,0.0137537732170537,1.86048776941192,151.93024603477377,384,467,337,470,791,1754,0,0.9593358219999572,True,6.449921465376292,0.0137537732170537,1.86048776941192
100,12,confined,6,6.449921465376292,0.0137537732170537,1.86048776941192,151.69540918013007,384,371,325,384,763,1502,0,0.9020842349998476,True,6.449921465376292,0.0137537732170537,1.86048776941192
100,12,confined,7,6.449921465376292,0.0137537732170537,1.86048776941192,151.59726310441272,384,336,332,398,786,1478,0,0.9560043159999624,True,6.449921465376292,0.0137537732170537,1.86048776941192
100,12,confined,8,6.449921465376292,0.0137537732170537,1.86048776941192,151.6092897439018,384,346,323,384,763,1450,0,0.9866280910000568,True,6.449921465376292,0.0137537732170537,1.86048776941192
100,12,confined,9,6.449921465376292,0.0137537732170537,1.86048776941192,151.5841178067272,384,331,304,384,751,1402,0,0.9442331679999824,True,6.449921465376292,0.0137537732170537,1.86048776941192
100,12,confined,10,6.449921465376292,0.0137537732170537,1.86048776941192,151.63069757486502,384,347,329,395,759,1444,0,0.9367930660000638,True,6.449921465376292,0.0137537732170537,1.86048776941192
100,12,confined,11,6.449921465376292,0.0137537732170537,1.86048776941192,151.55408254244162,384,325,310,384,702,1286,0,0.9303898840000784,True,6.449921465376292,0.0137537732170537,1.86048776941192
100,12,confined,12,6.449921465376292,0.0137537732170537,1.86048776941192,151.77070668576133,384,393,347,404,777,1574,0,0.9316884520001169,True,6.449921465376292,0.0137537732170537,1.86048776941192
100,12,confined,13,6.449921465376292,0.0137537732170537,1.86048776941192,151.61269484045613,384,344,333,384,771,1464,0,0.9592995100001644,True,6.449921465376292,0.0137537732170537,1.86048776941192
100,12,confined,14,6.449921465376292,0.0137537732170537,1.86048776941192,151.72872076390388,384,390,331,390,716,1452,0,0.8728918469998916,True,6.449921465376292,0.0137537732170537,1.86048776941192
100,12,confined,15,6.449921465376292,0.0137537732170537,1.86048776941192,151.65575643819818,384,363,316,384,717,1394,0,0.8936536329999853,True,6.449921465376292,0.0137537732170537,1.86048776941192
100,12,confined,16,6.449921465376292,0.0137537732170537,1.86048776941192,151.81634972377566,384,421,334,421,766,1608,0,0.9254476720000184,True,6.449921465376292,0.0137537732170537,1.86048776941192
100,12,confined,17,6.449921465376292,0.0137537732170537,1.86048776941192,151.6231606691147,384,345,307,384,722,1370,0,0.907697300999871,True,6.449921465376292,0.0137537732170537,1.86048776941192
100,12,confined,18,6.449921465376292,0.0137537732170537,1.86048776941192,151.50075111288442,384,295,289,384,747,1320,0,0.9347261220000292,True,6.449921465376292,0.0137537732170537,1.86048776941192
100,12,confined,19,6.449921465376292,0.0137537732170537,1.86048776941192,151.55415084223517,384,328,313,384,722,1338,0,0.9440553429999454,True,6.449921465376292,0.0137537732170537,1.86048776941192
100,12,confined,20,6.449921465376292,0.0137537732170537,1.86048776941192,151.59860683102048,384,328,290,384,727,1348,0,0.9334182469999632,True,6.449921465376292,0.0137537732170537,1.86048776941192
100,12,confined,21,6.449921465376292,0.0137537732170537,1.86048776941192,151.61686156457486,384,335,323,384,735,1372,0,0.9508294150000438,True,6.449921465376292,0.0137537732170537,1.86048776941192
100,12,confined,22,6.449921465376292,0.0137537732170537,1.86048776941192,151.68995015390044,384,363,342,384,755,1474,0,0.8798279420000199,True,6.449921465376292,0.0137537732170537,1.86048776941192
100,12,confined,23,6.449921465376292,0.0137537732170537,1.86048776941192,151.37697851713003,384,279,266,384,759,1308,0,0.8717533670001103,True,6.449921465376292,0.0137537732170537,1.86048776941192
100,12,confined,24,6.449921465376292,0.0137537732170537,1.86048776941192,151.6140091044105,384,345,309,384,763,1452,0,0.8914970819998871,True,6.449921465376292,0.0137537732170537,1.86048776941192
100,12,confined,25,6.449921465376292,0.0137537732170537,1.86048776941192,151.77919920422332,384,414,350,414,794,1650,0,0.8980739359999461,True,6.449921465376292,0.0137537732170537,1.86048776941192
100,12,confined,26,6.449921465376292,0.0137537732170537,1.86048776941192,151.742235095537,384,383,343,384,783,1574,0,0.8965600159999667,True,6.449921465376292,0.0137537732170537,1.86048776941192
100,12,confined,27,6.449921465376292,0.0137537732170537,1.86048776941192,151.80766583776474,384,410,354,428,832,1722,0,0.9057436330001564,True,6.449921465376292,0.0137537732170537,1.86048776941192
100,12,confined,28,6.449921465376292,0.0137537732170537,1.86048776941192,151.75200583992466,384,392,338,393,730,1480,0,0.889980979000029,True,6.449921465376292,0.0137537732170537,1.86048776941192
100,12,confined,29,6.449921465376292,0.0137537732170537,1.86048776941192,151.5477724534323,384,319,312,384,755,1384,0,0.8962667559999318,True,6.449921465376292,0.0137537732170537,1.86048776941192
100,12,confined,30,6.449921465376292,0.0137537732170537,1.86048776941192,151.67163021752262,384,363,341,400,778,1518,0,0.8799083639999026,True,6.449921465376292,0.0137537732170537,1.86048776941192
100,12,confined,31,6.449921465376292,0.0137537732170537,1.86048776941192,151.3530949346797,384,264,254,384,717,1196,0,0.8717942629998561,True,6.449921465376292,0.0137537732170537,1.86048776941192
100,12,confined,32,6.449921465376292,0.0137537732170537,1.86048776941192,151.81323805846185,384,416,344,416,787,1642,0,0.8904033809999419,True,6.449921465376292,0.0137537732170537,1.86048776941192
100,12,confined,33,6.449921465376292,0.0137537732170537,1.86048776941192,151.57739249858793,384,328,309,384,699,1286,0,0.9028683100000308,True,6.449921465376292,0.0137537732170537,1.86048776941192
100,12,confined,34,6.449921465376292,0.0137537732170537,1.86048776941192,151.71494135270805,384,380,353,389,753,1500,0,0.8830867419999322,True,6.449921465376292,0.0137537732170537,1.86048776941192
100,12,confined,35,6.449921465376292,0.0137537732170537,1.86048776941192,151.59689350938623,384,337,318,384,777,1470,0,0.8758569469998747,True,6.449921465376292,0.0137537732170537,1.86048776941192
100,12,confined,36,6.449921465376292,0.0137537732170537,1.86048776941192,151.72376871873425,384,383,355,417,806,1616,0,0.906377351999936,True,6.449921465376292,0.0137537732170537,1.86048776941192
100,12,confined,37,6.449921465376292,0.0137537732170537,1.86048776941192,151.4628825359229,384,304,282,384,713,1268,0,0.8693813090001186,True,6.449921465376292,0.0137537732170537,1.86048776941192
100,12,confined,38,6.449921465376292,0.0137537732170537,1.86048776941192,151.58803785690804,384,330,324,384,741,1380,0,0.8642803089999234,True,6.449921465376292,0.0137537732170537,1.86048776941192
100,12,confined,39,6.449921465376292,0.0137537732170537,1.86048776941192,151.75517913757247,384,395,345,401,802,1626,0,0.8757012149999355,True,6.449921465376292,0.0137537732170537,1.86048776941192
100,14,confined,0,6.449921465376292,0.0137537732170537,2.1705690643139066,152.05623026219916,384,292,271,384,646,1108,0,0.8900959529999,True,6.449921465376292,0.0137537732170537,2.1705690643139066
100,14,confined,1,6.449921465376292,0.0137537732170537,2.1705690643139066,152.23331958871495,384,353,333,384,703,1350,0,0.8806203199999345,True,6.449921465376292,0.0137537732170537,2.1705690643139066
100,14,confined,2,6.449921465376292,0.0137537732170537,2.1705690643139066,152.3558047073493,384,392,328,409,717,1452,0,0.8892951240000002,True,6.449921465376292,0.0137537732170537,2.1705690643139066
100,14,confined,3,6.449921465376292,0.0137537732170537,2.1705690643139066,152.37877215503423,384,409,339,412,737,1526,0,0.887546139000051,True,6.449921465376292,0.0137537732170537,2.1705690643139066
100,14,confined,4,6.449921465376292,0.0137537732170537,2.1705690643139066,152.1240242368733,384,330,329,384,699,1292,0,0.8872232879998592,True,6.449921465376292,0.0137537732170537,2.1705690643139066
100,14,confined,5,6.449921465376292,0.0137537732170537,2.1705690643139066,151.99540417310848,384,284,282,384,690,1182,0,0.8870286119999946,True,6.449921465376292,0.0137537732170537,2.1705690643139066
100,14,confined,6,6.449921465376292,0.0137537732170537,2.1705690643139066,152.07254885285545,384,297,291,384,685,1200,0,0.8951576080000905,True,6.449921465376292,0.0137537732170537,2.1705690643139066
100,14,confined,7,6.449921465376292,0.0137537732170537,2.1705690643139066,151.89184800777434,384,254,254,384,719,1180,0,0.8777930749999996,True,6.449921465376292,0.0137537732170537,2.1705690643139066
100,14,confined,8,6.449921465376292,0.0137537732170537,2.1705690643139066,152.28605854026972,384,375,346,424,743,1470,0,0.9255300239999542,True,6.449921465376292,0.0137537732170537,2.1705690643139066
100,14,confined,9,6.449921465376292,0.0137537732170537,2.1705690643139066,152.39917616626545,384,415,347,424,713,1490,0,0.9412391700000172,True,6.449921465376292,0.0137537732170537,2.1705690643139066
100,14,confined,10,6.449921465376292,0.0137537732170537,2.1705690643139066,152.5278819409856,384,473,363,473,739,1660,0,0.9359993080001914,True,6.449921465376292,0.0137537732170537,2.1705690643139066
100,14,confined,11,6.449921465376292,0.0137537732170537,2.1705690643139066,152.13597851776024,384,324,309,384,671,1226,0,0.9621012749998954,True,6.449921465376292,0.0137537732170537,2.1705690643139066
100,14,confined,12,6.449921465376292,0.0137537732170537,2.1705690643139066,152.1326143992905,384,316,316,403,719,1302,0,0.9516873370000668,True,6.449921465376292,0.0137537732170537,2.1705690643139066
100,14,confined,13,6.449921465376292,0.0137537732170537,2.1705690643139066,152.27451295189869,384,365,347,384,718,1400,0,0.945351845999994,True,6.449921465376292,0.0137537732170537,2.1705690643139066
100,14,confined,14,6.449921465376292,0.0137537732170537,2.1705690643139066,152.16926938703534,384,332,332,384,727,1352,0,0.9188403430000562,True,6.449921465376292,0.0137537732170537,2.1705690643139066
100,14,confined,15,6.449921465376292,0.0137537732170537,2.1705690643139066,152.1765534981741,384,338,305,384,645,1200,0,0.9366178979998948,True,6.449921465376292,0.0137537732170537,2.1705690643139066
100,14,confined,16,6.449921465376292,0.0137537732170537,2.1705690643139066,152.09220628164098,384,311,311,386,734,1324,0,0.9288090079999164,True,6.449921465376292,0.0137537732170537,2.1705690643139066
100,14,confined,17,6.449921465376292,0.0137537732170537,2.1705690643139066,152.2613284049476,384,357,307,384,692,1334,0,0.90624829699982,True,6.449921465376292,0.0137537732170537,2.1705690643139066
100,14,confined,18,6.449921465376292,0.0137537732170537,2.1705690643139066,152.30094538284257,384,383,330,384,670,1342,0,0.9173402549999992,True,6.449921465376292,0.0137537732170537,2.1705690643139066
100,14,confined,19,6.449921465376292,0.0137537732170537,2.1705690643139066,152.17751143382168,384,332,331,384,725,1350,0,0.9132930419998502,True,6.449921465376292,0.0137537732170537,2.1705690643139066
100,14,confined,20,6.449921465376292,0.0137537732170537,2.1705690643139066,152.13292762708252,384,319,310,384,689,1254,0,0.925357085000087,True,6.449921465376292,0.0137537732170537,2.1705690643139066
100,14,confined,21,6.449921465376292,0.0137537732170537,2.1705690643139066,152.1002910140152,384,308,308,384,683,1218,0,0.938539297000034,True,6.449921465376292,0.0137537732170537,2.1705690643139066
100,14,confined,22,6.449921465376292,0.0137537732170537,2.1705690643139066,152.2151974283179,384,340,313,384,660,1236,0,0.960472037000045,True,6.449921465376292,0.0137537732170537,2.1705690643139066
100,14,confined,23,6.449921465376292,0.0137537732170537,2.1705690643139066,152.28941519493344,384,372,336,390,694,1364,0,0.9556291050000708,True,6.449921465376292,0.0137537732170537,2.1705690643139066
100,14,confined,24,6.449921465376292,0.0137537732170537,2.1705690643139066,152.11036302303097,384,317,306,384,664,1196,0,0.9718536310001582,True,6.449921465376292,0.0137537732170537,2.1705690643139066
100,14,confined,25,6.449921465376292,0.0137537732170537,2.1705690643139066,152.22906198504893,384,350,315,384,677,1288,0,0.982134492999876,True,6.449921465376292,0.0137537732170537,2.1705690643139066
100,14,confined,26,6.449921465376292,0.0137537732170537,2.1705690643139066,152.29741865976644,384,374,335,409,742,1464,0,0.9438332239999454,True,6.449921465376292,0.0137537732170537,2.1705690643139066
100,14,confined,27,6.449921465376292,0.0137537732170537,2.1705690643139066,152.16514494723148,384,332,316,384,679,1258,0,0.9673263419999784,True,6.449921465376292,0.0137537732170537,2.1705690643139066
100,14,confined,28,6.449921465376292,0.0137537732170537,2.1705690643139066,152.11503729522934,384,313,312,384,693,1246,0,0.9343522540000322,True,6.449921465376292,0.0137537732170537,2.1705690643139066
100,14,confined,29,6.449921465376292,0.0137537732170537,2.1705690643139066,152.1193386842708,384,318,296,384,676,1220,0,0.9654199740000422,True,6.449921465376292,0.0137537732170537,2.1705690643139066
100,14,confined,30,6.449921465376292,0.0137537732170537,2.1705690643139066,152.25355537949048,384,367,335,384,694,1356,0,0.9416645369999516,True,6.449921465376292,0.0137537732170537,2.1705690643139066
100,14,confined,31,6.449921465376292,0.0137537732170537,2.1705690643139066,152.1191438512165,384,308,302,384,690,1230,0,0.9346473139999034,True,6.449921465376292,0.0137537732170537,2.1705690643139066
100,14,confined,32,6.449921465376292,0.0137537732170537,2.1705690643139066,152.30407691546793,384,381,336,413,720,1440,0,0.950013834999936,True,6.449921465376292,0.0137537732170537,2.1705690643139066
100,14,confined,33,6.449921465376292,0.0137537732170537,2.1705690643139066,152.2520391127182,384,351,322,384,690,1322,0,0.9818624830002136,True,6.449921465376292,0.0137537732170537,2.1705690643139066
100,14,confined,34,6.449921465376292,0.0137537732170537,2.1705690643139066,152.40789953713636,384,412,340,414,746,1552,0,0.9503789220000272,True,6.449921465376292,0.0137537732170537,2.1705690643139066
100,14,confined,35,6.449921465376292,0.0137537732170537,2.1705690643139066,152.45203098218073,384,435,338,440,724,1554,0,0.9712418689998684,True,6.449921465376292,0.0137537732170537,2.1705690643139066
100,14,confined,36,6.449921465376292,0.0137537732170537,2.1705690643139066,152.31816531789158,384,377,332,384,673,1334,0,0.9576660590000756,True,6.449921465376292,0.0137537732170537,2.1705690643139066
100,14,confined,37,6.449921465376292,0.0137537732170537,2.1705690643139066,152.08939973513782,384,310,300,384,668,1192,0,0.9259853040000507,True,6.449921465376292,0.0137537732170537,2.1705690643139066
100,14,confined,38,6.449921465376292,0.0137537732170537,2.1705690643139066,152.17907443413475,384,339,324,384,709,1328,0,0.9375683379998918,True,6.449921465376292,0.0137537732170537,2.1705690643139066
100,14,confined,39,6.449921465376292,0.0137537732170537,2.1705690643139066,152.40837641985868,384,423,355,431,728,1534,0,0.94954775899987,True,6.449921465376292,0.0137537732170537,2.1705690643139066
100,16,confined,0,6.449921465376292,0.0137537732170537,2.4806503592158933,152.58487540606836,384,346,332,384,677,1278,0,0.9277962009998646,True,6.449921465376292,0.0137537732170537,2.4806503592158933
100,16,confined,1,6.449921465376292,0.0137537732170537,2.4806503592158933,152.65457687282856,384,374,334,386,676,1340,0,0.9428452619999916,True,6.449921465376292,0.0137537732170537,2.4806503592158933
100,16,confined,2,6.449921465376292,0.0137537732170537,2.4806503592158933,152.5788083479469,384,350,304,384,604,1146,0,0.9157582210000328,True,6.449921465376292,0.0137537732170537,2.4806503592158933
100,16,confined,3,6.449921465376292,0.0137537732170537,2.4806503592158933,152.67030119183045,384,372,340,384,669,1316,0,0.9497777730000508,True,6.449921465376292,0.0137537732170537,2.4806503592158933
100,16,confined,4,6.449921465376292,0.0137537732170537,2.4806503592158933,152.5453906326704,384,332,305,386,635,1168,0,0.92657832399982,True,6.449921465376292,0.0137537732170537,2.4806503592158933
100,16,confined,5,6.449921465376292,0.0137537732170537,2.4806503592158933,152.51984449370786,384,318,303,384,640,1152,0,0.9205590529998062,True,6.449921465376292,0.0137537732170537,2.4806503592158933
100,16,confined,6,6.449921465376292,0.0137537732170537,2.4806503592158933,152.7123099166554,384,389,319,397,632,1274,0,0.9325373870001386,True,6.449921465376292,0.0137537732170537,2.4806503592158933
100,16,confined,7,6.449921465376292,0.0137537732170537,2.4806503592158933,152.5633751897631,384,329,306,384,628,1150,0,0.9391602370001236,True,6.449921465376292,0.0137537732170537,2.4806503592158933
100,16,confined,8,6.449921465376292,0.0137537732170537,2.4806503592158933,152.39462410948553,384,279,271,384,649,1092,0,0.9096192489998884,True,6.449921465376292,0.0137537732170537,2.4806503592158933
100,16,confined,9,6.449921465376292,0.0137537732170537,2.4806503592158933,152.61575070209514,384,349,316,384,621,1174,0,0.9664052309999532,True,6.449921465376292,0.0137537732170537,2.4806503592158933
100,16,confined,10,6.449921465376292,0.0137537732170537,2.4806503592158933,152.6359374438354,384,352,313,384,641,1220,0,0.9409593300001688,True,6.449921465376292,0.0137537732170537,2.4806503592158933
100,16,confined,11,6.449921465376292,0.0137537732170537,2.4806503592158933,152.6404709279221,384,359,314,384,649,1252,0,0.9363725079999768,True,6.449921465376292,0.0137537732170537,2.4806503592158933
100,16,confined,12,6.449921465376292,0.0137537732170537,2.4806503592158933,152.65105322467102,384,372,362,395,673,1326,0,0.9669828440000856,True,6.449921465376292,0.0137537732170537,2.4806503592158933
100,16,confined,13,6.449921465376292,0.0137537732170537,2.4806503592158933,152.70369569047378,384,381,315,384,641,1284,0,1.0017217249999248,True,6.449921465376292,0.0137537732170537,2.4806503592158933
100,16,confined,14,6.449921465376292,0.0137537732170537,2.4806503592158933,152.47707475403055,384,311,305,384,636,1132,0,0.957051846000013,True,6.449921465376292,0.0137537732170537,2.4806503592158933
100,16,confined,15,6.449921465376292,0.0137537732170537,2.4806503592158933,152.53060012138755,384,329,320,384,650,1198,0,0.9992586339999434,True,6.449921465376292,0.0137537732170537,2.4806503592158933
100,16,confined,16,6.449921465376292,0.0137537732170537,2.4806503592158933,152.45555260058998,384,308,308,384,675,1206,0,0.9840770299999804,True,6.449921465376292,0.0137537732170537,2.4806503592158933
100,16,confined,17,6.449921465376292,0.0137537732170537,2.4806503592158933,152.4987453592268,384,305,305,384,671,1186,0,1.0008689369999502,True,6.449921465376292,0.0137537732170537,2.4806503592158933
100,16,confined,18,6.449921465376292,0.0137537732170537,2.4806503592158933,152.5499804417289,384,331,323,384,639,1182,0,0.9636996880001334,True,6.449921465376292,0.0137537732170537,2.4806503592158933
100,16,confined,19,6.449921465376292,0.0137537732170537,2.4806503592158933,152.64957286903206,384,366,321,400,642,1256,0,0.9828687189999528,True,6.449921465376292,0.0137537732170537,2.4806503592158933
100,16,confined,20,6.449921465376292,0.0137537732170537,2.4806503592158933,152.37835288822637,384,290,276,384,603,1024,0,0.9419252489999508,True,6.449921465376292,0.0137537732170537,2.4806503592158933
100,16,confined,21,6.449921465376292,0.0137537732170537,2.4806503592158933,152.5339117864538,384,316,315,384,637,1142,0,0.9577212080000664,True,6.449921465376292,0.0137537732170537,2.4806503592158933
100,16,confined,22,6.449921465376292,0.0137537732170537,2.4806503592158933,152.67052455416183,384,373,353,397,675,1332,0,0.9781123329998992,True,6.449921465376292,0.0137537732170537,2.4806503592158933
100,16,confined,23,6.449921465376292,0.0137537732170537,2.4806503592158933,152.73674419321324,384,393,352,397,656,1330,0,1.049098992999916,True,6.449921465376292,0.0137537732170537,2.4806503592158933
100,16,confined,24,6.449921465376292,0.0137537732170537,2.4806503592158933,152.43330803964676,384,293,293,401,683,1194,0,0.9664432939998732,True,6.449921465376292,0.0137537732170537,2.4806503592158933
100,16,confined,25,6.449921465376292,0.0137537732170537,2.4806503592158933,152.68237597943266,384,383,351,384,667,1334,0,1.0381895719999648,True,6.449921465376292,0.0137537732170537,2.4806503592158933
100,16,confined,26,6.449921465376292,0.0137537732170537,2.4806503592158933,152.68434080316771,384,392,357,417,677,1374,0,0.9952638390000176,True,6.449921465376292,0.0137537732170537,2.4806503592158933
100,16,confined,27,6.449921465376292,0.0137537732170537,2.4806503592158933,152.44634440637824,384,300,281,384,635,1108,0,0.93591182199998,True,6.449921465376292,0.0137537732170537,2.4806503592158933
100,16,confined,28,6.449921465376292,0.0137537732170537,2.4806503592158933,152.57495622958817,384,339,332,384,653,1222,0,0.9267065550000098,True,6.449921465376292,0.0137537732170537,2.4806503592158933
100,16,confined,29,6.449921465376292,0.0137537732170537,2.4806503592158933,152.76183867714454,384,400,355,407,689,1410,0,0.9296229320000292,True,6.449921465376292,0.0137537732170537,2.4806503592158933
100,16,confined,30,6.449921465376292,0.0137537732170537,2.4806503592158933,152.57355669657838,384,347,329,385,646,1224,0,0.9210800830001062,True,6.449921465376292,0.0137537732170537,2.4806503592158933
100,16,confined,31,6.449921465376292,0.0137537732170537,2.4806503592158933,152.5132598064806,384,321,320,384,638,1152,0,0.9361534180000036,True,6.449921465376292,0.0137537732170537,2.4806503592158933
100,16,confined,32,6.449921465376292,0.0137537732170537,2.4806503592158933,152.4916227750497,384,315,315,384,660,1184,0,0.9208521909999944,True,6.449921465376292,0.0137537732170537,2.4806503592158933
100,16,confined,33,6.449921465376292,0.0137537732170537,2.4806503592158933,152.58346253113513,384,334,316,384,662,1224,0,0.8870621860000938,True,6.449921465376292,0.0137537732170537,2.4806503592158933
100,16,confined,34,6.449921465376292,0.0137537732170537,2.4806503592158933,152.45741410661807,384,295,295,384,649,1124,0,0.8772327869999117,True,6.449921465376292,0.0137537732170537,2.4806503592158933
100,16,confined,35,6.449921465376292,0.0137537732170537,2.4806503592158933,152.69733820366088,384,373,334,390,688,1356,0,0.917355434000001,True,6.449921465376292,0.0137537732170537,2.4806503592158933
100,16,confined,36,6.449921465376292,0.0137537732170537,2.4806503592158933,152.47251446520866,384,301,289,384,633,1106,0,0.9423878919999424,True,6.449921465376292,0.0137537732170537,2.4806503592158933
100,16,confined,37,6.449921465376292,0.0137537732170537,2.4806503592158933,152.51480957013766,384,312,291,384,652,1162,0,0.9343727109999236,True,6.449921465376292,0.0137537732170537,2.4806503592158933
100,16,confined,38,6.449921465376292,0.0137537732170537,2.4806503592158933,152.55923967410305,384,344,310,384,604,1132,0,0.9285724900000788,True,6.449921465376292,0.0137537732170537,2.4806503592158933
100,16,confined,39,6.449921465376292,0.0137537732170537,2.4806503592158933,152.4938933888768,384,321,304,384,605,1092,0,0.9326733529999274,True,6.449921465376292,0.0137537732170537,2.4806503592158933
100,18,confined,0,6.449921465376292,0.0137537732170537,2.79073165411788,152.88596439343928,384,363,353,398,637,1234,0,0.9702173430000584,True,6.449921465376292,0.0137537732170537,2.79073165411788
100,18,confined,1,6.449921465376292,0.0137537732170537,2.79073165411788,152.93482020228493,384,383,341,402,618,1248,0,0.9236518540001272,True,6.449921465376292,0.0137537732170537,2.79073165411788
100,18,confined,2,6.449921465376292,0.0137537732170537,2.79073165411788,152.8350045066205,384,343,311,384,583,1084,0,0.915126698999984,True,6.449921465376292,0.0137537732170537,2.79073165411788
100,18,confined,3,6.449921465376292,0.0137537732170537,2.79073165411788,152.9757382099906,384,402,335,413,644,1326,0,0.92275019900012,True,6.449921465376292,0.0137537732170537,2.79073165411788
100,18,confined,4,6.449921465376292,0.0137537732170537,2.79073165411788,153.03164442340184,384,414,322,424,604,1272,0,0.9382139860001644,True,6.449921465376292,0.0137537732170537,2.79073165411788
100,18,confined,5,6.449921465376292,0.0137537732170537,2.79073165411788,152.7261643634566,384,311,310,384,658,1172,0,0.9297585140000136,True,6.449921465376292,0.0137537732170537,2.79073165411788
100,18,confined,6,6.449921465376292,0.0137537732170537,2.79073165411788,152.83618502772762,384,341,333,384,659,1232,0,0.931027264000022,True,6.449921465376292,0.0137537732170537,2.79073165411788
100,18,confined,7,6.449921465376292,0.0137537732170537,2.79073165411788,152.97059708725735,384,391,353,416,650,1316,0,0.9499427150001338,True,6.449921465376292,0.0137537732170537,2.79073165411788
100,18,confined,8,6.449921465376292,0.0137537732170537,2.79073165411788,152.89434261127622,384,366,324,384,617,1198,0,0.9349528140000984,True,6.449921465376292,0.0137537732170537,2.79073165411788
100,18,confined,9,6.449921465376292,0.0137537732170537,2.79073165411788,152.80902647542666,384,336,320,384,637,1182,0,0.916745272000071,True,6.449921465376292,0.0137537732170537,2.79073165411788
100,18,confined,10,6.449921465376292,0.0137537732170537,2.79073165411788,153.00689030382668,384,402,348,428,634,1310,0,0.978507823999962,True,6.449921465376292,0.0137537732170537,2.79073165411788
100,18,confined,11,6.449921465376292,0.0137537732170537,2.79073165411788,152.99272084449046,384,399,340,405,643,1322,0,0.9078504440001324,True,6.449921465376292,0.0137537732170537,2.79073165411788
100,18,confined,12,6.449921465376292,0.0137537732170537,2.79073165411788,152.94216127671544,384,385,330,385,604,1212,0,0.9363696400000664,True,6.449921465376292,0.0137537732170537,2.79073165411788
100,18,confined,13,6.449921465376292,0.0137537732170537,2.79073165411788,152.88356282072365,384,350,310,384,597,1128,0,0.921966760000032,True,6.449921465376292,0.0137537732170537,2.79073165411788
100,18,confined,14,6.449921465376292,0.0137537732170537,2.79073165411788,152.94489217148924,384,394,346,403,663,1346,0,0.9282045040001776,True,6.449921465376292,0.0137537732170537,2.79073165411788
100,18,confined,15,6.449921465376292,0.0137537732170537,2.79073165411788,152.84738671015398,384,347,314,384,607,1144,0,0.9356121099999656,True,6.449921465376292,0.0137537732170537,2.79073165411788
100,18,confined,16,6.449921465376292,0.0137537732170537,2.79073165411788,152.7847023414897,384,330,295,384,594,1080,0,0.953116603999888,True,6.449921465376292,0.0137537732170537,2.79073165411788
100,18,confined,17,6.449921465376292,0.0137537732170537,2.79073165411788,152.718457223141,384,304,286,384,583,1008,0,0.9297672229999988,True,6.449921465376292,0.0137537732170537,2.79073165411788
100,18,confined,18,6.449921465376292,0.0137537732170537,2.79073165411788,152.93292420723094,384,380,335,400,648,1290,0,0.9472134019999884,True,6.449921465376292,0.0137537732170537,2.79073165411788
100,18,confined,19,6.449921465376292,0.0137537732170537,2.79073165411788,152.7795859456075,384,326,312,384,593,1070,0,0.9303411479997976,True,6.449921465376292,0.0137537732170537,2.79073165411788
100,18,confined,20,6.449921465376292,0.0137537732170537,2.79073165411788,152.9090999724246,384,375,337,388,623,1228,0,0.9469546840000476,True,6.449921465376292,0.0137537732170537,2.79073165411788
100,18,confined,21,6.449921465376292,0.0137537732170537,2.79073165411788,152.7822512938288,384,323,323,384,626,1136,0,0.939534176000052,True,6.449921465376292,0.0137537732170537,2.79073165411788
100,18,confined,22,6.449921465376292,0.0137537732170537,2.79073165411788,152.84332910212908,384,353,330,384,643,1226,0,0.9085235919999376,True,6.449921465376292,0.0137537732170537,2.79073165411788
100,18,confined,23,6.449921465376292,0.0137537732170537,2.79073165411788,152.96044181264136,384,387,326,404,623,1256,0,0.9180506190000416,True,6.449921465376292,0.0137537732170537,2.79073165411788
100,18,confined,24,6.449921465376292,0.0137537732170537,2.79073165411788,152.7772402949652,384,333,326,384,648,1196,0,0.9438360189999456,True,6.449921465376292,0.0137537732170537,2.79073165411788
100,18,confined,25,6.449921465376292,0.0137537732170537,2.79073165411788,152.7684811762655,384,320,295,384,588,1050,0,0.9398531110000476,True,6.449921465376292,0.0137537732170537,2.79073165411788
100,18,confined,26,6.449921465376292,0.0137537732170537,2.79073165411788,152.95488342038408,384,392,312,392,574,1166,0,0.990863064999985,True,6.449921465376292,0.0137537732170537,2.79073165411788
100,18,confined,27,6.449921465376292,0.0137537732170537,2.79073165411788,152.7534624455646,384,314,311,384,607,1076,0,1.0310550889998922,True,6.449921465376292,0.0137537732170537,2.79073165411788
100,18,confined,28,6.449921465376292,0.0137537732170537,2.79073165411788,152.8660237906604,384,366,333,388,642,1254,0,0.9949467630001436,True,6.449921465376292,0.0137537732170537,2.79073165411788
100,18,confined,29,6.449921465376292,0.0137537732170537,2.79073165411788,152.7986883190805,384,337,316,384,602,1116,0,0.9649756119999892,True,6.449921465376292,0.0137537732170537,2.79073165411788
100,18,confined,30,6.449921465376292,0.0137537732170537,2.79073165411788,152.91201379838475,384,361,343,384,640,1234,0,0.9429656990000694,True,6.449921465376292,0.0137537732170537,2.79073165411788
100,18,confined,31,6.449921465376292,0.0137537732170537,2.79073165411788,152.74416419086103,384,302,286,384,624,1086,0,0.8992429889999585,True,6.449921465376292,0.0137537732170537,2.79073165411788
100,18,confined,32,6.449921465376292,0.0137537732170537,2.79073165411788,152.79981444675346,384,329,329,384,670,1238,0,0.9362227510000594,True,6.449921465376292,0.0137537732170537,2.79073165411788
100,18,confined,33,6.449921465376292,0.0137537732170537,2.79073165411788,152.80553497153772,384,339,321,384,605,1122,0,0.921116412000174,True,6.449921465376292,0.0137537732170537,2.79073165411788
100,18,confined,34,6.449921465376292,0.0137537732170537,2.79073165411788,152.92556238037758,384,379,333,411,634,1258,0,0.9288685499998336,True,6.449921465376292,0.0137537732170537,2.79073165411788
100,18,confined,35,6.449921465376292,0.0137537732170537,2.79073165411788,152.83763652117588,384,343,329,384,589,1102,0,0.9245367880000686,True,6.449921465376292,0.0137537732170537,2.79073165411788
100,18,confined,36,6.449921465376292,0.0137537732170537,2.79073165411788,152.78730930495527,384,330,323,384,621,1140,0,0.9645584300001246,True,6.449921465376292,0.0137537732170537,2.79073165411788
100,18,confined,37,6.449921465376292,0.0137537732170537,2.79073165411788,152.69151760870145,384,295,289,384,595,1016,0,0.9631758400000764,True,6.449921465376292,0.0137537732170537,2.79073165411788
100,18,confined,38,6.449921465376292,0.0137537732170537,2.79073165411788,152.93445520661976,384,376,339,412,634,1256,0,0.993827273000079,True,6.449921465376292,0.0137537732170537,2.79073165411788
100,18,confined,39,6.449921465376292,0.0137537732170537,2.79073165411788,153.03838570278185,384,417,340,424,619,1308,0,0.9297401409999112,True,6.449921465376292,0.0137537732170537,2.79073165411788
100,20,confined,0,6.449921465376292,0.0137537732170537,3.1008129490198666,153.02917083659534,384,301,295,384,585,1010,0,0.9496701829998528,True,6.449921465376292,0.0137537732170537,3.1008129490198666
100,20,confined,1,6.449921465376292,0.0137537732170537,3.1008129490198666,153.12273192374616,384,348,328,384,607,1142,0,0.9520700830000806,True,6.449921465376292,0.0137537732170537,3.1008129490198666
100,20,confined,2,6.449921465376292,0.0137537732170537,3.1008129490198666,153.1987357602371,384,357,348,388,640,1230,0,0.9650940609999452,True,6.449921465376292,0.0137537732170537,3.1008129490198666
100,20,confined,3,6.449921465376292,0.0137537732170537,3.1008129490198666,153.12918986288125,384,342,306,384,579,1078,0,0.9187894130000132,True,6.449921465376292,0.0137537732170537,3.1008129490198666
100,20,confined,4,6.449921465376292,0.0137537732170537,3.1008129490198666,153.16075764217288,384,356,319,384,590,1126,0,0.957941812999934,True,6.449921465376292,0.0137537732170537,3.1008129490198666
100,20,confined,5,6.449921465376292,0.0137537732170537,3.1008129490198666,152.95082480170456,384,280,271,384,574,946,0,0.9497864520001258,True,6.449921465376292,0.0137537732170537,3.1008129490198666
100,20,confined,6,6.449921465376292,0.0137537732170537,3.1008129490198666,153.19064276789962,384,362,323,384,583,1122,0,0.9322797150000496,True,6.449921465376292,0.0137537732170537,3.1008129490198666
100,20,confined,7,6.449921465376292,0.0137537732170537,3.1008129490198666,153.0907934481087,384,323,304,384,598,1082,0,0.9685030620000816,True,6.449921465376292,0.0137537732170537,3.1008129490198666
100,20,confined,8,6.449921465376292,0.0137537732170537,3.1008129490198666,153.00422454859353,384,297,297,384,599,1024,0,0.9694280809999328,True,6.449921465376292,0.0137537732170537,3.1008129490198666
100,20,confined,9,6.449921465376292,0.0137537732170537,3.1008129490198666,153.17878467479483,384,350,342,384,576,1088,0,0.9923144720000892,True,6.449921465376292,0.0137537732170537,3.1008129490198666
100,20,confined,10,6.449921465376292,0.0137537732170537,3.1008129490198666,153.07520960479275,384,325,324,384,593,1068,0,0.9716605660000824,True,6.449921465376292,0.0137537732170537,3.1008129490198666
100,20,confined,11,6.449921465376292,0.0137537732170537,3.1008129490198666,153.16665882348178,384,370,351,408,611,1200,0,1.0584596179999153,True,6.449921465376292,0.0137537732170537,3.1008129490198666
100,20,confined,12,6.449921465376292,0.0137537732170537,3.1008129490198666,152.9633312245573,384,302,300,384,575,990,0,0.9921852139998464,True,6.449921465376292,0.0137537732170537,3.1008129490198666
100,20,confined,13,6.449921465376292,0.0137537732170537,3.1008129490198666,152.99555834105203,384,299,295,384,578,988,0,1.0122680430001765,True,6.449921465376292,0.0137537732170537,3.1008129490198666
100,20,confined,14,6.449921465376292,0.0137537732170537,3.1008129490198666,153.10316691071094,384,328,321,384,576,1044,0,1.0002723190000324,True,6.449921465376292,0.0137537732170537,3.1008129490198666
100,20,confined,15,6.449921465376292,0.0137537732170537,3.1008129490198666,152.91036159056034,384,280,280,384,609,1014,0,0.9873375560000568,True,6.449921465376292,0.0137537732170537,3.1008129490198666
100,20,confined,16,6.449921465376292,0.0137537732170537,3.1008129490198666,152.91434645399673,384,275,275,384,603,988,0,0.9362792199999604,True,6.449921465376292,0.0137537732170537,3.1008129490198666
100,20,confined,17,6.449921465376292,0.0137537732170537,3.1008129490198666,153.07948686673183,384,328,328,384,606,1104,0,0.9445138129999576,True,6.449921465376292,0.0137537732170537,3.1008129490198666
100,20,confined,18,6.449921465376292,0.0137537732170537,3.1008129490198666,153.11053629463976,384,341,320,384,592,1100,0,0.9337503120000292,True,6.449921465376292,0.0137537732170537,3.1008129490198666
100,20,confined,19,6.449921465376292,0.0137537732170537,3.1008129490198666,153.0144518486505,384,306,306,384,572,992,0,0.9569645069998388,True,6.449921465376292,0.0137537732170537,3.1008129490198666
100,20,confined,20,6.449921465376292,0.0137537732170537,3.1008129490198666,153.02188889806848,384,303,301,384,593,1028,0,0.9257906149998688,True,6.449921465376292,0.0137537732170537,3.1008129490198666
100,20,confined,21,6.449921465376292,0.0137537732170537,3.1008129490198666,153.32066930013042,384,415,357,428,618,1300,0,0.9552383480001936,True,6.449921465376292,0.0137537732170537,3.1008129490198666
100,20,confined,22,6.449921465376292,0.0137537732170537,3.1008129490198666,153.2490467082288,384,396,350,401,573,1172,0,0.9703180609999436,True,6.449921465376292,0.0137537732170537,3.1008129490198666
100,20,confined,23,6.449921465376292,0.0137537732170537,3.1008129490198666,152.92507249392338,384,281,281,384,557,912,0,0.9451552209998226,True,6.449921465376292,0.0137537732170537,3.1008129490198666
100,20,confined,24,6.449921465376292,0.0137537732170537,3.1008129490198666,152.9878548504415,384,291,289,384,576,970,0,0.9286813660000915,True,6.449921465376292,0.0137537732170537,3.1008129490198666
100,20,confined,25,6.449921465376292,0.0137537732170537,3.1008129490198666,152.99478412878435,384,289,281,384,587,986,0,0.9420517519999976,True,6.449921465376292,0.0137537732170537,3.1008129490198666
100,20,confined,26,6.449921465376292,0.0137537732170537,3.1008129490198666,152.99254924708742,384,298,295,384,605,1044,0,0.9556613019999532,True,6.449921465376292,0.0137537732170537,3.1008129490198666
100,20,confined,27,6.449921465376292,0.0137537732170537,3.1008129490198666,152.94121786872623,384,279,279,384,607,1008,0,0.966259331000174,True,6.449921465376292,0.0137537732170537,3.1008129490198666
100,20,confined,28,6.449921465376292,0.0137537732170537,3.1008129490198666,153.0606822616275,384,320,299,384,581,1036,0,0.9927247269999953,True,6.449921465376292,0.0137537732170537,3.1008129490198666
100,20,confined,29,6.449921465376292,0.0137537732170537,3.1008129490198666,153.07878287414206,384,335,331,384,596,1100,0,1.024890495999898,True,6.449921465376292,0.0137537732170537,3.1008129490198666
100,20,confined,30,6.449921465376292,0.0137537732170537,3.1008129490198666,152.95246161264217,384,291,288,384,563,942,0,1.0369184300000145,True,6.449921465376292,0.0137537732170537,3.1008129490198666
100,20,confined,31,6.449921465376292,0.0137537732170537,3.1008129490198666,153.0302429705063,384,312,307,384,578,1012,0,0.9238476160001028,True,6.449921465376292,0.0137537732170537,3.1008129490198666
100,20,confined,32,6.449921465376292,0.0137537732170537,3.1008129490198666,153.2920516407017,384,399,356,405,622,1278,0,0.9695643329998802,True,6.449921465376292,0.0137537732170537,3.1008129490198666
100,20,confined,33,6.449921465376292,0.0137537732170537,3.1008129490198666,153.0658445712563,384,318,301,384,551,972,0,0.9302846450000288,True,6.449921465376292,0.0137537732170537,3.1008129490198666
100,20,confined,34,6.449921465376292,0.0137537732170537,3.1008129490198666,153.00246099567707,384,304,304,384,590,1026,0,0.9750014579999516,True,6.449921465376292,0.0137537732170537,3.1008129490198666
100,20,confined,35,6.449921465376292,0.0137537732170537,3.1008129490198666,153.14753035719403,384,343,318,384,595,1112,0,0.9356351579999682,True,6.449921465376292,0.0137537732170537,3.1008129490198666
100,20,confined,36,6.449921465376292,0.0137537732170537,3.1008129490198666,153.07413195260227,384,325,321,384,573,1030,0,0.9382359180001458,True,6.449921465376292,0.0137537732170537,3.1008129490198666
100,20,confined,37,6.449921465376292,0.0137537732170537,3.1008129490198666,152.92905343394685,384,280,273,384,539,872,0,0.9297858699999324,True,6.449921465376292,0.0137537732170537,3.1008129490198666
100,20,confined,38,6.449921465376292,0.0137537732170537,3.1008129490198666,153.00465963011226,384,312,312,384,615,1088,0,0.9040085210001508,True,6.449921465376292,0.0137537732170537,3.1008129490198666
100,20,confined,39,6.449921465376292,0.0137537732170537,3.1008129490198666,153.17756000231256,384,360,327,388,588,1128,0,0.9427946250000332,True,6.449921465376292,0.0137537732170537,3.1008129490198666
100,22,confined,0,6.449921465376292,0.0137537732170537,3.4108942439218533,153.1788426098131,384,321,310,384,564,1004,0,0.9171925159998864,True,6.449921465376292,0.0137537732170537,3.4108942439218533
100,22,confined,1,6.449921465376292,0.0137537732170537,3.4108942439218533,153.11299007755167,384,314,298,384,563,986,0,0.9201396099999783,True,6.449921465376292,0.0137537732170537,3.4108942439218533
100,22,confined,2,6.449921465376292,0.0137537732170537,3.4108942439218533,153.16135834457037,384,325,325,384,612,1106,0,0.9265528740002082,True,6.449921465376292,0.0137537732170537,3.4108942439218533
100,22,confined,3,6.449921465376292,0.0137537732170537,3.4108942439218533,153.2117269796322,384,331,327,384,568,1030,0,0.9275989819998358,True,6.449921465376292,0.0137537732170537,3.4108942439218533
100,22,confined,4,6.449921465376292,0.0137537732170537,3.4108942439218533,153.1586723276131,384,327,323,384,582,1050,0,0.913971758000116,True,6.449921465376292,0.0137537732170537,3.4108942439218533
100,22,confined,5,6.449921465376292,0.0137537732170537,3.4108942439218533,153.05577757038236,384,294,294,384,600,1022,0,0.93144419500004,True,6.449921465376292,0.0137537732170537,3.4108942439218533
100,22,confined,6,6.449921465376292,0.0137537732170537,3.4108942439218533,153.16519620065,384,328,318,384,553,996,0,0.9178363780001746,True,6.449921465376292,0.0137537732170537,3.4108942439218533
100,22,confined,7,6.449921465376292,0.0137537732170537,3.4108942439218533,153.2272150437967,384,344,321,384,544,1008,0,0.9232366439998714,True,6.449921465376292,0.0137537732170537,3.4108942439218533
100,22,confined,8,6.449921465376292,0.0137537732170537,3.4108942439218533,153.09101614049587,384,294,294,384,548,918,0,0.9084892860000764,True,6.449921465376292,0.0137537732170537,3.4108942439218533
100,22,confined,9,6.449921465376292,0.0137537732170537,3.4108942439218533,153.1535969662526,384,317,317,384,579,1024,0,0.929118785000128,True,6.449921465376292,0.0137537732170537,3.4108942439218533
100,22,confined,10,6.449921465376292,0.0137537732170537,3.4108942439218533,153.1494391449146,384,326,300,384,542,970,0,0.93050381199987,True,6.449921465376292,0.0137537732170537,3.4108942439218533
100,22,confined,11,6.449921465376292,0.0137537732170537,3.4108942439218533,153.21333921191118,384,345,321,384,560,1048,0,0.9601138020000236,True,6.449921465376292,0.0137537732170537,3.4108942439218533
100,22,confined,12,6.449921465376292,0.0137537732170537,3.4108942439218533,153.03660890233897,384,293,286,384,589,1000,0,0.919681827000204,True,6.449921465376292,0.0137537732170537,3.4108942439218533
100,22,confined,13,6.449921465376292,0.0137537732170537,3.4108942439218533,153.19271192255437,384,334,306,384,534,968,0,0.9581598629999916,True,6.449921465376292,0.0137537732170537,3.4108942439218533
100,22,confined,14,6.449921465376292,0.0137537732170537,3.4108942439218533,153.23062371582463,384,358,349,392,588,1124,0,0.950339541999938,True,6.449921465376292,0.0137537732170537,3.4108942439218533
100,22,confined,15,6.449921465376292,0.0137537732170537,3.4108942439218533,153.17226002132838,384,330,311,384,559,1010,0,0.9212536279999312,True,6.449921465376292,0.0137537732170537,3.4108942439218533
100,22,confined,16,6.449921465376292,0.0137537732170537,3.4108942439218533,153.33187174674234,384,386,331,396,545,1096,0,0.9215600509999148,True,6.449921465376292,0.0137537732170537,3.4108942439218533
100,22,confined,17,6.449921465376292,0.0137537732170537,3.4108942439218533,153.2848861105094,384,362,327,384,566,1090,0,0.9240720249999868,True,6.449921465376292,0.0137537732170537,3.4108942439218533
100,22,confined,18,6.449921465376292,0.0137537732170537,3.4108942439218533,153.10656193497428,384,295,287,384,558,942,0,0.918230655999878,True,6.449921465376292,0.0137537732170537,3.4108942439218533
100,22,confined,19,6.449921465376292,0.0137537732170537,3.4108942439218533,153.13728568167704,384,321,317,384,604,1082,0,0.9409299120000014,True,6.449921465376292,0.0137537732170537,3.4108942439218533
100,22,confined,20,6.449921465376292,0.0137537732170537,3.4108942439218533,153.35137079718277,384,395,342,399,578,1180,0,0.9323085710000214,True,6.449921465376292,0.0137537732170537,3.4108942439218533
100,22,confined,21,6.449921465376292,0.0137537732170537,3.4108942439218533,153.1866030623675,384,329,315,384,576,1042,0,0.9377698480000164,True,6.449921465376292,0.0137537732170537,3.4108942439218533
100,22,confined,22,6.449921465376292,0.0137537732170537,3.4108942439218533,153.3858955645931,384,397,338,400,570,1170,0,0.9491440799999964,True,6.449921465376292,0.0137537732170537,3.4108942439218533
100,22,confined,23,6.449921465376292,0.0137537732170537,3.4108942439218533,153.3252505624893,384,373,346,384,564,1108,0,0.9070101069999056,True,6.449921465376292,0.0137537732170537,3.4108942439218533
100,22,confined,24,6.449921465376292,0.0137537732170537,3.4108942439218533,153.2987041989837,384,373,349,384,578,1136,0,0.9196784610001032,True,6.449921465376292,0.0137537732170537,3.4108942439218533
100,22,confined,25,6.449921465376292,0.0137537732170537,3.4108942439218533,153.38327421835217,384,401,341,407,597,1228,0,0.9338606720000372,True,6.449921465376292,0.0137537732170537,3.4108942439218533
100,22,confined,26,6.449921465376292,0.0137537732170537,3.4108942439218533,153.3323626541373,384,374,328,384,576,1134,0,0.8969270770001003,True,6.449921465376292,0.0137537732170537,3.4108942439218533
100,22,confined,27,6.449921465376292,0.0137537732170537,3.4108942439218533,153.23446012354609,384,344,308,384,560,1040,0,0.8823547289998714,True,6.449921465376292,0.0137537732170537,3.4108942439218533
100,22,confined,28,6.449921465376292,0.0137537732170537,3.4108942439218533,153.20019082199738,384,330,325,384,594,1080,0,0.9002348219999021,True,6.449921465376292,0.0137537732170537,3.4108942439218533
100,22,confined,29,6.449921465376292,0.0137537732170537,3.4108942439218533,153.05283340031352,384,293,291,384,534,886,0,0.9552189339999586,True,6.449921465376292,0.0137537732170537,3.4108942439218533
100,22,confined,30,6.449921465376292,0.0137537732170537,3.4108942439218533,153.0738446420311,384,304,303,384,591,1024,0,0.918025987999954,True,6.449921465376292,0.0137537732170537,3.4108942439218533
100,22,confined,31,6.449921465376292,0.0137537732170537,3.4108942439218533,153.0578170068958,384,295,295,384,574,972,0,0.9896829570000136,True,6.449921465376292,0.0137537732170537,3.4108942439218533
100,22,confined,32,6.449921465376292,0.0137537732170537,3.4108942439218533,153.1525420108188,384,325,310,384,558,1002,0,1.0022104340000624,True,6.449921465376292,0.0137537732170537,3.4108942439218533
100,22,confined,33,6.449921465376292,0.0137537732170537,3.4108942439218533,153.26673364691527,384,355,342,384,593,1128,0,0.9857623579998744,True,6.449921465376292,0.0137537732170537,3.4108942439218533
100,22,confined,34,6.449921465376292,0.0137537732170537,3.4108942439218533,153.34711474055993,384,376,335,392,581,1146,0,0.9713138760000676,True,6.449921465376292,0.0137537732170537,3.4108942439218533
100,22,confined,35,6.449921465376292,0.0137537732170537,3.4108942439218533,153.07480411140892,384,294,285,384,580,984,0,0.9365990829999192,True,6.449921465376292,0.0137537732170537,3.4108942439218533
100,22,confined,36,6.449921465376292,0.0137537732170537,3.4108942439218533,153.16785785131174,384,331,308,384,566,1026,0,0.9486789929999304,True,6.449921465376292,0.0137537732170537,3.4108942439218533
100,22,confined,37,6.449921465376292,0.0137537732170537,3.4108942439218533,153.2501141812674,384,349,319,384,566,1062,0,0.9528726789999382,True,6.449921465376292,0.0137537732170537,3.4108942439218533
100,22,confined,38,6.449921465376292,0.0137537732170537,3.4108942439218533,153.20256719053802,384,344,333,384,575,1072,0,0.9172955899998668,True,6.449921465376292,0.0137537732170537,3.4108942439218533
100,22,confined,39,6.449921465376292,0.0137537732170537,3.4108942439218533,153.2697483786105,384,362,343,384,589,1136,0,0.9063231999998608,True,6.449921465376292,0.0137537732170537,3.4108942439218533
100,0,unconfined,0,6.449921465376292,0.0137537732170537,inf,153.56469653743872,384,281,268,384,497,794,0,1.2097519270000705,False,6.449921465376292,0.0137537732170537,inf
100,0,unconfined,1,6.449921465376292,0.0137537732170537,inf,153.89815924364004,384,394,333,414,491,1004,0,1.131982065000102,False,6.449921465376292,0.0137537732170537,inf
100,0,unconfined,2,6.449921465376292,0.0137537732170537,inf,153.7133246494677,384,333,323,384,515,930,0,1.1646302209999249,False,6.449921465376292,0.0137537732170537,inf
100,0,unconfined,3,6.449921465376292,0.0137537732170537,inf,153.96107757982315,384,423,351,429,512,1104,0,1.1882989180001005,False,6.449921465376292,0.0137537732170537,inf
100,0,unconfined,4,6.449921465376292,0.0137537732170537,inf,153.92931373634082,384,408,354,411,522,1098,0,0.8938317420002022,False,6.449921465376292,0.0137537732170537,inf
100,0,unconfined,5,6.449921465376292,0.0137537732170537,inf,153.77921137464674,384,358,328,384,494,938,0,0.8923862619999454,False,6.449921465376292,0.0137537732170537,inf
100,0,unconfined,6,6.449921465376292,0.0137537732170537,inf,153.77019909960472,384,344,324,384,495,914,0,0.8994869420000668,False,6.449921465376292,0.0137537732170537,inf
100,0,unconfined,7,6.449921465376292,0.0137537732170537,inf,153.50862129094034,384,270,270,384,488,752,0,0.9089326609998808,False,6.449921465376292,0.0137537732170537,inf
100,0,unconfined,8,6.449921465376292,0.0137537732170537,inf,153.8760845613226,384,391,335,396,509,1034,0,0.9257068669999172,False,6.449921465376292,0.0137537732170537,inf
100,0,unconfined,9,6.449921465376292,0.0137537732170537,inf,153.90661705661185,384,412,334,412,514,1084,0,0.9679609329998584,False,6.449921465376292,0.0137537732170537,inf
100,0,unconfined,10,6.449921465376292,0.0137537732170537,inf,153.68988512687517,384,327,315,384,513,912,0,0.9807388149999952,False,6.449921465376292,0.0137537732170537,inf
100,0,unconfined,11,6.449921465376292,0.0137537732170537,inf,153.64907034186768,384,314,314,384,533,926,0,1.0154707809999763,False,6.449921465376292,0.0137537732170537,inf
100,0,unconfined,12,6.449921465376292,0.0137537732170537,inf,153.80202519319263,384,364,332,384,518,1002,0,1.0607367370000702,False,6.449921465376292,0.0137537732170537,inf
100,0,unconfined,13,6.449921465376292,0.0137537732170537,inf,153.75237388029348,384,334,329,384,509,918,0,1.028248511000129,False,6.449921465376292,0.0137537732170537,inf
100,0,unconfined,14,6.449921465376292,0.0137537732170537,inf,153.83900550317787,384,371,321,384,459,892,0,0.9623906970000462,False,6.449921465376292,0.0137537732170537,inf
100,0,unconfined,15,6.449921465376292,0.0137537732170537,inf,153.79815776105397,384,366,313,384,485,938,0,1.0369794990001535,False,6.449921465376292,0.0137537732170537,inf
100,0,unconfined,16,6.449921465376292,0.0137537732170537,inf,153.60924310575356,384,298,296,384,486,804,0,0.8730164389999118,False,6.449921465376292,0.0137537732170537,inf
100,0,unconfined,17,6.449921465376292,0.0137537732170537,inf,153.69565400937364,384,319,300,384,516,906,0,0.9000991640000393,False,6.449921465376292,0.0137537732170537,inf
100,0,unconfined,18,6.449921465376292,0.0137537732170537,inf,153.82079218976642,384,371,340,384,542,1058,0,0.898103208999828,False,6.449921465376292,0.0137537732170537,inf
100,0,unconfined,19,6.449921465376292,0.0137537732170537,inf,153.8421269701813,384,372,345,390,516,1010,0,0.8820378150001034,False,6.449921465376292,0.0137537732170537,inf
100,0,unconfined,20,6.449921465376292,0.0137537732170537,inf,153.7755227005513,384,363,321,384,508,978,0,0.886252728000045,False,6.449921465376292,0.0137537732170537,inf
100,0,unconfined,21,6.449921465376292,0.0137537732170537,inf,153.82348918624876,384,359,344,384,522,998,0,0.912045390000003,False,6.449921465376292,0.0137537732170537,inf
100,0,unconfined,22,6.449921465376292,0.0137537732170537,inf,153.70623346482552,384,335,305,384,490,882,0,0.8937639109999509,False,6.449921465376292,0.0137537732170537,inf
100,0,unconfined,23,6.449921465376292,0.0137537732170537,inf,153.84552864782705,384,375,341,389,512,1010,0,0.8867647859999579,False,6.449921465376292,0.0137537732170537,inf
100,0,unconfined,24,6.449921465376292,0.0137537732170537,inf,153.7617594140104,384,344,321,384,475,872,0,0.8784217429999899,False,6.449921465376292,0.0137537732170537,inf
100,0,unconfined,25,6.449921465376292,0.0137537732170537,inf,153.7855805242682,384,355,344,384,523,998,0,0.9240254119999918,False,6.449921465376292,0.0137537732170537,inf
100,0,unconfined,26,6.449921465376292,0.0137537732170537,inf,153.7543903030483,384,344,307,384,484,890,0,0.8930947609999293,False,6.449921465376292,0.0137537732170537,inf
100,0,unconfined,27,6.449921465376292,0.0137537732170537,inf,153.5755732328027,384,296,282,384,528,884,0,0.8865898569999899,False,6.449921465376292,0.0137537732170537,inf
100,0,unconfined,28,6.449921465376292,0.0137537732170537,inf,153.80273428142272,384,348,317,384,520,970,0,0.8762028959999952,False,6.449921465376292,0.0137537732170537,inf
100,0,unconfined,29,6.449921465376292,0.0137537732170537,inf,153.70373315678646,384,344,334,384,504,928,0,0.8826964300001237,False,6.449921465376292,0.0137537732170537,inf
100,0,unconfined,30,6.449921465376292,0.0137537732170537,inf,153.78216382517007,384,353,334,392,534,1006,0,0.8938284010000643,False,6.449921465376292,0.0137537732170537,inf
100,0,unconfined,31,6.449921465376292,0.0137537732170537,inf,153.62825865233162,384,317,312,384,511,890,0,0.8888103880001381,False,6.449921465376292,0.0137537732170537,inf
100,0,unconfined,32,6.449921465376292,0.0137537732170537,inf,153.630278859944,384,301,297,384,505,844,0,0.8742796009998983,False,6.449921465376292,0.0137537732170537,inf
100,0,unconfined,33,6.449921465376292,0.0137537732170537,inf,153.8035912677253,384,357,334,384,491,932,0,0.9136634239998784,False,6.449921465376292,0.0137537732170537,inf
100,0,unconfined,34,6.449921465376292,0.0137537732170537,inf,153.81515414680464,384,367,337,384,507,982,0,0.8875231950000853,False,6.449921465376292,0.0137537732170537,inf
100,0,unconfined,35,6.449921465376292,0.0137537732170537,inf,153.86452200172192,384,382,337,388,506,1010,0,0.8928220780001084,False,6.449921465376292,0.0137537732170537,inf
100,0,unconfined,36,6.449921465376292,0.0137537732170537,inf,153.74547771216456,384,337,323,384,512,932,0,0.9069932469999458,False,6.449921465376292,0.0137537732170537,inf
100,0,unconfined,37,6.449921465376292,0.0137537732170537,inf,153.70623214377767,384,332,304,384,474,846,0,0.9255546490001052,False,6.449921465376292,0.0137537732170537,inf
100,0,unconfined,38,6.449921465376292,0.0137537732170537,inf,153.6103542570089,384,302,302,384,503,846,0,0.9254794179998952,False,6.449921465376292,0.0137537732170537,inf
100,0,unconfined,39,6.449921465376292,0.0137537732170537,inf,153.80867775779458,384,357,348,386,525,998,0,0.9367456980000952,False,6.449921465376292,0.0137537732170537,inf
150,8,confined,0,8.19969818294269,0.0286423016385674,0.9756456666468396,223.57847292006304,384,388,348,424,1604,3226,0,1.115059839999958,True,8.19969818294269,0.0286423016385674,0.9756456666468396
150,8,confined,1,8.19969818294269,0.0286423016385674,0.9756456666468396,223.8682599970116,384,505,318,547,1682,3614,0,1.120953073999999,True,8.19969818294269,0.0286423016385674,0.9756456666468396
150,8,confined,2,8.19969818294269,0.0286423016385674,0.9756456666468396,223.6676177169767,384,403,342,454,1553,3168,0,1.0923742729999049,True,8.19969818294269,0.0286423016385674,0.9756456666468396
150,8,confined,3,8.19969818294269,0.0286423016385674,0.9756456666468396,223.5598236394048,384,372,321,425,1564,3110,0,1.086691148,True,8.19969818294269,0.0286423016385674,0.9756456666468396
150,8,confined,4,8.19969818294269,0.0286423016385674,0.9756456666468396,223.4114598680474,384,322,322,393,1599,3088,0,1.0551043400000708,True,8.19969818294269,0.0286423016385674,0.9756456666468396
150,8,confined,5,8.19969818294269,0.0286423016385674,0.9756456666468396,223.71579677225225,384,423,335,439,1589,3270,0,1.0664493819999734,True,8.19969818294269,0.0286423016385674,0.9756456666468396
150,8,confined,6,8.19969818294269,0.0286423016385674,0.9756456666468396,223.6207137899423,384,398,326,443,1538,3114,0,1.0217859480001152,True,8.19969818294269,0.0286423016385674,0.9756456666468396
150,8,confined,7,8.19969818294269,0.0286423016385674,0.9756456666468396,223.80951471658545,384,465,354,519,1708,3590,0,1.0593157359999168,True,8.19969818294269,0.0286423016385674,0.9756456666468396
150,8,confined,8,8.19969818294269,0.0286423016385674,0.9756456666468396,223.47176595942253,384,345,321,390,1532,3004,0,0.9987991440000314,True,8.19969818294269,0.0286423016385674,0.9756456666468396
150,8,confined,9,8.19969818294269,0.0286423016385674,0.9756456666468396,223.7547989107243,384,444,340,477,1596,3320,0,1.0308678139999756,True,8.19969818294269,0.0286423016385674,0.9756456666468396
150,8,confined,10,8.19969818294269,0.0286423016385674,0.9756456666468396,223.51610225797305,384,363,323,419,1559,3088,0,1.0547654169999987,True,8.19969818294269,0.0286423016385674,0.9756456666468396
150,8,confined,11,8.19969818294269,0.0286423016385674,0.9756456666468396,223.5310744515002,384,362,287,392,1438,2838,0,1.0183065449998594,True,8.19969818294269,0.0286423016385674,0.9756456666468396
150,8,confined,12,8.19969818294269,0.0286423016385674,0.9756456666468396,223.68713251733865,384,426,335,453,1561,3220,0,1.057904265000161,True,8.19969818294269,0.0286423016385674,0.9756456666468396
150,8,confined,13,8.19969818294269,0.0286423016385674,0.9756456666468396,223.4941757816786,384,341,299,405,1457,2834,0,1.063468151999814,True,8.19969818294269,0.0286423016385674,0.9756456666468396
150,8,confined,14,8.19969818294269,0.0286423016385674,0.9756456666468396,223.86946259340684,384,513,334,559,1682,3626,0,1.1038683020001372,True,8.19969818294269,0.0286423016385674,0.9756456666468396
150,8,confined,15,8.19969818294269,0.0286423016385674,0.9756456666468396,223.42353199212783,384,315,231,384,1361,2590,0,0.9982365250000385,True,8.19969818294269,0.0286423016385674,0.9756456666468396
150,8,confined,16,8.19969818294269,0.0286423016385674,0.9756456666468396,223.41305429303145,384,326,301,393,1530,2958,0,1.024968969999918,True,8.19969818294269,0.0286423016385674,0.9756456666468396
150,8,confined,17,8.19969818294269,0.0286423016385674,0.9756456666468396,223.4601331668329,384,337,292,391,1493,2902,0,1.0264417060000142,True,8.19969818294269,0.0286423016385674,0.9756456666468396
150,8,confined,18,8.19969818294269,0.0286423016385674,0.9756456666468396,223.70521971983808,384,421,350,474,1713,3508,0,1.0676185879999591,True,8.19969818294269,0.0286423016385674,0.9756456666468396
150,8,confined,19,8.19969818294269,0.0286423016385674,0.9756456666468396,223.8952612387133,384,518,347,537,1643,3572,0,1.103294897999831,True,8.19969818294269,0.0286423016385674,0.9756456666468396
150,8,confined,20,8.19969818294269,0.0286423016385674,0.9756456666468396,223.37414069100333,384,309,264,384,1391,2640,0,0.9980296700000508,True,8.19969818294269,0.0286423016385674,0.9756456666468396
150,8,confined,21,8.19969818294269,0.0286423016385674,0.9756456666468396,223.6025458031949,384,392,319,438,1516,3050,0,1.01744058700001,True,8.19969818294269,0.0286423016385674,0.9756456666468396
150,8,confined,22,8.19969818294269,0.0286423016385674,0.9756456666468396,223.7223997133399,384,429,357,477,1673,3446,0,1.054168231999938,True,8.19969818294269,0.0286423016385674,0.9756456666468396
150,8,confined,23,8.19969818294269,0.0286423016385674,0.9756456666468396,223.5595354499408,384,378,280,403,1434,2868,0,1.0425498659999448,True,8.19969818294269,0.0286423016385674,0.9756456666468396
150,8,confined,24,8.19969818294269,0.0286423016385674,0.9756456666468396,223.177800806134,384,245,235,384,1338,2414,0,0.979134995999857,True,8.19969818294269,0.0286423016385674,0.9756456666468396
150,8,confined,25,8.19969818294269,0.0286423016385674,0.9756456666468396,223.3224124999204,384,289,289,384,1475,2772,0,1.034303472999909,True,8.19969818294269,0.0286423016385674,0.9756456666468396
150,8,confined,26,8.19969818294269,0.0286423016385674,0.9756456666468396,223.8220288646787,384,490,351,520,1812,3850,0,1.1205184160000954,True,8.19969818294269,0.0286423016385674,0.9756456666468396
150,8,confined,27,8.19969818294269,0.0286423016385674,0.9756456666468396,223.6686191177056,384,411,321,427,1520,3104,0,1.0562256940002044,True,8.19969818294269,0.0286423016385674,0.9756456666468396
150,8,confined,28,8.19969818294269,0.0286423016385674,0.9756456666468396,223.63375879967103,384,397,328,400,1547,3128,0,1.041656926999849,True,8.19969818294269,0.0286423016385674,0.9756456666468396
150,8,confined,29,8.19969818294269,0.0286423016385674,0.9756456666468396,223.9764605609028,384,563,350,631,1854,4078,0,1.2016855429999396,True,8.19969818294269,0.0286423016385674,0.9756456666468396
150,8,confined,30,8.19969818294269,0.0286423016385674,0.9756456666468396,223.4393724817881,384,331,319,385,1480,2862,0,1.0855117099999916,True,8.19969818294269,0.0286423016385674,0.9756456666468396
150,8,confined,31,8.19969818294269,0.0286423016385674,0.9756456666468396,223.67797945123263,384,414,355,455,1656,3388,0,1.1356565869998576,True,8.19969818294269,0.0286423016385674,0.9756456666468396
150,8,confined,32,8.19969818294269,0.0286423016385674,0.9756456666468396,223.3049976625542,384,291,269,386,1363,2544,0,1.032560310000008,True,8.19969818294269,0.0286423016385674,0.9756456666468396
150,8,confined,33,8.19969818294269,0.0286423016385674,0.9756456666468396,223.39135234972733,384,315,310,392,1538,2952,0,1.0067476020001322,True,8.19969818294269,0.0286423016385674,0.9756456666468396
150,8,confined,34,8.19969818294269,0.0286423016385674,0.9756456666468396,223.54861975832827,384,370,343,425,1658,3290,0,1.0395899039999676,True,8.19969818294269,0.0286423016385674,0.9756456666468396
150,8,confined,35,8.19969818294269,0.0286423016385674,0.9756456666468396,223.71258627886183,384,432,323,451,1553,3210,0,1.0918434529999104,True,8.19969818294269,0.0286423016385674,0.9756456666468396
150,8,confined,36,8.19969818294269,0.0286423016385674,0.9756456666468396,223.632287006245,384,395,293,431,1484,2996,0,1.0462375250001514,True,8.19969818294269,0.0286423016385674,0.9756456666468396
150,8,confined,37,8.19969818294269,0.0286423016385674,0.9756456666468396,223.39663945568157,384,321,271,384,1373,2634,0,1.0107767520000834,True,8.19969818294269,0.0286423016385674,0.9756456666468396
150,8,confined,38,8.19969818294269,0.0286423016385674,0.9756456666468396,223.54017884029307,384,362,322,400,1467,2908,0,1.0235057099998812,True,8.19969818294269,0.0286423016385674,0.9756456666468396
150,8,confined,39,8.19969818294269,0.0286423016385674,0.9756456666468396,223.66626725394585,384,420,332,429,1553,3184,0,1.0819218020001244,True,8.19969818294269,0.0286423016385674,0.9756456666468396
150,10,confined,0,8.19969818294269,0.0286423016385674,1.2195570833085494,226.10826902497095,384,358,308,384,1266,2492,0,1.030559103999849,True,8.19969818294269,0.0286423016385674,1.2195570833085494
150,10,confined,1,8.19969818294269,0.0286423016385674,1.2195570833085494,226.1821312430647,384,384,340,394,1347,2700,0,1.053365445999816,True,8.19969818294269,0.0286423016385674,1.2195570833085494
150,10,confined,2,8.19969818294269,0.0286423016385674,1.2195570833085494,225.9569409604932,384,305,269,384,1234,2318,0,0.9887053819998072,True,8.19969818294269,0.0286423016385674,1.2195570833085494
150,10,confined,3,8.19969818294269,0.0286423016385674,1.2195570833085494,226.06683302252023,384,343,308,384,1287,2504,0,1.0648924580000312,True,8.19969818294269,0.0286423016385674,1.2195570833085494
150,10,confined,4,8.19969818294269,0.0286423016385674,1.2195570833085494,226.0688859496099,384,346,287,384,1321,2568,0,1.0624542499999734,True,8.19969818294269,0.0286423016385674,1.2195570833085494
150,10,confined,5,8.19969818294269,0.0286423016385674,1.2195570833085494,226.01972946911107,384,341,336,393,1383,2688,0,1.0347965189998831,True,8.19969818294269,0.0286423016385674,1.2195570833085494
150,10,confined,6,8.19969818294269,0.0286423016385674,1.2195570833085494,226.10791790773368,384,355,321,384,1339,2628,0,0.9917766720000144,True,8.19969818294269,0.0286423016385674,1.2195570833085494
150,10,confined,7,8.19969818294269,0.0286423016385674,1.2195570833085494,226.1802153234516,384,385,294,392,1276,2566,0,1.0649170619999495,True,8.19969818294269,0.0286423016385674,1.2195570833085494
150,10,confined,8,8.19969818294269,0.0286423016385674,1.2195570833085494,226.1772365828658,384,385,342,440,1392,2800,0,1.0781416219999755,True,8.19969818294269,0.0286423016385674,1.2195570833085494
150,10,confined,9,8.19969818294269,0.0286423016385674,1.2195570833085494,225.88797096727956,384,301,301,384,1249,2340,0,1.0184215619999577,True,8.19969818294269,0.0286423016385674,1.2195570833085494
150,10,confined,10,8.19969818294269,0.0286423016385674,1.2195570833085494,226.0525170791675,384,344,301,384,1269,2466,0,0.9995208499999536,True,8.19969818294269,0.0286423016385674,1.2195570833085494
150,10,confined,11,8.19969818294269,0.0286423016385674,1.2195570833085494,226.03567109296577,384,340,304,384,1317,2554,0,1.0629899719999685,True,8.19969818294269,0.0286423016385674,1.2195570833085494
150,10,confined,12,8.19969818294269,0.0286423016385674,1.2195570833085494,226.28377973919692,384,429,337,449,1428,2956,0,1.1080614009999863,True,8.19969818294269,0.0286423016385674,1.2195570833085494
150,10,confined,13,8.19969818294269,0.0286423016385674,1.2195570833085494,226.0554315418397,384,342,317,384,1312,2550,0,1.0331201530000271,True,8.19969818294269,0.0286423016385674,1.2195570833085494
150,10,confined,14,8.19969818294269,0.0286423016385674,1.2195570833085494,226.39331097214415,384,484,344,494,1619,3450,0,1.0941984520000003,True,8.19969818294269,0.0286423016385674,1.2195570833085494
150,10,confined,15,8.19969818294269,0.0286423016385674,1.2195570833085494,226.21310723470947,384,404,316,417,1338,2728,0,1.0315017129998978,True,8.19969818294269,0.0286423016385674,1.2195570833085494
150,10,confined,16,8.19969818294269,0.0286423016385674,1.2195570833085494,226.31164119584585,384,444,312,459,1331,2792,0,1.065903174000141,True,8.19969818294269,0.0286423016385674,1.2195570833085494
150,10,confined,17,8.19969818294269,0.0286423016385674,1.2195570833085494,226.20276229973223,384,410,312,411,1276,2614,0,1.0238689099999192,True,8.19969818294269,0.0286423016385674,1.2195570833085494
150,10,confined,18,8.19969818294269,0.0286423016385674,1.2195570833085494,226.15012051281056,384,372,324,393,1352,2686,0,1.0431488379999792,True,8.19969818294269,0.0286423016385674,1.2195570833085494
150,10,confined,19,8.19969818294269,0.0286423016385674,1.2195570833085494,225.6162414331073,384,219,210,384,1093,1860,0,0.99583673799998,True,8.19969818294269,0.0286423016385674,1.2195570833085494
150,10,confined,20,8.19969818294269,0.0286423016385674,1.2195570833085494,226.24248024459797,384,412,282,421,1245,2548,0,1.0591682550000314,True,8.19969818294269,0.0286423016385674,1.2195570833085494
150,10,confined,21,8.19969818294269,0.0286423016385674,1.2195570833085494,226.06660636435785,384,347,304,384,1285,2502,0,1.029138611999997,True,8.19969818294269,0.0286423016385674,1.2195570833085494
150,10,confined,22,8.19969818294269,0.0286423016385674,1.2195570833085494,226.1661802608339,384,385,346,423,1419,2852,0,1.0053203309998937,True,8.19969818294269,0.0286423016385674,1.2195570833085494
150,10,confined,23,8.19969818294269,0.0286423016385674,1.2195570833085494,226.3282809375526,384,452,326,452,1346,2832,0,1.0203336250001485,True,8.19969818294269,0.0286423016385674,1.2195570833085494
150,10,confined,24,8.19969818294269,0.0286423016385674,1.2195570833085494,226.14049442740367,384,368,331,409,1425,2830,0,1.04927616499981,True,8.19969818294269,0.0286423016385674,1.2195570833085494
150,10,confined,25,8.19969818294269,0.0286423016385674,1.2195570833085494,226.05551754915683,384,348,273,384,1224,2386,0,1.0169878070000775,True,8.19969818294269,0.0286423016385674,1.2195570833085494
150,10,confined,26,8.19969818294269,0.0286423016385674,1.2195570833085494,226.2682155109502,384,429,333,460,1380,2854,0,1.1082904289999078,True,8.19969818294269,0.0286423016385674,1.2195570833085494
150,10,confined,27,8.19969818294269,0.0286423016385674,1.2195570833085494,225.9364159564152,384,313,301,384,1245,2358,0,1.0980019029998402,True,8.19969818294269,0.0286423016385674,1.2195570833085494
150,10,confined,28,8.19969818294269,0.0286423016385674,1.2195570833085494,226.28344031616908,384,430,308,434,1353,2808,0,1.1135920419999366,True,8.19969818294269,0.0286423016385674,1.2195570833085494
150,10,confined,29,8.19969818294269,0.0286423016385674,1.2195570833085494,226.02690243361707,384,324,288,384,1211,2310,0,1.0733403039998848,True,8.19969818294269,0.0286423016385674,1.2195570833085494
150,10,confined,30,8.19969818294269,0.0286423016385674,1.2195570833085494,225.4982167919818,384,193,186,384,1131,1890,0,0.9692033609999272,True,8.19969818294269,0.0286423016385674,1.2195570833085494
150,10,confined,31,8.19969818294269,0.0286423016385674,1.2195570833085494,225.73604965749507,384,248,243,384,1198,2130,0,1.0080717030000417,True,8.19969818294269,0.0286423016385674,1.2195570833085494
150,10,confined,32,8.19969818294269,0.0286423016385674,1.2195570833085494,226.0019581946496,384,325,297,384,1340,2570,0,0.9906680470000992,True,8.19969818294269,0.0286423016385674,1.2195570833085494
150,10,confined,33,8.19969818294269,0.0286423016385674,1.2195570833085494,226.31016520624317,384,447,333,456,1391,2912,0,1.0171676400000251,True,8.19969818294269,0.0286423016385674,1.2195570833085494
150,10,confined,34,8.19969818294269,0.0286423016385674,1.2195570833085494,225.7893778738014,384,256,243,384,1270,2296,0,0.9555858080000236,True,8.19969818294269,0.0286423016385674,1.2195570833085494
150,10,confined,35,8.19969818294269,0.0286423016385674,1.2195570833085494,226.12968818855617,384,366,317,401,1315,2598,0,1.0266903570000068,True,8.19969818294269,0.0286423016385674,1.2195570833085494
150,10,confined,36,8.19969818294269,0.0286423016385674,1.2195570833085494,226.3233745425724,384,438,325,449,1363,2842,0,1.049780764000161,True,8.19969818294269,0.0286423016385674,1.2195570833085494
150,10,confined,37,8.19969818294269,0.0286423016385674,1.2195570833085494,226.14369946058,384,367,296,384,1280,2528,0,1.0168617740000627,True,8.19969818294269,0.0286423016385674,1.2195570833085494
150,10,confined,38,8.19969818294269,0.0286423016385674,1.2195570833085494,226.0143322363772,384,327,297,384,1271,2432,0,1.036452840000038,True,8.19969818294269,0.0286423016385674,1.2195570833085494
150,10,confined,39,8.19969818294269,0.0286423016385674,1.2195570833085494,226.2163668055533,384,401,314,419,1364,2770,0,1.096288536999964,True,8.19969818294269,0.0286423016385674,1.2195570833085494
150,12,confined,0,8.19969818294269,0.0286423016385674,1.4634684999702594,227.66502578732428,384,427,346,458,1375,2846,0,1.0713512150000497,True,8.19969818294269,0.0286423016385674,1.4634684999702594
150,12,confined,1,8.19969818294269,0.0286423016385674,1.4634684999702594,227.778569275085,384,476,342,495,1342,2870,0,1.0656464930000311,True,8.19969818294269,0.0286423016385674,1.4634684999702594
150,12,confined,2,8.19969818294269,0.0286423016385674,1.4634684999702594,227.62049926831955,384,418,359,456,1364,2804,0,1.050531138999986,True,8.19969818294269,0.0286423016385674,1.4634684999702594
150,12,confined,3,8.19969818294269,0.0286423016385674,1.4634684999702594,227.71566349562852,384,447,316,469,1362,2858,0,1.0544564320000518,True,8.19969818294269,0.0286423016385674,1.4634684999702594
150,12,confined,4,8.19969818294269,0.0286423016385674,1.4634684999702594,227.48551571761547,384,349,308,384,1184,2302,0,1.0009250549999251,True,8.19969818294269,0.0286423016385674,1.4634684999702594
150,12,confined,5,8.19969818294269,0.0286423016385674,1.4634684999702594,227.83002989841265,384,488,324,529,1333,2882,0,1.07867669999996,True,8.19969818294269,0.0286423016385674,1.4634684999702594
150,12,confined,6,8.19969818294269,0.0286423016385674,1.4634684999702594,227.2538824896613,384,283,278,384,1083,1970,0,0.981235362999996,True,8.19969818294269,0.0286423016385674,1.4634684999702594
150,12,confined,7,8.19969818294269,0.0286423016385674,1.4634684999702594,227.7146026129533,384,463,339,487,1398,2964,0,1.0495493880000597,True,8.19969818294269,0.0286423016385674,1.4634684999702594
150,12,confined,8,8.19969818294269,0.0286423016385674,1.4634684999702594,227.532694203933,384,374,313,395,1202,2394,0,1.0083563180000965,True,8.19969818294269,0.0286423016385674,1.4634684999702594
150,12,confined,9,8.19969818294269,0.0286423016385674,1.4634684999702594,227.49792022639252,384,360,348,407,1268,2496,0,1.038058926000076,True,8.19969818294269,0.0286423016385674,1.4634684999702594
150,12,confined,10,8.19969818294269,0.0286423016385674,1.4634684999702594,227.5247910625453,384,365,340,384,1259,2488,0,0.992340256000034,True,8.19969818294269,0.0286423016385674,1.4634684999702594
150,12,confined,11,8.19969818294269,0.0286423016385674,1.4634684999702594,227.44948773893512,384,347,331,384,1234,2402,0,0.989048989000139,True,8.19969818294269,0.0286423016385674,1.4634684999702594
150,12,confined,12,8.19969818294269,0.0286423016385674,1.4634684999702594,227.4814952895268,384,351,332,388,1255,2454,0,0.9859825099999852,True,8.19969818294269,0.0286423016385674,1.4634684999702594
150,12,confined,13,8.19969818294269,0.0286423016385674,1.4634684999702594,227.76249295966903,384,462,317,462,1238,2636,0,1.0551986459997806,True,8.19969818294269,0.0286423016385674,1.4634684999702594
150,12,confined,14,8.19969818294269,0.0286423016385674,1.4634684999702594,227.4394633879257,384,343,325,384,1196,2312,0,1.003771357000005,True,8.19969818294269,0.0286423016385674,1.4634684999702594
150,12,confined,15,8.19969818294269,0.0286423016385674,1.4634684999702594,227.36228729475977,384,317,308,384,1211,2300,0,1.000890788000106,True,8.19969818294269,0.0286423016385674,1.4634684999702594
150,12,confined,16,8.19969818294269,0.0286423016385674,1.4634684999702594,227.7349296947536,384,462,344,473,1312,2786,0,1.0519271110001682,True,8.19969818294269,0.0286423016385674,1.4634684999702594
150,12,confined,17,8.19969818294269,0.0286423016385674,1.4634684999702594,227.601829400551,384,405,354,420,1320,2684,0,1.1074276970000485,True,8.19969818294269,0.0286423016385674,1.4634684999702594
150,12,confined,18,8.19969818294269,0.0286423016385674,1.4634684999702594,227.6252040195702,384,419,322,438,1242,2560,0,1.0934565309999016,True,8.19969818294269,0.0286423016385674,1.4634684999702594
150,12,confined,19,8.19969818294269,0.0286423016385674,1.4634684999702594,227.7122944134619,384,440,341,454,1331,2784,0,1.0468748749999577,True,8.19969818294269,0.0286423016385674,1.4634684999702594
150,12,confined,20,8.19969818294269,0.0286423016385674,1.4634684999702594,227.28334981468493,384,288,288,384,1179,2170,0,0.9721637780000948,True,8.19969818294269,0.0286423016385674,1.4634684999702594
150,12,confined,21,8.19969818294269,0.0286423016385674,1.4634684999702594,227.60050662570703,384,398,327,420,1293,2620,0,1.021624630999895,True,8.19969818294269,0.0286423016385674,1.4634684999702594
150,12,confined,22,8.19969818294269,0.0286423016385674,1.4634684999702594,227.4764650426734,384,355,341,384,1233,2416,0,1.046035610999979,True,8.19969818294269,0.0286423016385674,1.4634684999702594
150,12,confined,23,8.19969818294269,0.0286423016385674,1.4634684999702594,227.6986368706516,384,443,334,459,1279,2684,0,1.0638057920000392,True,8.19969818294269,0.0286423016385674,1.4634684999702594
150,12,confined,24,8.19969818294269,0.0286423016385674,1.4634684999702594,227.4906503204163,384,354,323,398,1236,2422,0,1.0309728360000463,True,8.19969818294269,0.0286423016385674,1.4634684999702594
150,12,confined,25,8.19969818294269,0.0286423016385674,1.4634684999702594,227.5617698665643,384,375,329,408,1272,2530,0,1.1575014850000116,True,8.19969818294269,0.0286423016385674,1.4634684999702594
150,12,confined,26,8.19969818294269,0.0286423016385674,1.4634684999702594,227.6826166324224,384,434,345,434,1269,2650,0,1.1786346809999486,True,8.19969818294269,0.0286423016385674,1.4634684999702594
150,12,confined,27,8.19969818294269,0.0286423016385674,1.4634684999702594,227.60882180336603,384,402,339,412,1249,2544,0,1.1182135429999107,True,8.19969818294269,0.0286423016385674,1.4634684999702594
150,12,confined,28,8.19969818294269,0.0286423016385674,1.4634684999702594,227.5147397320767,384,366,313,384,1132,2236,0,1.0809310800000276,True,8.19969818294269,0.0286423016385674,1.4634684999702594
150,12,confined,29,8.19969818294269,0.0286423016385674,1.4634684999702594,227.7134097154273,384,447,340,451,1302,2740,0,1.059313277000001,True,8.19969818294269,0.0286423016385674,1.4634684999702594
150,12,confined,30,8.19969818294269,0.0286423016385674,1.4634684999702594,227.7217020329865,384,455,336,455,1303,2750,0,1.0594812389999788,True,8.19969818294269,0.0286423016385674,1.4634684999702594
150,12,confined,31,8.19969818294269,0.0286423016385674,1.4634684999702594,227.68931143100775,384,426,322,448,1230,2550,0,1.030045088999941,True,8.19969818294269,0.0286423016385674,1.4634684999702594
150,12,confined,32,8.19969818294269,0.0286423016385674,1.4634684999702594,227.1984503697247,384,275,275,384,1140,2068,0,0.997697272999858,True,8.19969818294269,0.0286423016385674,1.4634684999702594
150,12,confined,33,8.19969818294269,0.0286423016385674,1.4634684999702594,227.72096969304056,384,458,340,460,1276,2702,0,1.03400210399991,True,8.19969818294269,0.0286423016385674,1.4634684999702594
150,12,confined,34,8.19969818294269,0.0286423016385674,1.4634684999702594,227.45868178628712,384,345,308,384,1169,2274,0,1.0185602799999742,True,8.19969818294269,0.0286423016385674,1.4634684999702594
150,12,confined,35,8.19969818294269,0.0286423016385674,1.4634684999702594,227.4400819061699,384,344,322,384,1187,2298,0,1.0132873499999278,True,8.19969818294269,0.0286423016385674,1.4634684999702594
150,12,confined,36,8.19969818294269,0.0286423016385674,1.4634684999702594,227.4610022762351,384,347,316,384,1240,2418,0,1.0281221879999975,True,8.19969818294269,0.0286423016385674,1.4634684999702594
150,12,confined,37,8.19969818294269,0.0286423016385674,1.4634684999702594,227.528149011378,384,390,341,390,1212,2444,0,1.0413148340001044,True,8.19969818294269,0.0286423016385674,1.4634684999702594
150,12,confined,38,8.19969818294269,0.0286423016385674,1.4634684999702594,227.42294265122635,384,338,305,384,1183,2278,0,1.0184593500000574,True,8.19969818294269,0.0286423016385674,1.4634684999702594
150,12,confined,39,8.19969818294269,0.0286423016385674,1.4634684999702594,227.6897755913524,384,452,353,452,1310,2772,0,1.0841351340000074,True,8.19969818294269,0.0286423016385674,1.4634684999702594
150,14,confined,0,8.19969818294269,0.0286423016385674,1.7073799166319692,228.3797637191461,384,335,296,389,1123,2154,0,1.047258058000125,True,8.19969818294269,0.0286423016385674,1.7073799166319692
150,14,confined,1,8.19969818294269,0.0286423016385674,1.7073799166319692,228.47501453526647,384,370,321,384,1105,2188,0,1.077291736999996,True,8.19969818294269,0.0286423016385674,1.7073799166319692
150,14,confined,2,8.19969818294269,0.0286423016385674,1.7073799166319692,228.45946561564404,384,370,329,387,1117,2212,0,1.0641154750001078,True,8.19969818294269,0.0286423016385674,1.7073799166319692
150,14,confined,3,8.19969818294269,0.0286423016385674,1.7073799166319692,228.515445445414,384,386,336,396,1156,2326,0,1.0757775619999848,True,8.19969818294269,0.0286423016385674,1.7073799166319692
150,14,confined,4,8.19969818294269,0.0286423016385674,1.7073799166319692,228.3390646651605,384,329,267,384,1026,1944,0,1.010065442000041,True,8.19969818294269,0.0286423016385674,1.7073799166319692
150,14,confined,5,8.19969818294269,0.0286423016385674,1.7073799166319692,228.6154008326256,384,423,336,435,1235,2554,0,1.093283946999918,True,8.19969818294269,0.0286423016385674,1.7073799166319692
150,14,confined,6,8.19969818294269,0.0286423016385674,1.7073799166319692,228.41570380808176,384,348,287,384,1041,2016,0,1.0020534289999432,True,8.19969818294269,0.0286423016385674,1.7073799166319692
150,14,confined,7,8.19969818294269,0.0286423016385674,1.7073799166319692,228.4417667539532,384,362,316,387,1140,2242,0,1.0769020270001874,True,8.19969818294269,0.0286423016385674,1.7073799166319692
150,14,confined,8,8.19969818294269,0.0286423016385674,1.7073799166319692,228.2564409967396,384,298,274,384,1035,1902,0,1.049946632000001,True,8.19969818294269,0.0286423016385674,1.7073799166319692
150,14,confined,9,8.19969818294269,0.0286423016385674,1.7073799166319692,228.55606386115795,384,388,329,400,1132,2274,0,1.039690520000022,True,8.19969818294269,0.0286423016385674,1.7073799166319692
150,14,confined,10,8.19969818294269,0.0286423016385674,1.7073799166319692,228.59997277379352,384,421,350,425,1216,2510,0,1.0287681769998471,True,8.19969818294269,0.0286423016385674,1.7073799166319692
150,14,confined,11,8.19969818294269,0.0286423016385674,1.7073799166319692,228.38614048360836,384,336,272,384,1043,1996,0,1.0077092159999663,True,8.19969818294269,0.0286423016385674,1.7073799166319692
150,14,confined,12,8.19969818294269,0.0286423016385674,1.7073799166319692,228.3589586566868,384,327,274,384,1053,1998,0,1.0331457739998768,True,8.19969818294269,0.0286423016385674,1.7073799166319692
150,14,confined,13,8.19969818294269,0.0286423016385674,1.7073799166319692,228.45973135219765,384,360,290,384,1080,2124,0,1.0212266699998054,True,8.19969818294269,0.0286423016385674,1.7073799166319692
150,14,confined,14,8.19969818294269,0.0286423016385674,1.7073799166319692,228.4639811841404,384,365,303,384,1076,2118,0,1.0093325119999008,True,8.19969818294269,0.0286423016385674,1.7073799166319692
150,14,confined,15,8.19969818294269,0.0286423016385674,1.7073799166319692,228.4265879298133,384,353,266,384,1014,1970,0,1.0033682689997931,True,8.19969818294269,0.0286423016385674,1.7073799166319692
150,14,confined,16,8.19969818294269,0.0286423016385674,1.7073799166319692,228.1196141955188,384,265,245,384,1022,1808,0,1.012958923000042,True,8.19969818294269,0.0286423016385674,1.7073799166319692
150,14,confined,17,8.19969818294269,0.0286423016385674,1.7073799166319692,228.6230683107035,384,416,334,426,1180,2444,0,1.0262939490000915,True,8.19969818294269,0.0286423016385674,1.7073799166319692
150,14,confined,18,8.19969818294269,0.0286423016385674,1.7073799166319692,228.5561352676173,384,401,345,427,1212,2466,0,1.0310585600000195,True,8.19969818294269,0.0286423016385674,1.7073799166319692
150,14,confined,19,8.19969818294269,0.0286423016385674,1.7073799166319692,228.55844948502343,384,408,328,418,1122,2300,0,1.030132778000052,True,8.19969818294269,0.0286423016385674,1.7073799166319692
150,14,confined,20,8.19969818294269,0.0286423016385674,1.7073799166319692,228.2951636975521,384,316,266,384,1014,1894,0,1.03604624899981,True,8.19969818294269,0.0286423016385674,1.7073799166319692
150,14,confined,21,8.19969818294269,0.0286423016385674,1.7073799166319692,228.80805176497788,384,516,360,521,1246,2762,0,1.1243495079997956,True,8.19969818294269,0.0286423016385674,1.7073799166319692
150,14,confined,22,8.19969818294269,0.0286423016385674,1.7073799166319692,228.53968481432028,384,398,331,398,1138,2316,0,1.0183081920001769,True,8.19969818294269,0.0286423016385674,1.7073799166319692
150,14,confined,23,8.19969818294269,0.0286423016385674,1.7073799166319692,228.3871313703364,384,343,296,384,1100,2128,0,1.1319464969999444,True,8.19969818294269,0.0286423016385674,1.7073799166319692
150,14,confined,24,8.19969818294269,0.0286423016385674,1.7073799166319692,228.39196462035045,384,346,276,384,1025,1978,0,1.1044981729999108,True,8.19969818294269,0.0286423016385674,1.7073799166319692
150,14,confined,25,8.19969818294269,0.0286423016385674,1.7073799166319692,228.3232833584086,384,315,266,384,971,1810,0,1.043905248999863,True,8.19969818294269,0.0286423016385674,1.7073799166319692
150,14,confined,26,8.19969818294269,0.0286423016385674,1.7073799166319692,228.55212951445068,384,401,344,418,1171,2376,0,1.1079041650000363,True,8.19969818294269,0.0286423016385674,1.7073799166319692
150,14,confined,27,8.19969818294269,0.0286423016385674,1.7073799166319692,228.50420197519597,384,376,319,384,1058,2106,0,1.03687505400012,True,8.19969818294269,0.0286423016385674,1.7073799166319692
150,14,confined,28,8.19969818294269,0.0286423016385674,1.7073799166319692,227.9068736502604,384,216,202,384,935,1538,0,0.9873276400001032,True,8.19969818294269,0.0286423016385674,1.7073799166319692
150,14,confined,29,8.19969818294269,0.0286423016385674,1.7073799166319692,228.44494127698383,384,353,300,384,1086,2118,0,0.99353797699996,True,8.19969818294269,0.0286423016385674,1.7073799166319692
150,14,confined,30,8.19969818294269,0.0286423016385674,1.7073799166319692,228.34552281680132,384,325,303,384,1081,2050,0,1.0274117070000557,True,8.19969818294269,0.0286423016385674,1.7073799166319692
150,14,confined,31,8.19969818294269,0.0286423016385674,1.7073799166319692,228.3586792991131,384,330,283,384,1058,2014,0,1.0061989979999453,True,8.19969818294269,0.0286423016385674,1.7073799166319692
150,14,confined,32,8.19969818294269,0.0286423016385674,1.7073799166319692,228.4219621946121,384,352,338,390,1167,2276,0,1.040616595000074,True,8.19969818294269,0.0286423016385674,1.7073799166319692
150,14,confined,33,8.19969818294269,0.0286423016385674,1.7073799166319692,228.4948905269089,384,385,321,387,1130,2266,0,1.024400961000083,True,8.19969818294269,0.0286423016385674,1.7073799166319692
150,14,confined,34,8.19969818294269,0.0286423016385674,1.7073799166319692,228.35987567900025,384,334,306,384,1071,2048,0,0.9962519670000348,True,8.19969818294269,0.0286423016385674,1.7073799166319692
150,14,confined,35,8.19969818294269,0.0286423016385674,1.7073799166319692,228.62614100459075,384,424,342,424,1178,2438,0,1.0811976530001175,True,8.19969818294269,0.0286423016385674,1.7073799166319692
150,14,confined,36,8.19969818294269,0.0286423016385674,1.7073799166319692,228.42028706255337,384,353,307,384,1084,2120,0,1.026981977000105,True,8.19969818294269,0.0286423016385674,1.7073799166319692
150,14,confined,37,8.19969818294269,0.0286423016385674,1.7073799166319692,228.3512894300169,384,322,278,384,1035,1952,0,0.9885281770000348,True,8.19969818294269,0.0286423016385674,1.7073799166319692
150,14,confined,38,8.19969818294269,0.0286423016385674,1.7073799166319692,228.18647013604476,384,273,253,384,973,1734,0,0.9823623300001144,True,8.19969818294269,0.0286423016385674,1.7073799166319692
150,14,confined,39,8.19969818294269,0.0286423016385674,1.7073799166319692,228.20309812724705,384,279,250,384,1051,1898,0,1.0092766420000316,True,8.19969818294269,0.0286423016385674,1.7073799166319692
150,16,confined,0,8.19969818294269,0.0286423016385674,1.9512913332936792,229.2552466531772,384,437,346,439,1082,2274,0,1.0590668689999347,True,8.19969818294269,0.0286423016385674,1.9512913332936792
150,16,confined,1,8.19969818294269,0.0286423016385674,1.9512913332936792,229.18698833832747,384,410,324,419,1118,2290,0,0.9923753699999908,True,8.19969818294269,0.0286423016385674,1.9512913332936792
150,16,confined,2,8.19969818294269,0.0286423016385674,1.9512913332936792,228.96368917393164,384,318,283,384,960,1796,0,0.9799905800000488,True,8.19969818294269,0.0286423016385674,1.9512913332936792
150,16,confined,3,8.19969818294269,0.0286423016385674,1.9512913332936792,228.9573343727665,384,326,323,400,1109,2106,0,0.9982354219998796,True,8.19969818294269,0.0286423016385674,1.9512913332936792
150,16,confined,4,8.19969818294269,0.0286423016385674,1.9512913332936792,229.31822867338963,384,465,351,474,1197,2560,0,1.0285310619999564,True,8.19969818294269,0.0286423016385674,1.9512913332936792
150,16,confined,5,8.19969818294269,0.0286423016385674,1.9512913332936792,229.1291591464248,384,378,323,396,1051,2094,0,0.9868741010000122,True,8.19969818294269,0.0286423016385674,1.9512913332936792
150,16,confined,6,8.19969818294269,0.0286423016385674,1.9512913332936792,228.966157612836,384,322,315,384,1052,1982,0,0.9775493389997792,True,8.19969818294269,0.0286423016385674,1.9512913332936792
150,16,confined,7,8.19969818294269,0.0286423016385674,1.9512913332936792,229.22635041692155,384,429,333,432,1109,2314,0,1.0244968060001156,True,8.19969818294269,0.0286423016385674,1.9512913332936792
150,16,confined,8,8.19969818294269,0.0286423016385674,1.9512913332936792,228.89478162376145,384,305,276,384,952,1750,0,0.97658090799996,True,8.19969818294269,0.0286423016385674,1.9512913332936792
150,16,confined,9,8.19969818294269,0.0286423016385674,1.9512913332936792,229.0904523062948,384,367,337,396,1070,2108,0,1.013541615999884,True,8.19969818294269,0.0286423016385674,1.9512913332936792
150,16,confined,10,8.19969818294269,0.0286423016385674,1.9512913332936792,229.1872179332644,384,418,354,434,1128,2330,0,1.013958139999886,True,8.19969818294269,0.0286423016385674,1.9512913332936792
150,16,confined,11,8.19969818294269,0.0286423016385674,1.9512913332936792,229.28461951477308,384,450,347,456,1092,2318,0,1.0530362409999725,True,8.19969818294269,0.0286423016385674,1.9512913332936792
150,16,confined,12,8.19969818294269,0.0286423016385674,1.9512913332936792,229.35285898292497,384,483,349,483,1256,2710,0,1.1057352159998572,True,8.19969818294269,0.0286423016385674,1.9512913332936792
150,16,confined,13,8.19969818294269,0.0286423016385674,1.9512913332936792,229.18433169113663,384,418,314,418,1037,2146,0,1.033379474999947,True,8.19969818294269,0.0286423016385674,1.9512913332936792
150,16,confined,14,8.19969818294269,0.0286423016385674,1.9512913332936792,229.2361701223032,384,429,334,429,1038,2178,0,1.02599288600004,True,8.19969818294269,0.0286423016385674,1.9512913332936792
150,16,confined,15,8.19969818294269,0.0286423016385674,1.9512913332936792,228.9817253993694,384,336,324,384,1034,1978,0,1.0043106869998155,True,8.19969818294269,0.0286423016385674,1.9512913332936792
150,16,confined,16,8.19969818294269,0.0286423016385674,1.9512913332936792,229.03694722806927,384,354,321,384,1056,2060,0,1.0384518649998429,True,8.19969818294269,0.0286423016385674,1.9512913332936792
150,16,confined,17,8.19969818294269,0.0286423016385674,1.9512913332936792,229.2898583279056,384,445,325,454,1121,2366,0,1.020984598000041,True,8.19969818294269,0.0286423016385674,1.9512913332936792
150,16,confined,18,8.19969818294269,0.0286423016385674,1.9512913332936792,229.30974861856416,384,462,338,473,1223,2604,0,1.030404603000079,True,8.19969818294269,0.0286423016385674,1.9512913332936792
150,16,confined,19,8.19969818294269,0.0286423016385674,1.9512913332936792,228.60643792158396,384,238,238,384,978,1666,0,0.9478122390000864,True,8.19969818294269,0.0286423016385674,1.9512913332936792
150,16,confined,20,8.19969818294269,0.0286423016385674,1.9512913332936792,229.0697082123644,384,364,310,384,1010,1984,0,1.0006361319999542,True,8.19969818294269,0.0286423016385674,1.9512913332936792
150,16,confined,21,8.19969818294269,0.0286423016385674,1.9512913332936792,229.18473607687875,384,413,323,413,1078,2220,0,1.0729018419999647,True,8.19969818294269,0.0286423016385674,1.9512913332936792
150,16,confined,22,8.19969818294269,0.0286423016385674,1.9512913332936792,228.9801571321792,384,329,290,384,982,1868,0,1.0218132529998911,True,8.19969818294269,0.0286423016385674,1.9512913332936792
150,16,confined,23,8.19969818294269,0.0286423016385674,1.9512913332936792,228.95589827481737,384,321,319,384,1041,1958,0,1.0405948420000186,True,8.19969818294269,0.0286423016385674,1.9512913332936792
150,16,confined,24,8.19969818294269,0.0286423016385674,1.9512913332936792,229.2035593082257,384,426,338,435,1138,2370,0,1.077002617000062,True,8.19969818294269,0.0286423016385674,1.9512913332936792
150,16,confined,25,8.19969818294269,0.0286423016385674,1.9512913332936792,228.9691575179214,384,324,312,384,1111,2106,0,1.1072860279998622,True,8.19969818294269,0.0286423016385674,1.9512913332936792
150,16,confined,26,8.19969818294269,0.0286423016385674,1.9512913332936792,229.1080718530393,384,381,304,392,999,1994,0,1.0678304020000269,True,8.19969818294269,0.0286423016385674,1.9512913332936792
150,16,confined,27,8.19969818294269,0.0286423016385674,1.9512913332936792,228.91243270387517,384,307,299,384,988,1828,0,0.9953166800000872,True,8.19969818294269,0.0286423016385674,1.9512913332936792
150,16,confined,28,8.19969818294269,0.0286423016385674,1.9512913332936792,229.09872701647487,384,376,338,420,1106,2200,0,1.0835706410000512,True,8.19969818294269,0.0286423016385674,1.9512913332936792
150,16,confined,29,8.19969818294269,0.0286423016385674,1.9512913332936792,229.03100466316712,384,346,341,399,1092,2112,0,1.0809885680000662,True,8.19969818294269,0.0286423016385674,1.9512913332936792
150,16,confined,30,8.19969818294269,0.0286423016385674,1.9512913332936792,228.9541043009661,384,331,325,384,1050,1994,0,1.0783103249998476,True,8.19969818294269,0.0286423016385674,1.9512913332936792
150,16,confined,31,8.19969818294269,0.0286423016385674,1.9512913332936792,229.4151937251916,384,516,351,524,1257,2786,0,1.096423963999996,True,8.19969818294269,0.0286423016385674,1.9512913332936792
150,16,confined,32,8.19969818294269,0.0286423016385674,1.9512913332936792,228.866746309458,384,300,292,384,1004,1850,0,0.9932148220000272,True,8.19969818294269,0.0286423016385674,1.9512913332936792
150,16,confined,33,8.19969818294269,0.0286423016385674,1.9512913332936792,228.96005109217444,384,333,315,384,1015,1930,0,1.009949336999853,True,8.19969818294269,0.0286423016385674,1.9512913332936792
150,16,confined,34,8.19969818294269,0.0286423016385674,1.9512913332936792,228.90031114672533,384,314,278,384,974,1816,0,0.9968368539998664,True,8.19969818294269,0.0286423016385674,1.9512913332936792
150,16,confined,35,8.19969818294269,0.0286423016385674,1.9512913332936792,229.24754456894195,384,429,337,432,1067,2234,0,1.0337590750000345,True,8.19969818294269,0.0286423016385674,1.9512913332936792
150,16,confined,36,8.19969818294269,0.0286423016385674,1.9512913332936792,229.18767070682824,384,412,327,420,1066,2200,0,0.9774318309998762,True,8.19969818294269,0.0286423016385674,1.9512913332936792
150,16,confined,37,8.19969818294269,0.0286423016385674,1.9512913332936792,229.1667131889942,384,404,319,410,1039,2126,0,1.0079001910000898,True,8.19969818294269,0.0286423016385674,1.9512913332936792
150,16,confined,38,8.19969818294269,0.0286423016385674,1.9512913332936792,228.9879843200125,384,331,315,384,1070,2040,0,0.9790276820001508,True,8.19969818294269,0.0286423016385674,1.9512913332936792
150,16,confined,39,8.19969818294269,0.0286423016385674,1.9512913332936792,228.9393829101761,384,329,286,384,960,1816,0,0.9843085909999444,True,8.19969818294269,0.0286423016385674,1.9512913332936792
150,18,confined,0,8.19969818294269,0.0286423016385674,2.195202749955389,229.62745648804145,384,394,329,406,1015,2058,0,0.9847132679999504,True,8.19969818294269,0.0286423016385674,2.195202749955389
150,18,confined,1,8.19969818294269,0.0286423016385674,2.195202749955389,229.26910547586644,384,288,278,384,935,1682,0,0.9687444860001052,True,8.19969818294269,0.0286423016385674,2.195202749955389
150,18,confined,2,8.19969818294269,0.0286423016385674,2.195202749955389,229.60769954635975,384,400,313,400,947,1932,0,0.9998181549999572,True,8.19969818294269,0.0286423016385674,2.195202749955389
150,18,confined,3,8.19969818294269,0.0286423016385674,2.195202749955389,229.2289056032134,384,270,266,384,937,1654,0,1.006466821999993,True,8.19969818294269,0.0286423016385674,2.195202749955389
150,18,confined,4,8.19969818294269,0.0286423016385674,2.195202749955389,229.51474753724403,384,367,330,384,984,1938,0,0.9953668890000243,True,8.19969818294269,0.0286423016385674,2.195202749955389
150,18,confined,5,8.19969818294269,0.0286423016385674,2.195202749955389,229.58220560873764,384,391,337,396,1030,2078,0,1.0084885460000803,True,8.19969818294269,0.0286423016385674,2.195202749955389
150,18,confined,6,8.19969818294269,0.0286423016385674,2.195202749955389,229.36257886312544,384,307,287,391,1036,1928,0,1.0013322669999525,True,8.19969818294269,0.0286423016385674,2.195202749955389
150,18,confined,7,8.19969818294269,0.0286423016385674,2.195202749955389,229.610723817701,384,394,332,398,1020,2068,0,1.0290607899999031,True,8.19969818294269,0.0286423016385674,2.195202749955389
150,18,confined,8,8.19969818294269,0.0286423016385674,2.195202749955389,229.7804508192204,384,473,351,473,1122,2428,0,1.049986977000117,True,8.19969818294269,0.0286423016385674,2.195202749955389
150,18,confined,9,8.19969818294269,0.0286423016385674,2.195202749955389,229.53677143432748,384,364,331,390,1045,2054,0,1.0082995010000104,True,8.19969818294269,0.0286423016385674,2.195202749955389
150,18,confined,10,8.19969818294269,0.0286423016385674,2.195202749955389,229.4629278025228,384,348,331,384,1025,1982,0,1.0034867679999024,True,8.19969818294269,0.0286423016385674,2.195202749955389
150,18,confined,11,8.19969818294269,0.0286423016385674,2.195202749955389,229.37892680541236,384,316,296,384,970,1808,0,0.996919211999966,True,8.19969818294269,0.0286423016385674,2.195202749955389
150,18,confined,12,8.19969818294269,0.0286423016385674,2.195202749955389,229.489660406546,384,353,308,384,974,1888,0,0.9662195029998202,True,8.19969818294269,0.0286423016385674,2.195202749955389
150,18,confined,13,8.19969818294269,0.0286423016385674,2.195202749955389,229.5178118013125,384,359,325,384,987,1928,0,1.013531637000142,True,8.19969818294269,0.0286423016385674,2.195202749955389
150,18,confined,14,8.19969818294269,0.0286423016385674,2.195202749955389,229.4474101684148,384,347,319,389,1005,1938,0,1.0209973050000372,True,8.19969818294269,0.0286423016385674,2.195202749955389
150,18,confined,15,8.19969818294269,0.0286423016385674,2.195202749955389,229.30516797519405,384,284,253,384,943,1688,0,0.9683515070000794,True,8.19969818294269,0.0286423016385674,2.195202749955389
150,18,confined,16,8.19969818294269,0.0286423016385674,2.195202749955389,229.50624438689064,384,357,325,398,985,1918,0,1.0024533140001497,True,8.19969818294269,0.0286423016385674,2.195202749955389
150,18,confined,17,8.19969818294269,0.0286423016385674,2.195202749955389,229.41033900523684,384,323,301,386,992,1872,0,0.9664809809999042,True,8.19969818294269,0.0286423016385674,2.195202749955389
150,18,confined,18,8.19969818294269,0.0286423016385674,2.195202749955389,229.5239716733036,384,360,324,384,991,1940,0,1.0078723679998802,True,8.19969818294269,0.0286423016385674,2.195202749955389
150,18,confined,19,8.19969818294269,0.0286423016385674,2.195202749955389,229.49192344678025,384,351,300,384,981,1900,0,0.974721905999786,True,8.19969818294269,0.0286423016385674,2.195202749955389
150,18,confined,20,8.19969818294269,0.0286423016385674,2.195202749955389,229.7645371753511,384,463,339,473,1081,2322,0,1.022920208999949,True,8.19969818294269,0.0286423016385674,2.195202749955389
150,18,confined,21,8.19969818294269,0.0286423016385674,2.195202749955389,229.6337260372161,384,403,352,422,1109,2260,0,1.091282776999833,True,8.19969818294269,0.0286423016385674,2.195202749955389
150,18,confined,22,8.19969818294269,0.0286423016385674,2.195202749955389,229.31697805880663,384,298,275,384,923,1676,0,1.045747290999998,True,8.19969818294269,0.0286423016385674,2.195202749955389
150,18,confined,23,8.19969818294269,0.0286423016385674,2.195202749955389,229.71884209276035,384,456,340,462,1094,2340,0,1.067301065000038,True,8.19969818294269,0.0286423016385674,2.195202749955389
150,18,confined,24,8.19969818294269,0.0286423016385674,2.195202749955389,229.6541976309219,384,421,327,443,1063,2206,0,1.0175897740000437,True,8.19969818294269,0.0286423016385674,2.195202749955389
150,18,confined,25,8.19969818294269,0.0286423016385674,2.195202749955389,229.67720540581345,384,415,304,415,982,2032,0,0.9874266829999668,True,8.19969818294269,0.0286423016385674,2.195202749955389
150,18,confined,26,8.19969818294269,0.0286423016385674,2.195202749955389,229.344965506424,384,297,288,384,1012,1860,0,0.9824576679998244,True,8.19969818294269,0.0286423016385674,2.195202749955389
150,18,confined,27,8.19969818294269,0.0286423016385674,2.195202749955389,229.4028374182177,384,322,278,384,912,1708,0,0.9541273770000772,True,8.19969818294269,0.0286423016385674,2.195202749955389
150,18,confined,28,8.19969818294269,0.0286423016385674,2.195202749955389,229.50535982982925,384,353,299,384,946,1838,0,0.9769900050000616,True,8.19969818294269,0.0286423016385674,2.195202749955389
150,18,confined,29,8.19969818294269,0.0286423016385674,2.195202749955389,229.5137048751285,384,350,306,384,968,1872,0,0.9979847370000244,True,8.19969818294269,0.0286423016385674,2.195202749955389
150,18,confined,30,8.19969818294269,0.0286423016385674,2.195202749955389,229.36664851239647,384,318,291,384,922,1722,0,0.9863897279999492,True,8.19969818294269,0.0286423016385674,2.195202749955389
150,18,confined,31,8.19969818294269,0.0286423016385674,2.195202749955389,229.56622604408423,384,380,297,384,953,1900,0,1.0193393009999454,True,8.19969818294269,0.0286423016385674,2.195202749955389
150,18,confined,32,8.19969818294269,0.0286423016385674,2.195202749955389,229.4865467993536,384,359,324,387,1009,1976,0,1.0713317439999628,True,8.19969818294269,0.0286423016385674,2.195202749955389
150,18,confined,33,8.19969818294269,0.0286423016385674,2.195202749955389,229.6672133852661,384,423,338,423,1048,2184,0,1.0814520249998625,True,8.19969818294269,0.0286423016385674,2.195202749955389
150,18,confined,34,8.19969818294269,0.0286423016385674,2.195202749955389,229.71777951490583,384,437,339,438,1048,2206,0,1.0916410790000557,True,8.19969818294269,0.0286423016385674,2.195202749955389
150,18,confined,35,8.19969818294269,0.0286423016385674,2.195202749955389,229.5237804864581,384,355,313,384,945,1836,0,1.0284726219999811,True,8.19969818294269,0.0286423016385674,2.195202749955389
150,18,confined,36,8.19969818294269,0.0286423016385674,2.195202749955389,229.50995962622267,384,362,305,384,951,1858,0,0.99574931799998,True,8.19969818294269,0.0286423016385674,2.195202749955389
150,18,confined,37,8.19969818294269,0.0286423016385674,2.195202749955389,229.55830392585688,384,365,332,384,1001,1976,0,1.0171234039999035,True,8.19969818294269,0.0286423016385674,2.195202749955389
150,18,confined,38,8.19969818294269,0.0286423016385674,2.195202749955389,229.36881022956777,384,310,301,384,995,1850,0,0.9927889399998548,True,8.19969818294269,0.0286423016385674,2.195202749955389
150,18,confined,39,8.19969818294269,0.0286423016385674,2.195202749955389,229.28725174599296,384,288,260,384,928,1666,0,0.9863805279999268,True,8.19969818294269,0.0286423016385674,2.195202749955389
150,20,confined,0,8.19969818294269,0.0286423016385674,2.439114166617099,229.5662719224104,384,273,273,384,906,1594,0,0.9708204009998552,True,8.19969818294269,0.0286423016385674,2.439114166617099
150,20,confined,1,8.19969818294269,0.0286423016385674,2.439114166617099,229.79638940960325,384,339,324,385,982,1880,0,1.0233344309999666,True,8.19969818294269,0.0286423016385674,2.439114166617099
150,20,confined,2,8.19969818294269,0.0286423016385674,2.439114166617099,229.6378959942384,384,300,289,384,919,1682,0,1.009937687000047,True,8.19969818294269,0.0286423016385674,2.439114166617099
150,20,confined,3,8.19969818294269,0.0286423016385674,2.439114166617099,229.81913406114785,384,354,314,384,933,1814,0,0.993692282999973,True,8.19969818294269,0.0286423016385674,2.439114166617099
150,20,confined,4,8.19969818294269,0.0286423016385674,2.439114166617099,229.82018590494792,384,356,333,384,954,1856,0,0.9842861340000582,True,8.19969818294269,0.0286423016385674,2.439114166617099
150,20,confined,5,8.19969818294269,0.0286423016385674,2.439114166617099,229.9896635616074,384,419,332,425,966,2004,0,1.0717416439999852,True,8.19969818294269,0.0286423016385674,2.439114166617099
150,20,confined,6,8.19969818294269,0.0286423016385674,2.439114166617099,229.6754968889401,384,312,305,384,930,1724,0,1.0246876840001278,True,8.19969818294269,0.0286423016385674,2.439114166617099
150,20,confined,7,8.19969818294269,0.0286423016385674,2.439114166617099,229.8559885515077,384,369,309,389,939,1850,0,1.0091317799999615,True,8.19969818294269,0.0286423016385674,2.439114166617099
150,20,confined,8,8.19969818294269,0.0286423016385674,2.439114166617099,229.9557432323694,384,406,327,419,994,2038,0,1.0297124730000178,True,8.19969818294269,0.0286423016385674,2.439114166617099
150,20,confined,9,8.19969818294269,0.0286423016385674,2.439114166617099,229.71683832991752,384,315,315,384,945,1756,0,1.0198907620001592,True,8.19969818294269,0.0286423016385674,2.439114166617099
150,20,confined,10,8.19969818294269,0.0286423016385674,2.439114166617099,229.84943859248008,384,358,302,384,904,1760,0,1.007821640999964,True,8.19969818294269,0.0286423016385674,2.439114166617099
150,20,confined,11,8.19969818294269,0.0286423016385674,2.439114166617099,229.57356355873904,384,281,269,384,930,1656,0,0.9884653840001648,True,8.19969818294269,0.0286423016385674,2.439114166617099
150,20,confined,12,8.19969818294269,0.0286423016385674,2.439114166617099,229.7353712791784,384,319,306,384,914,1700,0,0.9868516259998614,True,8.19969818294269,0.0286423016385674,2.439114166617099
150,20,confined,13,8.19969818294269,0.0286423016385674,2.439114166617099,229.9079008743053,384,391,340,393,968,1962,0,1.0293969809999908,True,8.19969818294269,0.0286423016385674,2.439114166617099
150,20,confined,14,8.19969818294269,0.0286423016385674,2.439114166617099,229.64524888715968,384,289,262,384,873,1556,0,1.0097827550000602,True,8.19969818294269,0.0286423016385674,2.439114166617099
150,20,confined,15,8.19969818294269,0.0286423016385674,2.439114166617099,229.8800861514136,384,362,307,384,963,1886,0,0.9991823670000032,True,8.19969818294269,0.0286423016385674,2.439114166617099
150,20,confined,16,8.19969818294269,0.0286423016385674,2.439114166617099,229.8072042872117,384,347,285,384,873,1680,0,0.989314694999848,True,8.19969818294269,0.0286423016385674,2.439114166617099
150,20,confined,17,8.19969818294269,0.0286423016385674,2.439114166617099,229.78506856853912,384,336,316,384,881,1674,0,1.1198148160001438,True,8.19969818294269,0.0286423016385674,2.439114166617099
150,20,confined,18,8.19969818294269,0.0286423016385674,2.439114166617099,229.86406365357405,384,352,295,384,918,1778,0,1.101060734000157,True,8.19969818294269,0.0286423016385674,2.439114166617099
150,20,confined,19,8.19969818294269,0.0286423016385674,2.439114166617099,229.8826370753634,384,376,323,384,970,1928,0,1.0684562850001385,True,8.19969818294269,0.0286423016385674,2.439114166617099
150,20,confined,20,8.19969818294269,0.0286423016385674,2.439114166617099,229.82805119748613,384,363,348,417,1023,2014,0,1.0588490170000568,True,8.19969818294269,0.0286423016385674,2.439114166617099
150,20,confined,21,8.19969818294269,0.0286423016385674,2.439114166617099,229.86993787791928,384,369,340,404,1030,2030,0,1.164284053000074,True,8.19969818294269,0.0286423016385674,2.439114166617099
150,20,confined,22,8.19969818294269,0.0286423016385674,2.439114166617099,229.8407287200309,384,342,297,385,937,1798,0,1.1265899350000836,True,8.19969818294269,0.0286423016385674,2.439114166617099
150,20,confined,23,8.19969818294269,0.0286423016385674,2.439114166617099,229.86691080581443,384,376,332,409,985,1962,0,1.0766001920001145,True,8.19969818294269,0.0286423016385674,2.439114166617099
150,20,confined,24,8.19969818294269,0.0286423016385674,2.439114166617099,229.65264020752025,384,295,288,384,903,1632,0,1.0685934919999909,True,8.19969818294269,0.0286423016385674,2.439114166617099
150,20,confined,25,8.19969818294269,0.0286423016385674,2.439114166617099,229.88519421032484,384,374,329,384,993,1970,0,1.03840508899998,True,8.19969818294269,0.0286423016385674,2.439114166617099
150,20,confined,26,8.19969818294269,0.0286423016385674,2.439114166617099,229.62389179700548,384,290,283,384,944,1702,0,1.0163572599999495,True,8.19969818294269,0.0286423016385674,2.439114166617099
150,20,confined,27,8.19969818294269,0.0286423016385674,2.439114166617099,229.76091779587128,384,331,287,384,900,1698,0,0.9990898460000608,True,8.19969818294269,0.0286423016385674,2.439114166617099
150,20,confined,28,8.19969818294269,0.0286423016385674,2.439114166617099,229.55934809401816,384,269,259,384,870,1514,0,0.9645006739999644,True,8.19969818294269,0.0286423016385674,2.439114166617099
150,20,confined,29,8.19969818294269,0.0286423016385674,2.439114166617099,229.61763013242904,384,280,278,384,889,1576,0,1.0295687350001117,True,8.19969818294269,0.0286423016385674,2.439114166617099
150,20,confined,30,8.19969818294269,0.0286423016385674,2.439114166617099,229.52212260145072,384,260,249,384,881,1518,0,0.9976539369999956,True,8.19969818294269,0.0286423016385674,2.439114166617099
150,20,confined,31,8.19969818294269,0.0286423016385674,2.439114166617099,229.68656158984933,384,315,299,384,934,1734,0,1.0339564099999734,True,8.19969818294269,0.0286423016385674,2.439114166617099
150,20,confined,32,8.19969818294269,0.0286423016385674,2.439114166617099,229.93785717085356,384,387,346,397,999,2020,0,1.0404386399998202,True,8.19969818294269,0.0286423016385674,2.439114166617099
150,20,confined,33,8.19969818294269,0.0286423016385674,2.439114166617099,229.9014436620949,384,375,318,390,945,1876,0,1.0016795819999516,True,8.19969818294269,0.0286423016385674,2.439114166617099
150,20,confined,34,8.19969818294269,0.0286423016385674,2.439114166617099,229.8637195561329,384,361,327,390,966,1890,0,1.0425524329998552,True,8.19969818294269,0.0286423016385674,2.439114166617099
150,20,confined,35,8.19969818294269,0.0286423016385674,2.439114166617099,229.67840176758776,384,316,305,384,923,1712,0,1.0073890740000024,True,8.19969818294269,0.0286423016385674,2.439114166617099
150,20,confined,36,8.19969818294269,0.0286423016385674,2.439114166617099,229.81388183397797,384,350,337,384,931,1804,0,1.0011035459999675,True,8.19969818294269,0.0286423016385674,2.439114166617099
150,20,confined,37,8.19969818294269,0.0286423016385674,2.439114166617099,229.59813121656356,384,281,275,384,880,1560,0,0.968101044999912,True,8.19969818294269,0.0286423016385674,2.439114166617099
150,20,confined,38,8.19969818294269,0.0286423016385674,2.439114166617099,229.63577702622672,384,289,279,384,939,1692,0,1.0015946930000157,True,8.19969818294269,0.0286423016385674,2.439114166617099
150,20,confined,39,8.19969818294269,0.0286423016385674,2.439114166617099,229.6858075329038,384,305,283,384,863,1582,0,0.99387356599982,True,8.19969818294269,0.0286423016385674,2.439114166617099
150,22,confined,0,8.19969818294269,0.0286423016385674,2.683025583278809,230.18177439059417,384,415,322,441,1004,2074,0,0.9996787160000622,True,8.19969818294269,0.0286423016385674,2.683025583278809
150,22,confined,1,8.19969818294269,0.0286423016385674,2.683025583278809,230.12813323746843,384,411,341,435,977,2010,0,0.9953723660000832,True,8.19969818294269,0.0286423016385674,2.683025583278809
150,22,confined,2,8.19969818294269,0.0286423016385674,2.683025583278809,230.12256540281265,384,396,335,403,975,1982,0,1.052673881000146,True,8.19969818294269,0.0286423016385674,2.683025583278809
150,22,confined,3,8.19969818294269,0.0286423016385674,2.683025583278809,230.11238316582023,384,403,302,425,943,1924,0,1.0397658719998617,True,8.19969818294269,0.0286423016385674,2.683025583278809
150,22,confined,4,8.19969818294269,0.0286423016385674,2.683025583278809,229.98423737361023,384,340,320,384,926,1766,0,0.9675087609998628,True,8.19969818294269,0.0286423016385674,2.683025583278809
150,22,confined,5,8.19969818294269,0.0286423016385674,2.683025583278809,229.9568854050381,384,334,303,384,944,1796,0,0.991724946999966,True,8.19969818294269,0.0286423016385674,2.683025583278809
150,22,confined,6,8.19969818294269,0.0286423016385674,2.683025583278809,230.24928536996904,384,445,334,455,994,2116,0,1.0619678719999683,True,8.19969818294269,0.0286423016385674,2.683025583278809
150,22,confined,7,8.19969818294269,0.0286423016385674,2.683025583278809,229.98373687959997,384,344,317,384,895,1716,0,1.0024425270000847,True,8.19969818294269,0.0286423016385674,2.683025583278809
150,22,confined,8,8.19969818294269,0.0286423016385674,2.683025583278809,230.15160424230984,384,399,338,399,980,1996,0,1.0344068609999797,True,8.19969818294269,0.0286423016385674,2.683025583278809
150,22,confined,9,8.19969818294269,0.0286423016385674,2.683025583278809,230.10094518616685,384,376,334,384,919,1828,0,1.0191831619999905,True,8.19969818294269,0.0286423016385674,2.683025583278809
150,22,confined,10,8.19969818294269,0.0286423016385674,2.683025583278809,230.04165245276985,384,369,326,412,971,1916,0,1.0468539910000343,True,8.19969818294269,0.0286423016385674,2.683025583278809
150,22,confined,11,8.19969818294269,0.0286423016385674,2.683025583278809,230.00279756132093,384,347,335,407,1030,1990,0,1.0599366840001494,True,8.19969818294269,0.0286423016385674,2.683025583278809
150,22,confined,12,8.19969818294269,0.0286423016385674,2.683025583278809,230.1107711967341,384,388,337,408,971,1952,0,1.0308493620000263,True,8.19969818294269,0.0286423016385674,2.683025583278809
150,22,confined,13,8.19969818294269,0.0286423016385674,2.683025583278809,230.13620477249623,384,388,342,420,986,1986,0,1.0360053409999637,True,8.19969818294269,0.0286423016385674,2.683025583278809
150,22,confined,14,8.19969818294269,0.0286423016385674,2.683025583278809,230.1080392179226,384,406,340,430,1037,2118,0,1.0550033529998473,True,8.19969818294269,0.0286423016385674,2.683025583278809
150,22,confined,15,8.19969818294269,0.0286423016385674,2.683025583278809,230.0517129072775,384,369,342,414,1025,2022,0,1.0448824560000958,True,8.19969818294269,0.0286423016385674,2.683025583278809
150,22,confined,16,8.19969818294269,0.0286423016385674,2.683025583278809,230.11115211883487,384,387,344,398,966,1944,0,1.0320612769999116,True,8.19969818294269,0.0286423016385674,2.683025583278809
150,22,confined,17,8.19969818294269,0.0286423016385674,2.683025583278809,229.9157412836451,384,329,324,384,956,1806,0,1.0437633710000682,True,8.19969818294269,0.0286423016385674,2.683025583278809
150,22,confined,18,8.19969818294269,0.0286423016385674,2.683025583278809,230.1227649235267,384,392,343,439,1004,2030,0,1.089590330999954,True,8.19969818294269,0.0286423016385674,2.683025583278809
150,22,confined,19,8.19969818294269,0.0286423016385674,2.683025583278809,229.98776067103145,384,344,328,397,998,1918,0,1.130198613000175,True,8.19969818294269,0.0286423016385674,2.683025583278809
150,22,confined,20,8.19969818294269,0.0286423016385674,2.683025583278809,230.0122869262921,384,355,339,391,979,1906,0,1.143125843000007,True,8.19969818294269,0.0286423016385674,2.683025583278809
150,22,confined,21,8.19969818294269,0.0286423016385674,2.683025583278809,230.0767948471677,384,369,325,396,929,1830,0,1.085985939000011,True,8.19969818294269,0.0286423016385674,2.683025583278809
150,22,confined,22,8.19969818294269,0.0286423016385674,2.683025583278809,230.0755504418724,384,379,318,389,926,1852,0,1.0626997349997964,True,8.19969818294269,0.0286423016385674,2.683025583278809
150,22,confined,23,8.19969818294269,0.0286423016385674,2.683025583278809,230.1666375083068,384,413,344,420,1029,2120,0,1.0967182540000522,True,8.19969818294269,0.0286423016385674,2.683025583278809
150,22,confined,24,8.19969818294269,0.0286423016385674,2.683025583278809,229.8192549912384,384,290,279,384,879,1584,0,1.056637848000037,True,8.19969818294269,0.0286423016385674,2.683025583278809
150,22,confined,25,8.19969818294269,0.0286423016385674,2.683025583278809,229.8894921816456,384,319,273,384,830,1534,0,0.9688088009997956,True,8.19969818294269,0.0286423016385674,2.683025583278809
150,22,confined,26,8.19969818294269,0.0286423016385674,2.683025583278809,229.97383333168725,384,345,294,384,864,1656,0,0.9863121450000564,True,8.19969818294269,0.0286423016385674,2.683025583278809
150,22,confined,27,8.19969818294269,0.0286423016385674,2.683025583278809,229.87877350575445,384,314,274,384,858,1584,0,0.999365637999972,True,8.19969818294269,0.0286423016385674,2.683025583278809
150,22,confined,28,8.19969818294269,0.0286423016385674,2.683025583278809,230.0889743721636,384,391,321,407,947,1912,0,1.01662652899995,True,8.19969818294269,0.0286423016385674,2.683025583278809
150,22,confined,29,8.19969818294269,0.0286423016385674,2.683025583278809,229.9750678574266,384,340,327,384,938,1794,0,0.9980335169998398,True,8.19969818294269,0.0286423016385674,2.683025583278809
150,22,confined,30,8.19969818294269,0.0286423016385674,2.683025583278809,230.107639621303,384,393,312,425,934,1892,0,0.988875046999965,True,8.19969818294269,0.0286423016385674,2.683025583278809
150,22,confined,31,8.19969818294269,0.0286423016385674,2.683025583278809,230.1116095839352,384,387,347,427,998,2006,0,1.016950048000126,True,8.19969818294269,0.0286423016385674,2.683025583278809
150,22,confined,32,8.19969818294269,0.0286423016385674,2.683025583278809,230.12941155910136,384,409,346,424,1042,2144,0,1.0346474709999711,True,8.19969818294269,0.0286423016385674,2.683025583278809
150,22,confined,33,8.19969818294269,0.0286423016385674,2.683025583278809,229.9959590335524,384,349,313,384,939,1808,0,1.0005024160000175,True,8.19969818294269,0.0286423016385674,2.683025583278809
150,22,confined,34,8.19969818294269,0.0286423016385674,2.683025583278809,229.952227850868,384,331,322,384,979,1856,0,0.972375381999882,True,8.19969818294269,0.0286423016385674,2.683025583278809
150,22,confined,35,8.19969818294269,0.0286423016385674,2.683025583278809,229.97009308532088,384,350,348,410,1007,1964,0,1.0064504850001867,True,8.19969818294269,0.0286423016385674,2.683025583278809
150,22,confined,36,8.19969818294269,0.0286423016385674,2.683025583278809,230.01467446643107,384,358,298,384,903,1758,0,0.9878999869999916,True,8.19969818294269,0.0286423016385674,2.683025583278809
150,22,confined,37,8.19969818294269,0.0286423016385674,2.683025583278809,230.212851250102,384,435,325,444,993,2094,0,0.9802757810000458,True,8.19969818294269,0.0286423016385674,2.683025583278809
150,22,confined,38,8.19969818294269,0.0286423016385674,2.683025583278809,230.1262994515456,384,398,333,406,953,1934,0,0.956240909999906,True,8.19969818294269,0.0286423016385674,2.683025583278809
150,22,confined,39,8.19969818294269,0.0286423016385674,2.683025583278809,230.15141954475783,384,421,313,425,939,1958,0,0.9960711490000448,True,8.19969818294269,0.0286423016385674,2.683025583278809
150,24,confined,0,8.19969818294269,0.0286423016385674,2.926936999940519,230.3759770377017,384,416,343,416,935,1936,0,1.0091344170000411,True,8.19969818294269,0.0286423016385674,2.926936999940519
150,24,confined,1,8.19969818294269,0.0286423016385674,2.926936999940519,230.26928592313425,384,356,336,384,903,1750,0,1.0026647250001588,True,8.19969818294269,0.0286423016385674,2.926936999940519
150,24,confined,2,8.19969818294269,0.0286423016385674,2.926936999940519,230.1952149481505,384,361,341,394,954,1866,0,0.9812368119999064,True,8.19969818294269,0.0286423016385674,2.926936999940519
150,24,confined,3,8.19969818294269,0.0286423016385674,2.926936999940519,230.13284580575703,384,332,324,384,904,1716,0,1.0004842640000788,True,8.19969818294269,0.0286423016385674,2.926936999940519
150,24,confined,4,8.19969818294269,0.0286423016385674,2.926936999940519,230.473285143247,384,441,338,444,945,2008,0,1.041420232000064,True,8.19969818294269,0.0286423016385674,2.926936999940519
150,24,confined,5,8.19969818294269,0.0286423016385674,2.926936999940519,230.1554434097996,384,324,318,384,914,1710,0,1.0173258950001127,True,8.19969818294269,0.0286423016385674,2.926936999940519
150,24,confined,6,8.19969818294269,0.0286423016385674,2.926936999940519,230.2023633591573,384,347,335,397,950,1826,0,0.9891494880000664,True,8.19969818294269,0.0286423016385674,2.926936999940519
150,24,confined,7,8.19969818294269,0.0286423016385674,2.926936999940519,230.25327874422769,384,366,318,384,888,1744,0,0.994071404999886,True,8.19969818294269,0.0286423016385674,2.926936999940519
150,24,confined,8,8.19969818294269,0.0286423016385674,2.926936999940519,229.97707375156392,384,265,241,384,822,1416,0,0.9499808949999532,True,8.19969818294269,0.0286423016385674,2.926936999940519
150,24,confined,9,8.19969818294269,0.0286423016385674,2.926936999940519,230.0801111176331,384,308,282,384,859,1568,0,0.9928790090000348,True,8.19969818294269,0.0286423016385674,2.926936999940519
150,24,confined,10,8.19969818294269,0.0286423016385674,2.926936999940519,230.31302340176595,384,387,329,412,950,1912,0,0.9847880199999964,True,8.19969818294269,0.0286423016385674,2.926936999940519
150,24,confined,11,8.19969818294269,0.0286423016385674,2.926936999940519,230.2369176857068,384,362,328,384,874,1710,0,1.0173315649999497,True,8.19969818294269,0.0286423016385674,2.926936999940519
150,24,confined,12,8.19969818294269,0.0286423016385674,2.926936999940519,230.3510755493046,384,397,350,425,980,1990,0,1.0470106529999157,True,8.19969818294269,0.0286423016385674,2.926936999940519
150,24,confined,13,8.19969818294269,0.0286423016385674,2.926936999940519,230.270927207064,384,368,338,384,907,1794,0,1.00983667100013,True,8.19969818294269,0.0286423016385674,2.926936999940519
150,24,confined,14,8.19969818294269,0.0286423016385674,2.926936999940519,229.98989592998967,384,289,286,406,967,1750,0,0.9766395409999404,True,8.19969818294269,0.0286423016385674,2.926936999940519
150,24,confined,15,8.19969818294269,0.0286423016385674,2.926936999940519,230.16996032358065,384,344,342,411,977,1882,0,1.001460778000137,True,8.19969818294269,0.0286423016385674,2.926936999940519
150,24,confined,16,8.19969818294269,0.0286423016385674,2.926936999940519,230.1452151156833,384,325,325,384,923,1730,0,1.010224689999859,True,8.19969818294269,0.0286423016385674,2.926936999940519
150,24,confined,17,8.19969818294269,0.0286423016385674,2.926936999940519,230.29976735609824,384,378,346,384,908,1816,0,0.9913069460001224,True,8.19969818294269,0.0286423016385674,2.926936999940519
150,24,confined,18,8.19969818294269,0.0286423016385674,2.926936999940519,230.06622217570649,384,312,291,384,879,1618,0,0.970910541000194,True,8.19969818294269,0.0286423016385674,2.926936999940519
150,24,confined,19,8.19969818294269,0.0286423016385674,2.926936999940519,230.22492967003268,384,357,346,399,966,1882,0,1.0816313839998202,True,8.19969818294269,0.0286423016385674,2.926936999940519
150,24,confined,20,8.19969818294269,0.0286423016385674,2.926936999940519,230.00397820701363,384,289,289,384,859,1530,0,1.0390472420001515,True,8.19969818294269,0.0286423016385674,2.926936999940519
150,24,confined,21,8.19969818294269,0.0286423016385674,2.926936999940519,230.2209194763558,384,346,289,384,866,1662,0,1.0406486580000092,True,8.19969818294269,0.0286423016385674,2.926936999940519
150,24,confined,22,8.19969818294269,0.0286423016385674,2.926936999940519,230.4207519337661,384,435,341,445,911,1924,0,1.03565833499988,True,8.19969818294269,0.0286423016385674,2.926936999940519
150,24,confined,23,8.19969818294269,0.0286423016385674,2.926936999940519,230.17968363653577,384,343,321,384,906,1730,0,1.03159059099994,True,8.19969818294269,0.0286423016385674,2.926936999940519
150,24,confined,24,8.19969818294269,0.0286423016385674,2.926936999940519,230.40203714081235,384,428,323,428,918,1932,0,0.9881590229999802,True,8.19969818294269,0.0286423016385674,2.926936999940519
150,24,confined,25,8.19969818294269,0.0286423016385674,2.926936999940519,230.3471426919057,384,401,319,429,930,1894,0,1.0279609709998567,True,8.19969818294269,0.0286423016385674,2.926936999940519
150,24,confined,26,8.19969818294269,0.0286423016385674,2.926936999940519,230.503849732112,384,469,352,474,990,2152,0,1.0325956860001495,True,8.19969818294269,0.0286423016385674,2.926936999940519
150,24,confined,27,8.19969818294269,0.0286423016385674,2.926936999940519,230.10270753507547,384,310,310,384,876,1606,0,1.0453753379999853,True,8.19969818294269,0.0286423016385674,2.926936999940519
150,24,confined,28,8.19969818294269,0.0286423016385674,2.926936999940519,230.26634452412932,384,373,333,418,996,1976,0,1.0556340970001656,True,8.19969818294269,0.0286423016385674,2.926936999940519
150,24,confined,29,8.19969818294269,0.0286423016385674,2.926936999940519,230.0649196196028,384,299,299,384,884,1600,0,1.0391309550000187,True,8.19969818294269,0.0286423016385674,2.926936999940519
150,24,confined,30,8.19969818294269,0.0286423016385674,2.926936999940519,230.2220972505572,384,354,331,384,887,1724,0,1.02506369799994,True,8.19969818294269,0.0286423016385674,2.926936999940519
150,24,confined,31,8.19969818294269,0.0286423016385674,2.926936999940519,230.02669263606407,384,298,294,384,855,1540,0,1.0202804849998302,True,8.19969818294269,0.0286423016385674,2.926936999940519
150,24,confined,32,8.19969818294269,0.0286423016385674,2.926936999940519,230.22449011543625,384,353,319,384,877,1702,0,1.0344687780000186,True,8.19969818294269,0.0286423016385674,2.926936999940519
150,24,confined,33,8.19969818294269,0.0286423016385674,2.926936999940519,230.1610108162199,384,332,306,384,872,1652,0,1.0287987629999409,True,8.19969818294269,0.0286423016385674,2.926936999940519
150,24,confined,34,8.19969818294269,0.0286423016385674,2.926936999940519,230.40248417951128,384,408,327,412,904,1860,0,1.028873535999992,True,8.19969818294269,0.0286423016385674,2.926936999940519
150,24,confined,35,8.19969818294269,0.0286423016385674,2.926936999940519,230.3911330664775,384,416,347,428,949,1964,0,1.0309643289999713,True,8.19969818294269,0.0286423016385674,2.926936999940519
150,24,confined,36,8.19969818294269,0.0286423016385674,2.926936999940519,230.38014056285007,384,417,335,425,958,1982,0,1.0267772909999169,True,8.19969818294269,0.0286423016385674,2.926936999940519
150,24,confined,37,8.19969818294269,0.0286423016385674,2.926936999940519,230.16471566830893,384,325,290,384,850,1582,0,0.9711522310001328,True,8.19969818294269,0.0286423016385674,2.926936999940519
150,24,confined,38,8.19969818294269,0.0286423016385674,2.926936999940519,230.23404571974783,384,352,317,384,937,1816,0,0.982422374999942,True,8.19969818294269,0.0286423016385674,2.926936999940519
150,24,confined,39,8.19969818294269,0.0286423016385674,2.926936999940519,230.20956760958967,384,347,315,384,905,1738,0,1.038136467999948,True,8.19969818294269,0.0286423016385674,2.926936999940519
150,26,confined,0,8.19969818294269,0.0286423016385674,3.1708484166022286,230.41119015649195,384,347,330,384,902,1736,0,1.0075796899998295,True,8.19969818294269,0.0286423016385674,3.1708484166022286
150,26,confined,1,8.19969818294269,0.0286423016385674,3.1708484166022286,230.20094634146784,384,286,278,384,871,1548,0,0.958801816999994,True,8.19969818294269,0.0286423016385674,3.1708484166022286
150,26,confined,2,8.19969818294269,0.0286423016385674,3.1708484166022286,230.32725396866743,384,336,283,384,828,1564,0,0.9667331420000664,True,8.19969818294269,0.0286423016385674,3.1708484166022286
150,26,confined,3,8.19969818294269,0.0286423016385674,3.1708484166022286,230.42222119702944,384,358,343,404,977,1908,0,1.0014877329999765,True,8.19969818294269,0.0286423016385674,3.1708484166022286
150,26,confined,4,8.19969818294269,0.0286423016385674,3.1708484166022286,230.41905465162085,384,343,306,384,834,1590,0,1.026843480000025,True,8.19969818294269,0.0286423016385674,3.1708484166022286
150,26,confined,5,8.19969818294269,0.0286423016385674,3.1708484166022286,230.50153666712697,384,375,336,387,890,1770,0,1.0151144779999868,True,8.19969818294269,0.0286423016385674,3.1708484166022286
150,26,confined,6,8.19969818294269,0.0286423016385674,3.1708484166022286,230.4384001433533,384,358,326,384,873,1702,0,0.9722978560000684,True,8.19969818294269,0.0286423016385674,3.1708484166022286
150,26,confined,7,8.19969818294269,0.0286423016385674,3.1708484166022286,230.25020918343435,384,296,296,384,876,1578,0,0.9550402310001118,True,8.19969818294269,0.0286423016385674,3.1708484166022286
150,26,confined,8,8.19969818294269,0.0286423016385674,3.1708484166022286,230.36578825154905,384,340,329,384,904,1722,0,1.0201261879999493,True,8.19969818294269,0.0286423016385674,3.1708484166022286
150,26,confined,9,8.19969818294269,0.0286423016385674,3.1708484166022286,230.3032096634122,384,317,313,384,875,1624,0,0.9825855730000512,True,8.19969818294269,0.0286423016385674,3.1708484166022286
150,26,confined,10,8.19969818294269,0.0286423016385674,3.1708484166022286,230.4999740798729,384,381,342,385,894,1788,0,1.0123822929999733,True,8.19969818294269,0.0286423016385674,3.1708484166022286
150,26,confined,11,8.19969818294269,0.0286423016385674,3.1708484166022286,230.34245717827145,384,332,332,386,940,1780,0,0.9785718610000912,True,8.19969818294269,0.0286423016385674,3.1708484166022286
150,26,confined,12,8.19969818294269,0.0286423016385674,3.1708484166022286,230.5641788717831,384,404,342,417,955,1954,0,1.0184309119999853,True,8.19969818294269,0.0286423016385674,3.1708484166022286
150,26,confined,13,8.19969818294269,0.0286423016385674,3.1708484166022286,230.3765091694937,384,342,328,384,901,1728,0,0.9652652800000396,True,8.19969818294269,0.0286423016385674,3.1708484166022286
150,26,confined,14,8.19969818294269,0.0286423016385674,3.1708484166022286,230.3695020549832,384,327,304,384,876,1640,0,0.9563984349999828,True,8.19969818294269,0.0286423016385674,3.1708484166022286
150,26,confined,15,8.19969818294269,0.0286423016385674,3.1708484166022286,230.49333290909044,384,369,331,398,897,1772,0,0.9982481370000188,True,8.19969818294269,0.0286423016385674,3.1708484166022286
150,26,confined,16,8.19969818294269,0.0286423016385674,3.1708484166022286,230.19046790575743,384,286,286,384,839,1486,0,0.9921724069999982,True,8.19969818294269,0.0286423016385674,3.1708484166022286
150,26,confined,17,8.19969818294269,0.0286423016385674,3.1708484166022286,230.5094910784669,384,375,351,421,974,1934,0,1.0359427509999932,True,8.19969818294269,0.0286423016385674,3.1708484166022286
150,26,confined,18,8.19969818294269,0.0286423016385674,3.1708484166022286,230.50820853024965,384,389,320,395,862,1738,0,0.9884799550000024,True,8.19969818294269,0.0286423016385674,3.1708484166022286
150,26,confined,19,8.19969818294269,0.0286423016385674,3.1708484166022286,230.32667747253768,384,331,325,384,886,1672,0,1.0315942790000463,True,8.19969818294269,0.0286423016385674,3.1708484166022286
150,26,confined,20,8.19969818294269,0.0286423016385674,3.1708484166022286,230.24357134688333,384,307,305,384,867,1580,0,1.0516891500001293,True,8.19969818294269,0.0286423016385674,3.1708484166022286
150,26,confined,21,8.19969818294269,0.0286423016385674,3.1708484166022286,230.4661676304077,384,361,320,384,875,1708,0,1.0292246919998431,True,8.19969818294269,0.0286423016385674,3.1708484166022286
150,26,confined,22,8.19969818294269,0.0286423016385674,3.1708484166022286,230.35917668865375,384,327,326,394,941,1774,0,1.0076880520000486,True,8.19969818294269,0.0286423016385674,3.1708484166022286
150,26,confined,23,8.19969818294269,0.0286423016385674,3.1708484166022286,230.30360065324072,384,305,295,384,888,1620,0,0.9741161590000048,True,8.19969818294269,0.0286423016385674,3.1708484166022286
150,26,confined,24,8.19969818294269,0.0286423016385674,3.1708484166022286,230.3889835323008,384,337,300,384,833,1576,0,0.9977861620000112,True,8.19969818294269,0.0286423016385674,3.1708484166022286
150,26,confined,25,8.19969818294269,0.0286423016385674,3.1708484166022286,230.4277444213873,384,351,328,384,908,1754,0,1.0183777839999948,True,8.19969818294269,0.0286423016385674,3.1708484166022286
150,26,confined,26,8.19969818294269,0.0286423016385674,3.1708484166022286,230.0765878199788,384,251,251,384,829,1394,0,0.9522453299998688,True,8.19969818294269,0.0286423016385674,3.1708484166022286
150,26,confined,27,8.19969818294269,0.0286423016385674,3.1708484166022286,230.1071208197046,384,252,252,384,875,1492,0,0.999292374999868,True,8.19969818294269,0.0286423016385674,3.1708484166022286
150,26,confined,28,8.19969818294269,0.0286423016385674,3.1708484166022286,230.5003080243877,384,384,327,403,902,1810,0,1.058469126000091,True,8.19969818294269,0.0286423016385674,3.1708484166022286
150,26,confined,29,8.19969818294269,0.0286423016385674,3.1708484166022286,230.04916498806605,384,254,254,384,825,1390,0,1.0032786499998565,True,8.19969818294269,0.0286423016385674,3.1708484166022286
150,26,confined,30,8.19969818294269,0.0286423016385674,3.1708484166022286,230.33370663579285,384,327,327,384,950,1786,0,1.043581588000052,True,8.19969818294269,0.0286423016385674,3.1708484166022286
150,26,confined,31,8.19969818294269,0.0286423016385674,3.1708484166022286,230.4062357238604,384,349,286,384,794,1522,0,0.9789702109999324,True,8.19969818294269,0.0286423016385674,3.1708484166022286
150,26,confined,32,8.19969818294269,0.0286423016385674,3.1708484166022286,230.27021173997105,384,293,291,384,896,1620,0,1.0137788790000286,True,8.19969818294269,0.0286423016385674,3.1708484166022286
150,26,confined,33,8.19969818294269,0.0286423016385674,3.1708484166022286,230.3332396704008,384,332,332,384,916,1744,0,0.9712232910001148,True,8.19969818294269,0.0286423016385674,3.1708484166022286
150,26,confined,34,8.19969818294269,0.0286423016385674,3.1708484166022286,230.3065522478218,384,312,312,387,933,1732,0,1.003163486999938,True,8.19969818294269,0.0286423016385674,3.1708484166022286
150,26,confined,35,8.19969818294269,0.0286423016385674,3.1708484166022286,230.5460887791719,384,389,343,415,929,1870,0,0.986759959999972,True,8.19969818294269,0.0286423016385674,3.1708484166022286
150,26,confined,36,8.19969818294269,0.0286423016385674,3.1708484166022286,230.21960059783964,384,293,282,384,843,1504,0,0.9587602980000156,True,8.19969818294269,0.0286423016385674,3.1708484166022286
150,26,confined,37,8.19969818294269,0.0286423016385674,3.1708484166022286,230.266177248934,384,314,312,384,860,1584,0,0.950272778999988,True,8.19969818294269,0.0286423016385674,3.1708484166022286
150,26,confined,38,8.19969818294269,0.0286423016385674,3.1708484166022286,230.4882455165196,384,364,341,388,894,1750,0,0.9961393769999632,True,8.19969818294269,0.0286423016385674,3.1708484166022286
150,26,confined,39,8.19969818294269,0.0286423016385674,3.1708484166022286,230.3187994503108,384,311,304,384,893,1650,0,0.9747948369999904,True,8.19969818294269,0.0286423016385674,3.1708484166022286
150,0,unconfined,0,8.19969818294269,0.0286423016385674,inf,230.98520041237083,384,323,322,384,819,1524,0,0.995190879999882,False,8.19969818294269,0.0286423016385674,inf
150,0,unconfined,1,8.19969818294269,0.0286423016385674,inf,230.9762177093537,384,319,318,384,817,1510,0,1.0266631950000829,False,8.19969818294269,0.0286423016385674,inf
150,0,unconfined,2,8.19969818294269,0.0286423016385674,inf,231.18499327603496,384,389,339,393,806,1636,0,1.0278743020001002,False,8.19969818294269,0.0286423016385674,inf
150,0,unconfined,3,8.19969818294269,0.0286423016385674,inf,231.06953631528043,384,347,324,384,784,1496,0,0.9901003029999628,False,8.19969818294269,0.0286423016385674,inf
150,0,unconfined,4,8.19969818294269,0.0286423016385674,inf,231.06320154233396,384,356,338,384,825,1602,0,1.040922069000089,False,8.19969818294269,0.0286423016385674,inf
150,0,unconfined,5,8.19969818294269,0.0286423016385674,inf,231.22890866354564,384,416,350,439,922,1918,0,1.1000888290000148,False,8.19969818294269,0.0286423016385674,inf
150,0,unconfined,6,8.19969818294269,0.0286423016385674,inf,230.9854027297578,384,325,310,384,768,1424,0,1.0273396249999678,False,8.19969818294269,0.0286423016385674,inf
150,0,unconfined,7,8.19969818294269,0.0286423016385674,inf,231.0835827104613,384,360,342,417,880,1716,0,1.0302099890000136,False,8.19969818294269,0.0286423016385674,inf
150,0,unconfined,8,8.19969818294269,0.0286423016385674,inf,231.05606036840484,384,341,323,394,848,1610,0,1.0031480149998515,False,8.19969818294269,0.0286423016385674,inf
150,0,unconfined,9,8.19969818294269,0.0286423016385674,inf,231.1443804067678,384,386,352,440,891,1788,0,1.0584904330000882,False,8.19969818294269,0.0286423016385674,inf
150,0,unconfined,10,8.19969818294269,0.0286423016385674,inf,231.05407952597903,384,344,328,384,813,1548,0,1.0481755779999276,False,8.19969818294269,0.0286423016385674,inf
150,0,unconfined,11,8.19969818294269,0.0286423016385674,inf,231.0179117113067,384,334,313,384,763,1432,0,0.9893513000001803,False,8.19969818294269,0.0286423016385674,inf
150,0,unconfined,12,8.19969818294269,0.0286423016385674,inf,230.9007517535791,384,301,293,384,786,1406,0,1.0027419959999406,False,8.19969818294269,0.0286423016385674,inf
150,0,unconfined,13,8.19969818294269,0.0286423016385674,inf,230.9128248936112,384,303,299,384,813,1472,0,1.0237628390000282,False,8.19969818294269,0.0286423016385674,inf
150,0,unconfined,14,8.19969818294269,0.0286423016385674,inf,231.02580192371323,384,336,321,384,812,1530,0,0.9785226469998634,False,8.19969818294269,0.0286423016385674,inf
150,0,unconfined,15,8.19969818294269,0.0286423016385674,inf,230.9773219587877,384,331,315,384,787,1470,0,0.9841931299999942,False,8.19969818294269,0.0286423016385674,inf
150,0,unconfined,16,8.19969818294269,0.0286423016385674,inf,231.08623798349728,384,363,337,388,807,1574,0,0.9885506979999265,False,8.19969818294269,0.0286423016385674,inf
150,0,unconfined,17,8.19969818294269,0.0286423016385674,inf,230.9079407145909,384,307,281,384,787,1424,0,0.967927131000124,False,8.19969818294269,0.0286423016385674,inf
150,0,unconfined,18,8.19969818294269,0.0286423016385674,inf,230.83330621896235,384,273,258,384,748,1284,0,0.9722388559998764,False,8.19969818294269,0.0286423016385674,inf
150,0,unconfined,19,8.19969818294269,0.0286423016385674,inf,231.14683582572917,384,374,343,393,826,1638,0,1.0036103639999965,False,8.19969818294269,0.0286423016385674,inf
150,0,unconfined,20,8.19969818294269,0.0286423016385674,inf,231.0622806709768,384,354,329,384,795,1530,0,1.0135526089998166,False,8.19969818294269,0.0286423016385674,inf
150,0,unconfined,21,8.19969818294269,0.0286423016385674,inf,231.2746843455437,384,435,313,442,807,1720,0,1.0418556649999573,False,8.19969818294269,0.0286423016385674,inf
150,0,unconfined,22,8.19969818294269,0.0286423016385674,inf,231.14961972601228,384,376,321,390,800,1584,0,1.0786268650001605,False,8.19969818294269,0.0286423016385674,inf
150,0,unconfined,23,8.19969818294269,0.0286423016385674,inf,230.8698344325555,384,288,286,384,763,1340,0,1.0031060779999734,False,8.19969818294269,0.0286423016385674,inf
150,0,unconfined,24,8.19969818294269,0.0286423016385674,inf,230.84916227184743,384,280,278,384,792,1380,0,1.0128574990001198,False,8.19969818294269,0.0286423016385674,inf
150,0,unconfined,25,8.19969818294269,0.0286423016385674,inf,230.8810587412661,384,290,290,384,756,1334,0,0.9777871579999556,False,8.19969818294269,0.0286423016385674,inf
150,0,unconfined,26,8.19969818294269,0.0286423016385674,inf,231.0138184369796,384,324,313,384,803,1488,0,1.05477212400001,False,8.19969818294269,0.0286423016385674,inf
150,0,unconfined,27,8.19969818294269,0.0286423016385674,inf,231.11665587333653,384,365,341,402,884,1732,0,1.0205330890000823,False,8.19969818294269,0.0286423016385674,inf
150,0,unconfined,28,8.19969818294269,0.0286423016385674,inf,231.15252869582423,384,385,327,391,801,1608,0,1.067977092000092,False,8.19969818294269,0.0286423016385674,inf
150,0,unconfined,29,8.19969818294269,0.0286423016385674,inf,231.1931679864788,384,394,336,406,823,1672,0,1.0556097720000253,False,8.19969818294269,0.0286423016385674,inf
150,0,unconfined,30,8.19969818294269,0.0286423016385674,inf,231.1402385123292,384,376,343,384,810,1610,0,1.2016452020000088,False,8.19969818294269,0.0286423016385674,inf
150,0,unconfined,31,8.19969818294269,0.0286423016385674,inf,230.93007515994083,384,301,287,384,744,1326,0,1.0793373639999118,False,8.19969818294269,0.0286423016385674,inf
150,0,unconfined,32,8.19969818294269,0.0286423016385674,inf,230.8949701965699,384,291,278,384,735,1284,0,1.097081184999979,False,8.19969818294269,0.0286423016385674,inf
150,0,unconfined,33,8.19969818294269,0.0286423016385674,inf,231.1774275233596,384,392,353,423,910,1840,0,1.0922618960000818,False,8.19969818294269,0.0286423016385674,inf
150,0,unconfined,34,8.19969818294269,0.0286423016385674,inf,231.0030468610227,384,322,308,384,784,1450,0,1.0652728469999602,False,8.19969818294269,0.0286423016385674,inf
150,0,unconfined,35,8.19969818294269,0.0286423016385674,inf,231.03385353862245,384,333,315,384,794,1488,0,1.0149235020001015,False,8.19969818294269,0.0286423016385674,inf
150,0,unconfined,36,8.19969818294269,0.0286423016385674,inf,231.12864487578616,384,375,346,384,817,1624,0,1.0383832140000775,False,8.19969818294269,0.0286423016385674,inf
150,0,unconfined,37,8.19969818294269,0.0286423016385674,inf,230.94181169463127,384,305,303,384,798,1442,0,1.005299953000076,False,8.19969818294269,0.0286423016385674,inf
150,0,unconfined,38,8.19969818294269,0.0286423016385674,inf,231.0063226357811,384,326,321,384,777,1440,0,1.0517457349999404,False,8.19969818294269,0.0286423016385674,inf
150,0,unconfined,39,8.19969818294269,0.0286423016385674,inf,231.17631741610109,384,397,348,405,825,1678,0,1.068659274000083,False,8.19969818294269,0.0286423016385674,inf
200,10,confined,0,9.744501656839986,0.0276709510674734,1.0262197444423102,301.88494226638164,384,121,120,420,1796,3070,0,2.072289082999987,True,9.669317863734271,0.0636926796208264,1.03419911734477
200,10,confined,1,9.744501656839986,0.0276709510674734,1.0262197444423102,301.7547050124433,384,106,103,472,1925,3304,0,2.135785455999894,True,9.669317863734271,0.0636926796208264,1.03419911734477
200,10,confined,2,9.744501656839986,0.0276709510674734,1.0262197444423102,301.3232977067289,384,71,70,399,1753,2890,0,2.0481859899998653,True,9.669317863734271,0.0636926796208264,1.03419911734477
200,10,confined,3,9.744501656839986,0.0276709510674734,1.0262197444423102,301.2321475953219,384,64,64,384,1526,2420,0,2.0445832469999914,True,9.669317863734271,0.0636926796208264,1.03419911734477
200,10,confined,4,9.744501656839986,0.0276709510674734,1.0262197444423102,301.6065728684592,384,90,90,455,1948,3310,0,2.192501022999977,True,9.669317863734271,0.0636926796208264,1.03419911734477
200,10,confined,5,9.744501656839986,0.0276709510674734,1.0262197444423102,301.65893643426807,384,103,99,425,1842,3134,0,2.290089702999921,True,9.669317863734271,0.0636926796208264,1.03419911734477
200,10,confined,6,9.744501656839986,0.0276709510674734,1.0262197444423102,301.4607743010944,384,78,78,462,1870,3138,0,2.193458363000218,True,9.669317863734271,0.0636926796208264,1.03419911734477
200,10,confined,7,9.744501656839986,0.0276709510674734,1.0262197444423102,301.35273671040915,384,76,76,384,1700,2794,0,2.1985064529999363,True,9.669317863734271,0.0636926796208264,1.03419911734477
200,10,confined,8,9.744501656839986,0.0276709510674734,1.0262197444423102,301.6109204563457,384,91,88,384,1653,2730,0,2.050181043000066,True,9.669317863734271,0.0636926796208264,1.03419911734477
200,10,confined,9,9.744501656839986,0.0276709510674734,1.0262197444423102,301.7236958288681,384,110,109,384,1669,2806,0,2.1185002569998237,True,9.669317863734271,0.0636926796208264,1.03419911734477
200,10,confined,10,9.744501656839986,0.0276709510674734,1.0262197444423102,301.509473046958,384,81,81,423,1845,3092,0,2.186701360999905,True,9.669317863734271,0.0636926796208264,1.03419911734477
200,10,confined,11,9.744501656839986,0.0276709510674734,1.0262197444423102,300.69131747885217,384,36,36,384,1216,1740,0,2.044515824999962,True,9.669317863734271,0.0636926796208264,1.03419911734477
200,10,confined,12,9.744501656839986,0.0276709510674734,1.0262197444423102,301.36611904030804,384,78,76,385,1732,2862,0,2.154555570999946,True,9.669317863734271,0.0636926796208264,1.03419911734477
200,10,confined,13,9.744501656839986,0.0276709510674734,1.0262197444423102,301.1959320482822,384,59,58,384,1655,2670,0,2.134787764000066,True,9.669317863734271,0.0636926796208264,1.03419911734477
200,10,confined,14,9.744501656839986,0.0276709510674734,1.0262197444423102,301.1686179795819,384,60,60,401,1728,2814,0,2.1127682400001504,True,9.669317863734271,0.0636926796208264,1.03419911734477
200,10,confined,15,9.744501656839986,0.0276709510674734,1.0262197444423102,301.6464815353872,384,96,96,435,1892,3230,0,2.213611826999795,True,9.669317863734271,0.0636926796208264,1.03419911734477
200,10,confined,16,9.744501656839986,0.0276709510674734,1.0262197444423102,301.9457789036605,384,133,133,536,2252,4012,0,2.2379358419998425,True,9.669317863734271,0.0636926796208264,1.03419911734477
200,10,confined,17,9.744501656839986,0.0276709510674734,1.0262197444423102,301.9707934878004,384,133,132,527,2093,3692,0,2.164913451999837,True,9.669317863734271,0.0636926796208264,1.03419911734477
200,10,confined,18,9.744501656839986,0.0276709510674734,1.0262197444423102,301.6396167921907,384,94,94,392,1678,2788,0,2.075780893000001,True,9.669317863734271,0.0636926796208264,1.03419911734477
200,10,confined,19,9.744501656839986,0.0276709510674734,1.0262197444423102,301.2468665693972,384,60,60,384,1578,2516,0,2.040416951999987,True,9.669317863734271,0.0636926796208264,1.03419911734477
200,10,confined,20,9.744501656839986,0.0276709510674734,1.0262197444423102,301.5159179474213,384,90,90,395,1754,2928,0,2.0997352330000467,True,9.669317863734271,0.0636926796208264,1.03419911734477
200,10,confined,21,9.744501656839986,0.0276709510674734,1.0262197444423102,301.5924170260444,384,86,86,384,1760,2938,0,2.151337657999875,True,9.669317863734271,0.0636926796208264,1.03419911734477
200,10,confined,22,9.744501656839986,0.0276709510674734,1.0262197444423102,301.4335694144371,384,76,73,421,1701,2804,0,2.1151581579999856,True,9.669317863734271,0.0636926796208264,1.03419911734477
200,10,confined,23,9.744501656839986,0.0276709510674734,1.0262197444423102,301.2674752628984,384,70,70,384,1566,2506,0,2.091465369000161,True,9.669317863734271,0.0636926796208264,1.03419911734477
200,10,confined,24,9.744501656839986,0.0276709510674734,1.0262197444423102,301.84305973554063,384,125,125,408,1867,3226,0,2.2667611239999133,True,9.669317863734271,0.0636926796208264,1.03419911734477
200,10,confined,25,9.744501656839986,0.0276709510674734,1.0262197444423102,301.399537030283,384,71,71,384,1592,2568,0,2.2453610830000343,True,9.669317863734271,0.0636926796208264,1.03419911734477
200,10,confined,26,9.744501656839986,0.0276709510674734,1.0262197444423102,301.19437803982174,384,64,64,384,1598,2568,0,2.2408636740001384,True,9.669317863734271,0.0636926796208264,1.03419911734477
200,10,confined,27,9.744501656839986,0.0276709510674734,1.0262197444423102,301.36352181632134,384,72,72,384,1556,2496,0,2.2242878629999723,True,9.669317863734271,0.0636926796208264,1.03419911734477
200,10,confined,28,9.744501656839986,0.0276709510674734,1.0262197444423102,301.5854368506637,384,91,91,384,1638,2706,0,2.033671522000077,True,9.669317863734271,0.0636926796208264,1.03419911734477
200,10,confined,29,9.744501656839986,0.0276709510674734,1.0262197444423102,301.4094025238996,384,73,73,431,1813,3010,0,2.154034697000043,True,9.669317863734271,0.0636926796208264,1.03419911734477
200,10,confined,30,9.744501656839986,0.0276709510674734,1.0262197444423102,301.7546631623815,384,102,102,443,1894,3238,0,2.2117947330000334,True,9.669317863734271,0.0636926796208264,1.03419911734477
200,10,confined,31,9.744501656839986,0.0276709510674734,1.0262197444423102,301.65820964196394,384,93,93,442,1956,3340,0,2.2306017569999312,True,9.669317863734271,0.0636926796208264,1.03419911734477
200,10,confined,32,9.744501656839986,0.0276709510674734,1.0262197444423102,301.6227568055276,384,94,93,410,1775,2980,0,2.1215121930001715,True,9.669317863734271,0.0636926796208264,1.03419911734477
200,10,confined,33,9.744501656839986,0.0276709510674734,1.0262197444423102,300.9636822478475,384,51,51,433,1820,2988,0,2.0708946849999847,True,9.669317863734271,0.0636926796208264,1.03419911734477
200,10,confined,34,9.744501656839986,0.0276709510674734,1.0262197444423102,301.525046997174,384,90,90,384,1733,2886,0,2.1414240000001428,True,9.669317863734271,0.0636926796208264,1.03419911734477
200,10,confined,35,9.744501656839986,0.0276709510674734,1.0262197444423102,301.15919748630944,384,63,62,384,1534,2446,0,2.098728773000176,True,9.669317863734271,0.0636926796208264,1.03419911734477
200,10,confined,36,9.744501656839986,0.0276709510674734,1.0262197444423102,301.3393176060761,384,72,68,384,1676,2736,0,2.0650356670000747,True,9.669317863734271,0.0636926796208264,1.03419911734477
200,10,confined,37,9.744501656839986,0.0276709510674734,1.0262197444423102,301.66267927184134,384,100,100,457,1954,3356,0,2.2271076510000967,True,9.669317863734271,0.0636926796208264,1.03419911734477
200,10,confined,38,9.744501656839986,0.0276709510674734,1.0262197444423102,301.2345617758055,384,61,56,384,1713,2784,0,2.1551393769998413,True,9.669317863734271,0.0636926796208264,1.03419911734477
200,10,confined,39,9.744501656839986,0.0276709510674734,1.0262197444423102,301.2497119744478,384,58,58,386,1550,2454,0,2.134364065999989,True,9.669317863734271,0.0636926796208264,1.03419911734477
200,12,confined,0,9.744501656839986,0.0276709510674734,1.2314636933307723,303.2982622850883,384,259,259,420,1728,3220,0,2.215866096999889,True,9.669317863734271,0.0636926796208264,1.241038940813724
200,12,confined,1,9.744501656839986,0.0276709510674734,1.2314636933307723,303.6054663163023,384,360,330,448,1880,3720,0,2.2745961819998683,True,9.669317863734271,0.0636926796208264,1.241038940813724
200,12,confined,2,9.744501656839986,0.0276709510674734,1.2314636933307723,303.3118344399436,384,256,249,390,1643,3040,0,2.268528650999997,True,9.669317863734271,0.0636926796208264,1.241038940813724
200,12,confined,3,9.744501656839986,0.0276709510674734,1.2314636933307723,303.2768802398316,384,254,252,424,1807,3364,0,2.2928783820000262,True,9.669317863734271,0.0636926796208264,1.241038940813724
200,12,confined,4,9.744501656839986,0.0276709510674734,1.2314636933307723,303.7318122964399,384,399,339,467,1854,3748,0,2.351460968000083,True,9.669317863734271,0.0636926796208264,1.241038940813724
200,12,confined,5,9.744501656839986,0.0276709510674734,1.2314636933307723,303.1163675799044,384,215,212,384,1521,2710,0,2.135920530000021,True,9.669317863734271,0.0636926796208264,1.241038940813724
200,12,confined,6,9.744501656839986,0.0276709510674734,1.2314636933307723,303.52293148637494,384,323,305,415,1681,3254,0,2.317844138000055,True,9.669317863734271,0.0636926796208264,1.241038940813724
200,12,confined,7,9.744501656839986,0.0276709510674734,1.2314636933307723,303.4589349493238,384,300,285,384,1613,3064,0,2.2514703200001804,True,9.669317863734271,0.0636926796208264,1.241038940813724
200,12,confined,8,9.744501656839986,0.0276709510674734,1.2314636933307723,303.2392704309951,384,243,231,384,1428,2580,0,2.083984931000032,True,9.669317863734271,0.0636926796208264,1.241038940813724
200,12,confined,9,9.744501656839986,0.0276709510674734,1.2314636933307723,303.26155765042114,384,253,243,384,1517,2778,0,2.0908683640000163,True,9.669317863734271,0.0636926796208264,1.241038940813724
200,12,confined,10,9.744501656839986,0.0276709510674734,1.2314636933307723,303.20166082169965,384,232,211,387,1623,2956,0,2.1465609909998875,True,9.669317863734271,0.0636926796208264,1.241038940813724
200,12,confined,11,9.744501656839986,0.0276709510674734,1.2314636933307723,303.3596150864976,384,277,265,385,1635,3064,0,2.189242406999938,True,9.669317863734271,0.0636926796208264,1.241038940813724
200,12,confined,12,9.744501656839986,0.0276709510674734,1.2314636933307723,303.00403966735104,384,202,185,384,1655,2956,0,2.085851977999937,True,9.669317863734271,0.0636926796208264,1.241038940813724
200,12,confined,13,9.744501656839986,0.0276709510674734,1.2314636933307723,303.5391965684034,384,326,301,450,1735,3358,0,2.1084652950000877,True,9.669317863734271,0.0636926796208264,1.241038940813724
200,12,confined,14,9.744501656839986,0.0276709510674734,1.2314636933307723,303.34430268660986,384,269,251,384,1648,3068,0,2.133522234000111,True,9.669317863734271,0.0636926796208264,1.241038940813724
200,12,confined,15,9.744501656839986,0.0276709510674734,1.2314636933307723,303.4838762754073,384,317,308,384,1671,3216,0,2.1842095699998936,True,9.669317863734271,0.0636926796208264,1.241038940813724
200,12,confined,16,9.744501656839986,0.0276709510674734,1.2314636933307723,303.65759094254,384,371,320,444,1786,3554,0,2.088758177000045,True,9.669317863734271,0.0636926796208264,1.241038940813724
200,12,confined,17,9.744501656839986,0.0276709510674734,1.2314636933307723,303.17407774234664,384,229,222,384,1493,2682,0,2.0163035279999804,True,9.669317863734271,0.0636926796208264,1.241038940813724
200,12,confined,18,9.744501656839986,0.0276709510674734,1.2314636933307723,303.2079559687937,384,231,216,384,1419,2536,0,1.959592516999919,True,9.669317863734271,0.0636926796208264,1.241038940813724
200,12,confined,19,9.744501656839986,0.0276709510674734,1.2314636933307723,303.33002463019346,384,270,245,384,1609,3000,0,2.0399019129999942,True,9.669317863734271,0.0636926796208264,1.241038940813724
200,12,confined,20,9.744501656839986,0.0276709510674734,1.2314636933307723,303.53081487214695,384,334,316,422,1758,3434,0,2.2238753510000606,True,9.669317863734271,0.0636926796208264,1.241038940813724
200,12,confined,21,9.744501656839986,0.0276709510674734,1.2314636933307723,302.83456557680734,384,162,153,384,1427,2424,0,2.024488266999924,True,9.669317863734271,0.0636926796208264,1.241038940813724
200,12,confined,22,9.744501656839986,0.0276709510674734,1.2314636933307723,303.4027240874115,384,284,278,410,1786,3380,0,2.1514405649998025,True,9.669317863734271,0.0636926796208264,1.241038940813724
200,12,confined,23,9.744501656839986,0.0276709510674734,1.2314636933307723,303.58777719602864,384,337,326,414,1799,3512,0,2.2544403719998627,True,9.669317863734271,0.0636926796208264,1.241038940813724
200,12,confined,24,9.744501656839986,0.0276709510674734,1.2314636933307723,303.5784317766945,384,345,318,420,1787,3512,0,2.158675809999977,True,9.669317863734271,0.0636926796208264,1.241038940813724
200,12,confined,25,9.744501656839986,0.0276709510674734,1.2314636933307723,303.36429510783444,384,273,273,384,1640,3064,0,2.086162312000169,True,9.669317863734271,0.0636926796208264,1.241038940813724
200,12,confined,26,9.744501656839986,0.0276709510674734,1.2314636933307723,303.3399324668399,384,277,265,384,1604,3006,0,2.0446694309998747,True,9.669317863734271,0.0636926796208264,1.241038940813724
200,12,confined,27,9.744501656839986,0.0276709510674734,1.2314636933307723,302.9517580213549,384,192,186,384,1462,2544,0,1.9746715259998384,True,9.669317863734271,0.0636926796208264,1.241038940813724
200,12,confined,28,9.744501656839986,0.0276709510674734,1.2314636933307723,303.6057130029345,384,357,336,439,1850,3664,0,2.239293349000036,True,9.669317863734271,0.0636926796208264,1.241038940813724
200,12,confined,29,9.744501656839986,0.0276709510674734,1.2314636933307723,303.334075733446,384,271,251,405,1711,3196,0,2.1303034160000607,True,9.669317863734271,0.0636926796208264,1.241038940813724
200,12,confined,30,9.744501656839986,0.0276709510674734,1.2314636933307723,303.6524897738916,384,366,335,414,1685,3344,0,2.093735888999845,True,9.669317863734271,0.0636926796208264,1.241038940813724
200,12,confined,31,9.744501656839986,0.0276709510674734,1.2314636933307723,303.45994135171475,384,312,293,417,1744,3358,0,2.1040612280000914,True,9.669317863734271,0.0636926796208264,1.241038940813724
200,12,confined,32,9.744501656839986,0.0276709510674734,1.2314636933307723,303.4790628935883,384,322,304,404,1723,3326,0,2.262506841000004,True,9.669317863734271,0.0636926796208264,1.241038940813724
200,12,confined,33,9.744501656839986,0.0276709510674734,1.2314636933307723,303.67901527096683,384,377,350,445,1890,3778,0,2.272412825999936,True,9.669317863734271,0.0636926796208264,1.241038940813724
200,12,confined,34,9.744501656839986,0.0276709510674734,1.2314636933307723,303.4902629975995,384,319,302,426,1810,3498,0,2.153439431000152,True,9.669317863734271,0.0636926796208264,1.241038940813724
200,12,confined,35,9.744501656839986,0.0276709510674734,1.2314636933307723,303.47509920659724,384,314,292,453,1766,3404,0,2.121938451000005,True,9.669317863734271,0.0636926796208264,1.241038940813724
200,12,confined,36,9.744501656839986,0.0276709510674734,1.2314636933307723,303.44104319315045,384,302,286,411,1755,3358,0,2.242051568000079,True,9.669317863734271,0.0636926796208264,1.241038940813724
200,12,confined,37,9.744501656839986,0.0276709510674734,1.2314636933307723,303.4750471023089,384,302,295,395,1691,3226,0,2.2185123839999505,True,9.669317863734271,0.0636926796208264,1.241038940813724
200,12,confined,38,9.744501656839986,0.0276709510674734,1.2314636933307723,303.2338796771228,384,250,226,384,1559,2862,0,2.0704572590000225,True,9.669317863734271,0.0636926796208264,1.241038940813724
200,12,confined,39,9.744501656839986,0.0276709510674734,1.2314636933307723,303.57285587884155,384,338,304,425,1747,3424,0,2.172564056000056,True,9.669317863734271,0.0636926796208264,1.241038940813724
200,14,confined,0,9.744501656839986,0.0276709510674734,1.4367076422192344,304.58343688722766,384,384,305,384,1483,2972,0,2.2226108469999417,True,9.669317863734271,0.0636926796208264,1.447878764282678
200,14,confined,1,9.744501656839986,0.0276709510674734,1.4367076422192344,304.9536829277671,384,569,347,569,1791,3954,0,2.3700877440001022,True,9.669317863734271,0.0636926796208264,1.447878764282678
200,14,confined,2,9.744501656839986,0.0276709510674734,1.4367076422192344,304.8857888497794,384,530,335,530,1720,3742,0,2.2075241430000005,True,9.669317863734271,0.0636926796208264,1.447878764282678
200,14,confined,3,9.744501656839986,0.0276709510674734,1.4367076422192344,304.8348873325447,384,501,340,501,1765,3770,0,2.257807041999968,True,9.669317863734271,0.0636926796208264,1.447878764282678
200,14,confined,4,9.744501656839986,0.0276709510674734,1.4367076422192344,304.3767544945657,384,321,251,384,1492,2866,0,2.071243375999984,True,9.669317863734271,0.0636926796208264,1.447878764282678
200,14,confined,5,9.744501656839986,0.0276709510674734,1.4367076422192344,304.48163440415783,384,352,269,384,1494,2928,0,2.0267228509999318,True,9.669317863734271,0.0636926796208264,1.447878764282678
200,14,confined,6,9.744501656839986,0.0276709510674734,1.4367076422192344,304.8524064513648,384,510,343,514,1755,3768,0,2.278564937000056,True,9.669317863734271,0.0636926796208264,1.447878764282678
200,14,confined,7,9.744501656839986,0.0276709510674734,1.4367076422192344,304.9620436558717,384,573,340,573,1816,4022,0,2.184450233000007,True,9.669317863734271,0.0636926796208264,1.447878764282678
200,14,confined,8,9.744501656839986,0.0276709510674734,1.4367076422192344,304.54627513810533,384,380,303,384,1519,3038,0,2.039634408999973,True,9.669317863734271,0.0636926796208264,1.447878764282678
200,14,confined,9,9.744501656839986,0.0276709510674734,1.4367076422192344,304.4712951298741,384,350,274,384,1529,2998,0,2.0837148890000208,True,9.669317863734271,0.0636926796208264,1.447878764282678
200,14,confined,10,9.744501656839986,0.0276709510674734,1.4367076422192344,304.59664337474373,384,404,307,408,1562,3184,0,2.1125597730001573,True,9.669317863734271,0.0636926796208264,1.447878764282678
200,14,confined,11,9.744501656839986,0.0276709510674734,1.4367076422192344,304.3885251867563,384,326,261,384,1534,2958,0,2.022080397999844,True,9.669317863734271,0.0636926796208264,1.447878764282678
200,14,confined,12,9.744501656839986,0.0276709510674734,1.4367076422192344,304.6360272807735,384,417,322,418,1530,3142,0,2.101400558000023,True,9.669317863734271,0.0636926796208264,1.447878764282678
200,14,confined,13,9.744501656839986,0.0276709510674734,1.4367076422192344,304.93325330828014,384,562,326,562,1701,3776,0,2.2460467539999627,True,9.669317863734271,0.0636926796208264,1.447878764282678
200,14,confined,14,9.744501656839986,0.0276709510674734,1.4367076422192344,304.5366056225506,384,374,289,384,1507,3008,0,2.121768012999837,True,9.669317863734271,0.0636926796208264,1.447878764282678
200,14,confined,15,9.744501656839986,0.0276709510674734,1.4367076422192344,304.5220436360081,384,373,311,397,1650,3280,0,2.1084129539999594,True,9.669317863734271,0.0636926796208264,1.447878764282678
200,14,confined,16,9.744501656839986,0.0276709510674734,1.4367076422192344,304.7418057408692,384,468,309,468,1618,3414,0,2.227141229000153,True,9.669317863734271,0.0636926796208264,1.447878764282678
200,14,confined,17,9.744501656839986,0.0276709510674734,1.4367076422192344,304.8463477452613,384,514,361,527,1871,4014,0,2.349361341000076,True,9.669317863734271,0.0636926796208264,1.447878764282678
200,14,confined,18,9.744501656839986,0.0276709510674734,1.4367076422192344,304.70537330835066,384,448,341,448,1614,3368,0,2.298056120000183,True,9.669317863734271,0.0636926796208264,1.447878764282678
200,14,confined,19,9.744501656839986,0.0276709510674734,1.4367076422192344,304.4901129441348,384,365,281,384,1463,2890,0,2.171734219999962,True,9.669317863734271,0.0636926796208264,1.447878764282678
200,14,confined,20,9.744501656839986,0.0276709510674734,1.4367076422192344,304.5348875235238,384,368,315,396,1605,3194,0,2.12627737899993,True,9.669317863734271,0.0636926796208264,1.447878764282678
200,14,confined,21,9.744501656839986,0.0276709510674734,1.4367076422192344,304.8235924452035,384,493,348,493,1796,3828,0,2.283922341999869,True,9.669317863734271,0.0636926796208264,1.447878764282678
200,14,confined,22,9.744501656839986,0.0276709510674734,1.4367076422192344,304.4974016572754,384,355,303,395,1548,3052,0,2.0927514320001137,True,9.669317863734271,0.0636926796208264,1.447878764282678
200,14,confined,23,9.744501656839986,0.0276709510674734,1.4367076422192344,304.48425341703347,384,356,296,384,1474,2896,0,2.171361606000118,True,9.669317863734271,0.0636926796208264,1.447878764282678
200,14,confined,24,9.744501656839986,0.0276709510674734,1.4367076422192344,304.5750238594638,384,395,323,402,1585,3200,0,2.0971880820000024,True,9.669317863734271,0.0636926796208264,1.447878764282678
200,14,confined,25,9.744501656839986,0.0276709510674734,1.4367076422192344,304.8253451312098,384,503,337,503,1778,3804,0,2.203512945999819,True,9.669317863734271,0.0636926796208264,1.447878764282678
200,14,confined,26,9.744501656839986,0.0276709510674734,1.4367076422192344,304.62212300293504,384,402,310,402,1562,3168,0,2.1680734849999226,True,9.669317863734271,0.0636926796208264,1.447878764282678
200,14,confined,27,9.744501656839986,0.0276709510674734,1.4367076422192344,304.6927536391661,384,447,333,451,1577,3292,0,2.23497215600014,True,9.669317863734271,0.0636926796208264,1.447878764282678
200,14,confined,28,9.744501656839986,0.0276709510674734,1.4367076422192344,304.54651649672394,384,394,303,394,1491,3012,0,2.100473342999976,True,9.669317863734271,0.0636926796208264,1.447878764282678
200,14,confined,29,9.744501656839986,0.0276709510674734,1.4367076422192344,304.5601933029226,384,387,325,423,1667,3346,0,2.094419015000085,True,9.669317863734271,0.0636926796208264,1.447878764282678
200,14,confined,30,9.744501656839986,0.0276709510674734,1.4367076422192344,304.9050069357968,384,545,349,545,1727,3784,0,2.2789651929999764,True,9.669317863734271,0.0636926796208264,1.447878764282678
200,14,confined,31,9.744501656839986,0.0276709510674734,1.4367076422192344,304.2970741830114,384,301,262,384,1533,2906,0,2.1651248900000155,True,9.669317863734271,0.0636926796208264,1.447878764282678
200,14,confined,32,9.744501656839986,0.0276709510674734,1.4367076422192344,304.67586771452426,384,439,321,439,1581,3282,0,2.113943750000089,True,9.669317863734271,0.0636926796208264,1.447878764282678
200,14,confined,33,9.744501656839986,0.0276709510674734,1.4367076422192344,304.797274490976,384,487,327,488,1664,3544,0,2.1622677139998814,True,9.669317863734271,0.0636926796208264,1.447878764282678
200,14,confined,34,9.744501656839986,0.0276709510674734,1.4367076422192344,304.5290882378216,384,364,289,384,1489,2948,0,2.1322362130001693,True,9.669317863734271,0.0636926796208264,1.447878764282678
200,14,confined,35,9.744501656839986,0.0276709510674734,1.4367076422192344,304.4565484315735,384,342,276,406,1574,3074,0,2.205609242000037,True,9.669317863734271,0.0636926796208264,1.447878764282678
200,14,confined,36,9.744501656839986,0.0276709510674734,1.4367076422192344,304.4735402755352,384,355,300,403,1542,3032,0,2.1755668050000168,True,9.669317863734271,0.0636926796208264,1.447878764282678
200,14,confined,37,9.744501656839986,0.0276709510674734,1.4367076422192344,304.34187602119687,384,320,279,384,1400,2684,0,2.165256797999973,True,9.669317863734271,0.0636926796208264,1.447878764282678
200,14,confined,38,9.744501656839986,0.0276709510674734,1.4367076422192344,304.6278713990053,384,413,318,422,1621,3316,0,2.242818004000128,True,9.669317863734271,0.0636926796208264,1.447878764282678
200,14,confined,39,9.744501656839986,0.0276709510674734,1.4367076422192344,304.5060667643175,384,356,290,384,1491,2930,0,2.192122282000128,True,9.669317863734271,0.0636926796208264,1.447878764282678
200,16,confined,0,9.744501656839986,0.0276709510674734,1.6419515911076965,305.6776344429429,384,411,327,438,1560,3190,0,2.089496440999937,True,9.669317863734271,0.0636926796208264,1.654718587751632
200,16,confined,1,9.744501656839986,0.0276709510674734,1.6419515911076965,305.3515827693189,384,299,299,384,1421,2680,0,2.008075754999936,True,9.669317863734271,0.0636926796208264,1.654718587751632
200,16,confined,2,9.744501656839986,0.0276709510674734,1.6419515911076965,305.4213167671492,384,318,318,392,1456,2788,0,2.1402598550000675,True,9.669317863734271,0.0636926796208264,1.654718587751632
200,16,confined,3,9.744501656839986,0.0276709510674734,1.6419515911076965,305.29738164600377,384,282,276,386,1358,2518,0,2.0624355459999606,True,9.669317863734271,0.0636926796208264,1.654718587751632
200,16,confined,4,9.744501656839986,0.0276709510674734,1.6419515911076965,305.38429051510127,384,295,289,384,1413,2656,0,2.0260079669999413,True,9.669317863734271,0.0636926796208264,1.654718587751632
200,16,confined,5,9.744501656839986,0.0276709510674734,1.6419515911076965,305.5337350693692,384,363,300,409,1491,2950,0,2.019582678000006,True,9.669317863734271,0.0636926796208264,1.654718587751632
200,16,confined,6,9.744501656839986,0.0276709510674734,1.6419515911076965,305.5292715223705,384,356,316,421,1508,2970,0,2.1406794249999166,True,9.669317863734271,0.0636926796208264,1.654718587751632
200,16,confined,7,9.744501656839986,0.0276709510674734,1.6419515911076965,305.437780080894,384,329,287,384,1401,2700,0,2.0716463779999685,True,9.669317863734271,0.0636926796208264,1.654718587751632
200,16,confined,8,9.744501656839986,0.0276709510674734,1.6419515911076965,305.5310500769035,384,360,304,393,1383,2726,0,2.112888397000006,True,9.669317863734271,0.0636926796208264,1.654718587751632
200,16,confined,9,9.744501656839986,0.0276709510674734,1.6419515911076965,305.4581540724829,384,323,313,384,1453,2786,0,2.108830201000046,True,9.669317863734271,0.0636926796208264,1.654718587751632
200,16,confined,10,9.744501656839986,0.0276709510674734,1.6419515911076965,305.7690331751358,384,439,312,494,1628,3372,0,2.207384295999873,True,9.669317863734271,0.0636926796208264,1.654718587751632
200,16,confined,11,9.744501656839986,0.0276709510674734,1.6419515911076965,305.66663971298806,384,410,338,444,1585,3230,0,2.260143464000066,True,9.669317863734271,0.0636926796208264,1.654718587751632
200,16,confined,12,9.744501656839986,0.0276709510674734,1.6419515911076965,305.54266469372635,384,359,349,399,1531,3026,0,2.143723620000173,True,9.669317863734271,0.0636926796208264,1.654718587751632
200,16,confined,13,9.744501656839986,0.0276709510674734,1.6419515911076965,305.2604761970375,384,274,274,384,1477,2748,0,2.111017008999852,True,9.669317863734271,0.0636926796208264,1.654718587751632
200,16,confined,14,9.744501656839986,0.0276709510674734,1.6419515911076965,305.3950002035651,384,310,295,384,1432,2724,0,2.141370348000009,True,9.669317863734271,0.0636926796208264,1.654718587751632
200,16,confined,15,9.744501656839986,0.0276709510674734,1.6419515911076965,305.62684214257865,384,379,308,417,1498,2994,0,2.238049867999962,True,9.669317863734271,0.0636926796208264,1.654718587751632
200,16,confined,16,9.744501656839986,0.0276709510674734,1.6419515911076965,305.50508748247194,384,344,314,394,1488,2906,0,2.12798578800016,True,9.669317863734271,0.0636926796208264,1.654718587751632
200,16,confined,17,9.744501656839986,0.0276709510674734,1.6419515911076965,305.46362741820406,384,335,318,424,1539,2996,0,2.165718704000028,True,9.669317863734271,0.0636926796208264,1.654718587751632
200,16,confined,18,9.744501656839986,0.0276709510674734,1.6419515911076965,305.4807496112533,384,336,336,417,1563,3040,0,2.1510949670000628,True,9.669317863734271,0.0636926796208264,1.654718587751632
200,16,confined,19,9.744501656839986,0.0276709510674734,1.6419515911076965,305.2685970853166,384,280,239,384,1231,2260,0,1.950228756999877,True,9.669317863734271,0.0636926796208264,1.654718587751632
200,16,confined,20,9.744501656839986,0.0276709510674734,1.6419515911076965,305.7622696915032,384,458,330,527,1672,3498,0,2.145949394000126,True,9.669317863734271,0.0636926796208264,1.654718587751632
200,16,confined,21,9.744501656839986,0.0276709510674734,1.6419515911076965,305.64992601739493,384,401,316,461,1559,3160,0,2.1041057930001443,True,9.669317863734271,0.0636926796208264,1.654718587751632
200,16,confined,22,9.744501656839986,0.0276709510674734,1.6419515911076965,305.25550273062123,384,280,280,384,1418,2632,0,2.0768751809998776,True,9.669317863734271,0.0636926796208264,1.654718587751632
200,16,confined,23,9.744501656839986,0.0276709510674734,1.6419515911076965,305.1330041435535,384,242,242,384,1380,2482,0,2.0377676220000467,True,9.669317863734271,0.0636926796208264,1.654718587751632
200,16,confined,24,9.744501656839986,0.0276709510674734,1.6419515911076965,305.2988586935397,384,287,287,384,1378,2570,0,2.0381887549999647,True,9.669317863734271,0.0636926796208264,1.654718587751632
200,16,confined,25,9.744501656839986,0.0276709510674734,1.6419515911076965,305.2137181055171,384,257,256,388,1319,2386,0,1.9640447229999156,True,9.669317863734271,0.0636926796208264,1.654718587751632
200,16,confined,26,9.744501656839986,0.0276709510674734,1.6419515911076965,305.43450606971174,384,328,289,384,1327,2548,0,2.0040775889999622,True,9.669317863734271,0.0636926796208264,1.654718587751632
200,16,confined,27,9.744501656839986,0.0276709510674734,1.6419515911076965,305.5356590039868,384,353,333,397,1483,2918,0,2.0698372640001708,True,9.669317863734271,0.0636926796208264,1.654718587751632
200,16,confined,28,9.744501656839986,0.0276709510674734,1.6419515911076965,305.44465431095546,384,331,323,384,1454,2806,0,2.009381369000039,True,9.669317863734271,0.0636926796208264,1.654718587751632
200,16,confined,29,9.744501656839986,0.0276709510674734,1.6419515911076965,305.76321155262593,384,441,337,489,1630,3376,0,2.0539724410000417,True,9.669317863734271,0.0636926796208264,1.654718587751632
200,16,confined,30,9.744501656839986,0.0276709510674734,1.6419515911076965,305.2484234840797,384,270,270,384,1384,2550,0,2.0253397020001103,True,9.669317863734271,0.0636926796208264,1.654718587751632
200,16,confined,31,9.744501656839986,0.0276709510674734,1.6419515911076965,305.09903899171474,384,234,233,384,1308,2320,0,2.002165836999893,True,9.669317863734271,0.0636926796208264,1.654718587751632
200,16,confined,32,9.744501656839986,0.0276709510674734,1.6419515911076965,305.5119828711631,384,362,314,396,1465,2886,0,2.063269826999885,True,9.669317863734271,0.0636926796208264,1.654718587751632
200,16,confined,33,9.744501656839986,0.0276709510674734,1.6419515911076965,305.6824745697901,384,418,350,464,1625,3332,0,2.145160304000001,True,9.669317863734271,0.0636926796208264,1.654718587751632
200,16,confined,34,9.744501656839986,0.0276709510674734,1.6419515911076965,305.66831020249845,384,410,346,502,1722,3504,0,2.209424356999989,True,9.669317863734271,0.0636926796208264,1.654718587751632
200,16,confined,35,9.744501656839986,0.0276709510674734,1.6419515911076965,305.2491571221305,384,266,266,384,1368,2504,0,2.0341761879999467,True,9.669317863734271,0.0636926796208264,1.654718587751632
200,16,confined,36,9.744501656839986,0.0276709510674734,1.6419515911076965,305.38694712384245,384,306,259,384,1381,2614,0,2.082851937999976,True,9.669317863734271,0.0636926796208264,1.654718587751632
200,16,confined,37,9.744501656839986,0.0276709510674734,1.6419515911076965,305.42105758706737,384,312,312,384,1445,2752,0,2.1228042519999235,True,9.669317863734271,0.0636926796208264,1.654718587751632
200,16,confined,38,9.744501656839986,0.0276709510674734,1.6419515911076965,305.3924747736445,384,312,291,384,1408,2688,0,2.034247438000193,True,9.669317863734271,0.0636926796208264,1.654718587751632
200,16,confined,39,9.744501656839986,0.0276709510674734,1.6419515911076965,305.5182590222814,384,349,325,384,1454,2842,0,2.092480886999965,True,9.669317863734271,0.0636926796208264,1.654718587751632
200,18,confined,0,9.744501656839986,0.0276709510674734,1.8471955399961586,305.97015789144706,384,399,246,399,1260,2564,0,2.067792271999906,True,9.669317863734271,0.0636926796208264,1.8615584112205856
200,18,confined,1,9.744501656839986,0.0276709510674734,1.8471955399961586,306.12840854203944,384,470,334,474,1499,3176,0,2.149099563999925,True,9.669317863734271,0.0636926796208264,1.8615584112205856
200,18,confined,2,9.744501656839986,0.0276709510674734,1.8471955399961586,306.1816832376474,384,509,340,509,1503,3266,0,2.145942504000004,True,9.669317863734271,0.0636926796208264,1.8615584112205856
200,18,confined,3,9.744501656839986,0.0276709510674734,1.8471955399961586,306.2516486258769,384,540,340,540,1491,3298,0,2.149242078000043,True,9.669317863734271,0.0636926796208264,1.8615584112205856
200,18,confined,4,9.744501656839986,0.0276709510674734,1.8471955399961586,306.14602684839656,384,484,324,484,1403,3014,0,2.1066782190000595,True,9.669317863734271,0.0636926796208264,1.8615584112205856
200,18,confined,5,9.744501656839986,0.0276709510674734,1.8471955399961586,306.1268101947948,384,470,328,470,1385,2946,0,2.161966454000094,True,9.669317863734271,0.0636926796208264,1.8615584112205856
200,18,confined,6,9.744501656839986,0.0276709510674734,1.8471955399961586,306.2595756079262,384,539,346,544,1591,3504,0,2.231651334999924,True,9.669317863734271,0.0636926796208264,1.8615584112205856
200,18,confined,7,9.744501656839986,0.0276709510674734,1.8471955399961586,306.05075697222225,384,432,309,432,1350,2806,0,2.162302860999944,True,9.669317863734271,0.0636926796208264,1.8615584112205856
200,18,confined,8,9.744501656839986,0.0276709510674734,1.8471955399961586,306.0681792270837,384,444,339,444,1447,3028,0,2.1810395529998914,True,9.669317863734271,0.0636926796208264,1.8615584112205856
200,18,confined,9,9.744501656839986,0.0276709510674734,1.8471955399961586,306.0234462623673,384,423,286,423,1299,2682,0,2.146666471999879,True,9.669317863734271,0.0636926796208264,1.8615584112205856
200,18,confined,10,9.744501656839986,0.0276709510674734,1.8471955399961586,305.80902651501793,384,345,263,384,1229,2388,0,2.0307730580000225,True,9.669317863734271,0.0636926796208264,1.8615584112205856
200,18,confined,11,9.744501656839986,0.0276709510674734,1.8471955399961586,305.9962190042037,384,414,292,414,1329,2726,0,2.152356836000081,True,9.669317863734271,0.0636926796208264,1.8615584112205856
200,18,confined,12,9.744501656839986,0.0276709510674734,1.8471955399961586,306.0341527316419,384,441,301,441,1353,2824,0,2.232887157999812,True,9.669317863734271,0.0636926796208264,1.8615584112205856
200,18,confined,13,9.744501656839986,0.0276709510674734,1.8471955399961586,306.2285303950604,384,538,342,538,1498,3314,0,2.2612753619998784,True,9.669317863734271,0.0636926796208264,1.8615584112205856
200,18,confined,14,9.744501656839986,0.0276709510674734,1.8471955399961586,305.8790147969814,384,377,299,384,1325,2642,0,2.1368311409999023,True,9.669317863734271,0.0636926796208264,1.8615584112205856
200,18,confined,15,9.744501656839986,0.0276709510674734,1.8471955399961586,306.0783375166872,384,461,338,461,1427,3016,0,2.267770961999986,True,9.669317863734271,0.0636926796208264,1.8615584112205856
200,18,confined,16,9.744501656839986,0.0276709510674734,1.8471955399961586,306.3430567704938,384,586,330,586,1557,3534,0,2.2238645319998795,True,9.669317863734271,0.0636926796208264,1.8615584112205856
200,18,confined,17,9.744501656839986,0.0276709510674734,1.8471955399961586,305.9967016969064,384,419,307,419,1379,2840,0,2.2279461879998053,True,9.669317863734271,0.0636926796208264,1.8615584112205856
200,18,confined,18,9.744501656839986,0.0276709510674734,1.8471955399961586,306.0579854976911,384,442,292,442,1307,2734,0,2.141726270999925,True,9.669317863734271,0.0636926796208264,1.8615584112205856
200,18,confined,19,9.744501656839986,0.0276709510674734,1.8471955399961586,305.66473103020866,384,302,225,384,1172,2194,0,2.0684123409998847,True,9.669317863734271,0.0636926796208264,1.8615584112205856
200,18,confined,20,9.744501656839986,0.0276709510674734,1.8471955399961586,306.4164323719618,384,633,347,633,1570,3652,0,2.241526428000043,True,9.669317863734271,0.0636926796208264,1.8615584112205856
200,18,confined,21,9.744501656839986,0.0276709510674734,1.8471955399961586,306.0255771255795,384,438,277,440,1323,2758,0,2.1356104189999314,True,9.669317863734271,0.0636926796208264,1.8615584112205856
200,18,confined,22,9.744501656839986,0.0276709510674734,1.8471955399961586,306.0611019813716,384,449,316,451,1398,2940,0,2.1006739009999364,True,9.669317863734271,0.0636926796208264,1.8615584112205856
200,18,confined,23,9.744501656839986,0.0276709510674734,1.8471955399961586,305.8293900206117,384,354,297,384,1396,2736,0,2.1118218780000007,True,9.669317863734271,0.0636926796208264,1.8615584112205856
200,18,confined,24,9.744501656839986,0.0276709510674734,1.8471955399961586,306.0669874083274,384,450,321,456,1404,2952,0,2.1717637690001084,True,9.669317863734271,0.0636926796208264,1.8615584112205856
200,18,confined,25,9.744501656839986,0.0276709510674734,1.8471955399961586,306.10203985021565,384,458,328,458,1462,3074,0,2.1683644300001106,True,9.669317863734271,0.0636926796208264,1.8615584112205856
200,18,confined,26,9.744501656839986,0.0276709510674734,1.8471955399961586,305.9621000224696,384,390,329,390,1391,2798,0,2.125051328000154,True,9.669317863734271,0.0636926796208264,1.8615584112205856
200,18,confined,27,9.744501656839986,0.0276709510674734,1.8471955399961586,305.9848175766951,384,406,289,409,1314,2676,0,2.2246576879999798,True,9.669317863734271,0.0636926796208264,1.8615584112205856
200,18,confined,28,9.744501656839986,0.0276709510674734,1.8471955399961586,306.26844422410306,384,542,329,542,1426,3174,0,2.1847897459999785,True,9.669317863734271,0.0636926796208264,1.8615584112205856
200,18,confined,29,9.744501656839986,0.0276709510674734,1.8471955399961586,306.12314541813515,384,468,331,468,1487,3156,0,2.2379881499998646,True,9.669317863734271,0.0636926796208264,1.8615584112205856
200,18,confined,30,9.744501656839986,0.0276709510674734,1.8471955399961586,306.1258170018286,384,488,339,488,1509,3230,0,2.2228452480001124,True,9.669317863734271,0.0636926796208264,1.8615584112205856
200,18,confined,31,9.744501656839986,0.0276709510674734,1.8471955399961586,306.2436313376848,384,542,349,542,1564,3456,0,2.444528175999949,True,9.669317863734271,0.0636926796208264,1.8615584112205856
200,18,confined,32,9.744501656839986,0.0276709510674734,1.8471955399961586,306.0657741169868,384,459,311,459,1402,2962,0,2.37809229100003,True,9.669317863734271,0.0636926796208264,1.8615584112205856
200,18,confined,33,9.744501656839986,0.0276709510674734,1.8471955399961586,306.0681347645042,384,456,311,456,1363,2872,0,2.3990124269998887,True,9.669317863734271,0.0636926796208264,1.8615584112205856
200,18,confined,34,9.744501656839986,0.0276709510674734,1.8471955399961586,306.1054413750888,384,474,287,474,1303,2796,0,2.294999731999951,True,9.669317863734271,0.0636926796208264,1.8615584112205856
200,18,confined,35,9.744501656839986,0.0276709510674734,1.8471955399961586,305.98042801205065,384,405,261,405,1262,2572,0,2.24449017500001,True,9.669317863734271,0.0636926796208264,1.8615584112205856
200,18,confined,36,9.744501656839986,0.0276709510674734,1.8471955399961586,306.10999799547386,384,471,324,471,1419,3020,0,2.187275410999973,True,9.669317863734271,0.0636926796208264,1.8615584112205856
200,18,confined,37,9.744501656839986,0.0276709510674734,1.8471955399961586,306.01079861101346,384,425,317,425,1382,2850,0,2.110452288000033,True,9.669317863734271,0.0636926796208264,1.8615584112205856
200,18,confined,38,9.744501656839986,0.0276709510674734,1.8471955399961586,306.07854959333235,384,444,334,444,1475,3076,0,2.1976307899999483,True,9.669317863734271,0.0636926796208264,1.8615584112205856
200,18,confined,39,9.744501656839986,0.0276709510674734,1.8471955399961586,306.10283216702,384,472,314,472,1360,2902,0,2.17195902200001,True,9.669317863734271,0.0636926796208264,1.8615584112205856
200,20,confined,0,9.744501656839986,0.0276709510674734,2.0524394888846205,306.4417551121672,384,312,271,384,1303,2472,0,2.1340699239999594,True,9.669317863734271,0.0636926796208264,2.06839823468954
200,20,confined,1,9.744501656839986,0.0276709510674734,2.0524394888846205,306.62891367705515,384,347,315,409,1408,2744,0,2.111647481000091,True,9.669317863734271,0.0636926796208264,2.06839823468954
200,20,confined,2,9.744501656839986,0.0276709510674734,2.0524394888846205,306.5936062650216,384,340,311,396,1414,2746,0,2.140751960000216,True,9.669317863734271,0.0636926796208264,2.06839823468954
200,20,confined,3,9.744501656839986,0.0276709510674734,2.0524394888846205,306.5269370326007,384,321,310,386,1356,2592,0,2.1294244040000194,True,9.669317863734271,0.0636926796208264,2.06839823468954
200,20,confined,4,9.744501656839986,0.0276709510674734,2.0524394888846205,306.6076035202947,384,341,323,397,1371,2662,0,2.151063929999964,True,9.669317863734271,0.0636926796208264,2.06839823468954
200,20,confined,5,9.744501656839986,0.0276709510674734,2.0524394888846205,306.3687213861369,384,273,246,384,1239,2264,0,2.067351349999853,True,9.669317863734271,0.0636926796208264,2.06839823468954
200,20,confined,6,9.744501656839986,0.0276709510674734,2.0524394888846205,306.3871365295187,384,291,283,384,1273,2370,0,2.1238543710001068,True,9.669317863734271,0.0636926796208264,2.06839823468954
200,20,confined,7,9.744501656839986,0.0276709510674734,2.0524394888846205,306.43522081059604,384,302,285,384,1283,2408,0,2.170222608000131,True,9.669317863734271,0.0636926796208264,2.06839823468954
200,20,confined,8,9.744501656839986,0.0276709510674734,2.0524394888846205,306.38580486305256,384,286,274,384,1273,2354,0,2.185463178999953,True,9.669317863734271,0.0636926796208264,2.06839823468954
200,20,confined,9,9.744501656839986,0.0276709510674734,2.0524394888846205,306.48217915026123,384,312,281,384,1309,2484,0,2.232576406999897,True,9.669317863734271,0.0636926796208264,2.06839823468954
200,20,confined,10,9.744501656839986,0.0276709510674734,2.0524394888846205,306.3215881933675,384,268,262,384,1329,2432,0,2.2449972680001338,True,9.669317863734271,0.0636926796208264,2.06839823468954
200,20,confined,11,9.744501656839986,0.0276709510674734,2.0524394888846205,306.4891668793411,384,306,300,394,1339,2530,0,2.2676065610000933,True,9.669317863734271,0.0636926796208264,2.06839823468954
200,20,confined,12,9.744501656839986,0.0276709510674734,2.0524394888846205,306.3326126876407,384,261,258,384,1276,2320,0,2.1576666620001106,True,9.669317863734271,0.0636926796208264,2.06839823468954
200,20,confined,13,9.744501656839986,0.0276709510674734,2.0524394888846205,306.6081840959459,384,357,331,433,1422,2796,0,2.184698391999973,True,9.669317863734271,0.0636926796208264,2.06839823468954
200,20,confined,14,9.744501656839986,0.0276709510674734,2.0524394888846205,306.44625693803306,384,292,292,384,1273,2368,0,2.1311252169998625,True,9.669317863734271,0.0636926796208264,2.06839823468954
200,20,confined,15,9.744501656839986,0.0276709510674734,2.0524394888846205,306.5738869185221,384,343,324,391,1299,2524,0,2.170167542000172,True,9.669317863734271,0.0636926796208264,2.06839823468954
200,20,confined,16,9.744501656839986,0.0276709510674734,2.0524394888846205,306.6204350504313,384,348,340,422,1422,2774,0,2.2104584240000804,True,9.669317863734271,0.0636926796208264,2.06839823468954
200,20,confined,17,9.744501656839986,0.0276709510674734,2.0524394888846205,306.65803243789145,384,364,343,431,1420,2808,0,2.154838429999927,True,9.669317863734271,0.0636926796208264,2.06839823468954
200,20,confined,18,9.744501656839986,0.0276709510674734,2.0524394888846205,306.3135557213246,384,263,243,384,1244,2250,0,2.098117656999875,True,9.669317863734271,0.0636926796208264,2.06839823468954
200,20,confined,19,9.744501656839986,0.0276709510674734,2.0524394888846205,306.428172770733,384,291,291,386,1335,2486,0,2.1291129579999506,True,9.669317863734271,0.0636926796208264,2.06839823468954
200,20,confined,20,9.744501656839986,0.0276709510674734,2.0524394888846205,306.5679234331402,384,343,337,401,1408,2744,0,2.1991028380000444,True,9.669317863734271,0.0636926796208264,2.06839823468954
200,20,confined,21,9.744501656839986,0.0276709510674734,2.0524394888846205,306.56909199600415,384,324,299,384,1298,2482,0,2.11249968900006,True,9.669317863734271,0.0636926796208264,2.06839823468954
200,20,confined,22,9.744501656839986,0.0276709510674734,2.0524394888846205,306.2199754591172,384,238,233,384,1206,2130,0,2.068832129999919,True,9.669317863734271,0.0636926796208264,2.06839823468954
200,20,confined,23,9.744501656839986,0.0276709510674734,2.0524394888846205,306.4911455558364,384,305,305,392,1337,2524,0,2.192528569999922,True,9.669317863734271,0.0636926796208264,2.06839823468954
200,20,confined,24,9.744501656839986,0.0276709510674734,2.0524394888846205,306.80182850448983,384,413,346,488,1531,3126,0,2.232763893999845,True,9.669317863734271,0.0636926796208264,2.06839823468954
200,20,confined,25,9.744501656839986,0.0276709510674734,2.0524394888846205,306.2947539372426,384,254,254,390,1316,2378,0,2.1724780409999767,True,9.669317863734271,0.0636926796208264,2.06839823468954
200,20,confined,26,9.744501656839986,0.0276709510674734,2.0524394888846205,306.4972344327595,384,316,297,384,1249,2376,0,2.122872488999974,True,9.669317863734271,0.0636926796208264,2.06839823468954
200,20,confined,27,9.744501656839986,0.0276709510674734,2.0524394888846205,306.3633068607456,384,285,283,384,1279,2362,0,2.1969109960000424,True,9.669317863734271,0.0636926796208264,2.06839823468954
200,20,confined,28,9.744501656839986,0.0276709510674734,2.0524394888846205,306.70954666400496,384,384,338,397,1376,2756,0,2.4014667790002022,True,9.669317863734271,0.0636926796208264,2.06839823468954
200,20,confined,29,9.744501656839986,0.0276709510674734,2.0524394888846205,306.31016537901934,384,250,233,384,1193,2120,0,2.2895799870000246,True,9.669317863734271,0.0636926796208264,2.06839823468954
200,20,confined,30,9.744501656839986,0.0276709510674734,2.0524394888846205,306.49421628344527,384,313,281,384,1245,2356,0,2.380279857000005,True,9.669317863734271,0.0636926796208264,2.06839823468954
200,20,confined,31,9.744501656839986,0.0276709510674734,2.0524394888846205,306.585021041347,384,336,326,410,1454,2826,0,2.3775155099999665,True,9.669317863734271,0.0636926796208264,2.06839823468954
200,20,confined,32,9.744501656839986,0.0276709510674734,2.0524394888846205,306.3459020675125,384,265,265,384,1371,2508,0,2.2542673880000166,True,9.669317863734271,0.0636926796208264,2.06839823468954
200,20,confined,33,9.744501656839986,0.0276709510674734,2.0524394888846205,306.3895466733409,384,273,259,384,1183,2148,0,2.145829883000033,True,9.669317863734271,0.0636926796208264,2.06839823468954
200,20,confined,34,9.744501656839986,0.0276709510674734,2.0524394888846205,306.534082509896,384,316,299,384,1293,2450,0,2.280817739999975,True,9.669317863734271,0.0636926796208264,2.06839823468954
200,20,confined,35,9.744501656839986,0.0276709510674734,2.0524394888846205,306.7011696593535,384,385,345,440,1489,2990,0,2.261760641000137,True,9.669317863734271,0.0636926796208264,2.06839823468954
200,20,confined,36,9.744501656839986,0.0276709510674734,2.0524394888846205,306.3591128461652,384,263,243,384,1292,2344,0,2.2388632059999054,True,9.669317863734271,0.0636926796208264,2.06839823468954
200,20,confined,37,9.744501656839986,0.0276709510674734,2.0524394888846205,306.66669122012144,384,359,338,432,1474,2906,0,2.2408903610000834,True,9.669317863734271,0.0636926796208264,2.06839823468954
200,20,confined,38,9.744501656839986,0.0276709510674734,2.0524394888846205,306.4403336574717,384,298,272,384,1270,2374,0,2.237467732000141,True,9.669317863734271,0.0636926796208264,2.06839823468954
200,20,confined,39,9.744501656839986,0.0276709510674734,2.0524394888846205,306.5916851217463,384,335,324,422,1401,2712,0,2.241508251000141,True,9.669317863734271,0.0636926796208264,2.06839823468954
200,22,confined,0,9.744501656839986,0.0276709510674734,2.257683437773083,306.6394004652794,384,308,265,384,1126,2104,0,2.213438177999933,True,9.669317863734271,0.0636926796208264,2.275238058158494
200,22,confined,1,9.744501656839986,0.0276709510674734,2.257683437773083,307.05081214021976,384,452,341,457,1369,2878,0,2.294066103999967,True,9.669317863734271,0.0636926796208264,2.275238058158494
200,22,confined,2,9.744501656839986,0.0276709510674734,2.257683437773083,306.8860771469622,384,388,347,418,1353,2726,0,2.345977057000028,True,9.669317863734271,0.0636926796208264,2.275238058158494
200,22,confined,3,9.744501656839986,0.0276709510674734,2.257683437773083,306.8317226286527,384,377,311,396,1284,2560,0,2.2189750110001114,True,9.669317863734271,0.0636926796208264,2.275238058158494
200,22,confined,4,9.744501656839986,0.0276709510674734,2.257683437773083,306.6985820545386,384,330,305,384,1258,2410,0,2.342515607999985,True,9.669317863734271,0.0636926796208264,2.275238058158494
200,22,confined,5,9.744501656839986,0.0276709510674734,2.257683437773083,306.72588873819086,384,336,330,399,1398,2710,0,2.3175021059998926,True,9.669317863734271,0.0636926796208264,2.275238058158494
200,22,confined,6,9.744501656839986,0.0276709510674734,2.257683437773083,306.76100721229244,384,339,300,384,1236,2394,0,2.376613534000171,True,9.669317863734271,0.0636926796208264,2.275238058158494
200,22,confined,7,9.744501656839986,0.0276709510674734,2.257683437773083,306.76242024175457,384,347,304,384,1276,2494,0,2.3672117260000505,True,9.669317863734271,0.0636926796208264,2.275238058158494
200,22,confined,8,9.744501656839986,0.0276709510674734,2.257683437773083,306.84239113237663,384,367,352,417,1455,2886,0,2.4037862229999973,True,9.669317863734271,0.0636926796208264,2.275238058158494
200,22,confined,9,9.744501656839986,0.0276709510674734,2.257683437773083,306.99104385860323,384,425,300,432,1255,2594,0,2.318028812999956,True,9.669317863734271,0.0636926796208264,2.275238058158494
200,22,confined,10,9.744501656839986,0.0276709510674734,2.257683437773083,307.0988219141034,384,466,351,469,1373,2916,0,2.4296675949999558,True,9.669317863734271,0.0636926796208264,2.275238058158494
200,22,confined,11,9.744501656839986,0.0276709510674734,2.257683437773083,306.9457768426814,384,413,344,418,1395,2852,0,2.2444645379998747,True,9.669317863734271,0.0636926796208264,2.275238058158494
200,22,confined,12,9.744501656839986,0.0276709510674734,2.257683437773083,306.36521922997366,384,236,229,384,1153,2012,0,2.1030517460001192,True,9.669317863734271,0.0636926796208264,2.275238058158494
200,22,confined,13,9.744501656839986,0.0276709510674734,2.257683437773083,306.932831845531,384,410,337,413,1381,2828,0,2.295717937999825,True,9.669317863734271,0.0636926796208264,2.275238058158494
200,22,confined,14,9.744501656839986,0.0276709510674734,2.257683437773083,306.7750625522752,384,343,323,384,1281,2480,0,2.1925846789999923,True,9.669317863734271,0.0636926796208264,2.275238058158494
200,22,confined,15,9.744501656839986,0.0276709510674734,2.257683437773083,306.8799458261285,384,382,333,398,1336,2676,0,2.1606745640001463,True,9.669317863734271,0.0636926796208264,2.275238058158494
200,22,confined,16,9.744501656839986,0.0276709510674734,2.257683437773083,306.93985219966834,384,417,327,417,1315,2706,0,2.180023773999892,True,9.669317863734271,0.0636926796208264,2.275238058158494
200,22,confined,17,9.744501656839986,0.0276709510674734,2.257683437773083,306.8109440954554,384,353,302,384,1287,2518,0,2.205950600000051,True,9.669317863734271,0.0636926796208264,2.275238058158494
200,22,confined,18,9.744501656839986,0.0276709510674734,2.257683437773083,306.8096529895925,384,356,341,408,1401,2754,0,2.248363548000043,True,9.669317863734271,0.0636926796208264,2.275238058158494
200,22,confined,19,9.744501656839986,0.0276709510674734,2.257683437773083,306.7021089704916,384,330,326,388,1338,2578,0,2.159392370999967,True,9.669317863734271,0.0636926796208264,2.275238058158494
200,22,confined,20,9.744501656839986,0.0276709510674734,2.257683437773083,306.7451392845411,384,338,310,384,1341,2596,0,2.19480903900012,True,9.669317863734271,0.0636926796208264,2.275238058158494
200,22,confined,21,9.744501656839986,0.0276709510674734,2.257683437773083,306.875289234297,384,390,344,410,1414,2846,0,2.1714300440000898,True,9.669317863734271,0.0636926796208264,2.275238058158494
200,22,confined,22,9.744501656839986,0.0276709510674734,2.257683437773083,306.67654230151805,384,310,274,384,1195,2250,0,2.13633029000016,True,9.669317863734271,0.0636926796208264,2.275238058158494
200,22,confined,23,9.744501656839986,0.0276709510674734,2.257683437773083,306.798543053837,384,352,338,386,1342,2634,0,2.196831399999837,True,9.669317863734271,0.0636926796208264,2.275238058158494
200,22,confined,24,9.744501656839986,0.0276709510674734,2.257683437773083,306.8088415791283,384,368,311,389,1246,2470,0,2.192199320999862,True,9.669317863734271,0.0636926796208264,2.275238058158494
200,22,confined,25,9.744501656839986,0.0276709510674734,2.257683437773083,306.72804769309266,384,340,320,388,1337,2604,0,2.214736921999929,True,9.669317863734271,0.0636926796208264,2.275238058158494
200,22,confined,26,9.744501656839986,0.0276709510674734,2.257683437773083,306.8810032106528,384,388,340,422,1349,2712,0,2.260446860000002,True,9.669317863734271,0.0636926796208264,2.275238058158494
200,22,confined,27,9.744501656839986,0.0276709510674734,2.257683437773083,306.90300861316507,384,383,345,428,1417,2834,0,2.1286155099999178,True,9.669317863734271,0.0636926796208264,2.275238058158494
200,22,confined,28,9.744501656839986,0.0276709510674734,2.257683437773083,306.91866630125503,384,403,337,415,1370,2786,0,2.087698072999956,True,9.669317863734271,0.0636926796208264,2.275238058158494
200,22,confined,29,9.744501656839986,0.0276709510674734,2.257683437773083,306.8916103778787,384,392,319,403,1338,2704,0,2.131334829000025,True,9.669317863734271,0.0636926796208264,2.275238058158494
200,22,confined,30,9.744501656839986,0.0276709510674734,2.257683437773083,306.42483903156943,384,241,241,384,1234,2194,0,2.035894130000088,True,9.669317863734271,0.0636926796208264,2.275238058158494
200,22,confined,31,9.744501656839986,0.0276709510674734,2.257683437773083,306.8852066470384,384,383,332,400,1318,2646,0,2.072454199000049,True,9.669317863734271,0.0636926796208264,2.275238058158494
200,22,confined,32,9.744501656839986,0.0276709510674734,2.257683437773083,306.94006601788607,384,403,330,419,1340,2726,0,2.0828428270001496,True,9.669317863734271,0.0636926796208264,2.275238058158494
200,22,confined,33,9.744501656839986,0.0276709510674734,2.257683437773083,306.9835052570846,384,437,347,437,1397,2906,0,2.1853704089999155,True,9.669317863734271,0.0636926796208264,2.275238058158494
200,22,confined,34,9.744501656839986,0.0276709510674734,2.257683437773083,307.06171262819,384,467,347,471,1345,2866,0,2.145883034000008,True,9.669317863734271,0.0636926796208264,2.275238058158494
200,22,confined,35,9.744501656839986,0.0276709510674734,2.257683437773083,306.8094644972734,384,365,312,384,1293,2552,0,2.115420661000144,True,9.669317863734271,0.0636926796208264,2.275238058158494
200,22,confined,36,9.744501656839986,0.0276709510674734,2.257683437773083,306.9646404706145,384,418,328,418,1264,2606,0,2.1380663209999966,True,9.669317863734271,0.0636926796208264,2.275238058158494
200,22,confined,37,9.744501656839986,0.0276709510674734,2.257683437773083,307.1323320796221,384,501,351,501,1428,3102,0,2.210716757,True,9.669317863734271,0.0636926796208264,2.275238058158494
200,22,confined,38,9.744501656839986,0.0276709510674734,2.257683437773083,307.0173362710972,384,448,338,451,1396,2934,0,2.182564745000036,True,9.669317863734271,0.0636926796208264,2.275238058158494
200,22,confined,39,9.744501656839986,0.0276709510674734,2.257683437773083,306.98946013332545,384,426,311,426,1290,2670,0,2.110071870999945,True,9.669317863734271,0.0636926796208264,2.275238058158494
200,24,confined,0,9.744501656839986,0.0276709510674734,2.4629273866615446,306.78834717301214,384,240,231,384,1120,1958,0,2.080350428999964,True,9.669317863734271,0.0636926796208264,2.482077881627448
200,24,confined,1,9.744501656839986,0.0276709510674734,2.4629273866615446,307.0192483566483,384,306,304,388,1289,2428,0,2.160506491999968,True,9.669317863734271,0.0636926796208264,2.482077881627448
200,24,confined,2,9.744501656839986,0.0276709510674734,2.4629273866615446,307.0696871805053,384,311,263,394,1187,2228,0,2.1706293970000843,True,9.669317863734271,0.0636926796208264,2.482077881627448
200,24,confined,3,9.744501656839986,0.0276709510674734,2.4629273866615446,307.33553193987404,384,430,336,440,1414,2932,0,2.2224733739999465,True,9.669317863734271,0.0636926796208264,2.482077881627448
200,24,confined,4,9.744501656839986,0.0276709510674734,2.4629273866615446,307.0545094007428,384,314,296,384,1236,2338,0,2.133344076999947,True,9.669317863734271,0.0636926796208264,2.482077881627448
200,24,confined,5,9.744501656839986,0.0276709510674734,2.4629273866615446,307.3152768000191,384,419,339,462,1416,2914,0,2.163541317000181,True,9.669317863734271,0.0636926796208264,2.482077881627448
200,24,confined,6,9.744501656839986,0.0276709510674734,2.4629273866615446,307.00728488086014,384,304,275,384,1170,2184,0,2.0921069870000792,True,9.669317863734271,0.0636926796208264,2.482077881627448
200,24,confined,7,9.744501656839986,0.0276709510674734,2.4629273866615446,307.3248116046992,384,409,331,419,1321,2698,0,2.19413951699994,True,9.669317863734271,0.0636926796208264,2.482077881627448
200,24,confined,8,9.744501656839986,0.0276709510674734,2.4629273866615446,306.77844341642896,384,236,236,384,1055,1826,0,2.0553600340001594,True,9.669317863734271,0.0636926796208264,2.482077881627448
200,24,confined,9,9.744501656839986,0.0276709510674734,2.4629273866615446,306.93619570992064,384,285,279,384,1138,2086,0,2.042543370999965,True,9.669317863734271,0.0636926796208264,2.482077881627448
200,24,confined,10,9.744501656839986,0.0276709510674734,2.4629273866615446,307.1711298190936,384,363,329,384,1240,2448,0,2.0808996550001666,True,9.669317863734271,0.0636926796208264,2.482077881627448
200,24,confined,11,9.744501656839986,0.0276709510674734,2.4629273866615446,307.1709842656543,384,356,337,402,1292,2536,0,2.120423211000116,True,9.669317863734271,0.0636926796208264,2.482077881627448
200,24,confined,12,9.744501656839986,0.0276709510674734,2.4629273866615446,307.2068485703641,384,368,316,384,1211,2392,0,2.090303330999859,True,9.669317863734271,0.0636926796208264,2.482077881627448
200,24,confined,13,9.744501656839986,0.0276709510674734,2.4629273866615446,307.0566356855352,384,325,309,384,1298,2484,0,2.0261080029999903,True,9.669317863734271,0.0636926796208264,2.482077881627448
200,24,confined,14,9.744501656839986,0.0276709510674734,2.4629273866615446,307.1750345793244,384,364,320,384,1227,2420,0,2.068497976999879,True,9.669317863734271,0.0636926796208264,2.482077881627448
200,24,confined,15,9.744501656839986,0.0276709510674734,2.4629273866615446,306.998491959087,384,305,300,388,1300,2444,0,2.0397709719998147,True,9.669317863734271,0.0636926796208264,2.482077881627448
200,24,confined,16,9.744501656839986,0.0276709510674734,2.4629273866615446,307.006226137165,384,302,276,384,1161,2164,0,2.06651083099996,True,9.669317863734271,0.0636926796208264,2.482077881627448
200,24,confined,17,9.744501656839986,0.0276709510674734,2.4629273866615446,307.0545936721317,384,326,310,403,1300,2492,0,2.078571647999979,True,9.669317863734271,0.0636926796208264,2.482077881627448
200,24,confined,18,9.744501656839986,0.0276709510674734,2.4629273866615446,307.29597054754487,384,406,310,416,1218,2484,0,2.134031441999923,True,9.669317863734271,0.0636926796208264,2.482077881627448
200,24,confined,19,9.744501656839986,0.0276709510674734,2.4629273866615446,307.3509541733036,384,420,346,467,1422,2922,0,2.123060126000155,True,9.669317863734271,0.0636926796208264,2.482077881627448
200,24,confined,20,9.744501656839986,0.0276709510674734,2.4629273866615446,307.1456147963299,384,348,291,384,1184,2300,0,2.1326715220000096,True,9.669317863734271,0.0636926796208264,2.482077881627448
200,24,confined,21,9.744501656839986,0.0276709510674734,2.4629273866615446,307.17585302664827,384,355,321,386,1246,2448,0,2.116259755999863,True,9.669317863734271,0.0636926796208264,2.482077881627448
200,24,confined,22,9.744501656839986,0.0276709510674734,2.4629273866615446,306.9475299707557,384,284,268,384,1247,2304,0,2.1854328079998595,True,9.669317863734271,0.0636926796208264,2.482077881627448
200,24,confined,23,9.744501656839986,0.0276709510674734,2.4629273866615446,307.1742238366048,384,367,302,384,1187,2344,0,2.146022247000019,True,9.669317863734271,0.0636926796208264,2.482077881627448
200,24,confined,24,9.744501656839986,0.0276709510674734,2.4629273866615446,306.5724495025811,384,204,191,384,1049,1748,0,1.9733605059998356,True,9.669317863734271,0.0636926796208264,2.482077881627448
200,24,confined,25,9.744501656839986,0.0276709510674734,2.4629273866615446,306.9740855109852,384,302,297,384,1230,2306,0,2.058621529999982,True,9.669317863734271,0.0636926796208264,2.482077881627448
200,24,confined,26,9.744501656839986,0.0276709510674734,2.4629273866615446,307.2769381997374,384,398,332,415,1299,2630,0,2.1488780950001,True,9.669317863734271,0.0636926796208264,2.482077881627448
200,24,confined,27,9.744501656839986,0.0276709510674734,2.4629273866615446,306.91386416016644,384,287,287,392,1285,2390,0,2.157790099000067,True,9.669317863734271,0.0636926796208264,2.482077881627448
200,24,confined,28,9.744501656839986,0.0276709510674734,2.4629273866615446,306.98949873791844,384,306,290,384,1206,2260,0,2.1003147390001686,True,9.669317863734271,0.0636926796208264,2.482077881627448
200,24,confined,29,9.744501656839986,0.0276709510674734,2.4629273866615446,307.353308675974,384,425,341,448,1309,2712,0,2.116186074000097,True,9.669317863734271,0.0636926796208264,2.482077881627448
200,24,confined,30,9.744501656839986,0.0276709510674734,2.4629273866615446,307.08851612777005,384,325,315,393,1265,2424,0,2.162123992000033,True,9.669317863734271,0.0636926796208264,2.482077881627448
200,24,confined,31,9.744501656839986,0.0276709510674734,2.4629273866615446,307.0226985739369,384,309,292,384,1231,2316,0,2.063093934000108,True,9.669317863734271,0.0636926796208264,2.482077881627448
200,24,confined,32,9.744501656839986,0.0276709510674734,2.4629273866615446,307.3081529321048,384,404,343,408,1305,2656,0,2.1834220910000117,True,9.669317863734271,0.0636926796208264,2.482077881627448
200,24,confined,33,9.744501656839986,0.0276709510674734,2.4629273866615446,307.04585460312586,384,322,300,384,1280,2444,0,2.0632115110001905,True,9.669317863734271,0.0636926796208264,2.482077881627448
200,24,confined,34,9.744501656839986,0.0276709510674734,2.4629273866615446,307.116077940329,384,334,298,384,1238,2376,0,2.086718607999956,True,9.669317863734271,0.0636926796208264,2.482077881627448
200,24,confined,35,9.744501656839986,0.0276709510674734,2.4629273866615446,307.12363686201246,384,340,324,396,1287,2496,0,2.1058755169999586,True,9.669317863734271,0.0636926796208264,2.482077881627448
200,24,confined,36,9.744501656839986,0.0276709510674734,2.4629273866615446,307.0712371182604,384,331,315,384,1282,2468,0,2.143931266999971,True,9.669317863734271,0.0636926796208264,2.482077881627448
200,24,confined,37,9.744501656839986,0.0276709510674734,2.4629273866615446,307.3274407239147,384,424,325,442,1335,2754,0,2.1122823769999286,True,9.669317863734271,0.0636926796208264,2.482077881627448
200,24,confined,38,9.744501656839986,0.0276709510674734,2.4629273866615446,307.3541461219508,384,438,321,444,1327,2768,0,2.2227443839999523,True,9.669317863734271,0.0636926796208264,2.482077881627448
200,24,confined,39,9.744501656839986,0.0276709510674734,2.4629273866615446,306.9599170720986,384,291,291,384,1212,2240,0,2.0970291000001,True,9.669317863734271,0.0636926796208264,2.482077881627448
200,26,confined,0,9.744501656839986,0.0276709510674734,2.6681713355500065,307.0754068356217,384,329,278,384,1158,2214,0,2.2826560050000357,True,9.669317863734271,0.0636926796208264,2.6889177050964017
200,26,confined,1,9.744501656839986,0.0276709510674734,2.6681713355500065,307.38780124433885,384,451,348,451,1315,2772,0,2.214777356000013,True,9.669317863734271,0.0636926796208264,2.6889177050964017
200,26,confined,2,9.744501656839986,0.0276709510674734,2.6681713355500065,307.347993024904,384,437,314,437,1231,2584,0,2.257468904999996,True,9.669317863734271,0.0636926796208264,2.6889177050964017
200,26,confined,3,9.744501656839986,0.0276709510674734,2.6681713355500065,307.3945310586189,384,463,326,463,1278,2726,0,2.217633110999941,True,9.669317863734271,0.0636926796208264,2.6889177050964017
200,26,confined,4,9.744501656839986,0.0276709510674734,2.6681713355500065,307.11886678380444,384,348,328,384,1261,2454,0,2.1930625329998747,True,9.669317863734271,0.0636926796208264,2.6889177050964017
200,26,confined,5,9.744501656839986,0.0276709510674734,2.6681713355500065,307.09596739428105,384,339,301,384,1186,2288,0,2.0479176440001083,True,9.669317863734271,0.0636926796208264,2.6889177050964017
200,26,confined,6,9.744501656839986,0.0276709510674734,2.6681713355500065,307.2474422901723,384,391,299,391,1171,2368,0,2.188295901999936,True,9.669317863734271,0.0636926796208264,2.6889177050964017
200,26,confined,7,9.744501656839986,0.0276709510674734,2.6681713355500065,307.52042977066685,384,507,339,508,1334,2920,0,2.178680877000033,True,9.669317863734271,0.0636926796208264,2.6889177050964017
200,26,confined,8,9.744501656839986,0.0276709510674734,2.6681713355500065,307.1136563771491,384,338,313,384,1250,2412,0,2.1589087629999995,True,9.669317863734271,0.0636926796208264,2.6889177050964017
200,26,confined,9,9.744501656839986,0.0276709510674734,2.6681713355500065,307.307175310833,384,417,314,443,1285,2640,0,2.139980422000008,True,9.669317863734271,0.0636926796208264,2.6889177050964017
200,26,confined,10,9.744501656839986,0.0276709510674734,2.6681713355500065,307.2001512092348,384,368,287,384,1139,2250,0,2.2055796180000016,True,9.669317863734271,0.0636926796208264,2.6889177050964017
200,26,confined,11,9.744501656839986,0.0276709510674734,2.6681713355500065,307.1483949479631,384,351,289,384,1207,2358,0,2.10935629100004,True,9.669317863734271,0.0636926796208264,2.6889177050964017
200,26,confined,12,9.744501656839986,0.0276709510674734,2.6681713355500065,307.3865195759582,384,455,305,455,1232,2626,0,2.200684807000016,True,9.669317863734271,0.0636926796208264,2.6889177050964017
200,26,confined,13,9.744501656839986,0.0276709510674734,2.6681713355500065,307.18052402087613,384,369,295,384,1252,2478,0,2.113922152999976,True,9.669317863734271,0.0636926796208264,2.6889177050964017
200,26,confined,14,9.744501656839986,0.0276709510674734,2.6681713355500065,307.11892979476033,384,343,327,384,1262,2446,0,2.154252753000037,True,9.669317863734271,0.0636926796208264,2.6889177050964017
200,26,confined,15,9.744501656839986,0.0276709510674734,2.6681713355500065,307.2150480860737,384,383,348,392,1320,2648,0,2.3141505829999005,True,9.669317863734271,0.0636926796208264,2.6889177050964017
200,26,confined,16,9.744501656839986,0.0276709510674734,2.6681713355500065,307.418917824901,384,466,305,466,1246,2672,0,2.2094517840000663,True,9.669317863734271,0.0636926796208264,2.6889177050964017
200,26,confined,17,9.744501656839986,0.0276709510674734,2.6681713355500065,307.2243199398407,384,386,320,386,1238,2486,0,2.2155082849999417,True,9.669317863734271,0.0636926796208264,2.6889177050964017
200,26,confined,18,9.744501656839986,0.0276709510674734,2.6681713355500065,307.50987414965704,384,503,338,510,1335,2918,0,2.252463336000119,True,9.669317863734271,0.0636926796208264,2.6889177050964017
200,26,confined,19,9.744501656839986,0.0276709510674734,2.6681713355500065,306.98673910492835,384,312,282,384,1182,2222,0,2.277830892000111,True,9.669317863734271,0.0636926796208264,2.6889177050964017
200,26,confined,20,9.744501656839986,0.0276709510674734,2.6681713355500065,307.4952454696799,384,508,330,513,1335,2926,0,2.295797564000168,True,9.669317863734271,0.0636926796208264,2.6889177050964017
200,26,confined,21,9.744501656839986,0.0276709510674734,2.6681713355500065,307.36059189427425,384,441,308,441,1179,2482,0,2.1829004629998963,True,9.669317863734271,0.0636926796208264,2.6889177050964017
200,26,confined,22,9.744501656839986,0.0276709510674734,2.6681713355500065,307.02283140852234,384,314,285,384,1179,2232,0,2.134530699999914,True,9.669317863734271,0.0636926796208264,2.6889177050964017
200,26,confined,23,9.744501656839986,0.0276709510674734,2.6681713355500065,307.3476186357617,384,429,343,429,1304,2704,0,2.258855195000024,True,9.669317863734271,0.0636926796208264,2.6889177050964017
200,26,confined,24,9.744501656839986,0.0276709510674734,2.6681713355500065,307.48860226223246,384,500,324,500,1304,2850,0,2.282948841999996,True,9.669317863734271,0.0636926796208264,2.6889177050964017
200,26,confined,25,9.744501656839986,0.0276709510674734,2.6681713355500065,306.95064101465584,384,292,259,384,1051,1926,0,2.1322496600000704,True,9.669317863734271,0.0636926796208264,2.6889177050964017
200,26,confined,26,9.744501656839986,0.0276709510674734,2.6681713355500065,307.0771817804335,384,337,303,384,1183,2286,0,2.207643085999962,True,9.669317863734271,0.0636926796208264,2.6889177050964017
200,26,confined,27,9.744501656839986,0.0276709510674734,2.6681713355500065,307.01021899707973,384,314,279,384,1153,2170,0,2.1767553980000685,True,9.669317863734271,0.0636926796208264,2.6889177050964017
200,26,confined,28,9.744501656839986,0.0276709510674734,2.6681713355500065,307.0411668145775,384,322,300,384,1193,2264,0,2.1448678079998444,True,9.669317863734271,0.0636926796208264,2.6889177050964017
200,26,confined,29,9.744501656839986,0.0276709510674734,2.6681713355500065,306.96800479792864,384,298,288,384,1171,2174,0,2.1337106690000383,True,9.669317863734271,0.0636926796208264,2.6889177050964017
200,26,confined,30,9.744501656839986,0.0276709510674734,2.6681713355500065,307.3147723939408,384,422,323,439,1309,2706,0,2.1788221580000027,True,9.669317863734271,0.0636926796208264,2.6889177050964017
200,26,confined,31,9.744501656839986,0.0276709510674734,2.6681713355500065,307.37421950799285,384,451,340,453,1329,2806,0,2.320304292999936,True,9.669317863734271,0.0636926796208264,2.6889177050964017
200,26,confined,32,9.744501656839986,0.0276709510674734,2.6681713355500065,307.07223691160203,384,334,277,384,1162,2234,0,2.142110813000045,True,9.669317863734271,0.0636926796208264,2.6889177050964017
200,26,confined,33,9.744501656839986,0.0276709510674734,2.6681713355500065,307.28248480349333,384,420,322,420,1209,2494,0,2.1614868600001955,True,9.669317863734271,0.0636926796208264,2.6889177050964017
200,26,confined,34,9.744501656839986,0.0276709510674734,2.6681713355500065,307.08188881591684,384,325,288,384,1146,2178,0,2.1239725010000257,True,9.669317863734271,0.0636926796208264,2.6889177050964017
200,26,confined,35,9.744501656839986,0.0276709510674734,2.6681713355500065,307.2998848324408,384,419,336,419,1295,2664,0,2.249581488999865,True,9.669317863734271,0.0636926796208264,2.6889177050964017
200,26,confined,36,9.744501656839986,0.0276709510674734,2.6681713355500065,307.1776559590241,384,370,314,384,1188,2350,0,2.2937882460000765,True,9.669317863734271,0.0636926796208264,2.6889177050964017
200,26,confined,37,9.744501656839986,0.0276709510674734,2.6681713355500065,307.018126413361,384,306,243,384,1055,1958,0,2.1340241069999597,True,9.669317863734271,0.0636926796208264,2.6889177050964017
200,26,confined,38,9.744501656839986,0.0276709510674734,2.6681713355500065,307.510057440753,384,510,339,510,1326,2912,0,2.300168763999864,True,9.669317863734271,0.0636926796208264,2.6889177050964017
200,26,confined,39,9.744501656839986,0.0276709510674734,2.6681713355500065,307.3809126475354,384,448,273,448,1194,2520,0,2.16930910699989,True,9.669317863734271,0.0636926796208264,2.6889177050964017
200,28,confined,0,9.744501656839986,0.0276709510674734,2.873415284438469,307.3539592300888,384,297,276,384,1118,2068,0,2.0573130579998637,True,9.669317863734271,0.0636926796208264,2.895757528565356
200,28,confined,1,9.744501656839986,0.0276709510674734,2.873415284438469,307.53296155832766,384,361,305,406,1208,2378,0,2.155280951999885,True,9.669317863734271,0.0636926796208264,2.895757528565356
200,28,confined,2,9.744501656839986,0.0276709510674734,2.873415284438469,307.339567571134,384,296,296,384,1183,2196,0,2.136255039999924,True,9.669317863734271,0.0636926796208264,2.895757528565356
200,28,confined,3,9.744501656839986,0.0276709510674734,2.873415284438469,307.4098386081281,384,307,288,385,1167,2192,0,2.122369697999829,True,9.669317863734271,0.0636926796208264,2.895757528565356
200,28,confined,4,9.744501656839986,0.0276709510674734,2.873415284438469,307.52685623790035,384,360,307,384,1190,2338,0,2.126449235000109,True,9.669317863734271,0.0636926796208264,2.895757528565356
200,28,confined,5,9.744501656839986,0.0276709510674734,2.873415284438469,307.4890509409551,384,344,323,384,1258,2442,0,2.17527088199995,True,9.669317863734271,0.0636926796208264,2.895757528565356
200,28,confined,6,9.744501656839986,0.0276709510674734,2.873415284438469,307.4324919061675,384,334,309,384,1169,2242,0,2.0897754360000818,True,9.669317863734271,0.0636926796208264,2.895757528565356
200,28,confined,7,9.744501656839986,0.0276709510674734,2.873415284438469,307.576647759292,384,377,348,394,1272,2530,0,2.151749749999908,True,9.669317863734271,0.0636926796208264,2.895757528565356
200,28,confined,8,9.744501656839986,0.0276709510674734,2.873415284438469,307.12473948805035,384,248,247,384,1201,2140,0,2.072819886000161,True,9.669317863734271,0.0636926796208264,2.895757528565356
200,28,confined,9,9.744501656839986,0.0276709510674734,2.873415284438469,307.4133765957736,384,310,298,384,1153,2162,0,2.0620885220000678,True,9.669317863734271,0.0636926796208264,2.895757528565356
200,28,confined,10,9.744501656839986,0.0276709510674734,2.873415284438469,307.24491283816434,384,285,274,384,1097,2004,0,2.078481095000143,True,9.669317863734271,0.0636926796208264,2.895757528565356
200,28,confined,11,9.744501656839986,0.0276709510674734,2.873415284438469,307.61519281865054,384,386,317,386,1222,2452,0,2.12262113099996,True,9.669317863734271,0.0636926796208264,2.895757528565356
200,28,confined,12,9.744501656839986,0.0276709510674734,2.873415284438469,307.4434038674921,384,335,299,384,1143,2194,0,2.1484604820000186,True,9.669317863734271,0.0636926796208264,2.895757528565356
200,28,confined,13,9.744501656839986,0.0276709510674734,2.873415284438469,307.2865690641428,384,287,273,384,1120,2048,0,2.104681987000049,True,9.669317863734271,0.0636926796208264,2.895757528565356
200,28,confined,14,9.744501656839986,0.0276709510674734,2.873415284438469,307.39588300118663,384,321,267,384,1093,2062,0,2.2852305960000194,True,9.669317863734271,0.0636926796208264,2.895757528565356
200,28,confined,15,9.744501656839986,0.0276709510674734,2.873415284438469,307.2867052355494,384,272,269,384,1153,2086,0,2.2060017320000043,True,9.669317863734271,0.0636926796208264,2.895757528565356
200,28,confined,16,9.744501656839986,0.0276709510674734,2.873415284438469,307.3602150505748,384,301,294,384,1126,2092,0,2.388736670999833,True,9.669317863734271,0.0636926796208264,2.895757528565356
200,28,confined,17,9.744501656839986,0.0276709510674734,2.873415284438469,307.4197924873447,384,330,315,384,1191,2282,0,2.337924765000025,True,9.669317863734271,0.0636926796208264,2.895757528565356
200,28,confined,18,9.744501656839986,0.0276709510674734,2.873415284438469,307.42967906546625,384,335,324,395,1243,2398,0,2.141859600000089,True,9.669317863734271,0.0636926796208264,2.895757528565356
200,28,confined,19,9.744501656839986,0.0276709510674734,2.873415284438469,307.75415687377,384,448,331,461,1245,2620,0,2.2248731760000737,True,9.669317863734271,0.0636926796208264,2.895757528565356
200,28,confined,20,9.744501656839986,0.0276709510674734,2.873415284438469,307.4653853909349,384,327,307,384,1198,2288,0,2.2894595150000896,True,9.669317863734271,0.0636926796208264,2.895757528565356
200,28,confined,21,9.744501656839986,0.0276709510674734,2.873415284438469,307.6120767194843,384,393,337,398,1239,2496,0,2.3409409999999298,True,9.669317863734271,0.0636926796208264,2.895757528565356
200,28,confined,22,9.744501656839986,0.0276709510674734,2.873415284438469,307.5582874305784,384,360,305,406,1231,2420,0,2.175879953999811,True,9.669317863734271,0.0636926796208264,2.895757528565356
200,28,confined,23,9.744501656839986,0.0276709510674734,2.873415284438469,307.69946855039683,384,430,336,455,1317,2730,0,2.2327314589999787,True,9.669317863734271,0.0636926796208264,2.895757528565356
200,28,confined,24,9.744501656839986,0.0276709510674734,2.873415284438469,307.43253998246826,384,317,306,384,1179,2228,0,2.204960146999838,True,9.669317863734271,0.0636926796208264,2.895757528565356
200,28,confined,25,9.744501656839986,0.0276709510674734,2.873415284438469,307.55184736534466,384,363,341,398,1278,2518,0,2.261596355000165,True,9.669317863734271,0.0636926796208264,2.895757528565356
200,28,confined,26,9.744501656839986,0.0276709510674734,2.873415284438469,307.3291726494853,384,287,270,384,1154,2120,0,2.161559618999945,True,9.669317863734271,0.0636926796208264,2.895757528565356
200,28,confined,27,9.744501656839986,0.0276709510674734,2.873415284438469,307.1013874426439,384,235,235,384,1060,1826,0,2.2140027610000743,True,9.669317863734271,0.0636926796208264,2.895757528565356
200,28,confined,28,9.744501656839986,0.0276709510674734,2.873415284438469,307.4289806468991,384,333,279,387,1121,2140,0,2.260886295000091,True,9.669317863734271,0.0636926796208264,2.895757528565356
200,28,confined,29,9.744501656839986,0.0276709510674734,2.873415284438469,307.39454825628604,384,311,266,384,1051,1958,0,2.200983162999819,True,9.669317863734271,0.0636926796208264,2.895757528565356
200,28,confined,30,9.744501656839986,0.0276709510674734,2.873415284438469,307.64618336353726,384,395,291,397,1110,2244,0,2.0893814829998973,True,9.669317863734271,0.0636926796208264,2.895757528565356
200,28,confined,31,9.744501656839986,0.0276709510674734,2.873415284438469,307.2229446686401,384,264,257,384,1075,1912,0,2.143448655000157,True,9.669317863734271,0.0636926796208264,2.895757528565356
200,28,confined,32,9.744501656839986,0.0276709510674734,2.873415284438469,307.40146397648687,384,316,313,384,1237,2340,0,2.376747949999981,True,9.669317863734271,0.0636926796208264,2.895757528565356
200,28,confined,33,9.744501656839986,0.0276709510674734,2.873415284438469,307.153889051559,384,245,221,384,1057,1838,0,2.315033035999932,True,9.669317863734271,0.0636926796208264,2.895757528565356
200,28,confined,34,9.744501656839986,0.0276709510674734,2.873415284438469,307.58678229582546,384,375,331,389,1196,2380,0,2.2853398050001488,True,9.669317863734271,0.0636926796208264,2.895757528565356
200,28,confined,35,9.744501656839986,0.0276709510674734,2.873415284438469,307.33524335864854,384,302,291,384,1170,2180,0,2.294047795999859,True,9.669317863734271,0.0636926796208264,2.895757528565356
200,28,confined,36,9.744501656839986,0.0276709510674734,2.873415284438469,307.638295132435,384,385,304,385,1186,2376,0,2.2791194159999577,True,9.669317863734271,0.0636926796208264,2.895757528565356
200,28,confined,37,9.744501656839986,0.0276709510674734,2.873415284438469,307.1970953129582,384,254,240,384,1064,1872,0,2.228315352999971,True,9.669317863734271,0.0636926796208264,2.895757528565356
200,28,confined,38,9.744501656839986,0.0276709510674734,2.873415284438469,307.1568535047899,384,248,248,384,1154,2044,0,2.0462414779999563,True,9.669317863734271,0.0636926796208264,2.895757528565356
200,28,confined,39,9.744501656839986,0.0276709510674734,2.873415284438469,307.8092973615038,384,469,337,478,1380,2936,0,2.2928168439998444,True,9.669317863734271,0.0636926796208264,2.895757528565356
200,30,confined,0,9.744501656839986,0.0276709510674734,3.0786592333269307,307.5355532786809,384,298,275,384,1082,1998,0,2.2739520670002094,True,9.669317863734271,0.0636926796208264,3.10259735203431
200,30,confined,1,9.744501656839986,0.0276709510674734,3.0786592333269307,307.57490523286737,384,315,313,384,1136,2136,0,2.302362088000109,True,9.669317863734271,0.0636926796208264,3.10259735203431
200,30,confined,2,9.744501656839986,0.0276709510674734,3.0786592333269307,307.51188388481074,384,291,291,384,1144,2108,0,2.1304451169999084,True,9.669317863734271,0.0636926796208264,3.10259735203431
200,30,confined,3,9.744501656839986,0.0276709510674734,3.0786592333269307,307.59214154981885,384,319,319,403,1272,2418,0,2.219257599999992,True,9.669317863734271,0.0636926796208264,3.10259735203431
200,30,confined,4,9.744501656839986,0.0276709510674734,3.0786592333269307,307.13350072333515,384,200,200,384,1123,1880,0,2.249490598999955,True,9.669317863734271,0.0636926796208264,3.10259735203431
200,30,confined,5,9.744501656839986,0.0276709510674734,3.0786592333269307,307.3016879734535,384,226,226,384,1047,1780,0,2.241407413999923,True,9.669317863734271,0.0636926796208264,3.10259735203431
200,30,confined,6,9.744501656839986,0.0276709510674734,3.0786592333269307,307.46969153397043,384,284,284,384,1109,2022,0,2.165691834999961,True,9.669317863734271,0.0636926796208264,3.10259735203431
200,30,confined,7,9.744501656839986,0.0276709510674734,3.0786592333269307,307.3008065425209,384,240,240,384,1066,1852,0,2.1578264980000768,True,9.669317863734271,0.0636926796208264,3.10259735203431
200,30,confined,8,9.744501656839986,0.0276709510674734,3.0786592333269307,307.5456494988002,384,300,299,384,1168,2176,0,2.4204520529999627,True,9.669317863734271,0.0636926796208264,3.10259735203431
200,30,confined,9,9.744501656839986,0.0276709510674734,3.0786592333269307,307.492993254693,384,285,282,384,1103,2012,0,2.371718446000159,True,9.669317863734271,0.0636926796208264,3.10259735203431
200,30,confined,10,9.744501656839986,0.0276709510674734,3.0786592333269307,307.6718993002135,384,331,313,384,1162,2224,0,2.25953427200011,True,9.669317863734271,0.0636926796208264,3.10259735203431
200,30,confined,11,9.744501656839986,0.0276709510674734,3.0786592333269307,307.6682088154119,384,334,331,385,1219,2348,0,2.374814544999936,True,9.669317863734271,0.0636926796208264,3.10259735203431
200,30,confined,12,9.744501656839986,0.0276709510674734,3.0786592333269307,307.4246222571618,384,266,266,384,1124,2018,0,2.3655827630000203,True,9.669317863734271,0.0636926796208264,3.10259735203431
200,30,confined,13,9.744501656839986,0.0276709510674734,3.0786592333269307,307.7080993169305,384,355,294,384,1176,2302,0,2.551043352000079,True,9.669317863734271,0.0636926796208264,3.10259735203431
200,30,confined,14,9.744501656839986,0.0276709510674734,3.0786592333269307,307.8182573627005,384,392,326,426,1234,2486,0,2.6590932400001748,True,9.669317863734271,0.0636926796208264,3.10259735203431
200,30,confined,15,9.744501656839986,0.0276709510674734,3.0786592333269307,307.6195453151761,384,321,285,384,1142,2170,0,2.3116348730000027,True,9.669317863734271,0.0636926796208264,3.10259735203431
200,30,confined,16,9.744501656839986,0.0276709510674734,3.0786592333269307,307.4521690443247,384,273,273,384,1180,2138,0,2.2382696769998347,True,9.669317863734271,0.0636926796208264,3.10259735203431
200,30,confined,17,9.744501656839986,0.0276709510674734,3.0786592333269307,307.6994513151484,384,355,334,384,1220,2390,0,2.3385656759999165,True,9.669317863734271,0.0636926796208264,3.10259735203431
200,30,confined,18,9.744501656839986,0.0276709510674734,3.0786592333269307,307.4050041397779,384,262,262,384,1077,1918,0,2.2730296130000625,True,9.669317863734271,0.0636926796208264,3.10259735203431
200,30,confined,19,9.744501656839986,0.0276709510674734,3.0786592333269307,307.6311162710086,384,336,291,384,1172,2258,0,2.20820541199987,True,9.669317863734271,0.0636926796208264,3.10259735203431
200,30,confined,20,9.744501656839986,0.0276709510674734,3.0786592333269307,307.68682054625407,384,350,340,434,1313,2562,0,2.2668719490000058,True,9.669317863734271,0.0636926796208264,3.10259735203431
200,30,confined,21,9.744501656839986,0.0276709510674734,3.0786592333269307,307.5408265149117,384,304,280,384,1050,1944,0,2.215207798999927,True,9.669317863734271,0.0636926796208264,3.10259735203431
200,30,confined,22,9.744501656839986,0.0276709510674734,3.0786592333269307,307.6276050767366,384,333,320,384,1226,2354,0,2.283142926999972,True,9.669317863734271,0.0636926796208264,3.10259735203431
200,30,confined,23,9.744501656839986,0.0276709510674734,3.0786592333269307,307.6614557290017,384,329,326,396,1249,2392,0,2.1988828329999706,True,9.669317863734271,0.0636926796208264,3.10259735203431
200,30,confined,24,9.744501656839986,0.0276709510674734,3.0786592333269307,307.21925222346846,384,219,216,384,1086,1848,0,2.11602926799992,True,9.669317863734271,0.0636926796208264,3.10259735203431
200,30,confined,25,9.744501656839986,0.0276709510674734,3.0786592333269307,307.5350936474771,384,292,292,384,1132,2086,0,2.195693970000093,True,9.669317863734271,0.0636926796208264,3.10259735203431
200,30,confined,26,9.744501656839986,0.0276709510674734,3.0786592333269307,307.57976309215115,384,309,303,391,1190,2236,0,2.2297436440001093,True,9.669317863734271,0.0636926796208264,3.10259735203431
200,30,confined,27,9.744501656839986,0.0276709510674734,3.0786592333269307,307.5981768463035,384,316,311,384,1153,2172,0,2.216838177999989,True,9.669317863734271,0.0636926796208264,3.10259735203431
200,30,confined,28,9.744501656839986,0.0276709510674734,3.0786592333269307,307.54197658978245,384,308,308,384,1238,2328,0,2.278620495000041,True,9.669317863734271,0.0636926796208264,3.10259735203431
200,30,confined,29,9.744501656839986,0.0276709510674734,3.0786592333269307,307.7599052460487,384,367,314,384,1162,2294,0,2.28538864799998,True,9.669317863734271,0.0636926796208264,3.10259735203431
200,30,confined,30,9.744501656839986,0.0276709510674734,3.0786592333269307,307.30878529616035,384,237,235,388,1218,2144,0,2.2801756520000254,True,9.669317863734271,0.0636926796208264,3.10259735203431
200,30,confined,31,9.744501656839986,0.0276709510674734,3.0786592333269307,307.4586551341691,384,264,263,384,1041,1850,0,2.1438211209999736,True,9.669317863734271,0.0636926796208264,3.10259735203431
200,30,confined,32,9.744501656839986,0.0276709510674734,3.0786592333269307,307.6406472001208,384,332,303,403,1166,2234,0,2.159770289000108,True,9.669317863734271,0.0636926796208264,3.10259735203431
200,30,confined,33,9.744501656839986,0.0276709510674734,3.0786592333269307,307.6333169814408,384,334,330,386,1250,2408,0,2.2968242929998723,True,9.669317863734271,0.0636926796208264,3.10259735203431
200,30,confined,34,9.744501656839986,0.0276709510674734,3.0786592333269307,307.5489363009738,384,295,294,384,1166,2164,0,2.244873632999997,True,9.669317863734271,0.0636926796208264,3.10259735203431
200,30,confined,35,9.744501656839986,0.0276709510674734,3.0786592333269307,307.4997143384134,384,292,292,384,1166,2152,0,2.1493721150000056,True,9.669317863734271,0.0636926796208264,3.10259735203431
200,30,confined,36,9.744501656839986,0.0276709510674734,3.0786592333269307,307.8689598316374,384,411,344,477,1393,2848,0,2.244899021000037,True,9.669317863734271,0.0636926796208264,3.10259735203431
200,30,confined,37,9.744501656839986,0.0276709510674734,3.0786592333269307,307.657686313425,384,334,328,386,1210,2322,0,2.219189207999989,True,9.669317863734271,0.0636926796208264,3.10259735203431
200,30,confined,38,9.744501656839986,0.0276709510674734,3.0786592333269307,307.615106642769,384,323,322,388,1216,2312,0,2.291922864000071,True,9.669317863734271,0.0636926796208264,3.10259735203431
200,30,confined,39,9.744501656839986,0.0276709510674734,3.0786592333269307,307.6587043783941,384,344,308,385,1186,2302,0,2.135445849000007,True,9.669317863734271,0.0636926796208264,3.10259735203431
200,32,confined,0,9.744501656839986,0.0276709510674734,3.283903182215393,307.5757364719057,384,268,259,384,1164,2096,0,2.1083668720000333,True,9.669317863734271,0.0636926796208264,3.309437175503264
200,32,confined,1,9.744501656839986,0.0276709510674734,3.283903182215393,307.574340143801,384,271,255,384,1088,1964,0,2.1647787760000483,True,9.669317863734271,0.0636926796208264,3.309437175503264
200,32,confined,2,9.744501656839986,0.0276709510674734,3.283903182215393,307.5356144356268,384,267,256,384,1125,2022,0,2.2247535680000965,True,9.669317863734271,0.0636926796208264,3.309437175503264
200,32,confined,3,9.744501656839986,0.0276709510674734,3.283903182215393,307.42220446708825,384,235,235,384,1091,1886,0,2.0731993550000425,True,9.669317863734271,0.0636926796208264,3.309437175503264
200,32,confined,4,9.744501656839986,0.0276709510674734,3.283903182215393,307.66660942358203,384,295,262,384,1121,2068,0,2.192606724000143,True,9.669317863734271,0.0636926796208264,3.309437175503264
200,32,confined,5,9.744501656839986,0.0276709510674734,3.283903182215393,307.6078325700684,384,277,269,384,1183,2154,0,2.219596195000122,True,9.669317863734271,0.0636926796208264,3.309437175503264
200,32,confined,6,9.744501656839986,0.0276709510674734,3.283903182215393,307.80975942639265,384,336,313,392,1229,2372,0,2.369740868999997,True,9.669317863734271,0.0636926796208264,3.309437175503264
200,32,confined,7,9.744501656839986,0.0276709510674734,3.283903182215393,307.7435949046415,384,328,296,384,1135,2162,0,2.244632176000096,True,9.669317863734271,0.0636926796208264,3.309437175503264
200,32,confined,8,9.744501656839986,0.0276709510674734,3.283903182215393,307.467252947388,384,240,222,384,1056,1832,0,2.114677892000145,True,9.669317863734271,0.0636926796208264,3.309437175503264
200,32,confined,9,9.744501656839986,0.0276709510674734,3.283903182215393,307.503897718876,384,258,251,384,1142,2038,0,2.171823138000036,True,9.669317863734271,0.0636926796208264,3.309437175503264
200,32,confined,10,9.744501656839986,0.0276709510674734,3.283903182215393,307.962785530646,384,406,329,425,1234,2516,0,2.2242492010000205,True,9.669317863734271,0.0636926796208264,3.309437175503264
200,32,confined,11,9.744501656839986,0.0276709510674734,3.283903182215393,307.6381421481418,384,294,268,384,1121,2064,0,2.2384741679998115,True,9.669317863734271,0.0636926796208264,3.309437175503264
200,32,confined,12,9.744501656839986,0.0276709510674734,3.283903182215393,307.7709284028826,384,329,296,384,1131,2158,0,2.1794097739998506,True,9.669317863734271,0.0636926796208264,3.309437175503264
200,32,confined,13,9.744501656839986,0.0276709510674734,3.283903182215393,307.7282113678039,384,315,301,392,1208,2284,0,2.165080623999984,True,9.669317863734271,0.0636926796208264,3.309437175503264
200,32,confined,14,9.744501656839986,0.0276709510674734,3.283903182215393,307.76629854066937,384,326,291,390,1201,2292,0,2.192298521000112,True,9.669317863734271,0.0636926796208264,3.309437175503264
200,32,confined,15,9.744501656839986,0.0276709510674734,3.283903182215393,307.83349183334536,384,360,313,389,1174,2308,0,2.187286588999996,True,9.669317863734271,0.0636926796208264,3.309437175503264
200,32,confined,16,9.744501656839986,0.0276709510674734,3.283903182215393,307.5953075950267,384,279,257,384,1042,1876,0,1.9987455539999248,True,9.669317863734271,0.0636926796208264,3.309437175503264
200,32,confined,17,9.744501656839986,0.0276709510674734,3.283903182215393,307.5756529787213,384,275,237,384,1123,2036,0,2.050446756000156,True,9.669317863734271,0.0636926796208264,3.309437175503264
200,32,confined,18,9.744501656839986,0.0276709510674734,3.283903182215393,307.95437437805856,384,403,342,428,1279,2606,0,2.2036331719998543,True,9.669317863734271,0.0636926796208264,3.309437175503264
200,32,confined,19,9.744501656839986,0.0276709510674734,3.283903182215393,307.8851147634253,384,371,334,384,1182,2346,0,2.1142824850001034,True,9.669317863734271,0.0636926796208264,3.309437175503264
200,32,confined,20,9.744501656839986,0.0276709510674734,3.283903182215393,307.7675366749779,384,322,300,384,1133,2142,0,2.0676083819998894,True,9.669317863734271,0.0636926796208264,3.309437175503264
200,32,confined,21,9.744501656839986,0.0276709510674734,3.283903182215393,307.7517216156553,384,331,297,384,1141,2180,0,2.1300308100001075,True,9.669317863734271,0.0636926796208264,3.309437175503264
200,32,confined,22,9.744501656839986,0.0276709510674734,3.283903182215393,307.7302103615786,384,314,290,384,1119,2108,0,2.155266840999957,True,9.669317863734271,0.0636926796208264,3.309437175503264
200,32,confined,23,9.744501656839986,0.0276709510674734,3.283903182215393,307.6407772992952,384,299,292,384,1182,2204,0,2.197957501000019,True,9.669317863734271,0.0636926796208264,3.309437175503264
200,32,confined,24,9.744501656839986,0.0276709510674734,3.283903182215393,307.6690442813898,384,304,302,386,1160,2168,0,2.336109050999994,True,9.669317863734271,0.0636926796208264,3.309437175503264
200,32,confined,25,9.744501656839986,0.0276709510674734,3.283903182215393,307.7549992595188,384,326,306,384,1139,2174,0,2.348228312000174,True,9.669317863734271,0.0636926796208264,3.309437175503264
200,32,confined,26,9.744501656839986,0.0276709510674734,3.283903182215393,307.6335423991625,384,287,258,384,1126,2066,0,2.3708370150000064,True,9.669317863734271,0.0636926796208264,3.309437175503264
200,32,confined,27,9.744501656839986,0.0276709510674734,3.283903182215393,307.8947622151147,384,378,335,426,1252,2502,0,2.3961326290000216,True,9.669317863734271,0.0636926796208264,3.309437175503264
200,32,confined,28,9.744501656839986,0.0276709510674734,3.283903182215393,307.402488810039,384,233,214,384,1060,1826,0,2.205807866999976,True,9.669317863734271,0.0636926796208264,3.309437175503264
200,32,confined,29,9.744501656839986,0.0276709510674734,3.283903182215393,307.691705618789,384,310,285,384,1169,2204,0,2.291915782999922,True,9.669317863734271,0.0636926796208264,3.309437175503264
200,32,confined,30,9.744501656839986,0.0276709510674734,3.283903182215393,307.73896236483614,384,317,315,411,1301,2488,0,2.363842486000067,True,9.669317863734271,0.0636926796208264,3.309437175503264
200,32,confined,31,9.744501656839986,0.0276709510674734,3.283903182215393,307.72192091793664,384,309,287,384,1153,2160,0,2.2374810849998994,True,9.669317863734271,0.0636926796208264,3.309437175503264
200,32,confined,32,9.744501656839986,0.0276709510674734,3.283903182215393,307.64071175729106,384,290,266,384,1167,2152,0,2.183847374000152,True,9.669317863734271,0.0636926796208264,3.309437175503264
200,32,confined,33,9.744501656839986,0.0276709510674734,3.283903182215393,307.6703442502196,384,305,267,384,1141,2132,0,2.166682647000016,True,9.669317863734271,0.0636926796208264,3.309437175503264
200,32,confined,34,9.744501656839986,0.0276709510674734,3.283903182215393,307.70241643854155,384,303,288,384,1125,2096,0,2.111014278000084,True,9.669317863734271,0.0636926796208264,3.309437175503264
200,32,confined,35,9.744501656839986,0.0276709510674734,3.283903182215393,307.5709933029356,384,268,257,384,1083,1938,0,2.103134702000034,True,9.669317863734271,0.0636926796208264,3.309437175503264
200,32,confined,36,9.744501656839986,0.0276709510674734,3.283903182215393,307.4601389622225,384,239,217,384,1034,1784,0,2.0262472499998694,True,9.669317863734271,0.0636926796208264,3.309437175503264
200,32,confined,37,9.744501656839986,0.0276709510674734,3.283903182215393,307.6303085064039,384,286,277,384,1096,1996,0,2.1029097680000177,True,9.669317863734271,0.0636926796208264,3.309437175503264
200,32,confined,38,9.744501656839986,0.0276709510674734,3.283903182215393,307.69574037575364,384,311,297,386,1175,2216,0,2.1596411560001343,True,9.669317863734271,0.0636926796208264,3.309437175503264
200,32,confined,39,9.744501656839986,0.0276709510674734,3.283903182215393,307.7088684338737,384,321,305,384,1161,2202,0,2.186267195000028,True,9.669317863734271,0.0636926796208264,3.309437175503264
200,0,unconfined,0,9.744501656839986,0.0276709510674734,inf,308.24944766736354,384,347,303,384,1029,1988,0,2.253612677999854,False,9.669317863734271,0.0636926796208264,inf
200,0,unconfined,1,9.744501656839986,0.0276709510674734,inf,308.0639946416683,384,291,284,384,1042,1904,0,2.255166668999891,False,9.669317863734271,0.0636926796208264,inf
200,0,unconfined,2,9.744501656839986,0.0276709510674734,inf,308.1635264044607,384,322,312,384,1138,2156,0,2.311151238000093,False,9.669317863734271,0.0636926796208264,inf
200,0,unconfined,3,9.744501656839986,0.0276709510674734,inf,308.06668614661555,384,307,285,384,1019,1898,0,2.1832210119998763,False,9.669317863734271,0.0636926796208264,inf
200,0,unconfined,4,9.744501656839986,0.0276709510674734,inf,308.34008467978964,384,392,313,398,1108,2236,0,2.126760152000088,False,9.669317863734271,0.0636926796208264,inf
200,0,unconfined,5,9.744501656839986,0.0276709510674734,inf,308.2403656278816,384,359,313,395,1114,2182,0,2.0805062230001568,False,9.669317863734271,0.0636926796208264,inf
200,0,unconfined,6,9.744501656839986,0.0276709510674734,inf,308.3230906918589,384,391,327,397,1114,2246,0,2.121405072000016,False,9.669317863734271,0.0636926796208264,inf
200,0,unconfined,7,9.744501656839986,0.0276709510674734,inf,308.1321299227575,384,318,294,384,1060,1994,0,2.110561755999925,False,9.669317863734271,0.0636926796208264,inf
200,0,unconfined,8,9.744501656839986,0.0276709510674734,inf,308.40722423916293,384,427,343,429,1179,2452,0,2.37620999700016,False,9.669317863734271,0.0636926796208264,inf
200,0,unconfined,9,9.744501656839986,0.0276709510674734,inf,308.51675656258755,384,455,347,457,1210,2566,0,2.3368656340001053,False,9.669317863734271,0.0636926796208264,inf
200,0,unconfined,10,9.744501656839986,0.0276709510674734,inf,308.1208118285024,384,315,288,384,1065,1994,0,2.2461621009999817,False,9.669317863734271,0.0636926796208264,inf
200,0,unconfined,11,9.744501656839986,0.0276709510674734,inf,308.2542503013124,384,356,315,384,1047,2050,0,2.259274049000169,False,9.669317863734271,0.0636926796208264,inf
200,0,unconfined,12,9.744501656839986,0.0276709510674734,inf,308.2021158150385,384,337,325,384,1141,2188,0,2.197390840000025,False,9.669317863734271,0.0636926796208264,inf
200,0,unconfined,13,9.744501656839986,0.0276709510674734,inf,308.3490301830059,384,399,340,406,1142,2320,0,2.1739841950000027,False,9.669317863734271,0.0636926796208264,inf
200,0,unconfined,14,9.744501656839986,0.0276709510674734,inf,308.3978432056206,384,418,349,425,1162,2406,0,2.2306442459998834,False,9.669317863734271,0.0636926796208264,inf
200,0,unconfined,15,9.744501656839986,0.0276709510674734,inf,308.37099016410565,384,386,329,390,1114,2236,0,2.1502419600001303,False,9.669317863734271,0.0636926796208264,inf
200,0,unconfined,16,9.744501656839986,0.0276709510674734,inf,308.08361223163894,384,304,273,384,1047,1938,0,2.019970820000026,False,9.669317863734271,0.0636926796208264,inf
200,0,unconfined,17,9.744501656839986,0.0276709510674734,inf,308.0646039757312,384,299,278,384,1066,1970,0,2.0292037269998677,False,9.669317863734271,0.0636926796208264,inf
200,0,unconfined,18,9.744501656839986,0.0276709510674734,inf,308.3777207190868,384,388,315,388,1031,2078,0,2.0745590209999136,False,9.669317863734271,0.0636926796208264,inf
200,0,unconfined,19,9.744501656839986,0.0276709510674734,inf,308.2157779547301,384,350,323,384,1097,2130,0,2.051366005999853,False,9.669317863734271,0.0636926796208264,inf
200,0,unconfined,20,9.744501656839986,0.0276709510674734,inf,308.1786013050348,384,332,308,384,1078,2056,0,2.084326135999845,False,9.669317863734271,0.0636926796208264,inf
200,0,unconfined,21,9.744501656839986,0.0276709510674734,inf,308.3894808010772,384,415,334,441,1193,2460,0,2.196440967999933,False,9.669317863734271,0.0636926796208264,inf
200,0,unconfined,22,9.744501656839986,0.0276709510674734,inf,308.39667631917735,384,421,348,426,1204,2490,0,2.1911803259999942,False,9.669317863734271,0.0636926796208264,inf
200,0,unconfined,23,9.744501656839986,0.0276709510674734,inf,308.26039014932866,384,363,327,384,1105,2178,0,2.128209620000007,False,9.669317863734271,0.0636926796208264,inf
200,0,unconfined,24,9.744501656839986,0.0276709510674734,inf,308.0959468208915,384,307,302,384,1073,1998,0,2.094460140000137,False,9.669317863734271,0.0636926796208264,inf
200,0,unconfined,25,9.744501656839986,0.0276709510674734,inf,308.3834581895437,384,403,331,409,1146,2334,0,2.242334092999954,False,9.669317863734271,0.0636926796208264,inf
200,0,unconfined,26,9.744501656839986,0.0276709510674734,inf,308.52429450111606,384,457,315,463,1108,2370,0,2.2011672090000047,False,9.669317863734271,0.0636926796208264,inf
200,0,unconfined,27,9.744501656839986,0.0276709510674734,inf,308.28194107759674,384,361,320,384,1108,2182,0,2.163045435999948,False,9.669317863734271,0.0636926796208264,inf
200,0,unconfined,28,9.744501656839986,0.0276709510674734,inf,308.42315550761754,384,420,351,443,1223,2524,0,2.2044435600000725,False,9.669317863734271,0.0636926796208264,inf
200,0,unconfined,29,9.744501656839986,0.0276709510674734,inf,308.3388410934351,384,387,340,388,1127,2272,0,2.1341077219999534,False,9.669317863734271,0.0636926796208264,inf
200,0,unconfined,30,9.744501656839986,0.0276709510674734,inf,308.3381303544078,384,384,323,395,1125,2258,0,2.0979066920001515,False,9.669317863734271,0.0636926796208264,inf
200,0,unconfined,31,9.744501656839986,0.0276709510674734,inf,308.37254160869685,384,398,339,400,1131,2292,0,2.191079175000141,False,9.669317863734271,0.0636926796208264,inf
200,0,unconfined,32,9.744501656839986,0.0276709510674734,inf,308.5934021347456,384,493,354,493,1198,2622,0,2.1659721010000794,False,9.669317863734271,0.0636926796208264,inf
200,0,unconfined,33,9.744501656839986,0.0276709510674734,inf,308.37376209732093,384,411,318,425,1115,2296,0,2.138548016999948,False,9.669317863734271,0.0636926796208264,inf
200,0,unconfined,34,9.744501656839986,0.0276709510674734,inf,308.4031264393234,384,421,352,430,1196,2474,0,2.1626705720000245,False,9.669317863734271,0.0636926796208264,inf
200,0,unconfined,35,9.744501656839986,0.0276709510674734,inf,308.1030462855203,384,312,293,384,1048,1958,0,2.050633156999993,False,9.669317863734271,0.0636926796208264,inf
200,0,unconfined,36,9.744501656839986,0.0276709510674734,inf,308.3622516097027,384,403,307,403,1049,2148,0,2.0893530170001213,False,9.669317863734271,0.0636926796208264,inf
200,0,unconfined,37,9.744501656839986,0.0276709510674734,inf,308.36282884865216,384,402,323,408,1135,2308,0,2.150958583000147,False,9.669317863734271,0.0636926796208264,inf
200,0,unconfined,38,9.744501656839986,0.0276709510674734,inf,308.21068486531124,384,341,302,384,1073,2066,0,2.0981779629998982,False,9.669317863734271,0.0636926796208264,inf
200,0,unconfined,39,9.744501656839986,0.0276709510674734,inf,308.2891077716286,384,361,292,384,1002,1964,0,2.12445175400012,False,9.669317863734271,0.0636926796208264,inf
250,12,confined,0,10.988157546967631,0.1090329366508892,1.0920848148297257,379.08697072654417,384,525,295,550,2251,4786,0,2.384807934999799,True,10.988157546967631,0.1090329366508892,1.0920848148297255
250,12,confined,1,10.988157546967631,0.1090329366508892,1.0920848148297257,379.4743679493833,384,770,325,878,2795,6380,0,2.4845120169998154,True,10.988157546967631,0.1090329366508892,1.0920848148297255
250,12,confined,2,10.988157546967631,0.1090329366508892,1.0920848148297257,379.1759688628951,384,576,298,599,2324,5050,0,2.368865749999941,True,10.988157546967631,0.1090329366508892,1.0920848148297255
250,12,confined,3,10.988157546967631,0.1090329366508892,1.0920848148297257,379.6766796311207,384,923,328,945,2824,6748,0,2.607689425999979,True,10.988157546967631,0.1090329366508892,1.0920848148297255
250,12,confined,4,10.988157546967631,0.1090329366508892,1.0920848148297257,379.5066834976639,384,788,309,834,2581,5994,0,2.5777437419999387,True,10.988157546967631,0.1090329366508892,1.0920848148297255
250,12,confined,5,10.988157546967631,0.1090329366508892,1.0920848148297257,379.2762352625857,384,624,337,696,2759,6014,0,2.457284552999909,True,10.988157546967631,0.1090329366508892,1.0920848148297255
250,12,confined,6,10.988157546967631,0.1090329366508892,1.0920848148297257,379.14371692540726,384,566,298,609,2207,4788,0,2.326736661999803,True,10.988157546967631,0.1090329366508892,1.0920848148297255
250,12,confined,7,10.988157546967631,0.1090329366508892,1.0920848148297257,379.4448438715111,384,732,332,787,2621,5948,0,2.5942657020000297,True,10.988157546967631,0.1090329366508892,1.0920848148297255
250,12,confined,8,10.988157546967631,0.1090329366508892,1.0920848148297257,379.2227804382085,384,591,300,617,2267,4960,0,2.467251582999779,True,10.988157546967631,0.1090329366508892,1.0920848148297255
250,12,confined,9,10.988157546967631,0.1090329366508892,1.0920848148297257,379.22902458817504,384,617,265,660,2215,4914,0,2.367630376999841,True,10.988157546967631,0.1090329366508892,1.0920848148297255
250,12,confined,10,10.988157546967631,0.1090329366508892,1.0920848148297257,379.3396291579541,384,657,331,714,2481,5516,0,2.4183523780000087,True,10.988157546967631,0.1090329366508892,1.0920848148297255
250,12,confined,11,10.988157546967631,0.1090329366508892,1.0920848148297257,379.24692995696125,384,609,309,656,2381,5238,0,2.529712987000039,True,10.988157546967631,0.1090329366508892,1.0920848148297255
250,12,confined,12,10.988157546967631,0.1090329366508892,1.0920848148297257,379.54491194352096,384,833,342,900,2997,6922,0,2.7521043589999863,True,10.988157546967631,0.1090329366508892,1.0920848148297255
250,12,confined,13,10.988157546967631,0.1090329366508892,1.0920848148297257,378.9667013727777,384,470,275,508,2109,4400,0,2.377606656000125,True,10.988157546967631,0.1090329366508892,1.0920848148297255
250,12,confined,14,10.988157546967631,0.1090329366508892,1.0920848148297257,379.657556283235,384,934,341,1015,3018,7152,0,2.62823532099992,True,10.988157546967631,0.1090329366508892,1.0920848148297255
250,12,confined,15,10.988157546967631,0.1090329366508892,1.0920848148297257,379.3459994014971,384,681,324,736,2537,5678,0,2.507637620999958,True,10.988157546967631,0.1090329366508892,1.0920848148297255
250,12,confined,16,10.988157546967631,0.1090329366508892,1.0920848148297257,379.3446566490532,384,674,239,736,2270,5146,0,2.2952281840000524,True,10.988157546967631,0.1090329366508892,1.0920848148297255
250,12,confined,17,10.988157546967631,0.1090329366508892,1.0920848148297257,379.1695408256114,384,561,285,601,2229,4832,0,2.3826479739998376,True,10.988157546967631,0.1090329366508892,1.0920848148297255
250,12,confined,18,10.988157546967631,0.1090329366508892,1.0920848148297257,379.2716746293476,384,621,293,684,2334,5150,0,2.367753103000041,True,10.988157546967631,0.1090329366508892,1.0920848148297255
250,12,confined,19,10.988157546967631,0.1090329366508892,1.0920848148297257,379.3733289100948,384,675,317,730,2587,5764,0,2.419050124000023,True,10.988157546967631,0.1090329366508892,1.0920848148297255
250,12,confined,20,10.988157546967631,0.1090329366508892,1.0920848148297257,379.6396146220132,384,912,339,970,3060,7194,0,2.580279302999997,True,10.988157546967631,0.1090329366508892,1.0920848148297255
250,12,confined,21,10.988157546967631,0.1090329366508892,1.0920848148297257,378.9089072604475,384,443,250,485,2091,4308,0,2.2661074869999998,True,10.988157546967631,0.1090329366508892,1.0920848148297255
250,12,confined,22,10.988157546967631,0.1090329366508892,1.0920848148297257,379.4704774594069,384,762,341,795,2593,5958,0,2.4181048930001907,True,10.988157546967631,0.1090329366508892,1.0920848148297255
250,12,confined,23,10.988157546967631,0.1090329366508892,1.0920848148297257,379.12339579316034,384,546,332,592,2519,5384,0,2.438382292999904,True,10.988157546967631,0.1090329366508892,1.0920848148297255
250,12,confined,24,10.988157546967631,0.1090329366508892,1.0920848148297257,379.5577084870003,384,827,331,901,3017,6942,0,2.6331466029998865,True,10.988157546967631,0.1090329366508892,1.0920848148297255
250,12,confined,25,10.988157546967631,0.1090329366508892,1.0920848148297257,379.3936337360617,384,725,341,776,2823,6346,0,2.4359098090001226,True,10.988157546967631,0.1090329366508892,1.0920848148297255
250,12,confined,26,10.988157546967631,0.1090329366508892,1.0920848148297257,379.2704503974796,384,634,311,668,2429,5372,0,2.3640474040000754,True,10.988157546967631,0.1090329366508892,1.0920848148297255
250,12,confined,27,10.988157546967631,0.1090329366508892,1.0920848148297257,379.0858021032561,384,516,306,558,2204,4686,0,2.35226343699992,True,10.988157546967631,0.1090329366508892,1.0920848148297255
250,12,confined,28,10.988157546967631,0.1090329366508892,1.0920848148297257,378.7028446718614,384,372,264,414,1969,3938,0,2.176136022000037,True,10.988157546967631,0.1090329366508892,1.0920848148297255
250,12,confined,29,10.988157546967631,0.1090329366508892,1.0920848148297257,379.0304968728049,384,497,335,531,2399,5032,0,2.445845468000016,True,10.988157546967631,0.1090329366508892,1.0920848148297255
250,12,confined,30,10.988157546967631,0.1090329366508892,1.0920848148297257,379.2419012633186,384,598,275,633,2316,5070,0,2.4301501219999864,True,10.988157546967631,0.1090329366508892,1.0920848148297255
250,12,confined,31,10.988157546967631,0.1090329366508892,1.0920848148297257,379.0362727838536,384,495,324,519,2313,4864,0,2.391316332000088,True,10.988157546967631,0.1090329366508892,1.0920848148297255
250,12,confined,32,10.988157546967631,0.1090329366508892,1.0920848148297257,379.4023622153475,384,707,335,755,2508,5684,0,2.4166518520000864,True,10.988157546967631,0.1090329366508892,1.0920848148297255
250,12,confined,33,10.988157546967631,0.1090329366508892,1.0920848148297257,379.1088400826927,384,545,291,573,2324,4992,0,2.3521885930001645,True,10.988157546967631,0.1090329366508892,1.0920848148297255
250,12,confined,34,10.988157546967631,0.1090329366508892,1.0920848148297257,379.3497562044419,384,672,338,722,2488,5568,0,2.3640778890001,True,10.988157546967631,0.1090329366508892,1.0920848148297255
250,12,confined,35,10.988157546967631,0.1090329366508892,1.0920848148297257,379.395743042058,384,716,316,757,2509,5690,0,2.436278350000066,True,10.988157546967631,0.1090329366508892,1.0920848148297255
250,12,confined,36,10.988157546967631,0.1090329366508892,1.0920848148297257,379.2401256898778,384,613,293,663,2405,5286,0,2.313843245000044,True,10.988157546967631,0.1090329366508892,1.0920848148297255
250,12,confined,37,10.988157546967631,0.1090329366508892,1.0920848148297257,379.01140797207904,384,471,250,496,1956,4110,0,2.2907656149998274,True,10.988157546967631,0.1090329366508892,1.0920848148297255
250,12,confined,38,10.988157546967631,0.1090329366508892,1.0920848148297257,379.1462330686518,384,563,304,626,2463,5296,0,2.3339534080000703,True,10.988157546967631,0.1090329366508892,1.0920848148297255
250,12,confined,39,10.988157546967631,0.1090329366508892,1.0920848148297257,379.0251345716786,384,485,244,521,2035,4286,0,2.202818182999863,True,10.988157546967631,0.1090329366508892,1.0920848148297255
250,14,confined,0,10.988157546967631,0.1090329366508892,1.27409895063468,380.6157018326168,384,539,241,539,1858,4030,0,2.317357895999976,True,10.988157546967631,0.1090329366508892,1.27409895063468
250,14,confined,1,10.988157546967631,0.1090329366508892,1.27409895063468,380.8000957398454,384,631,341,631,2298,5104,0,2.4720290200000363,True,10.988157546967631,0.1090329366508892,1.27409895063468
250,14,confined,2,10.988157546967631,0.1090329366508892,1.27409895063468,380.4668657184344,384,459,217,459,1699,3552,0,2.100375487999827,True,10.988157546967631,0.1090329366508892,1.27409895063468
250,14,confined,3,10.988157546967631,0.1090329366508892,1.27409895063468,380.5385040287129,384,496,255,496,1809,3848,0,2.1608678340001006,True,10.988157546967631,0.1090329366508892,1.27409895063468
250,14,confined,4,10.988157546967631,0.1090329366508892,1.27409895063468,380.73992091882326,384,593,343,593,2301,5028,0,2.3997631800000363,True,10.988157546967631,0.1090329366508892,1.27409895063468
250,14,confined,5,10.988157546967631,0.1090329366508892,1.27409895063468,380.772162619848,384,616,311,616,2015,4522,0,2.321497530999977,True,10.988157546967631,0.1090329366508892,1.27409895063468
250,14,confined,6,10.988157546967631,0.1090329366508892,1.27409895063468,381.1352581460403,384,879,353,879,2596,6196,0,2.4955837819998123,True,10.988157546967631,0.1090329366508892,1.27409895063468
250,14,confined,7,10.988157546967631,0.1090329366508892,1.27409895063468,380.906158254544,384,713,309,713,2232,5140,0,2.399810460000026,True,10.988157546967631,0.1090329366508892,1.27409895063468
250,14,confined,8,10.988157546967631,0.1090329366508892,1.27409895063468,381.005793747672,384,781,351,781,2495,5800,0,2.5168923180001457,True,10.988157546967631,0.1090329366508892,1.27409895063468
250,14,confined,9,10.988157546967631,0.1090329366508892,1.27409895063468,380.7577865393184,384,610,329,612,2261,4992,0,2.4506745549999778,True,10.988157546967631,0.1090329366508892,1.27409895063468
250,14,confined,10,10.988157546967631,0.1090329366508892,1.27409895063468,380.93658486739855,384,713,317,716,2317,5300,0,2.301193669999975,True,10.988157546967631,0.1090329366508892,1.27409895063468
250,14,confined,11,10.988157546967631,0.1090329366508892,1.27409895063468,380.4980062286349,384,459,301,466,1917,4000,0,2.1582032730000265,True,10.988157546967631,0.1090329366508892,1.27409895063468
250,14,confined,12,10.988157546967631,0.1090329366508892,1.27409895063468,380.6360557319658,384,535,313,535,2113,4546,0,2.273808578000171,True,10.988157546967631,0.1090329366508892,1.27409895063468
250,14,confined,13,10.988157546967631,0.1090329366508892,1.27409895063468,380.83361281391166,384,651,350,663,2510,5566,0,2.474432041,True,10.988157546967631,0.1090329366508892,1.27409895063468
250,14,confined,14,10.988157546967631,0.1090329366508892,1.27409895063468,380.8371205978604,384,650,296,650,2068,4680,0,2.238833831999955,True,10.988157546967631,0.1090329366508892,1.27409895063468
250,14,confined,15,10.988157546967631,0.1090329366508892,1.27409895063468,380.6475315013692,384,542,278,542,1962,4258,0,2.2402899779999643,True,10.988157546967631,0.1090329366508892,1.27409895063468
250,14,confined,16,10.988157546967631,0.1090329366508892,1.27409895063468,380.8983122914002,384,708,323,708,2444,5546,0,2.3934532809998927,True,10.988157546967631,0.1090329366508892,1.27409895063468
250,14,confined,17,10.988157546967631,0.1090329366508892,1.27409895063468,381.1136205472884,384,848,333,848,2613,6166,0,2.5435817259999567,True,10.988157546967631,0.1090329366508892,1.27409895063468
250,14,confined,18,10.988157546967631,0.1090329366508892,1.27409895063468,380.7132847867377,384,580,312,580,2063,4526,0,2.298305056000117,True,10.988157546967631,0.1090329366508892,1.27409895063468
250,14,confined,19,10.988157546967631,0.1090329366508892,1.27409895063468,381.2144728498951,384,952,337,963,2622,6394,0,2.608527792000132,True,10.988157546967631,0.1090329366508892,1.27409895063468
250,14,confined,20,10.988157546967631,0.1090329366508892,1.27409895063468,380.8701901440321,384,689,338,689,2329,5284,0,2.4240026540001054,True,10.988157546967631,0.1090329366508892,1.27409895063468
250,14,confined,21,10.988157546967631,0.1090329366508892,1.27409895063468,380.71131425180215,384,584,291,587,2040,4500,0,2.2904399520000425,True,10.988157546967631,0.1090329366508892,1.27409895063468
250,14,confined,22,10.988157546967631,0.1090329366508892,1.27409895063468,380.9555641635853,384,731,295,731,2269,5254,0,2.414656364000166,True,10.988157546967631,0.1090329366508892,1.27409895063468
250,14,confined,23,10.988157546967631,0.1090329366508892,1.27409895063468,381.0063208095971,384,787,322,787,2557,5936,0,2.551524772999983,True,10.988157546967631,0.1090329366508892,1.27409895063468
250,14,confined,24,10.988157546967631,0.1090329366508892,1.27409895063468,380.8578130630465,384,679,326,685,2336,5272,0,2.5262451459998374,True,10.988157546967631,0.1090329366508892,1.27409895063468
250,14,confined,25,10.988157546967631,0.1090329366508892,1.27409895063468,380.8964629201756,384,708,308,710,2125,4914,0,2.440281894000009,True,10.988157546967631,0.1090329366508892,1.27409895063468
250,14,confined,26,10.988157546967631,0.1090329366508892,1.27409895063468,380.9473210653684,384,728,294,728,2282,5266,0,2.427713175999997,True,10.988157546967631,0.1090329366508892,1.27409895063468
250,14,confined,27,10.988157546967631,0.1090329366508892,1.27409895063468,380.4270218750995,384,436,244,442,1747,3606,0,2.206665937000025,True,10.988157546967631,0.1090329366508892,1.27409895063468
250,14,confined,28,10.988157546967631,0.1090329366508892,1.27409895063468,380.4590256963633,384,461,283,461,1866,3898,0,2.284020450000071,True,10.988157546967631,0.1090329366508892,1.27409895063468
250,14,confined,29,10.988157546967631,0.1090329366508892,1.27409895063468,380.72272372631113,384,578,311,582,2144,4692,0,2.406749538999975,True,10.988157546967631,0.1090329366508892,1.27409895063468
250,14,confined,30,10.988157546967631,0.1090329366508892,1.27409895063468,380.9533651261753,384,737,354,742,2434,5592,0,2.364591405000056,True,10.988157546967631,0.1090329366508892,1.27409895063468
250,14,confined,31,10.988157546967631,0.1090329366508892,1.27409895063468,380.5020366465449,384,461,290,467,1990,4148,0,2.195952318000081,True,10.988157546967631,0.1090329366508892,1.27409895063468
250,14,confined,32,10.988157546967631,0.1090329366508892,1.27409895063468,381.0133356077239,384,781,305,787,2292,5386,0,2.437048134999941,True,10.988157546967631,0.1090329366508892,1.27409895063468
250,14,confined,33,10.988157546967631,0.1090329366508892,1.27409895063468,380.87034874503934,384,684,319,685,2232,5080,0,2.3735049219999382,True,10.988157546967631,0.1090329366508892,1.27409895063468
250,14,confined,34,10.988157546967631,0.1090329366508892,1.27409895063468,380.8239059634511,384,644,293,652,2080,4694,0,2.2820738899999924,True,10.988157546967631,0.1090329366508892,1.27409895063468
250,14,confined,35,10.988157546967631,0.1090329366508892,1.27409895063468,380.7073595939884,384,571,283,575,1993,4362,0,2.305458286999965,True,10.988157546967631,0.1090329366508892,1.27409895063468
250,14,confined,36,10.988157546967631,0.1090329366508892,1.27409895063468,381.0137136675893,384,784,348,789,2539,5886,0,2.5486591819999376,True,10.988157546967631,0.1090329366508892,1.27409895063468
250,14,confined,37,10.988157546967631,0.1090329366508892,1.27409895063468,380.7475903631534,384,582,325,582,2208,4826,0,2.4545152420000704,True,10.988157546967631,0.1090329366508892,1.27409895063468
250,14,confined,38,10.988157546967631,0.1090329366508892,1.27409895063468,380.27658968022376,384,377,245,384,1720,3434,0,2.237727032000066,True,10.988157546967631,0.1090329366508892,1.27409895063468
250,14,confined,39,10.988157546967631,0.1090329366508892,1.27409895063468,380.9934313910537,384,762,330,762,2347,5464,0,2.647595676000037,True,10.988157546967631,0.1090329366508892,1.27409895063468
250,16,confined,0,10.988157546967631,0.1090329366508892,1.4561130864396343,381.63576495153296,384,180,172,384,1711,3020,0,2.3186577139999827,True,10.988157546967631,0.1090329366508892,1.4561130864396343
250,16,confined,1,10.988157546967631,0.1090329366508892,1.4561130864396343,382.0267380417153,384,257,222,414,1977,3720,0,2.4459524970000075,True,10.988157546967631,0.1090329366508892,1.4561130864396343
250,16,confined,2,10.988157546967631,0.1090329366508892,1.4561130864396343,382.1973983372725,384,321,297,472,2010,3898,0,2.3969098439999925,True,10.988157546967631,0.1090329366508892,1.4561130864396343
250,16,confined,3,10.988157546967631,0.1090329366508892,1.4561130864396343,381.991204210531,384,255,239,400,1899,3546,0,2.341921442000057,True,10.988157546967631,0.1090329366508892,1.4561130864396343
250,16,confined,4,10.988157546967631,0.1090329366508892,1.4561130864396343,382.150938001282,384,310,285,474,2134,4134,0,2.4073916360000567,True,10.988157546967631,0.1090329366508892,1.4561130864396343
250,16,confined,5,10.988157546967631,0.1090329366508892,1.4561130864396343,381.88217559919593,384,231,216,394,1837,3376,0,2.344743969000092,True,10.988157546967631,0.1090329366508892,1.4561130864396343
250,16,confined,6,10.988157546967631,0.1090329366508892,1.4561130864396343,381.8560518594023,384,226,214,388,1736,3180,0,2.2642701419999867,True,10.988157546967631,0.1090329366508892,1.4561130864396343
250,16,confined,7,10.988157546967631,0.1090329366508892,1.4561130864396343,382.2262961804476,384,334,308,489,2105,4126,0,2.4249930629998744,True,10.988157546967631,0.1090329366508892,1.4561130864396343
250,16,confined,8,10.988157546967631,0.1090329366508892,1.4561130864396343,381.70633522458894,384,195,183,384,1654,2938,0,2.147732154999858,True,10.988157546967631,0.1090329366508892,1.4561130864396343
250,16,confined,9,10.988157546967631,0.1090329366508892,1.4561130864396343,381.803165142046,384,221,206,416,1959,3624,0,2.3289779229999112,True,10.988157546967631,0.1090329366508892,1.4561130864396343
250,16,confined,10,10.988157546967631,0.1090329366508892,1.4561130864396343,381.830163454073,384,225,214,384,1808,3308,0,2.214781205999998,True,10.988157546967631,0.1090329366508892,1.4561130864396343
250,16,confined,11,10.988157546967631,0.1090329366508892,1.4561130864396343,381.904369299091,384,240,231,440,1940,3600,0,2.307573640000101,True,10.988157546967631,0.1090329366508892,1.4561130864396343
250,16,confined,12,10.988157546967631,0.1090329366508892,1.4561130864396343,381.8961251010301,384,231,216,384,1705,3114,0,2.1720587519998844,True,10.988157546967631,0.1090329366508892,1.4561130864396343
250,16,confined,13,10.988157546967631,0.1090329366508892,1.4561130864396343,381.7857540410826,384,221,206,426,2023,3728,0,2.347819194000067,True,10.988157546967631,0.1090329366508892,1.4561130864396343
250,16,confined,14,10.988157546967631,0.1090329366508892,1.4561130864396343,381.94491109508857,384,255,235,406,1818,3396,0,2.283077795000054,True,10.988157546967631,0.1090329366508892,1.4561130864396343
250,16,confined,15,10.988157546967631,0.1090329366508892,1.4561130864396343,381.8479821468964,384,228,213,391,1839,3370,0,2.288035241999978,True,10.988157546967631,0.1090329366508892,1.4561130864396343
250,16,confined,16,10.988157546967631,0.1090329366508892,1.4561130864396343,381.7742076852982,384,215,205,384,1785,3252,0,2.221486491000178,True,10.988157546967631,0.1090329366508892,1.4561130864396343
250,16,confined,17,10.988157546967631,0.1090329366508892,1.4561130864396343,381.68815369058063,384,197,182,384,1378,2384,0,2.1456947980000223,True,10.988157546967631,0.1090329366508892,1.4561130864396343
250,16,confined,18,10.988157546967631,0.1090329366508892,1.4561130864396343,381.9091820051189,384,232,219,395,1910,3524,0,2.3668408539999746,True,10.988157546967631,0.1090329366508892,1.4561130864396343
250,16,confined,19,10.988157546967631,0.1090329366508892,1.4561130864396343,381.9431111927343,384,238,223,384,1663,3042,0,2.3234819040001184,True,10.988157546967631,0.1090329366508892,1.4561130864396343
250,16,confined,20,10.988157546967631,0.1090329366508892,1.4561130864396343,381.7430488603793,384,201,194,384,1653,2950,0,2.1850706610000543,True,10.988157546967631,0.1090329366508892,1.4561130864396343
250,16,confined,21,10.988157546967631,0.1090329366508892,1.4561130864396343,382.1202536284149,384,289,267,429,1961,3754,0,2.308711938999977,True,10.988157546967631,0.1090329366508892,1.4561130864396343
250,16,confined,22,10.988157546967631,0.1090329366508892,1.4561130864396343,381.7117829017581,384,196,180,384,1592,2826,0,2.179892240000072,True,10.988157546967631,0.1090329366508892,1.4561130864396343
250,16,confined,23,10.988157546967631,0.1090329366508892,1.4561130864396343,382.2447276173642,384,336,312,503,2047,4012,0,2.4278244669999367,True,10.988157546967631,0.1090329366508892,1.4561130864396343
250,16,confined,24,10.988157546967631,0.1090329366508892,1.4561130864396343,382.106102178598,384,292,265,461,2020,3866,0,2.3627694510000765,True,10.988157546967631,0.1090329366508892,1.4561130864396343
250,16,confined,25,10.988157546967631,0.1090329366508892,1.4561130864396343,382.1899871492528,384,310,290,452,2128,4124,0,2.42263488399999,True,10.988157546967631,0.1090329366508892,1.4561130864396343
250,16,confined,26,10.988157546967631,0.1090329366508892,1.4561130864396343,381.5615575581362,384,168,159,384,1657,2888,0,2.21836694600006,True,10.988157546967631,0.1090329366508892,1.4561130864396343
250,16,confined,27,10.988157546967631,0.1090329366508892,1.4561130864396343,381.87623795820383,384,226,212,384,1656,3008,0,2.2149751649999416,True,10.988157546967631,0.1090329366508892,1.4561130864396343
250,16,confined,28,10.988157546967631,0.1090329366508892,1.4561130864396343,381.9113711624559,384,241,225,385,1721,3170,0,2.24196427999982,True,10.988157546967631,0.1090329366508892,1.4561130864396343
250,16,confined,29,10.988157546967631,0.1090329366508892,1.4561130864396343,381.3971790390153,384,145,143,385,1730,2988,0,2.2025184340000123,True,10.988157546967631,0.1090329366508892,1.4561130864396343
250,16,confined,30,10.988157546967631,0.1090329366508892,1.4561130864396343,381.785683209673,384,215,199,395,1823,3320,0,2.245468017999883,True,10.988157546967631,0.1090329366508892,1.4561130864396343
250,16,confined,31,10.988157546967631,0.1090329366508892,1.4561130864396343,382.1961359494522,384,314,295,467,2029,3940,0,2.4053161329998147,True,10.988157546967631,0.1090329366508892,1.4561130864396343
250,16,confined,32,10.988157546967631,0.1090329366508892,1.4561130864396343,382.2153089594068,384,324,307,536,2187,4268,0,2.42265969999994,True,10.988157546967631,0.1090329366508892,1.4561130864396343
250,16,confined,33,10.988157546967631,0.1090329366508892,1.4561130864396343,381.8005833145973,384,215,190,394,1807,3284,0,2.3318089490001057,True,10.988157546967631,0.1090329366508892,1.4561130864396343
250,16,confined,34,10.988157546967631,0.1090329366508892,1.4561130864396343,381.8159029065173,384,218,208,384,1744,3166,0,2.279741061000095,True,10.988157546967631,0.1090329366508892,1.4561130864396343
250,16,confined,35,10.988157546967631,0.1090329366508892,1.4561130864396343,381.5218395002988,384,166,153,384,1696,2966,0,2.3025723800001288,True,10.988157546967631,0.1090329366508892,1.4561130864396343
250,16,confined,36,10.988157546967631,0.1090329366508892,1.4561130864396343,381.87006847673473,384,233,228,429,1978,3662,0,2.3932308539999667,True,10.988157546967631,0.1090329366508892,1.4561130864396343
250,16,confined,37,10.988157546967631,0.1090329366508892,1.4561130864396343,382.04009224966165,384,276,256,425,1909,3616,0,2.4456747990000167,True,10.988157546967631,0.1090329366508892,1.4561130864396343
250,16,confined,38,10.988157546967631,0.1090329366508892,1.4561130864396343,381.9220982920694,384,244,225,384,1765,3252,0,2.3151906059999874,True,10.988157546967631,0.1090329366508892,1.4561130864396343
250,16,confined,39,10.988157546967631,0.1090329366508892,1.4561130864396343,381.9564192334256,384,247,237,399,1804,3344,0,2.2422272069998144,True,10.988157546967631,0.1090329366508892,1.4561130864396343
250,18,confined,0,10.988157546967631,0.1090329366508892,1.6381272222445886,382.78431016285833,384,470,351,490,2045,4274,0,2.343898531999912,True,10.988157546967631,0.1090329366508892,1.6381272222445886
250,18,confined,1,10.988157546967631,0.1090329366508892,1.6381272222445886,382.25146267608255,384,276,276,384,1685,3158,0,2.2319717240000045,True,10.988157546967631,0.1090329366508892,1.6381272222445886
250,18,confined,2,10.988157546967631,0.1090329366508892,1.6381272222445886,382.8685285800569,384,505,342,550,2191,4634,0,2.4303824680000616,True,10.988157546967631,0.1090329366508892,1.6381272222445886
250,18,confined,3,10.988157546967631,0.1090329366508892,1.6381272222445886,382.72300136024967,384,442,305,465,1854,3836,0,2.273396613999921,True,10.988157546967631,0.1090329366508892,1.6381272222445886
250,18,confined,4,10.988157546967631,0.1090329366508892,1.6381272222445886,382.5732617737833,384,367,249,388,1604,3176,0,2.175199795000026,True,10.988157546967631,0.1090329366508892,1.6381272222445886
250,18,confined,5,10.988157546967631,0.1090329366508892,1.6381272222445886,382.43247170487206,384,325,234,384,1539,2964,0,2.222908081000014,True,10.988157546967631,0.1090329366508892,1.6381272222445886
250,18,confined,6,10.988157546967631,0.1090329366508892,1.6381272222445886,382.5418512154047,384,369,271,387,1670,3322,0,2.255931170999929,True,10.988157546967631,0.1090329366508892,1.6381272222445886
250,18,confined,7,10.988157546967631,0.1090329366508892,1.6381272222445886,382.6079969214214,384,395,290,414,1727,3484,0,2.343094825999969,True,10.988157546967631,0.1090329366508892,1.6381272222445886
250,18,confined,8,10.988157546967631,0.1090329366508892,1.6381272222445886,382.4544339899951,384,335,311,384,1707,3328,0,2.2695872199999485,True,10.988157546967631,0.1090329366508892,1.6381272222445886
250,18,confined,9,10.988157546967631,0.1090329366508892,1.6381272222445886,382.4529189338868,384,348,288,384,1603,3146,0,2.243984002000161,True,10.988157546967631,0.1090329366508892,1.6381272222445886
250,18,confined,10,10.988157546967631,0.1090329366508892,1.6381272222445886,382.55506994591184,384,374,303,409,1804,3594,0,2.3561525699999493,True,10.988157546967631,0.1090329366508892,1.6381272222445886
250,18,confined,11,10.988157546967631,0.1090329366508892,1.6381272222445886,382.59583158951006,384,388,275,423,1635,3284,0,2.298015170999861,True,10.988157546967631,0.1090329366508892,1.6381272222445886
250,18,confined,12,10.988157546967631,0.1090329366508892,1.6381272222445886,382.4538302271377,384,337,258,384,1626,3160,0,2.3685633550001057,True,10.988157546967631,0.1090329366508892,1.6381272222445886
250,18,confined,13,10.988157546967631,0.1090329366508892,1.6381272222445886,382.75257869812,384,447,327,468,1884,3900,0,2.4945009009998103,True,10.988157546967631,0.1090329366508892,1.6381272222445886
250,18,confined,14,10.988157546967631,0.1090329366508892,1.6381272222445886,382.54641818151816,384,377,291,388,1788,3568,0,2.445787565000046,True,10.988157546967631,0.1090329366508892,1.6381272222445886
250,18,confined,15,10.988157546967631,0.1090329366508892,1.6381272222445886,382.5474436974037,384,383,271,406,1759,3524,0,2.4304630799999813,True,10.988157546967631,0.1090329366508892,1.6381272222445886
250,18,confined,16,10.988157546967631,0.1090329366508892,1.6381272222445886,382.6254678079304,384,407,315,422,1815,3684,0,2.42314701600003,True,10.988157546967631,0.1090329366508892,1.6381272222445886
250,18,confined,17,10.988157546967631,0.1090329366508892,1.6381272222445886,382.2071802254771,384,252,216,384,1488,2722,0,2.193788328999972,True,10.988157546967631,0.1090329366508892,1.6381272222445886
250,18,confined,18,10.988157546967631,0.1090329366508892,1.6381272222445886,382.48444639686863,384,341,291,384,1691,3308,0,2.3289123869999457,True,10.988157546967631,0.1090329366508892,1.6381272222445886
250,18,confined,19,10.988157546967631,0.1090329366508892,1.6381272222445886,382.631872755975,384,406,305,432,1873,3812,0,2.343025079999961,True,10.988157546967631,0.1090329366508892,1.6381272222445886
250,18,confined,20,10.988157546967631,0.1090329366508892,1.6381272222445886,382.1477065498249,384,246,195,384,1515,2764,0,2.1579214710000088,True,10.988157546967631,0.1090329366508892,1.6381272222445886
250,18,confined,21,10.988157546967631,0.1090329366508892,1.6381272222445886,382.6506053491565,384,413,331,437,1830,3724,0,2.266567383999927,True,10.988157546967631,0.1090329366508892,1.6381272222445886
250,18,confined,22,10.988157546967631,0.1090329366508892,1.6381272222445886,382.8273848729036,384,491,294,503,1784,3784,0,2.378289410999969,True,10.988157546967631,0.1090329366508892,1.6381272222445886
250,18,confined,23,10.988157546967631,0.1090329366508892,1.6381272222445886,382.6898647365017,384,433,301,448,1730,3568,0,2.419933649000086,True,10.988157546967631,0.1090329366508892,1.6381272222445886
250,18,confined,24,10.988157546967631,0.1090329366508892,1.6381272222445886,382.51601721054334,384,358,281,416,1796,3544,0,2.4589183929999763,True,10.988157546967631,0.1090329366508892,1.6381272222445886
250,18,confined,25,10.988157546967631,0.1090329366508892,1.6381272222445886,382.58550600654905,384,389,329,437,1792,3602,0,2.3345261540000597,True,10.988157546967631,0.1090329366508892,1.6381272222445886
250,18,confined,26,10.988157546967631,0.1090329366508892,1.6381272222445886,382.4558031090323,384,336,227,384,1557,3034,0,2.209857793000083,True,10.988157546967631,0.1090329366508892,1.6381272222445886
250,18,confined,27,10.988157546967631,0.1090329366508892,1.6381272222445886,382.7316346412297,384,446,317,472,1805,3748,0,2.383442762999948,True,10.988157546967631,0.1090329366508892,1.6381272222445886
250,18,confined,28,10.988157546967631,0.1090329366508892,1.6381272222445886,382.4028988974162,384,323,245,384,1504,2890,0,2.308292510000001,True,10.988157546967631,0.1090329366508892,1.6381272222445886
250,18,confined,29,10.988157546967631,0.1090329366508892,1.6381272222445886,382.57205081857575,384,383,296,415,1691,3394,0,2.2942933609999727,True,10.988157546967631,0.1090329366508892,1.6381272222445886
250,18,confined,30,10.988157546967631,0.1090329366508892,1.6381272222445886,382.3665616561833,384,307,248,384,1532,2914,0,2.3091940169999816,True,10.988157546967631,0.1090329366508892,1.6381272222445886
250,18,confined,31,10.988157546967631,0.1090329366508892,1.6381272222445886,382.6932040539846,384,431,303,478,1817,3742,0,2.381460450000077,True,10.988157546967631,0.1090329366508892,1.6381272222445886
250,18,confined,32,10.988157546967631,0.1090329366508892,1.6381272222445886,382.3558610577876,384,309,233,386,1681,3224,0,2.3350246609998067,True,10.988157546967631,0.1090329366508892,1.6381272222445886
250,18,confined,33,10.988157546967631,0.1090329366508892,1.6381272222445886,382.5307867226388,384,365,299,384,1704,3384,0,2.225932935999936,True,10.988157546967631,0.1090329366508892,1.6381272222445886
250,18,confined,34,10.988157546967631,0.1090329366508892,1.6381272222445886,382.2892842336673,384,279,249,384,1654,3104,0,2.2314996569998584,True,10.988157546967631,0.1090329366508892,1.6381272222445886
250,18,confined,35,10.988157546967631,0.1090329366508892,1.6381272222445886,382.57650818289176,384,387,299,421,1819,3652,0,2.4701551389998717,True,10.988157546967631,0.1090329366508892,1.6381272222445886
250,18,confined,36,10.988157546967631,0.1090329366508892,1.6381272222445886,382.87051246434027,384,501,304,523,1700,3642,0,2.4586354479999954,True,10.988157546967631,0.1090329366508892,1.6381272222445886
250,18,confined,37,10.988157546967631,0.1090329366508892,1.6381272222445886,382.5684020719437,384,386,296,430,1724,3460,0,2.324688533999961,True,10.988157546967631,0.1090329366508892,1.6381272222445886
250,18,confined,38,10.988157546967631,0.1090329366508892,1.6381272222445886,382.5056082980371,384,364,262,384,1573,3120,0,2.2184715079999933,True,10.988157546967631,0.1090329366508892,1.6381272222445886
250,18,confined,39,10.988157546967631,0.1090329366508892,1.6381272222445886,382.62637682224033,384,416,310,440,1809,3692,0,2.4369767729999694,True,10.988157546967631,0.1090329366508892,1.6381272222445886
250,20,confined,0,10.988157546967631,0.1090329366508892,1.8201413580495431,383.03615962372834,384,288,288,384,1688,3186,0,2.413911017999908,True,10.988157546967631,0.1090329366508892,1.8201413580495431
250,20,confined,1,10.988157546967631,0.1090329366508892,1.8201413580495431,383.11457403550025,384,293,292,384,1587,2998,0,2.332299482000053,True,10.988157546967631,0.1090329366508892,1.8201413580495431
250,20,confined,2,10.988157546967631,0.1090329366508892,1.8201413580495431,382.9230157598594,384,254,254,384,1669,3082,0,2.3011269569999517,True,10.988157546967631,0.1090329366508892,1.8201413580495431
250,20,confined,3,10.988157546967631,0.1090329366508892,1.8201413580495431,383.19890927919937,384,321,305,384,1712,3304,0,2.4289532119998967,True,10.988157546967631,0.1090329366508892,1.8201413580495431
250,20,confined,4,10.988157546967631,0.1090329366508892,1.8201413580495431,382.907359921696,384,245,245,384,1608,2950,0,2.386887923000131,True,10.988157546967631,0.1090329366508892,1.8201413580495431
250,20,confined,5,10.988157546967631,0.1090329366508892,1.8201413580495431,383.237555978477,384,334,317,401,1750,3400,0,2.405043665999983,True,10.988157546967631,0.1090329366508892,1.8201413580495431
250,20,confined,6,10.988157546967631,0.1090329366508892,1.8201413580495431,383.2071360743735,384,318,278,384,1622,3122,0,2.3017922050000834,True,10.988157546967631,0.1090329366508892,1.8201413580495431
250,20,confined,7,10.988157546967631,0.1090329366508892,1.8201413580495431,383.2819317614549,384,360,339,434,1846,3656,0,2.5496197200000097,True,10.988157546967631,0.1090329366508892,1.8201413580495431
250,20,confined,8,10.988157546967631,0.1090329366508892,1.8201413580495431,382.8978278512972,384,236,225,384,1512,2732,0,2.376388874999975,True,10.988157546967631,0.1090329366508892,1.8201413580495431
250,20,confined,9,10.988157546967631,0.1090329366508892,1.8201413580495431,383.2562414390312,384,344,336,423,1853,3638,0,2.5417795460000434,True,10.988157546967631,0.1090329366508892,1.8201413580495431
250,20,confined,10,10.988157546967631,0.1090329366508892,1.8201413580495431,383.4040163171216,384,389,299,392,1648,3316,0,2.4522743590000573,True,10.988157546967631,0.1090329366508892,1.8201413580495431
250,20,confined,11,10.988157546967631,0.1090329366508892,1.8201413580495431,382.7655175036259,384,210,210,384,1479,2616,0,2.2346914939998896,True,10.988157546967631,0.1090329366508892,1.8201413580495431
250,20,confined,12,10.988157546967631,0.1090329366508892,1.8201413580495431,383.2677876422799,384,351,317,415,1782,3512,0,2.4207125719999567,True,10.988157546967631,0.1090329366508892,1.8201413580495431
250,20,confined,13,10.988157546967631,0.1090329366508892,1.8201413580495431,383.0609878349523,384,287,261,384,1603,3024,0,2.3295251409999764,True,10.988157546967631,0.1090329366508892,1.8201413580495431
250,20,confined,14,10.988157546967631,0.1090329366508892,1.8201413580495431,383.0301508795383,384,278,273,384,1645,3092,0,2.32866207799998,True,10.988157546967631,0.1090329366508892,1.8201413580495431
250,20,confined,15,10.988157546967631,0.1090329366508892,1.8201413580495431,383.0555007103856,384,275,275,384,1635,3062,0,2.2420422029999827,True,10.988157546967631,0.1090329366508892,1.8201413580495431
250,20,confined,16,10.988157546967631,0.1090329366508892,1.8201413580495431,383.0581892471948,384,288,275,384,1577,2976,0,2.2862720109999373,True,10.988157546967631,0.1090329366508892,1.8201413580495431
250,20,confined,17,10.988157546967631,0.1090329366508892,1.8201413580495431,383.2751293889031,384,347,326,385,1797,3536,0,2.341307863000111,True,10.988157546967631,0.1090329366508892,1.8201413580495431
250,20,confined,18,10.988157546967631,0.1090329366508892,1.8201413580495431,383.2979595444314,384,353,340,409,1841,3630,0,2.4029614070000207,True,10.988157546967631,0.1090329366508892,1.8201413580495431
250,20,confined,19,10.988157546967631,0.1090329366508892,1.8201413580495431,383.0280196653589,384,271,244,384,1439,2662,0,2.0755106439999054,True,10.988157546967631,0.1090329366508892,1.8201413580495431
250,20,confined,20,10.988157546967631,0.1090329366508892,1.8201413580495431,383.3176277658271,384,375,275,406,1675,3344,0,2.323173226000108,True,10.988157546967631,0.1090329366508892,1.8201413580495431
250,20,confined,21,10.988157546967631,0.1090329366508892,1.8201413580495431,383.08833135531,384,292,292,389,1664,3154,0,2.2379342570000063,True,10.988157546967631,0.1090329366508892,1.8201413580495431
250,20,confined,22,10.988157546967631,0.1090329366508892,1.8201413580495431,383.2076038764505,384,331,313,416,1765,3436,0,2.34179311999992,True,10.988157546967631,0.1090329366508892,1.8201413580495431
250,20,confined,23,10.988157546967631,0.1090329366508892,1.8201413580495431,383.3073350099513,384,366,341,421,1883,3752,0,2.377717129000075,True,10.988157546967631,0.1090329366508892,1.8201413580495431
250,20,confined,24,10.988157546967631,0.1090329366508892,1.8201413580495431,383.0278650864647,384,282,261,384,1545,2894,0,2.284252169999945,True,10.988157546967631,0.1090329366508892,1.8201413580495431
250,20,confined,25,10.988157546967631,0.1090329366508892,1.8201413580495431,383.4108198103656,384,411,355,461,1942,3956,0,2.566323834000059,True,10.988157546967631,0.1090329366508892,1.8201413580495431
250,20,confined,26,10.988157546967631,0.1090329366508892,1.8201413580495431,383.24241804479817,384,350,347,419,1813,3566,0,2.5352587260001656,True,10.988157546967631,0.1090329366508892,1.8201413580495431
250,20,confined,27,10.988157546967631,0.1090329366508892,1.8201413580495431,383.3968414898941,384,407,328,460,1896,3844,0,2.4747680220000348,True,10.988157546967631,0.1090329366508892,1.8201413580495431
250,20,confined,28,10.988157546967631,0.1090329366508892,1.8201413580495431,383.4000436169937,384,404,348,433,1896,3842,0,2.531988734999913,True,10.988157546967631,0.1090329366508892,1.8201413580495431
250,20,confined,29,10.988157546967631,0.1090329366508892,1.8201413580495431,383.09186091298,384,289,271,384,1611,3038,0,2.479156138000008,True,10.988157546967631,0.1090329366508892,1.8201413580495431
250,20,confined,30,10.988157546967631,0.1090329366508892,1.8201413580495431,383.0895546558392,384,282,282,384,1635,3074,0,2.4543089769999824,True,10.988157546967631,0.1090329366508892,1.8201413580495431
250,20,confined,31,10.988157546967631,0.1090329366508892,1.8201413580495431,383.25994323732095,384,358,318,417,1785,3526,0,2.340238693999936,True,10.988157546967631,0.1090329366508892,1.8201413580495431
250,20,confined,32,10.988157546967631,0.1090329366508892,1.8201413580495431,383.07760694133634,384,288,288,389,1769,3370,0,2.284284139000192,True,10.988157546967631,0.1090329366508892,1.8201413580495431
250,20,confined,33,10.988157546967631,0.1090329366508892,1.8201413580495431,383.00077449560393,384,276,266,384,1658,3104,0,2.358804556999985,True,10.988157546967631,0.1090329366508892,1.8201413580495431
250,20,confined,34,10.988157546967631,0.1090329366508892,1.8201413580495431,383.1322644542486,384,301,301,403,1750,3340,0,2.416274802999851,True,10.988157546967631,0.1090329366508892,1.8201413580495431
250,20,confined,35,10.988157546967631,0.1090329366508892,1.8201413580495431,383.3648726077469,384,377,346,468,1944,3888,0,2.441279408000128,True,10.988157546967631,0.1090329366508892,1.8201413580495431
250,20,confined,36,10.988157546967631,0.1090329366508892,1.8201413580495431,383.2486724554765,384,347,281,384,1664,3260,0,2.257108639999842,True,10.988157546967631,0.1090329366508892,1.8201413580495431
250,20,confined,37,10.988157546967631,0.1090329366508892,1.8201413580495431,383.01382451950985,384,270,268,384,1688,3152,0,2.2314292260000457,True,10.988157546967631,0.1090329366508892,1.8201413580495431
250,20,confined,38,10.988157546967631,0.1090329366508892,1.8201413580495431,383.1931037467951,384,331,331,409,1820,3544,0,2.362486568000122,True,10.988157546967631,0.1090329366508892,1.8201413580495431
250,20,confined,39,10.988157546967631,0.1090329366508892,1.8201413580495431,382.91629865589294,384,250,250,384,1659,3060,0,2.319228028999987,True,10.988157546967631,0.1090329366508892,1.8201413580495431
250,22,confined,0,10.988157546967631,0.1090329366508892,2.0021554938544974,383.4963636661232,384,358,324,395,1696,3348,0,2.3591382400002203,True,10.988157546967631,0.1090329366508892,2.002155493854497
250,22,confined,1,10.988157546967631,0.1090329366508892,2.0021554938544974,383.5685781135384,384,381,329,407,1744,3492,0,2.31873002899988,True,10.988157546967631,0.1090329366508892,2.002155493854497
250,22,confined,2,10.988157546967631,0.1090329366508892,2.0021554938544974,383.7867877203927,384,485,334,501,1790,3788,0,2.4628248920000715,True,10.988157546967631,0.1090329366508892,2.002155493854497
250,22,confined,3,10.988157546967631,0.1090329366508892,2.0021554938544974,383.5976779036802,384,396,326,427,1710,3454,0,2.2727674610000577,True,10.988157546967631,0.1090329366508892,2.002155493854497
250,22,confined,4,10.988157546967631,0.1090329366508892,2.0021554938544974,383.6751273113032,384,421,335,446,1838,3754,0,2.3441637040000387,True,10.988157546967631,0.1090329366508892,2.002155493854497
250,22,confined,5,10.988157546967631,0.1090329366508892,2.0021554938544974,383.4074353457689,384,335,291,384,1631,3174,0,2.186714896000012,True,10.988157546967631,0.1090329366508892,2.002155493854497
250,22,confined,6,10.988157546967631,0.1090329366508892,2.0021554938544974,383.7257950743981,384,446,346,489,1917,3968,0,2.328015548999929,True,10.988157546967631,0.1090329366508892,2.002155493854497
250,22,confined,7,10.988157546967631,0.1090329366508892,2.0021554938544974,383.50337459926817,384,353,310,411,1727,3398,0,2.27601444700008,True,10.988157546967631,0.1090329366508892,2.002155493854497
250,22,confined,8,10.988157546967631,0.1090329366508892,2.0021554938544974,383.3380667438312,384,308,268,384,1468,2790,0,2.18504147800013,True,10.988157546967631,0.1090329366508892,2.002155493854497
250,22,confined,9,10.988157546967631,0.1090329366508892,2.0021554938544974,383.5169083971055,384,367,295,391,1642,3262,0,2.217612019999933,True,10.988157546967631,0.1090329366508892,2.002155493854497
250,22,confined,10,10.988157546967631,0.1090329366508892,2.0021554938544974,383.6904893051188,384,424,290,428,1616,3324,0,2.22276832700004,True,10.988157546967631,0.1090329366508892,2.002155493854497
250,22,confined,11,10.988157546967631,0.1090329366508892,2.0021554938544974,383.589108539781,384,386,255,386,1492,2994,0,2.1759691370000382,True,10.988157546967631,0.1090329366508892,2.002155493854497
250,22,confined,12,10.988157546967631,0.1090329366508892,2.0021554938544974,383.2671566387819,384,288,280,384,1580,2974,0,2.264008702999945,True,10.988157546967631,0.1090329366508892,2.002155493854497
250,22,confined,13,10.988157546967631,0.1090329366508892,2.0021554938544974,383.44236285542456,384,333,316,398,1710,3326,0,2.2861241559999144,True,10.988157546967631,0.1090329366508892,2.002155493854497
250,22,confined,14,10.988157546967631,0.1090329366508892,2.0021554938544974,383.53690489133606,384,368,315,405,1691,3360,0,2.332821671999909,True,10.988157546967631,0.1090329366508892,2.002155493854497
250,22,confined,15,10.988157546967631,0.1090329366508892,2.0021554938544974,383.3431583551994,384,323,309,393,1733,3352,0,2.428299283000115,True,10.988157546967631,0.1090329366508892,2.002155493854497
250,22,confined,16,10.988157546967631,0.1090329366508892,2.0021554938544974,383.52056149553823,384,364,282,385,1551,3070,0,2.4070164059999115,True,10.988157546967631,0.1090329366508892,2.002155493854497
250,22,confined,17,10.988157546967631,0.1090329366508892,2.0021554938544974,383.76973787689775,384,468,353,490,1809,3792,0,2.529952181999988,True,10.988157546967631,0.1090329366508892,2.002155493854497
250,22,confined,18,10.988157546967631,0.1090329366508892,2.0021554938544974,383.3761443431093,384,319,264,384,1534,2950,0,2.3930977740001254,True,10.988157546967631,0.1090329366508892,2.002155493854497
250,22,confined,19,10.988157546967631,0.1090329366508892,2.0021554938544974,383.44682923071554,384,338,320,384,1684,3284,0,2.463518056000112,True,10.988157546967631,0.1090329366508892,2.002155493854497
250,22,confined,20,10.988157546967631,0.1090329366508892,2.0021554938544974,383.5655775408584,384,387,334,395,1718,3456,0,2.332722666000109,True,10.988157546967631,0.1090329366508892,2.002155493854497
250,22,confined,21,10.988157546967631,0.1090329366508892,2.0021554938544974,383.82502797560267,384,494,330,494,1752,3734,0,2.3092418129999714,True,10.988157546967631,0.1090329366508892,2.002155493854497
250,22,confined,22,10.988157546967631,0.1090329366508892,2.0021554938544974,383.5165697659857,384,369,310,407,1694,3364,0,2.2485849289998896,True,10.988157546967631,0.1090329366508892,2.002155493854497
250,22,confined,23,10.988157546967631,0.1090329366508892,2.0021554938544974,383.5468992114159,384,365,317,384,1651,3276,0,2.330615335999937,True,10.988157546967631,0.1090329366508892,2.002155493854497
250,22,confined,24,10.988157546967631,0.1090329366508892,2.0021554938544974,383.7526732321699,384,459,341,496,1985,4132,0,2.4404423129999486,True,10.988157546967631,0.1090329366508892,2.002155493854497
250,22,confined,25,10.988157546967631,0.1090329366508892,2.0021554938544974,383.6239184924032,384,406,334,422,1703,3466,0,2.267895092999879,True,10.988157546967631,0.1090329366508892,2.002155493854497
250,22,confined,26,10.988157546967631,0.1090329366508892,2.0021554938544974,383.48921282871225,384,347,300,384,1554,3050,0,2.2383537150001303,True,10.988157546967631,0.1090329366508892,2.002155493854497
250,22,confined,27,10.988157546967631,0.1090329366508892,2.0021554938544974,383.41642933038815,384,333,309,384,1598,3100,0,2.299264853000068,True,10.988157546967631,0.1090329366508892,2.002155493854497
250,22,confined,28,10.988157546967631,0.1090329366508892,2.0021554938544974,383.5625052789644,384,396,316,431,1700,3444,0,2.3331895029998577,True,10.988157546967631,0.1090329366508892,2.002155493854497
250,22,confined,29,10.988157546967631,0.1090329366508892,2.0021554938544974,383.7302310000344,384,455,341,479,1863,3876,0,2.4476882250000926,True,10.988157546967631,0.1090329366508892,2.002155493854497
250,22,confined,30,10.988157546967631,0.1090329366508892,2.0021554938544974,383.86095868644526,384,515,346,532,1959,4192,0,2.429503835999867,True,10.988157546967631,0.1090329366508892,2.002155493854497
250,22,confined,31,10.988157546967631,0.1090329366508892,2.0021554938544974,383.5964244853306,384,392,291,397,1622,3264,0,2.256133263000038,True,10.988157546967631,0.1090329366508892,2.002155493854497
250,22,confined,32,10.988157546967631,0.1090329366508892,2.0021554938544974,383.5219667902679,384,371,321,401,1688,3366,0,2.2140663840000343,True,10.988157546967631,0.1090329366508892,2.002155493854497
250,22,confined,33,10.988157546967631,0.1090329366508892,2.0021554938544974,383.27626149843786,384,299,292,384,1633,3106,0,2.193991291999964,True,10.988157546967631,0.1090329366508892,2.002155493854497
250,22,confined,34,10.988157546967631,0.1090329366508892,2.0021554938544974,383.88647478606816,384,539,349,554,1982,4290,0,2.455831633000116,True,10.988157546967631,0.1090329366508892,2.002155493854497
250,22,confined,35,10.988157546967631,0.1090329366508892,2.0021554938544974,383.3933556962601,384,324,292,384,1575,3034,0,2.2931118399999377,True,10.988157546967631,0.1090329366508892,2.002155493854497
250,22,confined,36,10.988157546967631,0.1090329366508892,2.0021554938544974,383.6078757411872,384,398,334,436,1827,3692,0,2.3813641250001183,True,10.988157546967631,0.1090329366508892,2.002155493854497
250,22,confined,37,10.988157546967631,0.1090329366508892,2.0021554938544974,383.7912552720696,384,467,340,492,1947,4068,0,2.4267603830001008,True,10.988157546967631,0.1090329366508892,2.002155493854497
250,22,confined,38,10.988157546967631,0.1090329366508892,2.0021554938544974,383.5175894681272,384,364,311,390,1674,3314,0,2.3115931239999554,True,10.988157546967631,0.1090329366508892,2.002155493854497
250,22,confined,39,10.988157546967631,0.1090329366508892,2.0021554938544974,383.6676672569234,384,421,336,450,1821,3720,0,2.349131259999922,True,10.988157546967631,0.1090329366508892,2.002155493854497
250,24,confined,0,10.988157546967631,0.1090329366508892,2.1841696296594515,384.1299983728401,384,428,347,490,1969,4036,0,2.4106939710000006,True,10.988157546967631,0.1090329366508892,2.1841696296594515
250,24,confined,1,10.988157546967631,0.1090329366508892,2.1841696296594515,384.06415576845546,384,398,344,427,1807,3646,0,2.370310550999875,True,10.988157546967631,0.1090329366508892,2.1841696296594515
250,24,confined,2,10.988157546967631,0.1090329366508892,2.1841696296594515,383.8187143828711,384,313,276,384,1549,2956,0,2.237232110999912,True,10.988157546967631,0.1090329366508892,2.1841696296594515
250,24,confined,3,10.988157546967631,0.1090329366508892,2.1841696296594515,384.0761218497224,384,405,344,460,1894,3842,0,2.410694680000006,True,10.988157546967631,0.1090329366508892,2.1841696296594515
250,24,confined,4,10.988157546967631,0.1090329366508892,2.1841696296594515,384.0897327054458,384,395,339,462,1817,3676,0,2.3867093630001364,True,10.988157546967631,0.1090329366508892,2.1841696296594515
250,24,confined,5,10.988157546967631,0.1090329366508892,2.1841696296594515,383.8893984092513,384,345,305,449,1705,3342,0,2.3623420359999727,True,10.988157546967631,0.1090329366508892,2.1841696296594515
250,24,confined,6,10.988157546967631,0.1090329366508892,2.1841696296594515,384.25777261973263,384,476,352,532,1996,4182,0,2.554500404000009,True,10.988157546967631,0.1090329366508892,2.1841696296594515
250,24,confined,7,10.988157546967631,0.1090329366508892,2.1841696296594515,384.1997963308434,384,449,328,466,1786,3712,0,2.302192853999941,True,10.988157546967631,0.1090329366508892,2.1841696296594515
250,24,confined,8,10.988157546967631,0.1090329366508892,2.1841696296594515,384.0044149997301,384,377,335,466,1756,3510,0,2.278461561999848,True,10.988157546967631,0.1090329366508892,2.1841696296594515
250,24,confined,9,10.988157546967631,0.1090329366508892,2.1841696296594515,383.9806162484503,384,366,321,384,1657,3282,0,2.252135429999953,True,10.988157546967631,0.1090329366508892,2.1841696296594515
250,24,confined,10,10.988157546967631,0.1090329366508892,2.1841696296594515,384.0372228808423,384,382,313,427,1696,3394,0,2.26311804199986,True,10.988157546967631,0.1090329366508892,2.1841696296594515
250,24,confined,11,10.988157546967631,0.1090329366508892,2.1841696296594515,383.8298293929413,384,319,295,466,1844,3572,0,2.366718966999997,True,10.988157546967631,0.1090329366508892,2.1841696296594515
250,24,confined,12,10.988157546967631,0.1090329366508892,2.1841696296594515,383.8193894585644,384,309,296,427,1713,3282,0,2.3301227140000265,True,10.988157546967631,0.1090329366508892,2.1841696296594515
250,24,confined,13,10.988157546967631,0.1090329366508892,2.1841696296594515,383.6851842957282,384,268,256,392,1646,3076,0,2.2780323300000878,True,10.988157546967631,0.1090329366508892,2.1841696296594515
250,24,confined,14,10.988157546967631,0.1090329366508892,2.1841696296594515,383.7769744243601,384,290,265,384,1490,2806,0,2.177636459000041,True,10.988157546967631,0.1090329366508892,2.1841696296594515
250,24,confined,15,10.988157546967631,0.1090329366508892,2.1841696296594515,384.0203984840554,384,370,337,459,1853,3690,0,2.3533894079998845,True,10.988157546967631,0.1090329366508892,2.1841696296594515
250,24,confined,16,10.988157546967631,0.1090329366508892,2.1841696296594515,383.7821591706751,384,290,272,384,1541,2902,0,2.2069174020000446,True,10.988157546967631,0.1090329366508892,2.1841696296594515
250,24,confined,17,10.988157546967631,0.1090329366508892,2.1841696296594515,383.8213194961327,384,308,271,384,1477,2806,0,2.1842773099999704,True,10.988157546967631,0.1090329366508892,2.1841696296594515
250,24,confined,18,10.988157546967631,0.1090329366508892,2.1841696296594515,383.8647291790653,384,331,314,422,1730,3362,0,2.260145090000151,True,10.988157546967631,0.1090329366508892,2.1841696296594515
250,24,confined,19,10.988157546967631,0.1090329366508892,2.1841696296594515,383.9199205643554,384,333,296,384,1557,3022,0,2.256922743999894,True,10.988157546967631,0.1090329366508892,2.1841696296594515
250,24,confined,20,10.988157546967631,0.1090329366508892,2.1841696296594515,383.732707750316,384,278,249,384,1502,2798,0,2.179803235999998,True,10.988157546967631,0.1090329366508892,2.1841696296594515
250,24,confined,21,10.988157546967631,0.1090329366508892,2.1841696296594515,384.2196190396746,384,465,355,525,2072,4318,0,2.365887898999972,True,10.988157546967631,0.1090329366508892,2.1841696296594515
250,24,confined,22,10.988157546967631,0.1090329366508892,2.1841696296594515,383.8220483224603,384,315,293,417,1690,3246,0,2.23794771200005,True,10.988157546967631,0.1090329366508892,2.1841696296594515
250,24,confined,23,10.988157546967631,0.1090329366508892,2.1841696296594515,383.94641955623246,384,335,307,386,1675,3258,0,2.2619737859999987,True,10.988157546967631,0.1090329366508892,2.1841696296594515
250,24,confined,24,10.988157546967631,0.1090329366508892,2.1841696296594515,383.9168414653016,384,343,313,384,1602,3128,0,2.2398057200000494,True,10.988157546967631,0.1090329366508892,2.1841696296594515
250,24,confined,25,10.988157546967631,0.1090329366508892,2.1841696296594515,383.66214603897686,384,257,244,384,1649,3052,0,2.2111124000000477,True,10.988157546967631,0.1090329366508892,2.1841696296594515
250,24,confined,26,10.988157546967631,0.1090329366508892,2.1841696296594515,383.7158379613008,384,280,271,386,1620,3036,0,2.191144050000048,True,10.988157546967631,0.1090329366508892,2.1841696296594515
250,24,confined,27,10.988157546967631,0.1090329366508892,2.1841696296594515,383.9511991328002,384,346,318,408,1740,3412,0,2.4374049220000416,True,10.988157546967631,0.1090329366508892,2.1841696296594515
250,24,confined,28,10.988157546967631,0.1090329366508892,2.1841696296594515,384.023976760504,384,376,327,451,1854,3708,0,2.375708424000095,True,10.988157546967631,0.1090329366508892,2.1841696296594515
250,24,confined,29,10.988157546967631,0.1090329366508892,2.1841696296594515,383.8219704075909,384,309,299,384,1632,3120,0,2.265270876999921,True,10.988157546967631,0.1090329366508892,2.1841696296594515
250,24,confined,30,10.988157546967631,0.1090329366508892,2.1841696296594515,383.97393957420775,384,368,336,464,1839,3646,0,2.3962254569999004,True,10.988157546967631,0.1090329366508892,2.1841696296594515
250,24,confined,31,10.988157546967631,0.1090329366508892,2.1841696296594515,383.891916439446,384,333,292,384,1570,3050,0,2.37599135399978,True,10.988157546967631,0.1090329366508892,2.1841696296594515
250,24,confined,32,10.988157546967631,0.1090329366508892,2.1841696296594515,383.8669806970853,384,323,301,406,1680,3252,0,2.330287383000041,True,10.988157546967631,0.1090329366508892,2.1841696296594515
250,24,confined,33,10.988157546967631,0.1090329366508892,2.1841696296594515,384.10708341913175,384,403,345,442,1782,3618,0,2.320576932999984,True,10.988157546967631,0.1090329366508892,2.1841696296594515
250,24,confined,34,10.988157546967631,0.1090329366508892,2.1841696296594515,383.9712042329888,384,368,340,434,1715,3402,0,2.242247333000023,True,10.988157546967631,0.1090329366508892,2.1841696296594515
250,24,confined,35,10.988157546967631,0.1090329366508892,2.1841696296594515,383.7334909819653,384,296,278,384,1557,2946,0,2.3174353120000437,True,10.988157546967631,0.1090329366508892,2.1841696296594515
250,24,confined,36,10.988157546967631,0.1090329366508892,2.1841696296594515,383.8347041870729,384,319,302,393,1663,3204,0,2.316147115999911,True,10.988157546967631,0.1090329366508892,2.1841696296594515
250,24,confined,37,10.988157546967631,0.1090329366508892,2.1841696296594515,383.8176022433149,384,308,297,438,1763,3388,0,2.25107118599999,True,10.988157546967631,0.1090329366508892,2.1841696296594515
250,24,confined,38,10.988157546967631,0.1090329366508892,2.1841696296594515,383.76699515076336,384,294,284,392,1647,3128,0,2.1604312160000063,True,10.988157546967631,0.1090329366508892,2.1841696296594515
250,24,confined,39,10.988157546967631,0.1090329366508892,2.1841696296594515,383.85143551524885,384,312,295,394,1659,3184,0,2.418519347000029,True,10.988157546967631,0.1090329366508892,2.1841696296594515
250,26,confined,0,10.988157546967631,0.1090329366508892,2.366183765464406,384.0408253476745,384,232,232,384,1566,2836,0,2.3774096090000967,True,10.988157546967631,0.1090329366508892,2.366183765464406
250,26,confined,1,10.988157546967631,0.1090329366508892,2.366183765464406,384.0632409893767,384,229,220,384,1512,2718,0,2.247924297000054,True,10.988157546967631,0.1090329366508892,2.366183765464406
250,26,confined,2,10.988157546967631,0.1090329366508892,2.366183765464406,384.1326261595361,384,239,217,384,1496,2710,0,2.2296699060000265,True,10.988157546967631,0.1090329366508892,2.366183765464406
250,26,confined,3,10.988157546967631,0.1090329366508892,2.366183765464406,384.0437658884275,384,228,227,384,1415,2536,0,2.302329254999904,True,10.988157546967631,0.1090329366508892,2.366183765464406
250,26,confined,4,10.988157546967631,0.1090329366508892,2.366183765464406,384.0622562607801,384,236,236,435,1760,3232,0,2.468093293000038,True,10.988157546967631,0.1090329366508892,2.366183765464406
250,26,confined,5,10.988157546967631,0.1090329366508892,2.366183765464406,384.2646904051212,384,273,254,384,1454,2696,0,2.417165651000005,True,10.988157546967631,0.1090329366508892,2.366183765464406
250,26,confined,6,10.988157546967631,0.1090329366508892,2.366183765464406,384.1297379868472,384,244,229,401,1589,2906,0,2.295594679000033,True,10.988157546967631,0.1090329366508892,2.366183765464406
250,26,confined,7,10.988157546967631,0.1090329366508892,2.366183765464406,384.1276019062044,384,241,240,387,1530,2776,0,2.4422305439998127,True,10.988157546967631,0.1090329366508892,2.366183765464406
250,26,confined,8,10.988157546967631,0.1090329366508892,2.366183765464406,384.1863968555633,384,266,250,384,1469,2710,0,2.4257436589998638,True,10.988157546967631,0.1090329366508892,2.366183765464406
250,26,confined,9,10.988157546967631,0.1090329366508892,2.366183765464406,384.35989584725326,384,308,308,424,1717,3290,0,2.529392487999985,True,10.988157546967631,0.1090329366508892,2.366183765464406
250,26,confined,10,10.988157546967631,0.1090329366508892,2.366183765464406,384.0352386419336,384,213,210,384,1481,2622,0,2.3952537289999327,True,10.988157546967631,0.1090329366508892,2.366183765464406
250,26,confined,11,10.988157546967631,0.1090329366508892,2.366183765464406,384.0819470739602,384,232,210,384,1372,2454,0,2.1845880910000237,True,10.988157546967631,0.1090329366508892,2.366183765464406
250,26,confined,12,10.988157546967631,0.1090329366508892,2.366183765464406,384.2685155829925,384,287,248,384,1413,2640,0,2.212144235999858,True,10.988157546967631,0.1090329366508892,2.366183765464406
250,26,confined,13,10.988157546967631,0.1090329366508892,2.366183765464406,384.34220989617927,384,308,296,384,1526,2904,0,2.344701619000034,True,10.988157546967631,0.1090329366508892,2.366183765464406
250,26,confined,14,10.988157546967631,0.1090329366508892,2.366183765464406,384.2005061890122,384,265,258,384,1474,2714,0,2.284494493000011,True,10.988157546967631,0.1090329366508892,2.366183765464406
250,26,confined,15,10.988157546967631,0.1090329366508892,2.366183765464406,384.3408738498805,384,303,303,440,1748,3342,0,2.3653740939998897,True,10.988157546967631,0.1090329366508892,2.366183765464406
250,26,confined,16,10.988157546967631,0.1090329366508892,2.366183765464406,383.8068235480009,384,175,175,384,1420,2430,0,2.2160081060001176,True,10.988157546967631,0.1090329366508892,2.366183765464406
250,26,confined,17,10.988157546967631,0.1090329366508892,2.366183765464406,384.2400191605656,384,270,242,427,1692,3162,0,2.3931115589998626,True,10.988157546967631,0.1090329366508892,2.366183765464406
250,26,confined,18,10.988157546967631,0.1090329366508892,2.366183765464406,384.2711453842783,384,275,275,386,1621,3028,0,2.358668434000037,True,10.988157546967631,0.1090329366508892,2.366183765464406
250,26,confined,19,10.988157546967631,0.1090329366508892,2.366183765464406,384.0005105717341,384,209,206,384,1384,2432,0,2.2405645200001345,True,10.988157546967631,0.1090329366508892,2.366183765464406
250,26,confined,20,10.988157546967631,0.1090329366508892,2.366183765464406,383.77714834622094,384,180,169,384,1384,2368,0,2.2219609620001397,True,10.988157546967631,0.1090329366508892,2.366183765464406
250,26,confined,21,10.988157546967631,0.1090329366508892,2.366183765464406,384.3312686081009,384,296,296,387,1620,3072,0,2.3565489669999806,True,10.988157546967631,0.1090329366508892,2.366183765464406
250,26,confined,22,10.988157546967631,0.1090329366508892,2.366183765464406,383.6435439496738,384,154,154,384,1363,2276,0,2.151399167000136,True,10.988157546967631,0.1090329366508892,2.366183765464406
250,26,confined,23,10.988157546967631,0.1090329366508892,2.366183765464406,384.23988150077,384,272,270,384,1515,2812,0,2.320836010999983,True,10.988157546967631,0.1090329366508892,2.366183765464406
250,26,confined,24,10.988157546967631,0.1090329366508892,2.366183765464406,384.3795548118246,384,308,308,419,1619,3092,0,2.365469098999938,True,10.988157546967631,0.1090329366508892,2.366183765464406
250,26,confined,25,10.988157546967631,0.1090329366508892,2.366183765464406,384.23754827334704,384,280,271,384,1548,2896,0,2.290067121999982,True,10.988157546967631,0.1090329366508892,2.366183765464406
250,26,confined,26,10.988157546967631,0.1090329366508892,2.366183765464406,384.5717182418697,384,376,320,397,1533,3062,0,2.3462955160000547,True,10.988157546967631,0.1090329366508892,2.366183765464406
250,26,confined,27,10.988157546967631,0.1090329366508892,2.366183765464406,384.19135664783374,384,260,259,385,1589,2940,0,2.261447321000105,True,10.988157546967631,0.1090329366508892,2.366183765464406
250,26,confined,28,10.988157546967631,0.1090329366508892,2.366183765464406,384.3839845628461,384,313,313,481,1790,3448,0,2.3577231230001416,True,10.988157546967631,0.1090329366508892,2.366183765464406
250,26,confined,29,10.988157546967631,0.1090329366508892,2.366183765464406,384.2322486126855,384,279,263,384,1497,2786,0,2.256232600999965,True,10.988157546967631,0.1090329366508892,2.366183765464406
250,26,confined,30,10.988157546967631,0.1090329366508892,2.366183765464406,384.351242593895,384,299,283,384,1496,2834,0,2.2344719710001755,True,10.988157546967631,0.1090329366508892,2.366183765464406
250,26,confined,31,10.988157546967631,0.1090329366508892,2.366183765464406,384.0082788691669,384,221,211,384,1446,2574,0,2.1723804979999386,True,10.988157546967631,0.1090329366508892,2.366183765464406
250,26,confined,32,10.988157546967631,0.1090329366508892,2.366183765464406,383.933351073679,384,211,203,384,1376,2414,0,2.147198266000032,True,10.988157546967631,0.1090329366508892,2.366183765464406
250,26,confined,33,10.988157546967631,0.1090329366508892,2.366183765464406,384.06063208876185,384,226,218,384,1470,2624,0,2.1865111049999086,True,10.988157546967631,0.1090329366508892,2.366183765464406
250,26,confined,34,10.988157546967631,0.1090329366508892,2.366183765464406,384.3686357162738,384,307,293,416,1651,3150,0,2.295076626999844,True,10.988157546967631,0.1090329366508892,2.366183765464406
250,26,confined,35,10.988157546967631,0.1090329366508892,2.366183765464406,384.2121943010847,384,265,265,420,1657,3084,0,2.357108376999804,True,10.988157546967631,0.1090329366508892,2.366183765464406
250,26,confined,36,10.988157546967631,0.1090329366508892,2.366183765464406,384.24094040836616,384,269,256,384,1509,2800,0,2.265634007000017,True,10.988157546967631,0.1090329366508892,2.366183765464406
250,26,confined,37,10.988157546967631,0.1090329366508892,2.366183765464406,384.24081023814654,384,273,248,387,1590,2968,0,2.326297088000046,True,10.988157546967631,0.1090329366508892,2.366183765464406
250,26,confined,38,10.988157546967631,0.1090329366508892,2.366183765464406,384.52832735013993,384,364,338,420,1687,3342,0,2.387918654000032,True,10.988157546967631,0.1090329366508892,2.366183765464406
250,26,confined,39,10.988157546967631,0.1090329366508892,2.366183765464406,384.2188879940658,384,272,272,384,1530,2842,0,2.310576684999887,True,10.988157546967631,0.1090329366508892,2.366183765464406
250,28,confined,0,10.988157546967631,0.1090329366508892,2.54819790126936,384.04876862542056,384,230,228,384,1402,2500,0,2.233217016000026,True,10.988157546967631,0.1090329366508892,2.54819790126936
250,28,confined,1,10.988157546967631,0.1090329366508892,2.54819790126936,384.34320170603735,384,315,289,384,1458,2786,0,2.2136450729999524,True,10.988157546967631,0.1090329366508892,2.54819790126936
250,28,confined,2,10.988157546967631,0.1090329366508892,2.54819790126936,384.6055876869386,384,406,351,456,1780,3610,0,2.43755526200016,True,10.988157546967631,0.1090329366508892,2.54819790126936
250,28,confined,3,10.988157546967631,0.1090329366508892,2.54819790126936,384.40448839394287,384,338,308,384,1549,3014,0,2.2431099949999407,True,10.988157546967631,0.1090329366508892,2.54819790126936
250,28,confined,4,10.988157546967631,0.1090329366508892,2.54819790126936,384.6252818114749,384,423,343,455,1731,3548,0,2.3244880509998893,True,10.988157546967631,0.1090329366508892,2.54819790126936
250,28,confined,5,10.988157546967631,0.1090329366508892,2.54819790126936,384.25034787507553,384,290,259,384,1374,2564,0,2.128498762999925,True,10.988157546967631,0.1090329366508892,2.54819790126936
250,28,confined,6,10.988157546967631,0.1090329366508892,2.54819790126936,384.5267312693105,384,376,327,412,1661,3318,0,2.3100177859998894,True,10.988157546967631,0.1090329366508892,2.54819790126936
250,28,confined,7,10.988157546967631,0.1090329366508892,2.54819790126936,384.5180636316936,384,375,307,386,1531,3050,0,2.300817281000036,True,10.988157546967631,0.1090329366508892,2.54819790126936
250,28,confined,8,10.988157546967631,0.1090329366508892,2.54819790126936,384.1521477104084,384,262,236,384,1282,2324,0,2.209525528999848,True,10.988157546967631,0.1090329366508892,2.54819790126936
250,28,confined,9,10.988157546967631,0.1090329366508892,2.54819790126936,384.37634377796894,384,331,316,384,1598,3094,0,2.298401643000034,True,10.988157546967631,0.1090329366508892,2.54819790126936
250,28,confined,10,10.988157546967631,0.1090329366508892,2.54819790126936,384.1854033382827,384,277,247,384,1357,2516,0,2.123977578999984,True,10.988157546967631,0.1090329366508892,2.54819790126936
250,28,confined,11,10.988157546967631,0.1090329366508892,2.54819790126936,384.1344806460887,384,263,263,384,1440,2650,0,2.2416396109999823,True,10.988157546967631,0.1090329366508892,2.54819790126936
250,28,confined,12,10.988157546967631,0.1090329366508892,2.54819790126936,384.3000586099673,384,307,278,384,1409,2672,0,2.226187559999971,True,10.988157546967631,0.1090329366508892,2.54819790126936
250,28,confined,13,10.988157546967631,0.1090329366508892,2.54819790126936,384.35103029823085,384,323,261,384,1369,2622,0,2.181877300999986,True,10.988157546967631,0.1090329366508892,2.54819790126936
250,28,confined,14,10.988157546967631,0.1090329366508892,2.54819790126936,384.366484061223,384,330,315,384,1540,2982,0,2.253738873999964,True,10.988157546967631,0.1090329366508892,2.54819790126936
250,28,confined,15,10.988157546967631,0.1090329366508892,2.54819790126936,384.3970335395591,384,340,307,384,1476,2870,0,2.2463055410000834,True,10.988157546967631,0.1090329366508892,2.54819790126936
250,28,confined,16,10.988157546967631,0.1090329366508892,2.54819790126936,384.1570475819264,384,259,252,384,1364,2490,0,2.1529474760000085,True,10.988157546967631,0.1090329366508892,2.54819790126936
250,28,confined,17,10.988157546967631,0.1090329366508892,2.54819790126936,384.2334582738349,384,286,284,384,1551,2910,0,2.2138782609999907,True,10.988157546967631,0.1090329366508892,2.54819790126936
250,28,confined,18,10.988157546967631,0.1090329366508892,2.54819790126936,384.2760139928648,384,295,260,384,1464,2760,0,2.1293817279999985,True,10.988157546967631,0.1090329366508892,2.54819790126936
250,28,confined,19,10.988157546967631,0.1090329366508892,2.54819790126936,384.4352656687181,384,346,296,384,1492,2912,0,2.334666969999944,True,10.988157546967631,0.1090329366508892,2.54819790126936
250,28,confined,20,10.988157546967631,0.1090329366508892,2.54819790126936,384.3108214635363,384,309,255,384,1355,2564,0,2.237433753000005,True,10.988157546967631,0.1090329366508892,2.54819790126936
250,28,confined,21,10.988157546967631,0.1090329366508892,2.54819790126936,384.0913422621801,384,244,242,384,1475,2686,0,2.257415022000032,True,10.988157546967631,0.1090329366508892,2.54819790126936
250,28,confined,22,10.988157546967631,0.1090329366508892,2.54819790126936,384.2360040770967,384,293,287,384,1467,2764,0,2.213273726999887,True,10.988157546967631,0.1090329366508892,2.54819790126936
250,28,confined,23,10.988157546967631,0.1090329366508892,2.54819790126936,384.2977881255004,384,297,287,415,1591,3018,0,2.287886028000002,True,10.988157546967631,0.1090329366508892,2.54819790126936
250,28,confined,24,10.988157546967631,0.1090329366508892,2.54819790126936,384.572127392326,384,396,341,427,1670,3368,0,2.359730452999884,True,10.988157546967631,0.1090329366508892,2.54819790126936
250,28,confined,25,10.988157546967631,0.1090329366508892,2.54819790126936,384.11460419200586,384,251,251,384,1503,2746,0,2.266826515000048,True,10.988157546967631,0.1090329366508892,2.54819790126936
250,28,confined,26,10.988157546967631,0.1090329366508892,2.54819790126936,384.3358276861496,384,307,277,384,1430,2712,0,2.1773600189999343,True,10.988157546967631,0.1090329366508892,2.54819790126936
250,28,confined,27,10.988157546967631,0.1090329366508892,2.54819790126936,384.2779790721248,384,301,282,384,1494,2826,0,2.209821665999925,True,10.988157546967631,0.1090329366508892,2.54819790126936
250,28,confined,28,10.988157546967631,0.1090329366508892,2.54819790126936,384.3770732047852,384,324,296,384,1517,2926,0,2.33002449300011,True,10.988157546967631,0.1090329366508892,2.54819790126936
250,28,confined,29,10.988157546967631,0.1090329366508892,2.54819790126936,384.3115718510872,384,313,305,388,1538,2940,0,2.3264454110001225,True,10.988157546967631,0.1090329366508892,2.54819790126936
250,28,confined,30,10.988157546967631,0.1090329366508892,2.54819790126936,384.2392800214121,384,287,254,384,1385,2580,0,2.150703556000053,True,10.988157546967631,0.1090329366508892,2.54819790126936
250,28,confined,31,10.988157546967631,0.1090329366508892,2.54819790126936,384.33962227616894,384,316,316,385,1544,2958,0,2.285632595000152,True,10.988157546967631,0.1090329366508892,2.54819790126936
250,28,confined,32,10.988157546967631,0.1090329366508892,2.54819790126936,384.6070030925666,384,424,342,447,1677,3434,0,2.442264787999875,True,10.988157546967631,0.1090329366508892,2.54819790126936
250,28,confined,33,10.988157546967631,0.1090329366508892,2.54819790126936,384.524495209991,384,383,323,395,1628,3264,0,2.386231375999841,True,10.988157546967631,0.1090329366508892,2.54819790126936
250,28,confined,34,10.988157546967631,0.1090329366508892,2.54819790126936,384.4174544776654,384,340,331,409,1583,3088,0,2.367231377000053,True,10.988157546967631,0.1090329366508892,2.54819790126936
250,28,confined,35,10.988157546967631,0.1090329366508892,2.54819790126936,384.68965780519954,384,455,335,479,1728,3604,0,2.424764777000064,True,10.988157546967631,0.1090329366508892,2.54819790126936
250,28,confined,36,10.988157546967631,0.1090329366508892,2.54819790126936,384.435231634126,384,348,267,384,1386,2706,0,2.3204986380001174,True,10.988157546967631,0.1090329366508892,2.54819790126936
250,28,confined,37,10.988157546967631,0.1090329366508892,2.54819790126936,384.4299258807585,384,350,337,453,1793,3528,0,2.4939243229996464,True,10.988157546967631,0.1090329366508892,2.54819790126936
250,28,confined,38,10.988157546967631,0.1090329366508892,2.54819790126936,384.3535024591444,384,324,293,384,1483,2852,0,2.319104856999729,True,10.988157546967631,0.1090329366508892,2.54819790126936
250,28,confined,39,10.988157546967631,0.1090329366508892,2.54819790126936,384.0719194036618,384,248,224,384,1364,2470,0,2.1404122220001227,True,10.988157546967631,0.1090329366508892,2.54819790126936
250,30,confined,0,10.988157546967631,0.1090329366508892,2.7302120370743146,384.7129921462901,384,361,332,419,1621,3212,0,2.3236741440000515,True,10.988157546967631,0.1090329366508892,2.7302120370743146
250,30,confined,1,10.988157546967631,0.1090329366508892,2.7302120370743146,384.5519361724022,384,305,288,384,1507,2866,0,2.28360284900009,True,10.988157546967631,0.1090329366508892,2.7302120370743146
250,30,confined,2,10.988157546967631,0.1090329366508892,2.7302120370743146,384.2600367576511,384,233,214,384,1432,2570,0,2.249624120000135,True,10.988157546967631,0.1090329366508892,2.7302120370743146
250,30,confined,3,10.988157546967631,0.1090329366508892,2.7302120370743146,384.24936651599,384,232,219,384,1403,2512,0,2.172779067999727,True,10.988157546967631,0.1090329366508892,2.7302120370743146
250,30,confined,4,10.988157546967631,0.1090329366508892,2.7302120370743146,384.62575322110126,384,329,300,423,1504,2902,0,2.3014395179998246,True,10.988157546967631,0.1090329366508892,2.7302120370743146
250,30,confined,5,10.988157546967631,0.1090329366508892,2.7302120370743146,384.4997643799032,384,284,264,384,1539,2890,0,2.30787081399967,True,10.988157546967631,0.1090329366508892,2.7302120370743146
250,30,confined,6,10.988157546967631,0.1090329366508892,2.7302120370743146,384.3860863086795,384,271,255,384,1511,2802,0,2.270891281999866,True,10.988157546967631,0.1090329366508892,2.7302120370743146
250,30,confined,7,10.988157546967631,0.1090329366508892,2.7302120370743146,384.4262468806264,384,261,250,384,1512,2794,0,2.240110943000218,True,10.988157546967631,0.1090329366508892,2.7302120370743146
250,30,confined,8,10.988157546967631,0.1090329366508892,2.7302120370743146,384.3822463132017,384,249,235,388,1496,2728,0,2.2630112950000694,True,10.988157546967631,0.1090329366508892,2.7302120370743146
250,30,confined,9,10.988157546967631,0.1090329366508892,2.7302120370743146,384.8026775143772,384,389,339,448,1674,3370,0,2.377233604000139,True,10.988157546967631,0.1090329366508892,2.7302120370743146
250,30,confined,10,10.988157546967631,0.1090329366508892,2.7302120370743146,384.4825949316621,384,285,272,393,1601,3024,0,2.336674481000045,True,10.988157546967631,0.1090329366508892,2.7302120370743146
250,30,confined,11,10.988157546967631,0.1090329366508892,2.7302120370743146,384.74631253915743,384,362,319,434,1601,3168,0,2.2780784460001087,True,10.988157546967631,0.1090329366508892,2.7302120370743146
250,30,confined,12,10.988157546967631,0.1090329366508892,2.7302120370743146,384.5766222957632,384,329,312,403,1613,3126,0,2.3727260320001733,True,10.988157546967631,0.1090329366508892,2.7302120370743146
250,30,confined,13,10.988157546967631,0.1090329366508892,2.7302120370743146,384.5049002863273,384,291,277,384,1538,2900,0,2.448515147999842,True,10.988157546967631,0.1090329366508892,2.7302120370743146
250,30,confined,14,10.988157546967631,0.1090329366508892,2.7302120370743146,384.79556764920346,384,379,339,475,1783,3568,0,2.45653197799993,True,10.988157546967631,0.1090329366508892,2.7302120370743146
250,30,confined,15,10.988157546967631,0.1090329366508892,2.7302120370743146,384.1887968601884,384,208,193,384,1350,2358,0,2.151686130000144,True,10.988157546967631,0.1090329366508892,2.7302120370743146
250,30,confined,16,10.988157546967631,0.1090329366508892,2.7302120370743146,384.763554385153,384,375,339,444,1612,3218,0,2.3053982030000952,True,10.988157546967631,0.1090329366508892,2.7302120370743146
250,30,confined,17,10.988157546967631,0.1090329366508892,2.7302120370743146,384.6596638167943,384,340,308,409,1605,3128,0,2.34744664999971,True,10.988157546967631,0.1090329366508892,2.7302120370743146
250,30,confined,18,10.988157546967631,0.1090329366508892,2.7302120370743146,384.43656386047405,384,275,265,405,1560,2910,0,2.2815873469999133,True,10.988157546967631,0.1090329366508892,2.7302120370743146
250,30,confined,19,10.988157546967631,0.1090329366508892,2.7302120370743146,384.4791110717604,384,280,267,384,1450,2704,0,2.2196515430000545,True,10.988157546967631,0.1090329366508892,2.7302120370743146
250,30,confined,20,10.988157546967631,0.1090329366508892,2.7302120370743146,384.5175186491303,384,285,285,384,1486,2786,0,2.2127851080003893,True,10.988157546967631,0.1090329366508892,2.7302120370743146
250,30,confined,21,10.988157546967631,0.1090329366508892,2.7302120370743146,384.6773502931059,384,336,296,425,1611,3136,0,2.2456251349999548,True,10.988157546967631,0.1090329366508892,2.7302120370743146
250,30,confined,22,10.988157546967631,0.1090329366508892,2.7302120370743146,384.608986518252,384,315,311,447,1695,3260,0,2.325884569000209,True,10.988157546967631,0.1090329366508892,2.7302120370743146
250,30,confined,23,10.988157546967631,0.1090329366508892,2.7302120370743146,384.480530787214,384,275,258,411,1675,3138,0,2.2713550890002807,True,10.988157546967631,0.1090329366508892,2.7302120370743146
250,30,confined,24,10.988157546967631,0.1090329366508892,2.7302120370743146,384.6872949821954,384,348,338,460,1779,3498,0,2.301915687000019,True,10.988157546967631,0.1090329366508892,2.7302120370743146
250,30,confined,25,10.988157546967631,0.1090329366508892,2.7302120370743146,384.372166751657,384,251,239,398,1617,2976,0,2.192558395000105,True,10.988157546967631,0.1090329366508892,2.7302120370743146
250,30,confined,26,10.988157546967631,0.1090329366508892,2.7302120370743146,384.5240626585818,384,299,293,443,1659,3168,0,2.2579903559999366,True,10.988157546967631,0.1090329366508892,2.7302120370743146
250,30,confined,27,10.988157546967631,0.1090329366508892,2.7302120370743146,384.464766861868,384,290,286,431,1674,3166,0,2.2100178119999327,True,10.988157546967631,0.1090329366508892,2.7302120370743146
250,30,confined,28,10.988157546967631,0.1090329366508892,2.7302120370743146,384.3815151594208,384,255,244,397,1580,2914,0,2.167860778999966,True,10.988157546967631,0.1090329366508892,2.7302120370743146
250,30,confined,29,10.988157546967631,0.1090329366508892,2.7302120370743146,384.9110356157429,384,437,340,522,1767,3646,0,2.384429977000309,True,10.988157546967631,0.1090329366508892,2.7302120370743146
250,30,confined,30,10.988157546967631,0.1090329366508892,2.7302120370743146,384.4392155806588,384,275,254,384,1480,2760,0,2.230249320999974,True,10.988157546967631,0.1090329366508892,2.7302120370743146
250,30,confined,31,10.988157546967631,0.1090329366508892,2.7302120370743146,384.2842387315846,384,236,235,384,1434,2582,0,2.154202252999766,True,10.988157546967631,0.1090329366508892,2.7302120370743146
250,30,confined,32,10.988157546967631,0.1090329366508892,2.7302120370743146,384.7186818209023,384,357,317,396,1561,3084,0,2.3220966630001385,True,10.988157546967631,0.1090329366508892,2.7302120370743146
250,30,confined,33,10.988157546967631,0.1090329366508892,2.7302120370743146,384.4358395638415,384,273,273,413,1651,3096,0,2.2985138410003856,True,10.988157546967631,0.1090329366508892,2.7302120370743146
250,30,confined,34,10.988157546967631,0.1090329366508892,2.7302120370743146,384.570739573849,384,301,279,411,1537,2914,0,2.2491588769999,True,10.988157546967631,0.1090329366508892,2.7302120370743146
250,30,confined,35,10.988157546967631,0.1090329366508892,2.7302120370743146,384.2769314729271,384,243,238,421,1559,2844,0,2.2309268720000546,True,10.988157546967631,0.1090329366508892,2.7302120370743146
250,30,confined,36,10.988157546967631,0.1090329366508892,2.7302120370743146,384.54722395008326,384,303,280,441,1750,3348,0,2.29542421799988,True,10.988157546967631,0.1090329366508892,2.7302120370743146
250,30,confined,37,10.988157546967631,0.1090329366508892,2.7302120370743146,384.44983158448224,384,277,272,397,1491,2772,0,2.244325790999937,True,10.988157546967631,0.1090329366508892,2.7302120370743146
250,30,confined,38,10.988157546967631,0.1090329366508892,2.7302120370743146,384.5806022413092,384,308,302,446,1710,3278,0,2.2917151110000304,True,10.988157546967631,0.1090329366508892,2.7302120370743146
250,30,confined,39,10.988157546967631,0.1090329366508892,2.7302120370743146,384.3273085561955,384,252,241,384,1439,2620,0,2.118361543999981,True,10.988157546967631,0.1090329366508892,2.7302120370743146
250,32,confined,0,10.988157546967631,0.1090329366508892,2.9122261728792687,384.8712995667081,384,390,330,412,1599,3220,0,2.253274839000369,True,10.988157546967631,0.1090329366508892,2.9122261728792687
250,32,confined,1,10.988157546967631,0.1090329366508892,2.9122261728792687,384.91137259115095,384,416,340,515,1811,3690,0,2.402245080999819,True,10.988157546967631,0.1090329366508892,2.9122261728792687
250,32,confined,2,10.988157546967631,0.1090329366508892,2.9122261728792687,384.6556431590575,384,315,314,402,1608,3084,0,2.218986292000409,True,10.988157546967631,0.1090329366508892,2.9122261728792687
250,32,confined,3,10.988157546967631,0.1090329366508892,2.9122261728792687,384.806925336293,384,379,317,404,1558,3122,0,2.221885766000014,True,10.988157546967631,0.1090329366508892,2.9122261728792687
250,32,confined,4,10.988157546967631,0.1090329366508892,2.9122261728792687,384.5043626138483,384,268,265,384,1476,2730,0,2.137281683999845,True,10.988157546967631,0.1090329366508892,2.9122261728792687
250,32,confined,5,10.988157546967631,0.1090329366508892,2.9122261728792687,384.7917178693767,384,355,341,461,1740,3428,0,2.293685768999694,True,10.988157546967631,0.1090329366508892,2.9122261728792687
250,32,confined,6,10.988157546967631,0.1090329366508892,2.9122261728792687,384.8625306103195,384,387,345,429,1621,3260,0,2.243366410999897,True,10.988157546967631,0.1090329366508892,2.9122261728792687
250,32,confined,7,10.988157546967631,0.1090329366508892,2.9122261728792687,384.6080037230639,384,298,291,418,1584,3004,0,2.188580619000277,True,10.988157546967631,0.1090329366508892,2.9122261728792687
250,32,confined,8,10.988157546967631,0.1090329366508892,2.9122261728792687,384.8222971814585,384,377,331,456,1688,3366,0,2.293382285000007,True,10.988157546967631,0.1090329366508892,2.9122261728792687
250,32,confined,9,10.988157546967631,0.1090329366508892,2.9122261728792687,384.3082938468034,384,226,226,384,1420,2536,0,2.241249328000322,True,10.988157546967631,0.1090329366508892,2.9122261728792687
250,32,confined,10,10.988157546967631,0.1090329366508892,2.9122261728792687,384.73338646151234,384,344,317,405,1548,3028,0,2.2645283329998165,True,10.988157546967631,0.1090329366508892,2.9122261728792687
250,32,confined,11,10.988157546967631,0.1090329366508892,2.9122261728792687,384.6981808668604,384,329,325,404,1608,3122,0,2.272338228000081,True,10.988157546967631,0.1090329366508892,2.9122261728792687
250,32,confined,12,10.988157546967631,0.1090329366508892,2.9122261728792687,384.808757462279,384,366,306,405,1452,2882,0,2.2179484459998093,True,10.988157546967631,0.1090329366508892,2.9122261728792687
250,32,confined,13,10.988157546967631,0.1090329366508892,2.9122261728792687,384.6455883584344,384,320,267,384,1370,2614,0,2.155668397999761,True,10.988157546967631,0.1090329366508892,2.9122261728792687
250,32,confined,14,10.988157546967631,0.1090329366508892,2.9122261728792687,384.704843534361,384,328,297,398,1531,2962,0,2.216404409999996,True,10.988157546967631,0.1090329366508892,2.9122261728792687
250,32,confined,15,10.988157546967631,0.1090329366508892,2.9122261728792687,384.4141442584237,384,246,246,384,1488,2718,0,2.157524943000226,True,10.988157546967631,0.1090329366508892,2.9122261728792687
250,32,confined,16,10.988157546967631,0.1090329366508892,2.9122261728792687,384.7392630664769,384,350,332,415,1581,3104,0,2.172520944000098,True,10.988157546967631,0.1090329366508892,2.9122261728792687
250,32,confined,17,10.988157546967631,0.1090329366508892,2.9122261728792687,384.7247146183668,384,347,331,407,1618,3170,0,2.214199855000061,True,10.988157546967631,0.1090329366508892,2.9122261728792687
250,32,confined,18,10.988157546967631,0.1090329366508892,2.9122261728792687,384.7931802833168,384,363,319,397,1546,3058,0,2.1812256180000986,True,10.988157546967631,0.1090329366508892,2.9122261728792687
250,32,confined,19,10.988157546967631,0.1090329366508892,2.9122261728792687,384.4468271738047,384,257,253,384,1351,2460,0,2.088413805000073,True,10.988157546967631,0.1090329366508892,2.9122261728792687
250,32,confined,20,10.988157546967631,0.1090329366508892,2.9122261728792687,384.48930804024735,384,267,264,384,1413,2598,0,2.1044808849997025,True,10.988157546967631,0.1090329366508892,2.9122261728792687
250,32,confined,21,10.988157546967631,0.1090329366508892,2.9122261728792687,384.7572323927999,384,349,335,414,1642,3218,0,2.257937854999909,True,10.988157546967631,0.1090329366508892,2.9122261728792687
250,32,confined,22,10.988157546967631,0.1090329366508892,2.9122261728792687,384.6742120607156,384,318,307,384,1547,2972,0,2.13769199699982,True,10.988157546967631,0.1090329366508892,2.9122261728792687
250,32,confined,23,10.988157546967631,0.1090329366508892,2.9122261728792687,384.4765484555637,384,264,261,384,1457,2678,0,2.138412703000085,True,10.988157546967631,0.1090329366508892,2.9122261728792687
250,32,confined,24,10.988157546967631,0.1090329366508892,2.9122261728792687,385.0136554652217,384,451,318,451,1665,3474,0,2.268082591000166,True,10.988157546967631,0.1090329366508892,2.9122261728792687
250,32,confined,25,10.988157546967631,0.1090329366508892,2.9122261728792687,384.43275040028186,384,250,248,388,1542,2832,0,2.241418540999802,True,10.988157546967631,0.1090329366508892,2.9122261728792687
250,32,confined,26,10.988157546967631,0.1090329366508892,2.9122261728792687,384.6480840001347,384,324,268,384,1349,2588,0,2.093863623999823,True,10.988157546967631,0.1090329366508892,2.9122261728792687
250,32,confined,27,10.988157546967631,0.1090329366508892,2.9122261728792687,384.5130259803364,384,268,263,384,1508,2790,0,2.2877199859999564,True,10.988157546967631,0.1090329366508892,2.9122261728792687
250,32,confined,28,10.988157546967631,0.1090329366508892,2.9122261728792687,384.4594712542163,384,258,248,384,1475,2704,0,2.300353176000044,True,10.988157546967631,0.1090329366508892,2.9122261728792687
250,32,confined,29,10.988157546967631,0.1090329366508892,2.9122261728792687,384.67712782873485,384,322,317,384,1533,2958,0,2.334947433999787,True,10.988157546967631,0.1090329366508892,2.9122261728792687
250,32,confined,30,10.988157546967631,0.1090329366508892,2.9122261728792687,384.5114919072535,384,279,278,384,1536,2872,0,2.3079169059997184,True,10.988157546967631,0.1090329366508892,2.9122261728792687
250,32,confined,31,10.988157546967631,0.1090329366508892,2.9122261728792687,384.48158607289554,384,257,254,384,1401,2558,0,2.1890434070000997,True,10.988157546967631,0.1090329366508892,2.9122261728792687
250,32,confined,32,10.988157546967631,0.1090329366508892,2.9122261728792687,384.6530657623039,384,315,310,449,1761,3396,0,2.367213394999908,True,10.988157546967631,0.1090329366508892,2.9122261728792687
250,32,confined,33,10.988157546967631,0.1090329366508892,2.9122261728792687,384.8368648817063,384,380,331,426,1647,3290,0,2.323718207000184,True,10.988157546967631,0.1090329366508892,2.9122261728792687
250,32,confined,34,10.988157546967631,0.1090329366508892,2.9122261728792687,384.56618539617887,384,297,275,384,1411,2648,0,2.178520590000062,True,10.988157546967631,0.1090329366508892,2.9122261728792687
250,32,confined,35,10.988157546967631,0.1090329366508892,2.9122261728792687,384.4847514522577,384,257,252,384,1489,2734,0,2.189694774000145,True,10.988157546967631,0.1090329366508892,2.9122261728792687
250,32,confined,36,10.988157546967631,0.1090329366508892,2.9122261728792687,384.6660338873359,384,321,311,384,1435,2752,0,2.3189882620004028,True,10.988157546967631,0.1090329366508892,2.9122261728792687
250,32,confined,37,10.988157546967631,0.1090329366508892,2.9122261728792687,384.8781623807448,384,400,302,400,1483,3018,0,2.356346623999798,True,10.988157546967631,0.1090329366508892,2.9122261728792687
250,32,confined,38,10.988157546967631,0.1090329366508892,2.9122261728792687,384.7945296685618,384,357,334,422,1616,3192,0,2.399781218000044,True,10.988157546967631,0.1090329366508892,2.9122261728792687
250,32,confined,39,10.988157546967631,0.1090329366508892,2.9122261728792687,384.64072472603146,384,315,293,384,1403,2674,0,2.2747978699999294,True,10.988157546967631,0.1090329366508892,2.9122261728792687
250,34,confined,0,10.988157546967631,0.1090329366508892,3.094240308684223,384.6383178735346,384,263,263,384,1413,2592,0,2.2401645929999177,True,10.988157546967631,0.1090329366508892,3.094240308684223
250,34,confined,1,10.988157546967631,0.1090329366508892,3.094240308684223,384.7383979850933,384,287,274,384,1439,2694,0,2.296133927000028,True,10.988157546967631,0.1090329366508892,3.094240308684223
250,34,confined,2,10.988157546967631,0.1090329366508892,3.094240308684223,384.8348601214475,384,329,325,400,1560,3018,0,2.2591876030001004,True,10.988157546967631,0.1090329366508892,3.094240308684223
250,34,confined,3,10.988157546967631,0.1090329366508892,3.094240308684223,384.6402399063494,384,268,267,384,1452,2674,0,2.267170202000216,True,10.988157546967631,0.1090329366508892,3.094240308684223
250,34,confined,4,10.988157546967631,0.1090329366508892,3.094240308684223,385.0125580064533,384,386,323,448,1692,3396,0,2.3702072340001905,True,10.988157546967631,0.1090329366508892,3.094240308684223
250,34,confined,5,10.988157546967631,0.1090329366508892,3.094240308684223,384.89804957053497,384,343,315,394,1490,2910,0,2.4057561610002267,True,10.988157546967631,0.1090329366508892,3.094240308684223
250,34,confined,6,10.988157546967631,0.1090329366508892,3.094240308684223,384.7630092502761,384,314,307,384,1544,2960,0,2.293225913000242,True,10.988157546967631,0.1090329366508892,3.094240308684223
250,34,confined,7,10.988157546967631,0.1090329366508892,3.094240308684223,384.6974789274186,384,277,267,384,1357,2504,0,2.2858239249999315,True,10.988157546967631,0.1090329366508892,3.094240308684223
250,34,confined,8,10.988157546967631,0.1090329366508892,3.094240308684223,384.93286976928425,384,353,334,439,1649,3246,0,2.2868545740002446,True,10.988157546967631,0.1090329366508892,3.094240308684223
250,34,confined,9,10.988157546967631,0.1090329366508892,3.094240308684223,384.48784612919184,384,234,222,384,1283,2278,0,2.0580388719999974,True,10.988157546967631,0.1090329366508892,3.094240308684223
250,34,confined,10,10.988157546967631,0.1090329366508892,3.094240308684223,384.8243976573711,384,318,302,394,1586,3044,0,2.396992898000008,True,10.988157546967631,0.1090329366508892,3.094240308684223
250,34,confined,11,10.988157546967631,0.1090329366508892,3.094240308684223,384.7577067577244,384,305,302,384,1555,2964,0,2.359786742000324,True,10.988157546967631,0.1090329366508892,3.094240308684223
250,34,confined,12,10.988157546967631,0.1090329366508892,3.094240308684223,384.7324169206882,384,294,283,384,1407,2642,0,2.242723665000085,True,10.988157546967631,0.1090329366508892,3.094240308684223
250,34,confined,13,10.988157546967631,0.1090329366508892,3.094240308684223,384.8633352018824,384,318,303,391,1496,2864,0,2.283775469000375,True,10.988157546967631,0.1090329366508892,3.094240308684223
250,34,confined,14,10.988157546967631,0.1090329366508892,3.094240308684223,384.93235983293846,384,363,337,384,1545,3054,0,2.435038581000299,True,10.988157546967631,0.1090329366508892,3.094240308684223
250,34,confined,15,10.988157546967631,0.1090329366508892,3.094240308684223,384.8774518297776,384,326,304,384,1454,2798,0,2.3985722649999843,True,10.988157546967631,0.1090329366508892,3.094240308684223
250,34,confined,16,10.988157546967631,0.1090329366508892,3.094240308684223,384.7225617874997,384,287,273,384,1421,2660,0,2.252513646999887,True,10.988157546967631,0.1090329366508892,3.094240308684223
250,34,confined,17,10.988157546967631,0.1090329366508892,3.094240308684223,384.7534664519334,384,300,289,384,1397,2636,0,2.2500949149998632,True,10.988157546967631,0.1090329366508892,3.094240308684223
250,34,confined,18,10.988157546967631,0.1090329366508892,3.094240308684223,384.7274104525714,384,296,274,404,1457,2742,0,2.4699177280003823,True,10.988157546967631,0.1090329366508892,3.094240308684223
250,34,confined,19,10.988157546967631,0.1090329366508892,3.094240308684223,385.0777793873947,384,409,315,419,1547,3152,0,2.495923773999948,True,10.988157546967631,0.1090329366508892,3.094240308684223
250,34,confined,20,10.988157546967631,0.1090329366508892,3.094240308684223,384.4416864032505,384,221,212,384,1408,2496,0,2.253705311999965,True,10.988157546967631,0.1090329366508892,3.094240308684223
250,34,confined,21,10.988157546967631,0.1090329366508892,3.094240308684223,384.8543008802413,384,345,344,410,1634,3200,0,2.4510338559998672,True,10.988157546967631,0.1090329366508892,3.094240308684223
250,34,confined,22,10.988157546967631,0.1090329366508892,3.094240308684223,384.74607184710544,384,305,286,384,1418,2684,0,2.421435847000339,True,10.988157546967631,0.1090329366508892,3.094240308684223
250,34,confined,23,10.988157546967631,0.1090329366508892,3.094240308684223,384.7670653061277,384,310,290,384,1452,2768,0,2.4700583159997223,True,10.988157546967631,0.1090329366508892,3.094240308684223
250,34,confined,24,10.988157546967631,0.1090329366508892,3.094240308684223,385.0566511067847,384,421,345,457,1661,3410,0,2.3997287409997625,True,10.988157546967631,0.1090329366508892,3.094240308684223
250,34,confined,25,10.988157546967631,0.1090329366508892,3.094240308684223,384.81058430978175,384,319,318,412,1597,3068,0,2.2672951260001355,True,10.988157546967631,0.1090329366508892,3.094240308684223
250,34,confined,26,10.988157546967631,0.1090329366508892,3.094240308684223,385.09603938647314,384,424,348,488,1759,3610,0,2.490859526999884,True,10.988157546967631,0.1090329366508892,3.094240308684223
250,34,confined,27,10.988157546967631,0.1090329366508892,3.094240308684223,384.6232364631706,384,263,253,394,1459,2682,0,2.315803556999981,True,10.988157546967631,0.1090329366508892,3.094240308684223
250,34,confined,28,10.988157546967631,0.1090329366508892,3.094240308684223,384.7271636835257,384,290,290,384,1524,2868,0,2.213974313000108,True,10.988157546967631,0.1090329366508892,3.094240308684223
250,34,confined,29,10.988157546967631,0.1090329366508892,3.094240308684223,385.1353633444109,384,434,328,438,1545,3198,0,2.2680016990002514,True,10.988157546967631,0.1090329366508892,3.094240308684223
250,34,confined,30,10.988157546967631,0.1090329366508892,3.094240308684223,384.8674604713076,384,334,322,426,1690,3290,0,2.4399747889997343,True,10.988157546967631,0.1090329366508892,3.094240308684223
250,34,confined,31,10.988157546967631,0.1090329366508892,3.094240308684223,384.6804479433064,384,281,260,384,1369,2546,0,2.2197421010000653,True,10.988157546967631,0.1090329366508892,3.094240308684223
250,34,confined,32,10.988157546967631,0.1090329366508892,3.094240308684223,384.9061997516888,384,353,309,384,1435,2814,0,2.1493283580002758,True,10.988157546967631,0.1090329366508892,3.094240308684223
250,34,confined,33,10.988157546967631,0.1090329366508892,3.094240308684223,384.6149119114031,384,272,269,384,1462,2710,0,2.1585618939998312,True,10.988157546967631,0.1090329366508892,3.094240308684223
250,34,confined,34,10.988157546967631,0.1090329366508892,3.094240308684223,384.7876502656872,384,314,314,400,1572,3016,0,2.354209798000284,True,10.988157546967631,0.1090329366508892,3.094240308684223
250,34,confined,35,10.988157546967631,0.1090329366508892,3.094240308684223,384.90132547462815,384,340,319,384,1472,2868,0,2.3814794510003594,True,10.988157546967631,0.1090329366508892,3.094240308684223
250,34,confined,36,10.988157546967631,0.1090329366508892,3.094240308684223,384.8459085895894,384,322,308,399,1577,3034,0,2.2127380550000453,True,10.988157546967631,0.1090329366508892,3.094240308684223
250,34,confined,37,10.988157546967631,0.1090329366508892,3.094240308684223,384.8181294966882,384,324,298,397,1497,2874,0,2.112246742000025,True,10.988157546967631,0.1090329366508892,3.094240308684223
250,34,confined,38,10.988157546967631,0.1090329366508892,3.094240308684223,384.691607496351,384,282,263,384,1317,2436,0,1.808123013000113,True,10.988157546967631,0.1090329366508892,3.094240308684223
250,34,confined,39,10.988157546967631,0.1090329366508892,3.094240308684223,384.9628749215693,384,367,335,401,1549,3072,0,1.9374752039998384,True,10.988157546967631,0.1090329366508892,3.094240308684223
250,0,unconfined,0,10.988157546967631,0.1090329366508892,inf,385.4301224537479,384,328,265,384,1247,2382,0,2.231387932999951,False,10.988157546967631,0.1090329366508892,inf
250,0,unconfined,1,10.988157546967631,0.1090329366508892,inf,385.6306987731859,384,407,341,426,1510,3080,0,2.5519838430000163,False,10.988157546967631,0.1090329366508892,inf
250,0,unconfined,2,10.988157546967631,0.1090329366508892,inf,385.5349406211377,384,374,303,384,1385,2756,0,2.4023001119999208,False,10.988157546967631,0.1090329366508892,inf
250,0,unconfined,3,10.988157546967631,0.1090329366508892,inf,385.6137094752434,384,397,286,401,1390,2816,0,2.424455807999948,False,10.988157546967631,0.1090329366508892,inf
250,0,unconfined,4,10.988157546967631,0.1090329366508892,inf,385.4466395162582,384,320,288,384,1292,2462,0,2.339724507000028,False,10.988157546967631,0.1090329366508892,inf
250,0,unconfined,5,10.988157546967631,0.1090329366508892,inf,385.64849424044576,384,406,308,408,1423,2900,0,2.2878399920000447,False,10.988157546967631,0.1090329366508892,inf
250,0,unconfined,6,10.988157546967631,0.1090329366508892,inf,385.5517055903801,384,368,304,384,1394,2762,0,2.375902229000076,False,10.988157546967631,0.1090329366508892,inf
250,0,unconfined,7,10.988157546967631,0.1090329366508892,inf,385.29872179430913,384,294,272,384,1284,2390,0,2.3076638300001378,False,10.988157546967631,0.1090329366508892,inf
250,0,unconfined,8,10.988157546967631,0.1090329366508892,inf,385.7413475221133,384,452,348,464,1559,3260,0,2.314480908000178,False,10.988157546967631,0.1090329366508892,inf
250,0,unconfined,9,10.988157546967631,0.1090329366508892,inf,385.35882468158815,384,308,271,384,1268,2388,0,2.103688638999984,False,10.988157546967631,0.1090329366508892,inf
250,0,unconfined,10,10.988157546967631,0.1090329366508892,inf,385.3745667429036,384,319,307,384,1381,2634,0,2.4042475090000157,False,10.988157546967631,0.1090329366508892,inf
250,0,unconfined,11,10.988157546967631,0.1090329366508892,inf,385.4603337371312,384,343,334,384,1458,2846,0,2.3728464509999867,False,10.988157546967631,0.1090329366508892,inf
250,0,unconfined,12,10.988157546967631,0.1090329366508892,inf,385.42067304434846,384,332,290,384,1302,2508,0,2.176120904000072,False,10.988157546967631,0.1090329366508892,inf
250,0,unconfined,13,10.988157546967631,0.1090329366508892,inf,385.3717475159402,384,322,293,384,1294,2474,0,2.2166889390000506,False,10.988157546967631,0.1090329366508892,inf
250,0,unconfined,14,10.988157546967631,0.1090329366508892,inf,385.4920539211602,384,352,326,384,1457,2854,0,2.4268811120000464,False,10.988157546967631,0.1090329366508892,inf
250,0,unconfined,15,10.988157546967631,0.1090329366508892,inf,385.56669528467455,384,377,272,384,1303,2606,0,2.3487338769998587,False,10.988157546967631,0.1090329366508892,inf
250,0,unconfined,16,10.988157546967631,0.1090329366508892,inf,385.4720253363707,384,346,274,384,1275,2474,0,2.1715057690000776,False,10.988157546967631,0.1090329366508892,inf
250,0,unconfined,17,10.988157546967631,0.1090329366508892,inf,385.5873525216608,384,389,323,424,1503,3018,0,2.3198947920000137,False,10.988157546967631,0.1090329366508892,inf
250,0,unconfined,18,10.988157546967631,0.1090329366508892,inf,385.7453955522436,384,438,312,443,1443,3002,0,2.644277496000086,False,10.988157546967631,0.1090329366508892,inf
250,0,unconfined,19,10.988157546967631,0.1090329366508892,inf,385.41513152861256,384,327,283,384,1338,2566,0,2.429113691999873,False,10.988157546967631,0.1090329366508892,inf
250,0,unconfined,20,10.988157546967631,0.1090329366508892,inf,385.66256686771777,384,435,345,435,1481,3072,0,2.4081103729999995,False,10.988157546967631,0.1090329366508892,inf
250,0,unconfined,21,10.988157546967631,0.1090329366508892,inf,385.44370492805217,384,333,300,384,1396,2694,0,2.3243025110000417,False,10.988157546967631,0.1090329366508892,inf
250,0,unconfined,22,10.988157546967631,0.1090329366508892,inf,385.4418586617811,384,333,314,392,1450,2808,0,2.504140105999795,False,10.988157546967631,0.1090329366508892,inf
250,0,unconfined,23,10.988157546967631,0.1090329366508892,inf,385.40892508037535,384,327,302,384,1389,2672,0,2.3070986039999752,False,10.988157546967631,0.1090329366508892,inf
250,0,unconfined,24,10.988157546967631,0.1090329366508892,inf,385.4949852917183,384,356,333,389,1459,2870,0,2.47038759499992,False,10.988157546967631,0.1090329366508892,inf
250,0,unconfined,25,10.988157546967631,0.1090329366508892,inf,385.6872170524177,384,429,346,429,1442,2984,0,2.375371118999965,False,10.988157546967631,0.1090329366508892,inf
250,0,unconfined,26,10.988157546967631,0.1090329366508892,inf,385.5082057231296,384,363,304,384,1369,2698,0,2.214193665000039,False,10.988157546967631,0.1090329366508892,inf
250,0,unconfined,27,10.988157546967631,0.1090329366508892,inf,385.1990650270368,384,265,247,384,1358,2486,0,2.3659556909999537,False,10.988157546967631,0.1090329366508892,inf
250,0,unconfined,28,10.988157546967631,0.1090329366508892,inf,385.6047204353072,384,390,307,390,1383,2790,0,2.3282432480000352,False,10.988157546967631,0.1090329366508892,inf
250,0,unconfined,29,10.988157546967631,0.1090329366508892,inf,385.2976832683485,384,296,267,384,1244,2322,0,2.118244529000094,False,10.988157546967631,0.1090329366508892,inf
250,0,unconfined,30,10.988157546967631,0.1090329366508892,inf,385.7706956861781,384,463,343,477,1572,3312,0,2.382686951000096,False,10.988157546967631,0.1090329366508892,inf
250,0,unconfined,31,10.988157546967631,0.1090329366508892,inf,385.6959427162818,384,433,343,460,1543,3196,0,2.461641333999978,False,10.988157546967631,0.1090329366508892,inf
250,0,unconfined,32,10.988157546967631,0.1090329366508892,inf,385.8186908208455,384,486,346,488,1507,3226,0,2.434791079999968,False,10.988157546967631,0.1090329366508892,inf
250,0,unconfined,33,10.988157546967631,0.1090329366508892,inf,385.5955118241888,384,383,317,394,1409,2826,0,2.2265440520000084,False,10.988157546967631,0.1090329366508892,inf
250,0,unconfined,34,10.988157546967631,0.1090329366508892,inf,385.6442750213877,384,413,333,413,1429,2928,0,2.3144395760000407,False,10.988157546967631,0.1090329366508892,inf
250,0,unconfined,35,10.988157546967631,0.1090329366508892,inf,385.4694232584943,384,339,251,384,1231,2382,0,2.3576617080000237,False,10.988157546967631,0.1090329366508892,inf
250,0,unconfined,36,10.988157546967631,0.1090329366508892,inf,385.5537715813115,384,370,330,386,1417,2812,0,2.487848733000192,False,10.988157546967631,0.1090329366508892,inf
250,0,unconfined,37,10.988157546967631,0.1090329366508892,inf,385.52891865294487,384,363,334,409,1503,2970,0,2.3376842130001023,False,10.988157546967631,0.1090329366508892,inf
250,0,unconfined,38,10.988157546967631,0.1090329366508892,inf,385.4225654000797,384,322,308,384,1424,2726,0,2.360189883999965,False,10.988157546967631,0.1090329366508892,inf
250,0,unconfined,39,10.988157546967631,0.1090329366508892,inf,385.1925017041492,384,262,250,384,1274,2306,0,2.212020657000039,False,10.988157546967631,0.1090329366508892,inf
