N,L_center,L_minus,L_plus,block_id,logZ_minus,logZ_plus,force_block,force_Rg_block,overflow_minus,overflow_plus,force_Rg_block_original_archive
100,8,6,10,0,145.79636890979856,150.75719357026975,1.2402061651177974,7.999232365885295,0,0,7.999232365885295
100,8,6,10,1,145.96123020525906,150.63481019475418,1.168394997373781,7.536055973599427,0,0,7.536055973599427
100,8,6,10,2,145.84982252890768,150.76854687665372,1.229681086936509,7.931346438199039,0,0,7.931346438199039
100,8,6,10,3,145.8017011197575,150.73976289432505,1.2345154436418897,7.96252765928436,0,0,7.962527659284359
100,8,6,10,4,145.4886575526332,150.73892571603096,1.3125670408494372,8.465954331520225,0,0,8.465954331520225
100,8,6,10,5,145.7119395647857,150.8189432378471,1.2767509182653498,8.234943153658572,0,0,8.234943153658572
100,8,6,10,6,145.79478697510268,150.85242327713146,1.2644090755071955,8.155339237130454,0,0,8.155339237130454
100,8,6,10,7,145.77623473228238,150.68243384195026,1.2265497774169702,7.911149737714229,0,0,7.911149737714229
100,8,6,10,8,145.79673916065371,150.62942034101624,1.208170295090632,7.792603520135075,0,0,7.792603520135075
100,8,6,10,9,145.8835993287986,150.50796969328164,1.1560925911207605,7.456706419432289,0,0,7.456706419432289
100,8,6,10,10,145.50605805387826,150.4853469831237,1.244822232311357,8.029005636762655,0,0,8.029005636762655
100,8,6,10,11,145.87940816490243,150.61208511466762,1.183169237441298,7.631348661745528,0,0,7.631348661745528
100,8,6,10,12,145.85243376551307,150.70918490451405,1.2141877847502442,7.831415855858289,0,0,7.831415855858289
100,8,6,10,13,145.83044863822332,150.78474175886652,1.2385732801608,7.988700386150668,0,0,7.988700386150668
100,8,6,10,14,145.99219166600489,150.84113738975628,1.2122364309378495,7.81882977701718,0,0,7.818829777017182
100,8,6,10,15,145.7383168754803,150.83999062669923,1.2754184378047313,8.226348759333433,0,0,8.226348759333433
100,8,6,10,16,145.8938889585061,150.8483719249578,1.238620741612927,7.989006508789519,0,0,7.989006508789518
100,8,6,10,17,145.8173536918481,150.71570953387456,1.2245889605066154,7.898502622634458,0,0,7.898502622634458
100,8,6,10,18,146.05349873858705,150.7060309450384,1.1631330516128386,7.5021168366862785,0,0,7.5021168366862785
100,8,6,10,19,145.82776266079637,150.8220045141195,1.248560463330783,8.053116933257385,0,0,8.053116933257385
100,8,6,10,20,145.7750486210242,150.63895338076065,1.2159761899341035,7.842950928842453,0,0,7.842950928842453
100,8,6,10,21,145.85952063276514,150.5928105405037,1.1833224769346486,7.632337044443032,0,0,7.632337044443032
100,8,6,10,22,145.99477000465794,150.7651326822163,1.1925906693895882,7.692116157903386,0,0,7.692116157903386
100,8,6,10,23,145.88519693419357,150.6394519185725,1.1885637460947294,7.666142818904452,0,0,7.666142818904452
100,8,6,10,24,145.69494520203898,150.68042684233112,1.246370410073034,8.038991261739913,0,0,8.038991261739913
100,8,6,10,25,145.9554968563099,150.68436617674004,1.1822173301075338,7.625208934200432,0,0,7.625208934200432
100,8,6,10,26,145.8663502395912,150.6536854316469,1.1968337980139196,7.719484004297813,0,0,7.719484004297813
100,8,6,10,27,145.83961878662237,150.59870768595457,1.1897722248330496,7.673937411859194,0,0,7.673937411859194
100,8,6,10,28,145.7896638600763,150.49437249844203,1.1761771595914323,7.586250308734096,0,0,7.586250308734098
100,8,6,10,29,145.78263188201217,150.68375556815607,1.225280921535976,7.902965716930935,0,0,7.902965716930937
100,8,6,10,30,145.87905546227952,150.85822749154585,1.2447930073165807,8.028817137841521,0,0,8.028817137841521
100,8,6,10,31,145.7380063873236,150.6752861766739,1.2343199473375748,7.961266723474758,0,0,7.961266723474758
100,8,6,10,32,145.28189803635684,150.62573270612626,1.3359586674423554,8.616828485991954,0,0,8.616828485991954
100,8,6,10,33,145.77293821023488,150.74012870880983,1.2417976246437377,8.009497154842935,0,0,8.009497154842935
100,8,6,10,34,146.04705737275495,150.56293387767948,1.1289691262311337,7.281762201025305,0,0,7.281762201025305
100,8,6,10,35,145.7943772998107,150.825709748279,1.2578331121170765,8.112924789704996,0,0,8.112924789704994
100,8,6,10,36,146.02612461929118,150.70141494531785,1.1688225815066673,7.538813857676384,0,0,7.538813857676384
100,8,6,10,37,145.74708303509925,150.64928820026432,1.2255512912912678,7.904709580619181,0,0,7.904709580619181
100,8,6,10,38,145.97713324705447,150.6480379400442,1.1677261732474309,7.5317421105103195,0,0,7.531742110510318
100,8,6,10,39,145.95212602835684,150.6827685345592,1.182660626550586,7.6280681614439985,0,0,7.6280681614439985
100,10,8,12,0,149.12842821357785,151.59542067064584,0.616748114266997,3.977976900941054,0,0,3.977976900941054
100,10,8,12,1,149.17204272466603,151.59162758855496,0.6048962159722322,3.901533087724194,0,0,3.901533087724194
100,10,8,12,2,149.0151669173637,151.75193520950785,0.6841920730360371,4.41298513831544,0,0,4.41298513831544
100,10,8,12,3,149.00509534039895,151.73709918673367,0.6830009615836801,4.405302562991226,0,0,4.405302562991226
100,10,8,12,4,149.21088827988387,151.3751046630883,0.5410540958011083,3.4897564264373293,0,0,3.4897564264373293
100,10,8,12,5,149.05815889167806,151.93024603477377,0.7180217857739208,4.63118412867103,0,0,4.63118412867103
100,10,8,12,6,148.92596148511998,151.69540918013007,0.6923619237525216,4.465680033820613,0,0,4.465680033820613
100,10,8,12,7,149.09535902381518,151.59726310441272,0.6254760201493852,4.0342712084396535,0,0,4.0342712084396535
100,10,8,12,8,149.02397141125795,151.6092897439018,0.6463295831609628,4.1687750521376055,0,0,4.1687750521376055
100,10,8,12,9,148.94934480021263,151.5841178067272,0.658693251628641,4.248519742778079,0,0,4.248519742778079
100,10,8,12,10,148.9866620181595,151.63069757486502,0.6610088891763795,4.263455423103268,0,0,4.263455423103268
100,10,8,12,11,148.92258379125585,151.55408254244162,0.6578746877964434,4.243240070346007,0,0,4.243240070346007
100,10,8,12,12,149.10327835716197,151.77070668576133,0.6668570821498392,4.301175808496449,0,0,4.301175808496449
100,10,8,12,13,149.24858306367585,151.61269484045613,0.5910279441950692,3.812083823900998,0,0,3.812083823900998
100,10,8,12,14,149.18765735748127,151.72872076390388,0.6352658516056522,4.097414852491847,0,0,4.097414852491847
100,10,8,12,15,149.14736420366916,151.65575643819818,0.6270980586322565,4.044733229267992,0,0,4.044733229267992
100,10,8,12,16,149.1178447003624,151.81634972377566,0.6746262558533118,4.351286368734714,0,0,4.351286368734714
100,10,8,12,17,149.01963201346717,151.6231606691147,0.6508821639118878,4.198138840445855,0,0,4.198138840445855
100,10,8,12,18,148.92202712945362,151.50075111288442,0.6446809958576978,4.158141793502729,0,0,4.158141793502729
100,10,8,12,19,149.1907819759385,151.55415084223517,0.5908422165741669,3.8108858953322273,0,0,3.8108858953322273
100,10,8,12,20,148.9684057468721,151.59860683102048,0.6575502710371026,4.241147607726207,0,0,4.241147607726207
100,10,8,12,21,148.95571364300778,151.61686156457486,0.6652869803917696,4.291048775464251,0,0,4.291048775464251
100,10,8,12,22,149.11026810498072,151.68995015390044,0.6449205122299304,4.159686655293301,0,0,4.159686655293301
100,10,8,12,23,149.00377978465093,151.37697851713003,0.5932996831197741,3.826736361555183,0,0,3.826736361555183
100,10,8,12,24,148.9506337825058,151.6140091044105,0.6658438304761773,4.294640414776669,0,0,4.294640414776669
100,10,8,12,25,149.21794994675776,151.77919920422332,0.6403123143663905,4.129964140976554,0,0,4.129964140976554
100,10,8,12,26,149.32042293755237,151.742235095537,0.6054530394961617,3.905124555723613,0,0,3.905124555723613
100,10,8,12,27,148.78389923879067,151.80766583776474,0.7559416497435194,4.875764273252693,0,0,4.875764273252693
100,10,8,12,28,149.0268718020846,151.75200583992466,0.681283509460016,4.39422513167305,0,0,4.39422513167305
100,10,8,12,29,149.05585910359304,151.5477724534323,0.6229783374598128,4.018161351246482,0,0,4.018161351246482
100,10,8,12,30,149.03003139637022,151.67163021752262,0.6603997052880999,4.259526234865892,0,0,4.259526234865892
100,10,8,12,31,149.33426686317082,151.3530949346797,0.504707017877216,3.2553206283323113,0,0,3.2553206283323117
100,10,8,12,32,148.97813487704417,151.81323805846185,0.7087757953544198,4.571548216595627,0,0,4.571548216595627
100,10,8,12,33,148.9832579371957,151.57739249858793,0.6485336403480559,4.182991047899554,0,0,4.182991047899554
100,10,8,12,34,149.06218598130957,151.71494135270805,0.6631888428496211,4.277515953093835,0,0,4.277515953093835
100,10,8,12,35,148.9318433309004,151.59689350938623,0.6662625446214605,4.297341088130188,0,0,4.297341088130188
100,10,8,12,36,149.197105312737,151.72376871873425,0.6316658514993136,4.074195134530616,0,0,4.074195134530616
100,10,8,12,37,149.08100399549704,151.4628825359229,0.5954696351064612,3.8407323814529524,0,0,3.840732381452952
100,10,8,12,38,149.05778422544324,151.58803785690804,0.6325634078662006,4.0799843026077856,0,0,4.0799843026077856
100,10,8,12,39,149.00287072997733,151.75517913757247,0.6880771018987843,4.438043269370879,0,0,4.438043269370879
100,12,10,14,0,150.75719357026975,152.05623026219916,0.324759172982354,2.0946711608967377,0,0,2.0946711608967377
100,12,10,14,1,150.63481019475418,152.23331958871495,0.399627348490192,2.5775650131783014,0,0,2.577565013178301
100,12,10,14,2,150.76854687665372,152.3558047073493,0.3968144576738979,2.5594220883225263,0,0,2.5594220883225263
100,12,10,14,3,150.73976289432505,152.37877215503423,0.4097523151772932,2.6428702531496553,0,0,2.642870253149656
100,12,10,14,4,150.73892571603096,152.1240242368733,0.346274630210587,2.233444170310503,0,0,2.233444170310503
100,12,10,14,5,150.8189432378471,151.99540417310848,0.2941152338153472,1.8970201598797751,0,0,1.8970201598797751
100,12,10,14,6,150.85242327713146,152.07254885285545,0.3050313939309959,1.9674285353291818,0,0,1.9674285353291816
100,12,10,14,7,150.68243384195026,151.89184800777434,0.3023535414560214,1.950156597169733,0,0,1.9501565971697328
100,12,10,14,8,150.62942034101624,152.28605854026972,0.4141595498133696,2.671296570431834,0,0,2.6712965704318345
100,12,10,14,9,150.50796969328164,152.39917616626545,0.4728016182459527,3.0495333063892174,0,0,3.0495333063892174
100,12,10,14,10,150.4853469831237,152.5278819409856,0.5106337394654759,3.293547517123738,0,0,3.293547517123738
100,12,10,14,11,150.61208511466762,152.13597851776024,0.3809733507731536,2.4572481928880947,0,0,2.457248192888095
100,12,10,14,12,150.70918490451405,152.1326143992905,0.3558573736941142,2.2952521132020998,0,0,2.2952521132021
100,12,10,14,13,150.78474175886652,152.27451295189869,0.3724427982580423,2.402226799109359,0,0,2.402226799109359
100,12,10,14,14,150.84113738975628,152.16926938703534,0.3320329993197646,2.1415867695258215,0,0,2.141586769525821
100,12,10,14,15,150.83999062669923,152.1765534981741,0.3341407178687134,2.1551813886376583,0,0,2.1551813886376583
100,12,10,14,16,150.8483719249578,152.09220628164098,0.3109585891707951,2.005658479135839,0,0,2.005658479135839
100,12,10,14,17,150.71570953387456,152.2613284049476,0.3864047177682579,2.4922800834561545,0,0,2.4922800834561545
100,12,10,14,18,150.7060309450384,152.30094538284257,0.3987286094510409,2.571768216957909,0,0,2.571768216957909
100,12,10,14,19,150.8220045141195,152.17751143382168,0.3388767299255448,2.1857282944632956,0,0,2.185728294463296
100,12,10,14,20,150.63895338076065,152.13292762708252,0.3734935615804744,2.409004140017744,0,0,2.409004140017744
100,12,10,14,21,150.5928105405037,152.1002910140152,0.376870118377866,2.430782666184302,0,0,2.430782666184302
100,12,10,14,22,150.7651326822163,152.2151974283179,0.3625161865254043,2.338200933016561,0,0,2.338200933016561
100,12,10,14,23,150.6394519185725,152.28941519493344,0.4124908190902374,2.6605333883207707,0,0,2.660533388320771
100,12,10,14,24,150.68042684233112,152.11036302303097,0.3574840451749637,2.3057440165035463,0,0,2.3057440165035463
100,12,10,14,25,150.68436617674004,152.22906198504893,0.3861739520772218,2.4907916628720685,0,0,2.4907916628720685
100,12,10,14,26,150.6536854316469,152.29741865976644,0.4109333070298859,2.6504875578501275,0,0,2.650487557850128
100,12,10,14,27,150.59870768595457,152.16514494723148,0.3916093153192292,2.525849328918809,0,0,2.525849328918809
100,12,10,14,28,150.49437249844203,152.11503729522934,0.4051661991968274,2.6132901652445435,0,0,2.6132901652445435
100,12,10,14,29,150.68375556815607,152.1193386842708,0.3588957790286784,2.3148495889900196,0,0,2.31484958899002
100,12,10,14,30,150.85822749154585,152.25355537949048,0.3488319719861579,2.249938823923061,0,0,2.249938823923061
100,12,10,14,31,150.6752861766739,152.1191438512165,0.3609644186356533,2.3281921519951743,0,0,2.3281921519951743
100,12,10,14,32,150.62573270612626,152.30407691546793,0.4195860523354184,2.7062970855307156,0,0,2.706297085530716
100,12,10,14,33,150.74012870880983,152.2520391127182,0.3779776009770899,2.4379258419735668,0,0,2.4379258419735668
100,12,10,14,34,150.56293387767948,152.40789953713636,0.4612414148642187,2.9749709024532556,0,0,2.974970902453256
100,12,10,14,35,150.825709748279,152.45203098218073,0.4065803084754336,2.6224110590350134,0,0,2.6224110590350134
100,12,10,14,36,150.70141494531785,152.31816531789158,0.4041875931434333,2.6069782330546096,0,0,2.60697823305461
100,12,10,14,37,150.64928820026432,152.08939973513782,0.3600278837183737,2.322151575329138,0,0,2.322151575329138
100,12,10,14,38,150.6480379400442,152.17907443413475,0.3827591235226393,2.468766286877287,0,0,2.468766286877287
100,12,10,14,39,150.6827685345592,152.40837641985868,0.431401971324874,2.7825088350539526,0,0,2.7825088350539526
100,14,12,16,0,151.59542067064584,152.58487540606836,0.2473636838556316,1.5954763342549931,0,0,1.5954763342549936
100,14,12,16,1,151.59162758855496,152.65457687282856,0.2657373210684,1.7139848513106646,0,0,1.7139848513106646
100,14,12,16,2,151.75193520950785,152.5788083479469,0.2067182846097637,1.3333167011902805,0,0,1.3333167011902805
100,14,12,16,3,151.73709918673367,152.67030119183045,0.2333005012741935,1.5047699110514696,0,0,1.5047699110514698
100,14,12,16,4,151.3751046630883,152.5453906326704,0.292571492395524,1.8870631489590668,0,0,1.887063148959067
100,14,12,16,5,151.93024603477377,152.51984449370786,0.1473996147335299,0.95071593905799,0,0,0.95071593905799
100,14,12,16,6,151.69540918013007,152.7123099166554,0.2542251841313359,1.6397324721679436,0,0,1.6397324721679436
100,14,12,16,7,151.59726310441272,152.5633751897631,0.2415280213375936,1.557836769315208,0,0,1.5578367693152084
100,14,12,16,8,151.6092897439018,152.39462410948553,0.1963335913959341,1.2663362455190534,0,0,1.2663362455190534
100,14,12,16,9,151.5841178067272,152.61575070209514,0.2579082238419872,1.6634877890555069,0,0,1.6634877890555069
100,14,12,16,10,151.63069757486502,152.6359374438354,0.2513099672425909,1.6209295521809999,0,0,1.620929552181
100,14,12,16,11,151.55408254244162,152.6404709279221,0.2715970963701224,1.7517799418115259,0,0,1.751779941811526
100,14,12,16,12,151.77070668576133,152.65105322467102,0.2200866347274228,1.4195415095708355,0,0,1.419541509570836
100,14,12,16,13,151.61269484045613,152.70369569047378,0.2727502125044125,1.7592174503181552,0,0,1.7592174503181557
100,14,12,16,14,151.72872076390388,152.47707475403055,0.1870884975316684,1.2067061161545074,0,0,1.2067061161545078
100,14,12,16,15,151.65575643819818,152.53060012138755,0.2187109207973421,1.410668262762991,0,0,1.410668262762991
100,14,12,16,16,151.81634972377566,152.45555260058998,0.1598007192035808,1.0307020889737453,0,0,1.0307020889737455
100,14,12,16,17,151.6231606691147,152.4987453592268,0.2188961725280265,1.4118631218772304,0,0,1.4118631218772304
100,14,12,16,18,151.50075111288442,152.5499804417289,0.2623073322111224,1.6918616925541083,0,0,1.6918616925541088
100,14,12,16,19,151.55415084223517,152.64957286903206,0.2738555066992205,1.7663465110708032,0,0,1.7663465110708034
100,14,12,16,20,151.59860683102048,152.37835288822637,0.1949365143014674,1.2573252079786672,0,0,1.2573252079786672
100,14,12,16,21,151.61686156457486,152.5339117864538,0.229262555469738,1.478725477731286,0,0,1.4787254777312864
100,14,12,16,22,151.68995015390044,152.67052455416183,0.2451436000653473,1.5811569681611046,0,0,1.5811569681611046
100,14,12,16,23,151.37697851713003,152.73674419321324,0.3399414190208034,2.1925954555127563,0,0,2.1925954555127567
100,14,12,16,24,151.6140091044105,152.43330803964676,0.2048247338090618,1.321103447235053,0,0,1.3211034472350531
100,14,12,16,25,151.77919920422332,152.68237597943266,0.2257941938023364,1.456354817363024,0,0,1.4563548173630243
100,14,12,16,26,151.742235095537,152.68434080316771,0.2355264269076755,1.5191269565751966,0,0,1.5191269565751968
100,14,12,16,27,151.80766583776474,152.44634440637824,0.1596696421533749,1.029856652294004,0,0,1.0298566522940045
100,14,12,16,28,151.75200583992466,152.57495622958817,0.2057375974158759,1.326991345807604,0,0,1.326991345807604
100,14,12,16,29,151.5477724534323,152.76183867714454,0.3035165559280628,1.9576579491774961,0,0,1.957657949177496
100,14,12,16,30,151.67163021752262,152.57355669657838,0.22548161976394,1.4543387393632516,0,0,1.4543387393632516
100,14,12,16,31,151.3530949346797,152.5132598064806,0.2900412179502254,1.8707430775010423,0,0,1.8707430775010423
100,14,12,16,32,151.81323805846185,152.4916227750497,0.1695961791469642,1.0938820363258075,0,0,1.0938820363258075
100,14,12,16,33,151.57739249858793,152.58346253113513,0.2515175081367999,1.6222681746495018,0,0,1.6222681746495022
100,14,12,16,34,151.71494135270805,152.45741410661807,0.1856181884775054,1.1972227382253244,0,0,1.1972227382253249
100,14,12,16,35,151.59689350938623,152.69733820366088,0.2751111735686606,1.7744454637653668,0,0,1.7744454637653673
100,14,12,16,36,151.72376871873425,152.47251446520866,0.1871864366186031,1.207337815573627,0,0,1.207337815573627
100,14,12,16,37,151.4628825359229,152.51480957013766,0.2629817585536926,1.6962116894978672,0,0,1.6962116894978676
100,14,12,16,38,151.58803785690804,152.55923967410305,0.2428004542987523,1.5660438619846377,0,0,1.5660438619846375
100,14,12,16,39,151.75517913757247,152.4938933888768,0.184678562826086,1.1911622265668163,0,0,1.1911622265668167
100,16,14,18,0,152.05623026219916,152.88596439343928,0.2074335328100289,1.3379299959102429,0,0,1.337929995910243
100,16,14,18,1,152.23331958871495,152.93482020228493,0.1753751533924941,1.1311559663599076,0,0,1.1311559663599076
100,16,14,18,2,152.3558047073493,152.8350045066205,0.1197999498177964,0.7727002678808076,0,0,0.7727002678808076
100,16,14,18,3,152.37877215503423,152.9757382099906,0.1492415137390921,0.962596042991021,0,0,0.962596042991021
100,16,14,18,4,152.1240242368733,153.03164442340184,0.2269050466321331,1.4635197308748038,0,0,1.4635197308748042
100,16,14,18,5,151.99540417310848,152.7261643634566,0.1826900475870303,1.178336459442203,0,0,1.1783364594422032
100,16,14,18,6,152.07254885285545,152.83618502772762,0.1909090437180438,1.2313483390114717,0,0,1.231348339011472
100,16,14,18,7,151.89184800777434,152.97059708725735,0.2696872698707508,1.7394617108780845,0,0,1.739461710878085
100,16,14,18,8,152.28605854026972,152.89434261127622,0.1520710177516235,0.9808461216578155,0,0,0.980846121657816
100,16,14,18,9,152.39917616626545,152.80902647542666,0.1024625772903036,0.6608755766625065,0,0,0.6608755766625066
100,16,14,18,10,152.5278819409856,153.00689030382668,0.1197520907102713,0.7723915803958677,0,0,0.7723915803958682
100,16,14,18,11,152.13597851776024,152.99272084449046,0.2141855816825568,1.3814801808684303,0,0,1.3814801808684307
100,16,14,18,12,152.1326143992905,152.94216127671544,0.2023867193562338,1.3053784454828599,0,0,1.3053784454828603
100,16,14,18,13,152.27451295189869,152.88356282072365,0.152262467206242,0.9820809556046941,0,0,0.9820809556046942
100,16,14,18,14,152.16926938703534,152.94489217148924,0.1939056961134753,1.2506765116210365,0,0,1.2506765116210363
100,16,14,18,15,152.1765534981741,152.84738671015398,0.1677083029949742,1.081705383409115,0,0,1.081705383409115
100,16,14,18,16,152.09220628164098,152.7847023414897,0.1731240149621769,1.116636300276671,0,0,1.116636300276671
100,16,14,18,17,152.2613284049476,152.718457223141,0.1142822045483527,0.7371112442269442,0,0,0.7371112442269442
100,16,14,18,18,152.30094538284257,152.93292420723094,0.1579947060970923,1.019053446271454,0,0,1.0190534462714542
100,16,14,18,19,152.17751143382168,152.7795859456075,0.1505186279464467,0.9708333293307743,0,0,0.9708333293307748
100,16,14,18,20,152.13292762708252,152.9090999724246,0.1940430863355189,1.2515626677633283,0,0,1.2515626677633285
100,16,14,18,21,152.1002910140152,152.7822512938288,0.1704900699534022,1.0996475618259545,0,0,1.0996475618259545
100,16,14,18,22,152.2151974283179,152.84332910212908,0.1570329184527921,1.0128499914993485,0,0,1.0128499914993483
100,16,14,18,23,152.28941519493344,152.96044181264136,0.1677566544269808,1.0820172463482962,0,0,1.0820172463482964
100,16,14,18,24,152.11036302303097,152.7772402949652,0.1667193179835564,1.0753265077550362,0,0,1.0753265077550362
100,16,14,18,25,152.22906198504893,152.7684811762655,0.1348547978041452,0.8698028550659357,0,0,0.8698028550659359
100,16,14,18,26,152.29741865976644,152.95488342038408,0.1643661901544106,1.0601490180590543,0,0,1.0601490180590547
100,16,14,18,27,152.16514494723148,152.7534624455646,0.1470793745832779,0.9486504152388044,0,0,0.9486504152388044
100,16,14,18,28,152.11503729522934,152.8660237906604,0.1877466238577625,1.210950979272111,0,0,1.2109509792721111
100,16,14,18,29,152.1193386842708,152.7986883190805,0.1698374087024277,1.0954379480136747,0,0,1.095437948013675
100,16,14,18,30,152.25355537949048,152.91201379838475,0.1646146047235674,1.061751272520971,0,0,1.0617512725209717
100,16,14,18,31,152.1191438512165,152.74416419086103,0.1562550849111303,1.0078330262424944,0,0,1.007833026242495
100,16,14,18,32,152.30407691546793,152.79981444675346,0.1239343828213819,0.7993670360577939,0,0,0.799367036057794
100,16,14,18,33,152.2520391127182,152.80553497153772,0.1383739647048827,0.8925012051992443,0,0,0.8925012051992445
100,16,14,18,34,152.40789953713636,152.92556238037758,0.1294157108103064,0.8347211711123258,0,0,0.8347211711123262
100,16,14,18,35,152.45203098218073,152.83763652117588,0.0964013847487876,0.6217813607832038,0,0,0.6217813607832043
100,16,14,18,36,152.31816531789158,152.78730930495527,0.1172859967659221,0.7564854681285753,0,0,0.7564854681285753
100,16,14,18,37,152.08939973513782,152.69151760870145,0.150529468390907,0.9709032493461931,0,0,0.9709032493461937
100,16,14,18,38,152.17907443413475,152.93445520661976,0.1888451931212529,1.2180366647459002,0,0,1.2180366647459004
100,16,14,18,39,152.40837641985868,153.03838570278185,0.1575023207307921,1.0158775993281173,0,0,1.0158775993281175
100,18,16,20,0,152.58487540606836,153.02917083659534,0.1110738576317444,0.7164176585811385,0,0,0.716417658581139
100,18,16,20,1,152.65457687282856,153.12273192374616,0.1170387627294005,0.7548908280094431,0,0,0.7548908280094431
100,18,16,20,2,152.5788083479469,153.1987357602371,0.1549818530725488,0.9996207808764271,0,0,0.9996207808764276
100,18,16,20,3,152.67030119183045,153.12918986288125,0.1147221677627001,0.7399489724071394,0,0,0.7399489724071399
100,18,16,20,4,152.5453906326704,153.16075764217288,0.1538417523756194,0.9922672209186117,0,0,0.9922672209186122
100,18,16,20,5,152.51984449370786,152.95082480170456,0.1077450769991728,0.694947284925586,0,0,0.694947284925586
100,18,16,20,6,152.7123099166554,153.19064276789962,0.119583212811051,0.771302331208659,0,0,0.771302331208659
100,18,16,20,7,152.5633751897631,153.0907934481087,0.1318545645864048,0.8504515864336969,0,0,0.8504515864336974
100,18,16,20,8,152.39462410948553,153.00422454859353,0.1524001097769982,0.982968739376364,0,0,0.9829687393763644
100,18,16,20,9,152.61575070209514,153.17878467479483,0.1407584931749212,0.9078812265629466,0,0,0.9078812265629472
100,18,16,20,10,152.6359374438354,153.07520960479275,0.1098180402393396,0.7083177350252738,0,0,0.708317735025274
100,18,16,20,11,152.6404709279221,153.16665882348178,0.1315469738899182,0.8484676505978781,0,0,0.8484676505978781
100,18,16,20,12,152.65105322467102,152.9633312245573,0.0780694999715692,0.503542143657818,0,0,0.503542143657818
100,18,16,20,13,152.70369569047378,152.99555834105203,0.0729656626445631,0.47062279372657256,0,0,0.470622793726573
100,18,16,20,14,152.47707475403055,153.10316691071094,0.1565230391700964,1.009561310169139,0,0,1.0095613101691394
100,18,16,20,15,152.53060012138755,152.91036159056034,0.0949403672931978,0.6123579129351057,0,0,0.6123579129351062
100,18,16,20,16,152.45555260058998,152.91434645399673,0.1146984633516865,0.7397960808177187,0,0,0.739796080817719
100,18,16,20,17,152.4987453592268,153.07948686673183,0.1451853768762561,0.936434278772911,0,0,0.936434278772911
100,18,16,20,18,152.5499804417289,153.11053629463976,0.140138963227713,0.9038853070580048,0,0,0.9038853070580052
100,18,16,20,19,152.64957286903206,153.0144518486505,0.0912197449046132,0.5883601907264143,0,0,0.5883601907264148
100,18,16,20,20,152.37835288822637,153.02188889806848,0.1608840024605342,1.0376891809058517,0,0,1.037689180905852
100,18,16,20,21,152.5339117864538,153.32066930013042,0.1966893784191512,1.2686310438772037,0,0,1.268631043877204
100,18,16,20,22,152.67052455416183,153.2490467082288,0.1446305385167434,0.9328556149280758,0,0,0.9328556149280762
100,18,16,20,23,152.73674419321324,152.92507249392338,0.0470820751775349,0.30367568732204264,0,0,0.3036756873220428
100,18,16,20,24,152.43330803964676,152.9878548504415,0.1386367026986761,0.8941958446251822,0,0,0.8941958446251824
100,18,16,20,25,152.68237597943266,152.99478412878435,0.0781020373379277,0.5037520071155205,0,0,0.5037520071155208
100,18,16,20,26,152.68434080316771,152.99254924708742,0.0770521109799275,0.4969800645619906,0,0,0.4969800645619912
100,18,16,20,27,152.44634440637824,152.94121786872623,0.1237183655869955,0.7979737418608338,0,0,0.7979737418608343
100,18,16,20,28,152.57495622958817,153.0606822616275,0.1214315080098344,0.7832236900856441,0,0,0.7832236900856446
100,18,16,20,29,152.76183867714454,153.07878287414206,0.0792360492493813,0.5110662948851975,0,0,0.5110662948851976
100,18,16,20,30,152.57355669657838,152.95246161264217,0.0947262290159471,0.6109767378641078,0,0,0.6109767378641083
100,18,16,20,31,152.5132598064806,153.0302429705063,0.1292457910064186,0.8336252017218373,0,0,0.8336252017218377
100,18,16,20,32,152.4916227750497,153.2920516407017,0.2001072164129951,1.2906758305188761,0,0,1.290675830518876
100,18,16,20,33,152.58346253113513,153.0658445712563,0.1205955100302915,0.777831568772379,0,0,0.7778315687723795
100,18,16,20,34,152.45741410661807,153.00246099567707,0.1362617222647486,0.8788774073445447,0,0,0.8788774073445449
100,18,16,20,35,152.69733820366088,153.14753035719403,0.1125480383832879,0.7259260086543635,0,0,0.725926008654364
100,18,16,20,36,152.47251446520866,153.07413195260227,0.1504043718484027,0.9700963864714502,0,0,0.9700963864714504
100,18,16,20,37,152.51480957013766,152.92905343394685,0.1035609659522975,0.667960097270827,0,0,0.6679600972708275
100,18,16,20,38,152.55923967410305,153.00465963011226,0.1113549890023009,0.7182309338426814,0,0,0.7182309338426814
100,18,16,20,39,152.4938933888768,153.17756000231256,0.1709166533589368,1.1023989912900853,0,0,1.1023989912900851
100,20,18,22,0,152.88596439343928,153.1788426098131,0.0732195540934554,0.47226037363265855,0,0,0.4722603736326591
100,20,18,22,1,152.93482020228493,153.11299007755167,0.0445424688166866,0.28729542574160105,0,0,0.2872954257416014
100,20,18,22,2,152.8350045066205,153.16135834457037,0.0815884594874702,0.5262391561752181,0,0,0.5262391561752185
100,20,18,22,3,152.9757382099906,153.2117269796322,0.058997192410402,0.3805272577247871,0,0,0.3805272577247872
100,20,18,22,4,153.03164442340184,153.1586723276131,0.0317569760528115,0.20483000151846975,0,0,0.2048300015184702
100,20,18,22,5,152.7261643634566,153.05577757038236,0.0824033017314391,0.5314948246554885,0,0,0.5314948246554889
100,20,18,22,6,152.83618502772762,153.16519620065,0.0822527932305945,0.5305240566451692,0,0,0.5305240566451694
100,20,18,22,7,152.97059708725735,153.2272150437967,0.064154489134836,0.4137914165710288,0,0,0.4137914165710289
100,20,18,22,8,152.89434261127622,153.09101614049587,0.0491683823049129,0.31713220444628554,0,0,0.3171322044462858
100,20,18,22,9,152.80902647542666,153.1535969662526,0.0861426227064825,0.5556131512783526,0,0,0.5556131512783529
100,20,18,22,10,153.00689030382668,153.1494391449146,0.0356372102719788,0.22985720749936456,0,0,0.2298572074993649
100,20,18,22,11,152.99272084449046,153.21333921191118,0.0551545918551781,0.3557427859207816,0,0,0.3557427859207818
100,20,18,22,12,152.94216127671544,153.03660890233897,0.0236119064058826,0.15229494196575816,0,0,0.1522949419657583
100,20,18,22,13,152.88356282072365,153.19271192255437,0.0772872754576781,0.4984968569749283,0,0,0.4984968569749283
100,20,18,22,14,152.94489217148924,153.23062371582463,0.0714328860838477,0.46073650528598864,0,0,0.4607365052859892
100,20,18,22,15,152.84738671015398,153.17226002132838,0.0812183277936,0.5238518358179085,0,0,0.5238518358179088
100,20,18,22,16,152.7847023414897,153.33187174674234,0.1367923513131614,0.8822999230340545,0,0,0.882299923034055
100,20,18,22,17,152.718457223141,153.2848861105094,0.1416072218421007,0.9133554598116678,0,0,0.913355459811668
100,20,18,22,18,152.93292420723094,153.10656193497428,0.0434094319358351,0.2799874268427339,0,0,0.2799874268427341
100,20,18,22,19,152.7795859456075,153.13728568167704,0.0894249340173942,0.5767838014586494,0,0,0.5767838014586498
100,20,18,22,20,152.9090999724246,153.35137079718277,0.110567706189542,0.713153021529346,0,0,0.7131530215293462
100,20,18,22,21,152.7822512938288,153.1866030623675,0.1010879421346757,0.6520092878651613,0,0,0.6520092878651617
100,20,18,22,22,152.84332910212908,153.3858955645931,0.1356416156160094,0.874877768160019,0,0,0.874877768160019
100,20,18,22,23,152.96044181264136,153.3252505624893,0.091202187461981,0.5882469466003037,0,0,0.5882469466003041
100,20,18,22,24,152.7772402949652,153.2987041989837,0.1303659760046258,0.8408503069869665,0,0,0.8408503069869668
100,20,18,22,25,152.7684811762655,153.38327421835217,0.153698260521665,0.9913417097296846,0,0,0.9913417097296848
100,20,18,22,26,152.95488342038408,153.3323626541373,0.0943698084383086,0.6086778531296954,0,0,0.6086778531296958
100,20,18,22,27,152.7534624455646,153.23446012354609,0.1202494194953729,0.7755993120022441,0,0,0.7755993120022442
100,20,18,22,28,152.8660237906604,153.20019082199738,0.0835417578342472,0.538837777110379,0,0,0.5388377771103792
100,20,18,22,29,152.7986883190805,153.05283340031352,0.0635362703082549,0.4098039536911636,0,0,0.4098039536911638
100,20,18,22,30,152.91201379838475,153.0738446420311,0.0404577109115891,0.26094905804864715,0,0,0.2609490580486472
100,20,18,22,31,152.74416419086103,153.0578170068958,0.0784132040086902,0.5057590077045813,0,0,0.5057590077045814
100,20,18,22,32,152.79981444675346,153.1525420108188,0.0881818910163332,0.5687662717237203,0,0,0.5687662717237205
100,20,18,22,33,152.80553497153772,153.26673364691527,0.1152996688443863,0.7436738090301853,0,0,0.7436738090301857
100,20,18,22,34,152.92556238037758,153.34711474055993,0.1053880900455865,0.6797449041800379,0,0,0.6797449041800384
100,20,18,22,35,152.83763652117588,153.07480411140892,0.0592918975582605,0.3824280827839166,0,0,0.3824280827839171
100,20,18,22,36,152.78730930495527,153.16785785131174,0.0951371365891162,0.6136270594405768,0,0,0.6136270594405773
100,20,18,22,37,152.69151760870145,153.2501141812674,0.1396491431414901,0.9007260059697034,0,0,0.9007260059697036
100,20,18,22,38,152.93445520661976,153.20256719053802,0.0670279959795649,0.4323253100497514,0,0,0.432325310049752
100,20,18,22,39,153.03838570278185,153.2697483786105,0.0578406689571622,0.3730677722785246,0,0,0.3730677722785248
150,10,8,12,0,223.57847292006304,227.66502578732428,1.0216382168153118,8.377125030045322,0,0,8.377125030045322
150,10,8,12,1,223.8682599970116,227.778569275085,0.9775773195183532,8.015838970540626,0,0,8.015838970540626
150,10,8,12,2,223.6676177169767,227.62049926831955,0.9882203878357104,8.103108918483395,0,0,8.103108918483395
150,10,8,12,3,223.5598236394048,227.71566349562852,1.038959964055941,8.519158129419703,0,0,8.519158129419703
150,10,8,12,4,223.4114598680474,227.48551571761547,1.0185139623920207,8.351507086727612,0,0,8.351507086727612
150,10,8,12,5,223.71579677225225,227.83002989841265,1.0285582815401,8.433867472195013,0,0,8.433867472195013
150,10,8,12,6,223.6207137899423,227.2538824896613,0.9082921749297554,7.44772169635258,0,0,7.44772169635258
150,10,8,12,7,223.80951471658545,227.7146026129533,0.976271974091965,8.005135532019759,0,0,8.005135532019759
150,10,8,12,8,223.47176595942253,227.532694203933,1.0152320611276195,8.324596486893304,0,0,8.324596486893304
150,10,8,12,9,223.7547989107243,227.49792022639252,0.935780328917062,7.673116262654746,0,0,7.673116262654745
150,10,8,12,10,223.51610225797305,227.5247910625453,1.0021722011430612,8.217509576708435,0,0,8.217509576708435
150,10,8,12,11,223.5310744515002,227.44948773893512,0.9796033218587326,8.032451578249672,0,0,8.032451578249672
150,10,8,12,12,223.68713251733865,227.4814952895268,0.9485906930470378,7.778157382134143,0,0,7.778157382134143
150,10,8,12,13,223.4941757816786,227.76249295966903,1.06707929449761,8.74972815214782,0,0,8.74972815214782
150,10,8,12,14,223.86946259340684,227.4394633879257,0.8925001986297261,7.318232256980155,0,0,7.318232256980155
150,10,8,12,15,223.42353199212783,227.36228729475977,0.9846888256579832,8.074151174511737,0,0,8.074151174511735
150,10,8,12,16,223.41305429303145,227.7349296947536,1.0804688504305415,8.859518469601488,0,0,8.85951846960149
150,10,8,12,17,223.4601331668329,227.601829400551,1.035424058429527,8.490164770479737,0,0,8.490164770479737
150,10,8,12,18,223.70521971983808,227.6252040195702,0.9799960749330268,8.035672034919308,0,0,8.035672034919308
150,10,8,12,19,223.8952612387133,227.7122944134619,0.954258293687154,7.824629996804548,0,0,7.824629996804548
150,10,8,12,20,223.37414069100333,227.28334981468493,0.977302280920398,8.013583737048734,0,0,8.013583737048734
150,10,8,12,21,223.6025458031949,227.60050662570703,0.9994902056280424,8.195518022957275,0,0,8.195518022957275
150,10,8,12,22,223.7223997133399,227.4764650426734,0.9385163323333714,7.6955506648959835,0,0,7.695550664895983
150,10,8,12,23,223.5595354499408,227.6986368706516,1.0347753551776862,8.48484559960435,0,0,8.48484559960435
150,10,8,12,24,223.177800806134,227.4906503204163,1.0782123785705764,8.841016081391471,0,0,8.841016081391471
150,10,8,12,25,223.3224124999204,227.5617698665643,1.0598393416609753,8.690362724028676,0,0,8.690362724028676
150,10,8,12,26,223.8220288646787,227.6826166324224,0.9651469419359132,7.913913626064602,0,0,7.913913626064601
150,10,8,12,27,223.6686191177056,227.60882180336603,0.9850506714151024,8.077118200508892,0,0,8.077118200508892
150,10,8,12,28,223.63375879967103,227.5147397320767,0.9702452331014156,7.955718074870485,0,0,7.955718074870486
150,10,8,12,29,223.9764605609028,227.7134097154273,0.934237288631124,7.6604637980259325,0,0,7.660463798025932
150,10,8,12,30,223.4393724817881,227.7217020329865,1.070582387799611,8.778452459930916,0,0,8.778452459930916
150,10,8,12,31,223.67797945123263,227.68931143100775,1.0028329949437804,8.222927886435492,0,0,8.222927886435492
150,10,8,12,32,223.3049976625542,227.1984503697247,0.973363176792624,7.981284272089803,0,0,7.981284272089804
150,10,8,12,33,223.39135234972733,227.72096969304056,1.0824043358283078,8.875388865700664,0,0,8.875388865700664
150,10,8,12,34,223.54861975832827,227.45868178628712,0.977515506989711,8.015332126461836,0,0,8.015332126461836
150,10,8,12,35,223.71258627886183,227.4400819061699,0.9318739068270075,7.641084780541119,0,0,7.64108478054112
150,10,8,12,36,223.632287006245,227.4610022762351,0.9571788174975212,7.848577410585658,0,0,7.848577410585657
150,10,8,12,37,223.39663945568157,227.528149011378,1.0328773889241205,8.4692828491637,0,0,8.4692828491637
150,10,8,12,38,223.54017884029307,227.42294265122635,0.970690952733321,7.959372841326321,0,0,7.959372841326321
150,10,8,12,39,223.66626725394585,227.6897755913524,1.0058770843516385,8.247888500821821,0,0,8.247888500821821
150,12,10,14,0,226.10826902497095,228.3797637191461,0.5678736735437795,4.656392729097919,0,0,4.656392729097919
150,12,10,14,1,226.1821312430647,228.47501453526647,0.5732208230504554,4.700237741191732,0,0,4.700237741191732
150,12,10,14,2,225.9569409604932,228.45946561564404,0.625631163787709,5.129986716902398,0,0,5.129986716902398
150,12,10,14,3,226.06683302252023,228.515445445414,0.6121531057234293,5.019470708683127,0,0,5.019470708683127
150,12,10,14,4,226.0688859496099,228.3390646651605,0.5675446788876428,4.6536950722137975,0,0,4.6536950722137975
150,12,10,14,5,226.01972946911107,228.6154008326256,0.6489178408786316,5.320930440731609,0,0,5.320930440731609
150,12,10,14,6,226.10791790773368,228.41570380808176,0.5769464750870199,4.730786963426227,0,0,4.730786963426227
150,12,10,14,7,226.1802153234516,228.4417667539532,0.5653878576254101,4.636009788828936,0,0,4.636009788828936
150,12,10,14,8,226.1772365828658,228.2564409967396,0.5198011034684455,4.262212163601818,0,0,4.262212163601818
150,12,10,14,9,225.88797096727956,228.55606386115795,0.6670232234696059,5.469389113464303,0,0,5.469389113464303
150,12,10,14,10,226.0525170791675,228.59997277379352,0.6368639236565059,5.222091957588003,0,0,5.222091957588003
150,12,10,14,11,226.03567109296577,228.38614048360836,0.5876173476606397,4.81828489787855,0,0,4.81828489787855
150,12,10,14,12,226.28377973919692,228.3589586566868,0.5187947293724662,4.253960199755656,0,0,4.253960199755656
150,12,10,14,13,226.0554315418397,228.45973135219765,0.6010749525894852,4.928633196560365,0,0,4.928633196560365
150,12,10,14,14,226.39331097214415,228.4639811841404,0.5176675529990575,4.244717693694761,0,0,4.244717693694761
150,12,10,14,15,226.21310723470947,228.4265879298133,0.55337017377596,4.537468408405419,0,0,4.537468408405419
150,12,10,14,16,226.31164119584585,228.1196141955188,0.4519932499182459,3.706208230057002,0,0,3.7062082300570025
150,12,10,14,17,226.20276229973223,228.6230683107035,0.6050765027428113,4.961444700081548,0,0,4.961444700081548
150,12,10,14,18,226.15012051281056,228.5561352676173,0.6015036887016763,4.93214870328046,0,0,4.93214870328046
150,12,10,14,19,225.6162414331073,228.55844948502343,0.7355520129790349,6.031304504284031,0,0,6.031304504284031
150,12,10,14,20,226.24248024459797,228.2951636975521,0.5131708632385426,4.207846194836209,0,0,4.207846194836209
150,12,10,14,21,226.06660636435785,228.80805176497788,0.6853613501550058,5.61975621752515,0,0,5.61975621752515
150,12,10,14,22,226.1661802608339,228.53968481432028,0.5933761383715961,4.865505243607126,0,0,4.865505243607126
150,12,10,14,23,226.3282809375526,228.3871313703364,0.5147126081959499,4.220488038162023,0,0,4.220488038162023
150,12,10,14,24,226.14049442740367,228.39196462035045,0.5628675482366816,4.6153440125137255,0,0,4.6153440125137255
150,12,10,14,25,226.05551754915683,228.3232833584086,0.566941452312939,4.648748796365296,0,0,4.648748796365296
150,12,10,14,26,226.2682155109502,228.55212951445068,0.5709785008751211,4.681851376125072,0,0,4.681851376125072
150,12,10,14,27,225.9364159564152,228.50420197519597,0.6419465046951842,5.263767588095513,0,0,5.263767588095513
150,12,10,14,28,226.28344031616908,227.9068736502604,0.4058583335228221,3.3279158399192323,0,0,3.3279158399192323
150,12,10,14,29,226.02690243361707,228.44494127698383,0.6045097108416897,4.956797177559814,0,0,4.956797177559814
150,12,10,14,30,225.4982167919818,228.34552281680132,0.7118265062048863,5.83676250949865,0,0,5.83676250949865
150,12,10,14,31,225.73604965749507,228.3586792991131,0.6556574104045083,5.376192876726757,0,0,5.376192876726757
150,12,10,14,32,226.0019581946496,228.4219621946121,0.6050009999906223,4.960825600301616,0,0,4.960825600301616
150,12,10,14,33,226.31016520624317,228.4948905269089,0.5461813301664407,4.478522060522985,0,0,4.478522060522985
150,12,10,14,34,225.7893778738014,228.35987567900025,0.6426244512997101,5.269326545636776,0,0,5.269326545636776
150,12,10,14,35,226.12968818855617,228.62614100459075,0.6241132040086441,5.1175399048602195,0,0,5.11753990486022
150,12,10,14,36,226.3233745425724,228.42028706255337,0.5242281299952367,4.298512444969387,0,0,4.298512444969387
150,12,10,14,37,226.14369946058,228.3512894300169,0.551897492359231,4.525392865268614,0,0,4.525392865268614
150,12,10,14,38,226.0143322363772,228.18647013604476,0.5430344749168867,4.452718797251234,0,0,4.452718797251234
150,12,10,14,39,226.2163668055533,228.20309812724705,0.4966828304234454,4.072649302121958,0,0,4.072649302121958
150,14,12,16,0,227.66502578732428,229.2552466531772,0.3975552164632248,3.259832786052892,0,0,3.259832786052892
150,14,12,16,1,227.778569275085,229.18698833832747,0.3521047658106155,2.8871528084227656,0,0,2.887152808422766
150,14,12,16,2,227.62049926831955,228.96368917393164,0.3357974764030231,2.753437957098609,0,0,2.7534379570986096
150,14,12,16,3,227.71566349562852,228.9573343727665,0.3104177192844872,2.5453316087702236,0,0,2.545331608770224
150,14,12,16,4,227.48551571761547,229.31822867338963,0.4581782389435389,3.7569232733292175,0,0,3.756923273329218
150,14,12,16,5,227.83002989841265,229.1291591464248,0.3247823120030375,2.663116933583232,0,0,2.6631169335832325
150,14,12,16,6,227.2538824896613,228.966157612836,0.4280687807936658,3.510034804048314,0,0,3.5100348040483142
150,14,12,16,7,227.7146026129533,229.22635041692155,0.3779369509920585,3.0989689303164822,0,0,3.0989689303164822
150,14,12,16,8,227.532694203933,228.89478162376145,0.3405218549571032,2.7921764353440333,0,0,2.7921764353440333
150,14,12,16,9,227.49792022639252,229.0904523062948,0.3981330199755675,3.2645706004631463,0,0,3.2645706004631463
150,14,12,16,10,227.5247910625453,229.1872179332644,0.415606717679772,3.407849647777602,0,0,3.407849647777602
150,14,12,16,11,227.44948773893512,229.28461951477308,0.4587829439594912,3.761881671949738,0,0,3.7618816719497374
150,14,12,16,12,227.4814952895268,229.35285898292497,0.4678409233495415,3.836154369095466,0,0,3.836154369095466
150,14,12,16,13,227.76249295966903,229.18433169113663,0.3554596828669076,2.914662115713167,0,0,2.914662115713168
150,14,12,16,14,227.4394633879257,229.2361701223032,0.4491766835943593,3.6831132362888916,0,0,3.683113236288892
150,14,12,16,15,227.36228729475977,228.9817253993694,0.404859526152407,3.31972592093893,0,0,3.3197259209389305
150,14,12,16,16,227.7349296947536,229.03694722806927,0.3255043833289122,2.669037700521962,0,0,2.669037700521962
150,14,12,16,17,227.601829400551,229.2898583279056,0.4220072318386556,3.460331932096099,0,0,3.460331932096099
150,14,12,16,18,227.6252040195702,229.30974861856416,0.4211361497484915,3.4531893218641865,0,0,3.453189321864187
150,14,12,16,19,227.7122944134619,228.60643792158396,0.2235358770305069,1.832926724709548,0,0,1.832926724709548
150,14,12,16,20,227.28334981468493,229.0697082123644,0.446589599419859,3.6618999268841215,0,0,3.6618999268841215
150,14,12,16,21,227.60050662570703,229.18473607687875,0.3960573627929307,3.2475508380342677,0,0,3.247550838034268
150,14,12,16,22,227.4764650426734,228.9801571321792,0.3759230223764547,3.0824553235065397,0,0,3.08245532350654
150,14,12,16,23,227.6986368706516,228.95589827481737,0.3143153510414507,2.577291012805577,0,0,2.577291012805577
150,14,12,16,24,227.4906503204163,229.2035593082257,0.4282272469523533,3.511334178721762,0,0,3.5113341787217625
150,14,12,16,25,227.5617698665643,228.9691575179214,0.3518469128392709,2.8850384918821645,0,0,2.885038491882165
150,14,12,16,26,227.6826166324224,229.1080718530393,0.3563638051542241,2.922075645589634,0,0,2.9220756455896346
150,14,12,16,27,227.60882180336603,228.91243270387517,0.3259027251272783,2.672303983042215,0,0,2.6723039830422155
150,14,12,16,28,227.5147397320767,229.09872701647487,0.3959968210995583,3.2470544144211297,0,0,3.24705441442113
150,14,12,16,29,227.7134097154273,229.03100466316712,0.3293987369349551,2.7009702247091685,0,0,2.700970224709169
150,14,12,16,30,227.7217020329865,228.9541043009661,0.3081005669948808,2.526331659351537,0,0,2.5263316593515373
150,14,12,16,31,227.68931143100775,229.4151937251916,0.4314705735459441,3.537928477897918,0,0,3.537928477897918
150,14,12,16,32,227.1984503697247,228.866746309458,0.4170739849333174,3.4198807964103892,0,0,3.419880796410389
150,14,12,16,33,227.72096969304056,228.96005109217444,0.30977034978347,2.540023374249041,0,0,2.540023374249041
150,14,12,16,34,227.45868178628712,228.90031114672533,0.3604073401095533,2.9552314118155123,0,0,2.9552314118155127
150,14,12,16,35,227.4400819061699,229.24754456894195,0.4518656656930133,3.70516207791719,0,0,3.705162077917191
150,14,12,16,36,227.4610022762351,229.18767070682824,0.4316671076482876,3.5395399982197904,0,0,3.539539998219791
150,14,12,16,37,227.528149011378,229.1667131889942,0.4096410444040472,3.3589329274586115,0,0,3.358932927458612
150,14,12,16,38,227.42294265122635,228.9879843200125,0.3912604171965412,3.2082173319438776,0,0,3.208217331943878
150,14,12,16,39,227.6897755913524,228.9393829101761,0.3124018297059265,2.5616007153876574,0,0,2.561600715387658
150,16,14,18,0,228.3797637191461,229.62745648804145,0.311923192223837,2.55767603249548,0,0,2.55767603249548
150,16,14,18,1,228.47501453526647,229.26910547586644,0.1985227351499787,1.6278265106820933,0,0,1.6278265106820935
150,16,14,18,2,228.45946561564404,229.60769954635975,0.2870584826789368,2.353792918820764,0,0,2.353792918820764
150,16,14,18,3,228.515445445414,229.2289056032134,0.1783650394498579,1.462539489877501,0,0,1.4625394898775013
150,16,14,18,4,228.3390646651605,229.51474753724403,0.2939207180208925,2.410061177485123,0,0,2.410061177485123
150,16,14,18,5,228.6154008326256,229.58220560873764,0.2417011940280105,1.9818768414865562,0,0,1.981876841486556
150,16,14,18,6,228.41570380808176,229.36257886312544,0.2367187637609191,1.9410224170788484,0,0,1.9410224170788488
150,16,14,18,7,228.4417667539532,229.610723817701,0.2922392659369492,2.396273777887708,0,0,2.3962737778877083
150,16,14,18,8,228.2564409967396,229.7804508192204,0.3810024556202052,3.1241051430456994,0,0,3.1241051430456994
150,16,14,18,9,228.55606386115795,229.53677143432748,0.2451768932923812,2.010376526429072,0,0,2.0103765264290723
150,16,14,18,10,228.59997277379352,229.4629278025228,0.215738757182315,1.7689926952581425,0,0,1.768992695258143
150,16,14,18,11,228.38614048360836,229.37892680541236,0.2481965804510011,2.035137049736663,0,0,2.035137049736663
150,16,14,18,12,228.3589586566868,229.489660406546,0.2826754374647962,2.3178532709426194,0,0,2.3178532709426194
150,16,14,18,13,228.45973135219765,229.5178118013125,0.26452011227871,2.1689850840035345,0,0,2.1689850840035345
150,16,14,18,14,228.4639811841404,229.4474101684148,0.2458572460685886,2.0159552138518997,0,0,2.0159552138519
150,16,14,18,15,228.4265879298133,229.30516797519405,0.219645011345186,1.801022800419548,0,0,1.801022800419548
150,16,14,18,16,228.1196141955188,229.50624438689064,0.346657547842959,2.8424872651512794,0,0,2.84248726515128
150,16,14,18,17,228.6230683107035,229.41033900523684,0.1968176736333333,1.6138455208622504,0,0,1.6138455208622509
150,16,14,18,18,228.5561352676173,229.5239716733036,0.2419591014215782,1.9839916042729608,0,0,1.9839916042729613
150,16,14,18,19,228.55844948502343,229.49192344678025,0.2333684904392043,1.913551187010422,0,0,1.9135511870104227
150,16,14,18,20,228.2951636975521,229.7645371753511,0.367343369449749,3.012104758993152,0,0,3.012104758993152
150,16,14,18,21,228.80805176497788,229.6337260372161,0.2064185680595471,1.6925699574435003,0,0,1.692569957443501
150,16,14,18,22,228.53968481432028,229.31697805880663,0.194323311121586,1.5933925011070758,0,0,1.5933925011070764
150,16,14,18,23,228.3871313703364,229.71884209276035,0.3329276806059837,2.729906497716209,0,0,2.7299064977162093
150,16,14,18,24,228.39196462035045,229.6541976309219,0.3155582526428659,2.587482430808278,0,0,2.5874824308082784
150,16,14,18,25,228.3232833584086,229.67720540581345,0.3384805118512162,2.775438037987929,0,0,2.775438037987929
150,16,14,18,26,228.55212951445068,229.344965506424,0.1982089979933192,1.6252539606887109,0,0,1.6252539606887113
150,16,14,18,27,228.50420197519597,229.4028374182177,0.22465886075544,1.8421348523183563,0,0,1.8421348523183567
150,16,14,18,28,227.9068736502604,229.50535982982925,0.39962154489222,3.276776055517487,0,0,3.276776055517487
150,16,14,18,29,228.44494127698383,229.5137048751285,0.2671908995361676,2.1908847334255364,0,0,2.1908847334255364
150,16,14,18,30,228.34552281680132,229.36664851239647,0.2552814238987935,2.0932306276819594,0,0,2.0932306276819594
150,16,14,18,31,228.3586792991131,229.56622604408423,0.3018866862427884,2.4753797126395822,0,0,2.4753797126395827
150,16,14,18,32,228.4219621946121,229.4865467993536,0.2661461511853673,2.1823181122718465,0,0,2.182318112271847
150,16,14,18,33,228.4948905269089,229.6672133852661,0.2930807145893084,2.403173402873497,0,0,2.403173402873497
150,16,14,18,34,228.35987567900025,229.71777951490583,0.3394759589763936,2.783600403971462,0,0,2.783600403971462
150,16,14,18,35,228.62614100459075,229.5237804864581,0.2244098704668431,1.8400932071013778,0,0,1.840093207101378
150,16,14,18,36,228.42028706255337,229.50995962622267,0.2724181409173241,2.233746535080408,0,0,2.233746535080408
150,16,14,18,37,228.3512894300169,229.55830392585688,0.3017536239599891,2.4742886420810946,0,0,2.474288642081095
150,16,14,18,38,228.18647013604476,229.36881022956777,0.2955850233807595,2.423707979120286,0,0,2.4237079791202865
150,16,14,18,39,228.20309812724705,229.28725174599296,0.2710384046864789,2.2224331144154066,0,0,2.2224331144154066
150,18,16,20,0,229.2552466531772,229.5662719224104,0.0777563173082995,0.6375783337451787,0,0,0.6375783337451792
150,18,16,20,1,229.18698833832747,229.79638940960325,0.1523502678189459,1.2492262142058428,0,0,1.2492262142058428
150,18,16,20,2,228.96368917393164,229.6378959942384,0.1685517050766947,1.3820731098492658,0,0,1.3820731098492658
150,18,16,20,3,228.9573343727665,229.81913406114785,0.2154499220953383,1.7666243347202897,0,0,1.7666243347202897
150,18,16,20,4,229.31822867338963,229.82018590494792,0.1254893078895733,1.02897444988087,0,0,1.0289744498808704
150,18,16,20,5,229.1291591464248,229.9896635616074,0.2151261037956473,1.7639691223967098,0,0,1.76396912239671
150,18,16,20,6,228.966157612836,229.6754968889401,0.1773348190260293,1.4540919933402032,0,0,1.4540919933402034
150,18,16,20,7,229.22635041692155,229.8559885515077,0.1574095336465291,1.290710667019301,0,0,1.290710667019301
150,18,16,20,8,228.89478162376145,229.9557432323694,0.2652404021519956,2.174891243568707,0,0,2.174891243568707
150,18,16,20,9,229.0904523062948,229.71683832991752,0.1565965059056751,1.2840440849299382,0,0,1.2840440849299382
150,18,16,20,10,229.1872179332644,229.84943859248008,0.1655551648039264,1.3575023840195328,0,0,1.3575023840195328
150,18,16,20,11,229.28461951477308,229.57356355873904,0.0722360109914888,0.5923134880699389,0,0,0.5923134880699389
150,18,16,20,12,229.35285898292497,229.7353712791784,0.095628074063363,0.7841213451356666,0,0,0.7841213451356669
150,18,16,20,13,229.18433169113663,229.9079008743053,0.1808922957921694,1.483262229115383,0,0,1.4832622291153836
150,18,16,20,14,229.2361701223032,229.64524888715968,0.1022696912141256,0.8385806012185757,0,0,0.8385806012185761
150,18,16,20,15,228.9817253993694,229.8800861514136,0.2245901880110494,1.841571756540959,0,0,1.8415717565409595
150,18,16,20,16,229.03694722806927,229.8072042872117,0.1925642647856094,1.5789688520622565,0,0,1.5789688520622565
150,18,16,20,17,229.2898583279056,229.78506856853912,0.1238025601583743,1.015143627574275,0,0,1.015143627574275
150,18,16,20,18,229.30974861856416,229.86406365357405,0.1385787587524731,1.136303996337107,0,0,1.1363039963371075
150,18,16,20,19,228.60643792158396,229.8826370753634,0.3190497884448646,2.6161119705796057,0,0,2.616111970579606
150,18,16,20,20,229.0697082123644,229.82805119748613,0.1895857462804429,1.5545458992875814,0,0,1.5545458992875814
150,18,16,20,21,229.18473607687875,229.86993787791928,0.1713004502601336,1.404611990735282,0,0,1.4046119907352823
150,18,16,20,22,228.9801571321792,229.8407287200309,0.2151428969629307,1.7641068212999693,0,0,1.7641068212999698
150,18,16,20,23,228.95589827481737,229.86691080581443,0.2277531327492639,1.8675069487636444,0,0,1.8675069487636444
150,18,16,20,24,229.2035593082257,229.65264020752025,0.1122702248236322,0.9205819584849043,0,0,0.9205819584849046
150,18,16,20,25,228.9691575179214,229.88519421032484,0.229009173100863,1.8778061005523543,0,0,1.8778061005523543
150,18,16,20,26,229.1080718530393,229.62389179700548,0.1289549859915553,1.057391964316356,0,0,1.057391964316356
150,18,16,20,27,228.91243270387517,229.76091779587128,0.2121212729990347,1.739330416773675,0,0,1.7393304167736752
150,18,16,20,28,229.09872701647487,229.55934809401816,0.1151552693858093,0.9442384531390966,0,0,0.9442384531390968
150,18,16,20,29,229.03100466316712,229.61763013242904,0.1466563673154794,1.2025379485937122,0,0,1.2025379485937129
150,18,16,20,30,228.9541043009661,229.52212260145072,0.1420045751211631,1.1643946565905499,0,0,1.1643946565905503
150,18,16,20,31,229.4151937251916,229.68656158984933,0.067841966164444,0.556283646685851,0,0,0.5562836466858513
150,18,16,20,32,228.866746309458,229.93785717085356,0.2677777153488918,2.195696445978853,0,0,2.1956964459788533
150,18,16,20,33,228.96005109217444,229.9014436620949,0.235348142480106,1.9297837362530623,0,0,1.929783736253063
150,18,16,20,34,228.90031114672533,229.8637195561329,0.2408521023518943,1.9749145460127546,0,0,1.974914546012755
150,18,16,20,35,229.24754456894195,229.67840176758776,0.1077142996614526,0.8832247472109573,0,0,0.8832247472109576
150,18,16,20,36,229.18767070682824,229.81388183397797,0.1565527817874255,1.2836855603569763,0,0,1.2836855603569763
150,18,16,20,37,229.1667131889942,229.59813121656356,0.1078545068923304,0.8843744041872215,0,0,0.8843744041872218
150,18,16,20,38,228.9879843200125,229.63577702622672,0.1619481765535511,1.3279261690170348,0,0,1.3279261690170348
150,18,16,20,39,228.9393829101761,229.6858075329038,0.1866061556819218,1.5301141556709748,0,0,1.5301141556709754
150,20,18,22,0,229.62745648804145,230.18177439059417,0.1385794756381813,1.1363098745835458,0,0,1.1363098745835458
150,20,18,22,1,229.26910547586644,230.12813323746843,0.2147569404004983,1.7609420939762976,0,0,1.7609420939762976
150,20,18,22,2,229.60769954635975,230.12256540281265,0.1287164641132108,1.0554361569039026,0,0,1.0554361569039026
150,20,18,22,3,229.2289056032134,230.11238316582023,0.220869390651714,1.8110623411945184,0,0,1.811062341194519
150,20,18,22,4,229.51474753724403,229.98423737361023,0.1173724590915554,0.962418739540542,0,0,0.9624187395405426
150,20,18,22,5,229.58220560873764,229.9568854050381,0.0936699490751067,0.7680653112274868,0,0,0.768065311227487
150,20,18,22,6,229.36257886312544,230.24928536996904,0.2216766267108951,1.8176814332421916,0,0,1.817681433242192
150,20,18,22,7,229.610723817701,229.98373687959997,0.0932532654747362,0.7646486314666667,0,0,0.764648631466667
150,20,18,22,8,229.7804508192204,230.15160424230984,0.0927883557723561,0.7608365122248282,0,0,0.7608365122248283
150,20,18,22,9,229.53677143432748,230.10094518616685,0.1410434379598371,1.1565136219552663,0,0,1.1565136219552663
150,20,18,22,10,229.4629278025228,230.04165245276985,0.144681162561767,1.1863418657637568,0,0,1.1863418657637568
150,20,18,22,11,229.37892680541236,230.00279756132093,0.1559676889771495,1.2788879759037033,0,0,1.2788879759037035
150,20,18,22,12,229.489660406546,230.1107711967341,0.155277697547028,1.2732302544278902,0,0,1.2732302544278904
150,20,18,22,13,229.5178118013125,230.13620477249623,0.1545982427959344,1.2676589305399562,0,0,1.2676589305399568
150,20,18,22,14,229.4474101684148,230.1080392179226,0.1651572623769581,1.3542397042121324,0,0,1.354239704212133
150,20,18,22,15,229.30516797519405,230.0517129072775,0.186636233020863,1.5303607807724386,0,0,1.5303607807724395
150,20,18,22,16,229.50624438689064,230.11115211883487,0.15122693298607,1.2400152076178743,0,0,1.2400152076178743
150,20,18,22,17,229.41033900523684,229.9157412836451,0.1263505696020672,1.0360365359798442,0,0,1.036036535979845
150,20,18,22,18,229.5239716733036,230.1227649235267,0.1496983125557776,1.2274809814531964,0,0,1.2274809814531964
150,20,18,22,19,229.49192344678025,229.98776067103145,0.123959306062801,1.016428896681986,0,0,1.0164288966819863
150,20,18,22,20,229.7645371753511,230.0122869262921,0.0619374377352457,0.5078682956538202,0,0,0.5078682956538205
150,20,18,22,21,229.6337260372161,230.0767948471677,0.1107672024878994,0.9082576289696737,0,0,0.9082576289696735
150,20,18,22,22,229.31697805880663,230.0755504418724,0.1896430957664421,1.5550161477637217,0,0,1.555016147763722
150,20,18,22,23,229.71884209276035,230.1666375083068,0.1119488538866093,0.917946813796547,0,0,0.9179468137965474
150,20,18,22,24,229.6541976309219,229.8192549912384,0.0412643400791168,0.33835513436706327,0,0,0.3383551343670635
150,20,18,22,25,229.67720540581345,229.8894921816456,0.0530716939580386,0.43517187251341966,0,0,0.4351718725134203
150,20,18,22,26,229.344965506424,229.97383333168725,0.1572169563158212,1.2891315910306194,0,0,1.2891315910306196
150,20,18,22,27,229.4028374182177,229.87877350575445,0.118984021884188,0.9756330680429895,0,0,0.9756330680429895
150,20,18,22,28,229.50535982982925,230.0889743721636,0.1459036355835792,1.1963657755794066,0,0,1.1963657755794068
150,20,18,22,29,229.5137048751285,229.9750678574266,0.1153407455745281,0.9457593019067132,0,0,0.9457593019067132
150,20,18,22,30,229.36664851239647,230.107639621303,0.1852477772266212,1.5189758623192982,0,0,1.5189758623192984
150,20,18,22,31,229.56622604408423,230.1116095839352,0.1363458849627292,1.1179951051806036,0,0,1.117995105180604
150,20,18,22,32,229.4865467993536,230.12941155910136,0.1607161899369558,1.3178242505955287,0,0,1.3178242505955289
150,20,18,22,33,229.6672133852661,229.9959590335524,0.0821864120715716,0.6739037737258448,0,0,0.673903773725845
150,20,18,22,34,229.71777951490583,229.952227850868,0.0586120839905461,0.4806013985957652,0,0,0.4806013985957658
150,20,18,22,35,229.5237804864581,229.97009308532088,0.1115781497156902,0.9149071514798524,0,0,0.9149071514798528
150,20,18,22,36,229.50995962622267,230.01467446643107,0.1261787100521019,1.0346273395402725,0,0,1.0346273395402723
150,20,18,22,37,229.55830392585688,230.212851250102,0.1636368310612823,1.3417726263156964,0,0,1.3417726263156968
150,20,18,22,38,229.36881022956777,230.1262994515456,0.1893723054944587,1.5527957492625808,0,0,1.552795749262581
150,20,18,22,39,229.28725174599296,230.15141954475783,0.216041949691224,1.7714787823225255,0,0,1.7714787823225258
150,22,20,24,0,229.5662719224104,230.3759770377017,0.202426278822827,1.6598343906433848,0,0,1.6598343906433852
150,22,20,24,1,229.79638940960325,230.26928592313425,0.1182241283827423,0.9694021706799553,0,0,0.9694021706799556
150,22,20,24,2,229.6378959942384,230.1952149481505,0.1393297384780254,1.142461803428145,0,0,1.1424618034281453
150,22,20,24,3,229.81913406114785,230.13284580575703,0.0784279361523019,0.6430854055599752,0,0,0.6430854055599754
150,22,20,24,4,229.82018590494792,230.473285143247,0.1632748095747729,1.338804159390579,0,0,1.3388041593905793
150,22,20,24,5,229.9896635616074,230.1554434097996,0.0414449620480539,0.33983617999755633,0,0,0.3398361799975565
150,22,20,24,6,229.6754968889401,230.2023633591573,0.1317166175542894,1.080036509623264,0,0,1.0800365096232645
150,22,20,24,7,229.8559885515077,230.25327874422769,0.0993225481799982,0.814414917836769,0,0,0.814414917836769
150,22,20,24,8,229.9557432323694,229.97707375156392,0.0053326297986302,0.043725954870134094,0,0,0.0437259548701345
150,22,20,24,9,229.71683832991752,230.0801111176331,0.0908181969288932,0.744681804335977,0,0,0.7446818043359774
150,22,20,24,10,229.84943859248008,230.31302340176595,0.1158962023214655,0.950313879585279,0,0,0.9503138795852796
150,22,20,24,11,229.57356355873904,230.2369176857068,0.165838531741933,1.3598259073862116,0,0,1.3598259073862122
150,22,20,24,12,229.7353712791784,230.3510755493046,0.1539260675315432,1.2621472962459086,0,0,1.262147296245909
150,22,20,24,13,229.9079008743053,230.270927207064,0.090756583189659,0.744176590270334,0,0,0.7441765902703346
150,22,20,24,14,229.64524888715968,229.98989592998967,0.0861617607074975,0.70650043271241,0,0,0.7065004327124109
150,22,20,24,15,229.8800861514136,230.16996032358065,0.072468543041765,0.5942201807000647,0,0,0.5942201807000653
150,22,20,24,16,229.8072042872117,230.1452151156833,0.0845027071178989,0.6928966940083738,0,0,0.6928966940083746
150,22,20,24,17,229.78506856853912,230.29976735609824,0.1286746968897816,1.0550936782778435,0,0,1.0550936782778435
150,22,20,24,18,229.86406365357405,230.06622217570649,0.0505396305331089,0.41440971664892795,0,0,0.4144097166489283
150,22,20,24,19,229.8826370753634,230.22492967003268,0.0855731486673221,0.7016739916361258,0,0,0.701673991636126
150,22,20,24,20,229.82805119748613,230.00397820701363,0.0439817523818746,0.3606370950882925,0,0,0.3606370950882927
150,22,20,24,21,229.86993787791928,230.2209194763558,0.0877453996091262,0.7194857937365323,0,0,0.7194857937365323
150,22,20,24,22,229.8407287200309,230.4207519337661,0.14500580343379,1.1890038229321926,0,0,1.1890038229321926
150,22,20,24,23,229.86691080581443,230.17968363653577,0.0781932076803357,0.6411607029349091,0,0,0.6411607029349097
150,22,20,24,24,229.65264020752025,230.40203714081235,0.1873492333230189,1.536207168054464,0,0,1.536207168054464
150,22,20,24,25,229.88519421032484,230.3471426919057,0.1154871203952154,0.9469595312579314,0,0,0.946959531257932
150,22,20,24,26,229.62389179700548,230.503849732112,0.2199894837766294,1.8038473703897286,0,0,1.8038473703897289
150,22,20,24,27,229.76091779587128,230.10270753507547,0.085447434801047,0.700643175875259,0,0,0.700643175875259
150,22,20,24,28,229.55934809401816,230.26634452412932,0.1767491075277973,1.4492893358324217,0,0,1.4492893358324224
150,22,20,24,29,229.61763013242904,230.0649196196028,0.1118223717934299,0.9169096988069291,0,0,0.9169096988069292
150,22,20,24,30,229.52212260145072,230.2220972505572,0.1749936622766199,1.434895214596087,0,0,1.4348952145960874
150,22,20,24,31,229.68656158984933,230.02669263606407,0.0850327615536841,0.6972429804023426,0,0,0.6972429804023427
150,22,20,24,32,229.93785717085356,230.22449011543625,0.071658236145673,0.5875759087165531,0,0,0.5875759087165532
150,22,20,24,33,229.9014436620949,230.1610108162199,0.0648917885312627,0.5320930805076961,0,0,0.5320930805076965
150,22,20,24,34,229.8637195561329,230.40248417951128,0.1346911558445924,1.104426825837355,0,0,1.1044268258373555
150,22,20,24,35,229.67840176758776,230.3911330664775,0.1781828247224339,1.4610453841081372,0,0,1.4610453841081377
150,22,20,24,36,229.81388183397797,230.38014056285007,0.1415646822180321,1.160787667552057,0,0,1.160787667552057
150,22,20,24,37,229.59813121656356,230.16471566830893,0.1416461129363497,1.1614553748650818,0,0,1.1614553748650822
150,22,20,24,38,229.63577702622672,230.23404571974783,0.1495671733802837,1.2264056797941865,0,0,1.2264056797941865
150,22,20,24,39,229.6858075329038,230.20956760958967,0.1309400191714687,1.0736686372747728,0,0,1.0736686372747728
150,24,22,26,0,230.18177439059417,230.41119015649195,0.0573539414744459,0.47028500969261544,0,0,0.4702850096926158
150,24,22,26,1,230.12813323746843,230.20094634146784,0.018203275999852,0.14926136913959073,0,0,0.1492613691395911
150,24,22,26,2,230.12256540281265,230.32725396866743,0.0511721414637094,0.41959611537726427,0,0,0.4195961153772643
150,24,22,26,3,230.11238316582023,230.42222119702944,0.0774595078022954,0.6351445853781167,0,0,0.6351445853781175
150,24,22,26,4,229.98423737361023,230.41905465162085,0.1087043195026424,0.8913426111038385,0,0,0.8913426111038392
150,24,22,26,5,229.9568854050381,230.50153666712697,0.1361628155222263,1.1164939910219598,0,0,1.1164939910219598
150,24,22,26,6,230.24928536996904,230.4384001433533,0.0472786933460795,0.38767101592175274,0,0,0.3876710159217534
150,24,22,26,7,229.98373687959997,230.25020918343435,0.0666180759586012,0.5462481163888804,0,0,0.5462481163888808
150,24,22,26,8,230.15160424230984,230.36578825154905,0.0535460023098011,0.4390610578435211,0,0,0.4390610578435212
150,24,22,26,9,230.10094518616685,230.3032096634122,0.0505661193113411,0.41462691663566686,0,0,0.4146269166356672
150,24,22,26,10,230.04165245276985,230.4999740798729,0.1145804067757723,0.9395247532401344,0,0,0.9395247532401344
150,24,22,26,11,230.00279756132093,230.34245717827145,0.0849149042376211,0.6962765859819743,0,0,0.6962765859819747
150,24,22,26,12,230.1107711967341,230.5641788717831,0.1133519187622482,0.929451522307874,0,0,0.9294515223078744
150,24,22,26,13,230.13620477249623,230.3765091694937,0.0600760992493647,0.49260588185330045,0,0,0.4926058818533008
150,24,22,26,14,230.1080392179226,230.3695020549832,0.0653657092651514,0.5359790874882221,0,0,0.5359790874882221
150,24,22,26,15,230.0517129072775,230.49333290909044,0.1104050004532339,0.9052876816041688,0,0,0.9052876816041696
150,24,22,26,16,230.11115211883487,230.19046790575743,0.0198289467306338,0.16259137847684538,0,0,0.1625913784768457
150,24,22,26,17,229.9157412836451,230.5094910784669,0.1484374487054509,1.2171422784307344,0,0,1.2171422784307349
150,24,22,26,18,230.1227649235267,230.50820853024965,0.0963609016807396,0.7901303104182797,0,0,0.79013031041828
150,24,22,26,19,229.98776067103145,230.32667747253768,0.0847292003765574,0.6947538703698448,0,0,0.6947538703698448
150,24,22,26,20,230.0122869262921,230.24357134688333,0.0578211051478092,0.4741156108162293,0,0,0.4741156108162297
150,24,22,26,21,230.0767948471677,230.4661676304077,0.0973431958100192,0.7981848258052489,0,0,0.7981848258052495
150,24,22,26,22,230.0755504418724,230.35917668865375,0.0709065616953452,0.5814124050920358,0,0,0.5814124050920363
150,24,22,26,23,230.1666375083068,230.30360065324072,0.0342407862334894,0.2807641126612721,0,0,0.2807641126612727
150,24,22,26,24,229.8192549912384,230.3889835323008,0.1424321352655937,1.1679005207299362,0,0,1.1679005207299364
150,24,22,26,25,229.8894921816456,230.4277444213873,0.1345630599354237,1.1033764780437019,0,0,1.103376478043702
150,24,22,26,26,229.97383333168725,230.0765878199788,0.0256886220728773,0.21063894773327346,0,0,0.210638947733274
150,24,22,26,27,229.87877350575445,230.1071208197046,0.0570868284875345,0.4680947638191976,0,0,0.468094763819198
150,24,22,26,28,230.0889743721636,230.5003080243877,0.1028334130560253,0.8432029501812857,0,0,0.843202950181286
150,24,22,26,29,229.9750678574266,230.04916498806605,0.018524282659861,0.15189352686637903,0,0,0.1518935268663795
150,24,22,26,30,230.107639621303,230.33370663579285,0.0565167536224606,0.46342032198390987,0,0,0.4634203219839104
150,24,22,26,31,230.1116095839352,230.4062357238604,0.0736565349812963,0.60396135604799,0,0,0.6039613560479901
150,24,22,26,32,230.12941155910136,230.27021173997105,0.0352000452174152,0.28862974680874,0,0,0.2886297468087405
150,24,22,26,33,229.9959590335524,230.3332396704008,0.0843201592120834,0.6913998562767586,0,0,0.6913998562767592
150,24,22,26,34,229.952227850868,230.3065522478218,0.0885810992384463,0.7263382784685543,0,0,0.7263382784685548
150,24,22,26,35,229.97009308532088,230.5460887791719,0.1439989234627532,1.180747711063241,0,0,1.1807477110632412
150,24,22,26,36,230.01467446643107,230.21960059783964,0.0512315328521424,0.4200831068370808,0,0,0.420083106837081
150,24,22,26,37,230.212851250102,230.266177248934,0.013331499708002,0.10931427393160499,0,0,0.1093142739316055
150,24,22,26,38,230.1262994515456,230.4882455165196,0.0904865162435015,0.7419621228226535,0,0,0.7419621228226541
150,24,22,26,39,230.15141954475783,230.3187994503108,0.0418449763882406,0.3431161768559362,0,0,0.343116176855937
200,12,10,14,0,301.88494226638164,304.58343688722766,0.674623655211505,6.573871325951958,0,0,6.523150560634315
200,12,10,14,1,301.7547050124433,304.9536829277671,0.7997444788309451,7.793111399016777,0,0,7.732983575582912
200,12,10,14,2,301.3232977067289,304.8857888497794,0.8906227857626163,8.67867521148326,0,0,8.611714812223246
200,12,10,14,3,301.2321475953219,304.8348873325447,0.9006849343057013,8.776725834632721,0,0,8.709008924878447
200,12,10,14,4,301.6065728684592,304.3767544945657,0.6925454065266337,6.7485098613357035,0,0,6.696441670775092
200,12,10,14,5,301.65893643426807,304.48163440415783,0.7056744924724399,6.876446261087406,0,0,6.823390976045378
200,12,10,14,6,301.4607743010944,304.8524064513648,0.8479080375676062,8.26244127692548,0,0,8.198692334456325
200,12,10,14,7,301.35273671040915,304.9620436558717,0.9023267363656516,8.79272437752611,0,0,8.724884030865438
200,12,10,14,8,301.6109204563457,304.54627513810533,0.7338386704399085,7.150892139954941,0,0,7.095719365183614
200,12,10,14,9,301.7236958288681,304.4712951298741,0.6868998252515013,6.693496485246351,0,0,6.6418527509002905
200,12,10,14,10,301.509473046958,304.59664337474373,0.7717925819464426,7.520734093513921,0,0,7.462707799712334
200,12,10,14,11,300.69131747885217,304.3885251867563,0.9243019269760282,9.006861658838298,0,0,8.93736913399332
200,12,10,14,12,301.36611904030804,304.6360272807735,0.8174770601163601,7.965906566732553,0,0,7.904445540576096
200,12,10,14,13,301.1959320482822,304.93325330828014,0.9343303149994852,9.10458330254831,0,0,9.034336805452991
200,12,10,14,14,301.1686179795819,304.5366056225506,0.8419969107421821,8.204840291781343,0,0,8.141535770248451
200,12,10,14,15,301.6464815353872,304.5220436360081,0.7188905251552313,7.0052299134617195,0,0,6.95118099695279
200,12,10,14,16,301.9457789036605,304.7418057408692,0.6990067093021821,6.8114720369373805,0,0,6.758918061125699
200,12,10,14,17,301.9707934878004,304.8463477452613,0.7188885643652299,7.005210806540301,0,0,6.9511620374510015
200,12,10,14,18,301.6396167921907,304.70537330835066,0.7664391290399948,7.468567362797225,0,0,7.410943561891358
200,12,10,14,19,301.2468665693972,304.4901129441348,0.8108115936844058,7.900954918042762,0,0,7.839995026935479
200,12,10,14,20,301.5159179474213,304.5348875235238,0.7547423940256266,7.354588509070096,0,0,7.297844113069561
200,12,10,14,21,301.5924170260444,304.8235924452035,0.8077938547897645,7.8715485563840195,0,0,7.810815550333438
200,12,10,14,22,301.4335694144371,304.4974016572754,0.7659580607095791,7.463879591654436,0,0,7.406291959290392
200,12,10,14,23,301.2674752628984,304.48425341703347,0.8041945385337641,7.836475013163932,0,0,7.776012617362064
200,12,10,14,24,301.84305973554063,304.5750238594638,0.6829910309807872,6.655407232999131,0,0,6.604057376632812
200,12,10,14,25,301.399537030283,304.8253451312098,0.8564520252317038,8.345698178874299,0,0,8.281306867004309
200,12,10,14,26,301.19437803982174,304.62212300293504,0.8569362407783245,8.350416618070613,0,0,8.285988901039145
200,12,10,14,27,301.36352181632134,304.6927536391661,0.8323079557111868,8.110426253428761,0,0,8.04785018428633
200,12,10,14,28,301.5854368506637,304.54651649672394,0.7402699115150568,7.2135613792672615,0,0,7.157905079397527
200,12,10,14,29,301.4094025238996,304.5601933029226,0.7876976947557495,7.6757214916364385,0,0,7.616499391124074
200,12,10,14,30,301.7546631623815,304.9050069357968,0.7875859433538182,7.674632529915165,0,0,7.615418831297082
200,12,10,14,31,301.65820964196394,304.2970741830114,0.6597161352618599,6.428604973103266,0,0,6.379005011681237
200,12,10,14,32,301.6227568055276,304.67586771452426,0.7632777272491609,7.437761077808507,0,0,7.380374963080806
200,12,10,14,33,300.9636822478475,304.797274490976,0.9583980607821304,9.339111491203699,0,0,9.267055489688936
200,12,10,14,34,301.525046997174,304.5290882378216,0.7510103101619023,7.31822121167657,0,0,7.261757407897098
200,12,10,14,35,301.15919748630944,304.4565484315735,0.8243377363160107,8.03276043732709,0,0,7.970783599510674
200,12,10,14,36,301.3393176060761,304.4735402755352,0.7835556673647517,7.635359498862184,0,0,7.576448811680222
200,12,10,14,37,301.66267927184134,304.34187602119687,0.6697991873388816,6.526859290773808,0,0,6.476501247250545
200,12,10,14,38,301.2345617758055,304.6278713990053,0.8483274057999495,8.266527811360374,0,0,8.202747339196804
200,12,10,14,39,301.2497119744478,304.5060667643175,0.814088697467426,7.9328886612860385,0,0,7.871682385085947
200,14,12,16,0,303.2982622850883,305.6776344429429,0.5948430394636546,5.796448983613315,0,0,5.751726427603905
200,14,12,16,1,303.6054663163023,305.3515827693189,0.4365291132541671,4.253758667364122,0,0,4.220938752828599
200,14,12,16,2,303.3118344399436,305.4213167671492,0.5273705818013923,5.138963508132335,0,0,5.099313787420138
200,14,12,16,3,303.2768802398316,305.29738164600377,0.5051253515430432,4.922194825023065,0,0,4.884217585100201
200,14,12,16,4,303.7318122964399,305.38429051510127,0.413119554665343,4.025644184909432,0,0,3.994584289783548
200,14,12,16,5,303.1163675799044,305.5337350693692,0.6043418723661773,5.889010376569995,0,0,5.843573662272895
200,14,12,16,6,303.52293148637494,305.5292715223705,0.5015850089988874,4.887695951235758,0,0,4.849984887694257
200,14,12,16,7,303.4589349493238,305.437780080894,0.4947112828925384,4.820714915803776,0,0,4.78352064506372
200,14,12,16,8,303.2392704309951,305.5310500769035,0.5729449114771086,5.583062639166724,0,0,5.539986467481256
200,14,12,16,9,303.26155765042114,305.4581540724829,0.5491491055154398,5.3511843685474,0,0,5.309897255814138
200,14,12,16,10,303.20166082169965,305.7690331751358,0.6418430883590389,6.2544410379459485,0,0,6.206184839984429
200,14,12,16,11,303.3596150864976,305.66663971298806,0.5767561566226078,5.620201323801664,0,0,5.576838608249703
200,14,12,16,12,303.00403966735104,305.54266469372635,0.6346562565938285,6.184408943902426,0,0,6.136693079213427
200,14,12,16,13,303.5391965684034,305.2604761970375,0.4303199071585339,4.193253048277563,0,0,4.160899965408485
200,14,12,16,14,303.34430268660986,305.3950002035651,0.5126743792388027,4.995756337911924,0,0,4.957211533452633
200,14,12,16,15,303.4838762754073,305.62684214257865,0.5357414667928424,5.220533610800738,0,0,5.180254535203232
200,14,12,16,16,303.65759094254,305.50508748247194,0.4618741349829776,4.500733273593161,0,0,4.466007824187719
200,14,12,16,17,303.17407774234664,305.46362741820406,0.5723874189643539,5.577630152452509,0,0,5.53459589516878
200,14,12,16,18,303.2079559687937,305.4807496112533,0.5681984106148974,5.536810353650715,0,0,5.494091041904048
200,14,12,16,19,303.33002463019346,305.2685970853166,0.4846431137807911,4.722605625213009,0,0,4.686168317616405
200,14,12,16,20,303.53081487214695,305.7622696915032,0.5578637048390647,5.436103796095159,0,0,5.394161486729351
200,14,12,16,21,302.83456557680734,305.64992601739493,0.7038401101468992,6.858571119476897,0,0,6.805653750256109
200,14,12,16,22,303.4027240874115,305.25550273062123,0.4631946608024293,4.513601139628708,0,0,4.478776408083267
200,14,12,16,23,303.58777719602864,305.1330041435535,0.3863067368812096,3.7643666375873956,0,0,3.7353226318063752
200,14,12,16,24,303.5784317766945,305.2988586935397,0.4301067292113032,4.191175735417572,0,0,4.158838680075173
200,14,12,16,25,303.36429510783444,305.2137181055171,0.4623557494206665,4.5054263662791785,0,0,4.470664707273497
200,14,12,16,26,303.3399324668399,305.43450606971174,0.5236434007179582,5.102643985889469,0,0,5.063274488788717
200,14,12,16,27,302.9517580213549,305.5356590039868,0.645975245657965,6.294706851591657,0,0,6.246139982370695
200,14,12,16,28,303.6057130029345,305.44465431095546,0.4597353270052338,4.479891655710373,0,0,4.445327010001424
200,14,12,16,29,303.334075733446,305.76321155262593,0.6072839547949798,5.917679503672019,0,0,5.872021592458293
200,14,12,16,30,303.6524897738916,305.2484234840797,0.398983427547023,3.887894670783662,0,0,3.8578975833143576
200,14,12,16,31,303.45994135171475,305.09903899171474,0.4097744099999971,3.9930474171755996,0,0,3.962239022714144
200,14,12,16,32,303.4790628935883,305.5119828711631,0.5082299943937016,4.9524480224252025,0,0,4.914237363676588
200,14,12,16,33,303.67901527096683,305.6824745697901,0.5008648247058147,4.880678114198681,0,0,4.843021196844068
200,14,12,16,34,303.4902629975995,305.66831020249845,0.5445118012247434,5.3059961492034375,0,0,5.265057686596536
200,14,12,16,35,303.47509920659724,305.2491571221305,0.4435144788833156,4.3218275743109915,0,0,4.28848247349124
200,14,12,16,36,303.44104319315045,305.38694712384245,0.4864759826729994,4.7404660191699035,0,0,4.703890909537717
200,14,12,16,37,303.4750471023089,305.42105758706737,0.486502621189615,4.7407255982392,0,0,4.704148485822292
200,14,12,16,38,303.2338796771228,305.3924747736445,0.5396487741304412,5.258608373625752,0,0,5.218035531841776
200,14,12,16,39,303.57285587884155,305.5182590222814,0.4863507858599689,4.739246038617896,0,0,4.702680341756999
200,16,14,18,0,304.58343688722766,305.97015789144706,0.346680251054849,3.3782262807976786,0,0,3.352161544528533
200,16,14,18,1,304.9536829277671,306.12840854203944,0.2936814035680868,2.861778923652315,0,0,2.839698841767456
200,16,14,18,2,304.8857888497794,306.1816832376474,0.3239735969670079,3.1569612524174184,0,0,3.1326036885313364
200,16,14,18,3,304.8348873325447,306.2516486258769,0.3541903233330572,3.4514081925556668,0,0,3.424778820566148
200,16,14,18,4,304.3767544945657,306.14602684839656,0.4423180884577107,4.310169345826457,0,0,4.276914194176937
200,16,14,18,5,304.48163440415783,306.1268101947948,0.4112939476592459,4.00785455441378,0,0,3.9769319153473344
200,16,14,18,6,304.8524064513648,306.2595756079262,0.3517922891403486,3.4280405443916586,0,0,3.401591465708745
200,16,14,18,7,304.9620436558717,306.05075697222225,0.2721783290876232,2.6522421787502832,0,0,2.6317787795683
200,16,14,18,8,304.54627513810533,306.0681792270837,0.3804760222445935,3.7075492291503287,0,0,3.6789435986122063
200,16,14,18,9,304.4712951298741,306.0234462623673,0.388037783123309,3.7812348205616,0,0,3.752060668158057
200,16,14,18,10,304.59664337474373,305.80902651501793,0.3030957850685496,2.9535173797816983,0,0,2.93072948898589
200,16,14,18,11,304.3885251867563,305.9962190042037,0.4019234543618495,3.9165437669518934,0,0,3.8863256371148176
200,16,14,18,12,304.6360272807735,306.0341527316419,0.3495313627171015,3.4060089431143337,0,0,3.3797298494558525
200,16,14,18,13,304.93325330828014,306.2285303950604,0.3238192716950578,3.1554574295492084,0,0,3.1311114684224446
200,16,14,18,14,304.5366056225506,305.8790147969814,0.3356022936076925,3.270277106099459,0,0,3.245045252691056
200,16,14,18,15,304.5220436360081,306.0783375166872,0.3890734701697624,3.7913270747017327,0,0,3.7620750554175673
200,16,14,18,16,304.7418057408692,306.3430567704938,0.4003127574061409,3.900848327798324,0,0,3.870751296267922
200,16,14,18,17,304.8463477452613,305.9967016969064,0.2875884879112647,2.802406496939425,0,0,2.780784503564719
200,16,14,18,18,304.70537330835066,306.0579854976911,0.338153047335112,3.295132930022489,0,0,3.2697093012735787
200,16,14,18,19,304.4901129441348,305.66473103020866,0.2936545215184623,2.861516971475209,0,0,2.839438910684807
200,16,14,18,20,304.5348875235238,306.4164323719618,0.4703862121094886,4.583679223255597,0,0,4.548313803604576
200,16,14,18,21,304.8235924452035,306.0255771255795,0.3004961700940072,2.9281854273551233,0,0,2.905592985473716
200,16,14,18,22,304.4974016572754,306.0611019813716,0.3909250810240365,3.80937009973903,0,0,3.779978869327484
200,16,14,18,23,304.48425341703347,305.8293900206117,0.3362841508945706,3.276921465561171,0,0,3.2516383475355832
200,16,14,18,24,304.5750238594638,306.0669874083274,0.3729908872159058,3.6346103184616103,0,0,3.6065674487668526
200,16,14,18,25,304.8253451312098,306.10203985021565,0.3191736797514579,3.1101884511577964,0,0,3.0861917632545737
200,16,14,18,26,304.62212300293504,305.9621000224696,0.3349942548836395,3.2643520717455017,0,0,3.2391659329947275
200,16,14,18,27,304.6927536391661,305.9848175766951,0.323015984382252,3.147629794998654,0,0,3.12334422805902
200,16,14,18,28,304.54651649672394,306.26844422410306,0.4304819318447812,4.194831898101148,0,0,4.162466633601582
200,16,14,18,29,304.5601933029226,306.12314541813515,0.3907380288031419,3.8075473690626067,0,0,3.778170201946536
200,16,14,18,30,304.9050069357968,306.1258170018286,0.305202516507947,2.974046427783423,0,0,2.9511001449269463
200,16,14,18,31,304.2970741830114,306.2436313376848,0.486639288668357,4.742057354712237,0,0,4.705469967115883
200,16,14,18,32,304.67586771452426,306.0657741169868,0.3474766006156358,3.3859863104121892,0,0,3.359861701562426
200,16,14,18,33,304.797274490976,306.0681347645042,0.3177150683820429,3.0959750102518466,0,0,3.0720879862840427
200,16,14,18,34,304.5290882378216,306.1054413750888,0.3940882843167799,3.840193939466089,0,0,3.8105648874326303
200,16,14,18,35,304.4565484315735,305.98042801205065,0.3809698951192928,3.7123617741961046,0,0,3.6837190124219497
200,16,14,18,36,304.4735402755352,306.10999799547386,0.4091144299846831,3.986616240822891,0,0,3.9558574661623607
200,16,14,18,37,304.34187602119687,306.01079861101346,0.4172306474541472,4.065704735401358,0,0,4.034335752725801
200,16,14,18,38,304.6278713990053,306.07854959333235,0.3626695485817635,3.5340340170404043,0,0,3.5067671447340896
200,16,14,18,39,304.5060667643175,306.10283216702,0.3991913506756219,3.8899207780547895,0,0,3.859908058136003
200,18,16,20,0,305.6776344429429,306.4417551121672,0.1910301673060672,1.8614937818203916,0,0,1.8471314092447024
200,18,16,20,1,305.3515827693189,306.62891367705515,0.31933272693405,3.1117382866920815,0,0,3.087729641018388
200,18,16,20,2,305.4213167671492,306.5936062650216,0.2930723744681103,2.8558442385785296,0,0,2.8338099458115185
200,18,16,20,3,305.29738164600377,306.5269370326007,0.307388846649232,2.9953511254675735,0,0,2.972240466018094
200,18,16,20,4,305.38429051510127,306.6076035202947,0.305828251298351,2.980143901485257,0,0,2.957150573513759
200,18,16,20,5,305.5337350693692,306.3687213861369,0.2087465791919385,2.0341313867955244,0,0,2.0184370271740315
200,18,16,20,6,305.5292715223705,306.3871365295187,0.2144662517870585,2.0898667458752533,0,0,2.0737423595727376
200,18,16,20,7,305.437780080894,306.43522081059604,0.2493601824255193,2.429890710795394,0,0,2.411142866431111
200,18,16,20,8,305.5310500769035,306.38580486305256,0.213688696537261,2.082289857455317,0,0,2.06622393070583
200,18,16,20,9,305.4581540724829,306.48217915026123,0.2560062694445832,2.4946535167641652,0,0,2.475405994368478
200,18,16,20,10,305.7690331751358,306.3215881933675,0.1381387545579286,1.3460933226635474,0,0,1.3357075271209835
200,18,16,20,11,305.66663971298806,306.4891668793411,0.2056317915882601,2.0037793338307752,0,0,1.988319155756047
200,18,16,20,12,305.54266469372635,306.3326126876407,0.1974869984785812,1.9244123838788905,0,0,1.909564562244208
200,18,16,20,13,305.2604761970375,306.6081840959459,0.336926974727092,3.283185463462232,0,0,3.257854015502616
200,18,16,20,14,305.3950002035651,306.44625693803306,0.2628141836169959,2.5609932476968646,0,0,2.541233880490557
200,18,16,20,15,305.62684214257865,306.5738869185221,0.2367611939858562,2.3071198470705894,0,0,2.289319242446495
200,18,16,20,16,305.50508748247194,306.6204350504313,0.2788368919898403,2.717126555983111,0,0,2.6961625407855063
200,18,16,20,17,305.46362741820406,306.65803243789145,0.2986012549218486,2.9097204233204526,0,0,2.887270448349302
200,18,16,20,18,305.4807496112533,306.3135557213246,0.208201527517815,2.0288201298539645,0,0,2.013166749284772
200,18,16,20,19,305.2685970853166,306.428172770733,0.2898939213540927,2.824871796942797,0,0,2.803076472337107
200,18,16,20,20,305.7622696915032,306.5679234331402,0.2014134354092505,1.962673555055275,0,0,1.9475305289987543
200,18,16,20,21,305.64992601739493,306.56909199600415,0.2297914946523036,2.2392036003671096,0,0,2.221927004175718
200,18,16,20,22,305.25550273062123,306.2199754591172,0.2411181821239836,2.3495765252014036,0,0,2.3314483456825683
200,18,16,20,23,305.1330041435535,306.4911455558364,0.3395353530707297,3.308602810553475,0,0,3.2830752548161293
200,18,16,20,24,305.2988586935397,306.80182850448983,0.3757424527375264,3.661422953245946,0,0,3.633173210418294
200,18,16,20,25,305.2137181055171,306.2947539372426,0.2702589579313752,2.633538863338134,0,0,2.613219769760055
200,18,16,20,26,305.43450606971174,306.4972344327595,0.2656820907619419,2.5889395736224543,0,0,2.568964586278715
200,18,16,20,27,305.5356590039868,306.3633068607456,0.2069119641897003,2.0162539778665503,0,0,2.000697551559816
200,18,16,20,28,305.44465431095546,306.70954666400496,0.316223088262376,3.08143640750378,0,0,3.0576615562606118
200,18,16,20,29,305.76321155262593,306.31016537901934,0.1367384565983513,1.3324481168763767,0,0,1.3221676010458925
200,18,16,20,30,305.2484234840797,306.49421628344527,0.3114481998413936,3.0349074993742913,0,0,3.0114916423542684
200,18,16,20,31,305.09903899171474,306.585021041347,0.3714955124080603,3.6200386361689634,0,0,3.5921081944243745
200,18,16,20,32,305.5119828711631,306.3459020675125,0.2084797990873426,2.0315317476242774,0,0,2.0158574455429736
200,18,16,20,33,305.6824745697901,306.3895466733409,0.1767680258876964,1.7225163211389913,0,0,1.7092262304529455
200,18,16,20,34,305.66831020249845,306.534082509896,0.2164430768493872,2.1091299209703984,0,0,2.0928569094613896
200,18,16,20,35,305.2491571221305,306.7011696593535,0.3630031343057567,3.5372846436805543,0,0,3.509992691134184
200,18,16,20,36,305.38694712384245,306.3591128461652,0.2430414305806891,2.3683176229742857,0,0,2.3500448463413903
200,18,16,20,37,305.42105758706737,306.66669122012144,0.3114084082635173,3.034519750277747,0,0,3.0111068849394838
200,18,16,20,38,305.3924747736445,306.4403336574717,0.2619647209567972,2.552715657397135,0,0,2.533020156015723
200,18,16,20,39,305.5182590222814,306.5916851217463,0.2683565248662205,2.615000601182707,0,0,2.594824539738596
200,20,18,22,0,305.97015789144706,306.6394004652794,0.1673106434580802,1.6303588423842268,0,0,1.6177797935820906
200,20,18,22,1,306.12840854203944,307.05081214021976,0.230600899545081,2.247090847685833,0,0,2.229753397364444
200,20,18,22,2,306.1816832376474,306.8860771469622,0.1760984773286935,1.7159919040964526,0,0,1.702752152610741
200,20,18,22,3,306.2516486258769,306.8317226286527,0.1450185006939364,1.413133020284514,0,0,1.40222997933184
200,20,18,22,4,306.14602684839656,306.6985820545386,0.1381388015355042,1.3460937804366109,0,0,1.335707981362095
200,20,18,22,5,306.1268101947948,306.72588873819086,0.1497696358490117,1.459430464675016,0,0,1.4481702153598257
200,20,18,22,6,306.2595756079262,306.76100721229244,0.1253579010915615,1.2215502748847042,0,0,1.2121253923848698
200,20,18,22,7,306.05075697222225,306.76242024175457,0.1779158173830808,1.7337009772674712,0,0,1.7203245912631078
200,20,18,22,8,306.0681792270837,306.84239113237663,0.1935529763232324,1.8860772984680487,0,0,1.871525251541168
200,20,18,22,9,306.0234462623673,306.99104385860323,0.2418993990589797,2.357189094918825,0,0,2.3390021805475776
200,20,18,22,10,305.80902651501793,307.0988219141034,0.3224488497713622,3.1421033508431866,0,0,3.1178604232348013
200,20,18,22,11,305.9962190042037,306.9457768426814,0.2373894596194361,2.3132419825779444,0,0,2.2953941425604394
200,20,18,22,12,306.0341527316419,306.36521922997366,0.0827666245829448,0.8065195103795587,0,0,0.8002968016008564
200,20,18,22,13,306.2285303950604,306.932831845531,0.1760753626176523,1.7157666627564143,0,0,1.7025286491223552
200,20,18,22,14,305.8790147969814,306.7750625522752,0.2240119388234518,2.1828847090170638,0,0,2.1660426417553515
200,20,18,22,15,306.0783375166872,306.8799458261285,0.2004020773603372,1.952818374871981,0,0,1.937751386549766
200,20,18,22,16,306.3430567704938,306.93985219966834,0.1491988572936406,1.4538685120965136,0,0,1.4426511760781402
200,20,18,22,17,305.9967016969064,306.8109440954554,0.2035605996372567,1.9835966004325891,0,0,1.9682921424249864
200,20,18,22,18,306.0579854976911,306.8096529895925,0.1879168729753502,1.8311562800564893,0,0,1.8170279767576376
200,20,18,22,19,305.66473103020866,306.7021089704916,0.2593444850707271,2.5271827644640132,0,0,2.507684262355348
200,20,18,22,20,306.4164323719618,306.7451392845411,0.0821767281448302,0.8007712635609869,0,0,0.7945929054340418
200,20,18,22,21,306.0255771255795,306.875289234297,0.2124280271793708,2.0700052628086283,0,0,2.05403411796332
200,20,18,22,22,306.0611019813716,306.67654230151805,0.1538600800366225,1.499289804838401,0,0,1.4877220204136992
200,20,18,22,23,305.8293900206117,306.798543053837,0.242288258306317,2.3609783344987805,0,0,2.342762184214335
200,20,18,22,24,306.0669874083274,306.8088415791283,0.1854635427002193,1.8072497991257006,0,0,1.7933059465026748
200,20,18,22,25,306.10203985021565,306.72804769309266,0.1565019607192539,1.5250336155274762,0,0,1.5132672044921212
200,20,18,22,26,305.9621000224696,306.8810032106528,0.2297257970458019,2.238563409931703,0,0,2.2212917531355667
200,20,18,22,27,305.9848175766951,306.90300861316507,0.2295477591174943,2.2368285190443293,0,0,2.21957024781496
200,20,18,22,28,306.26844422410306,306.91866630125503,0.1625555192879915,1.5840225270303177,0,0,1.5718009864999771
200,20,18,22,29,306.12314541813515,306.8916103778787,0.1921162399358849,1.8720770183610986,0,0,1.8576329907255111
200,20,18,22,30,306.1258170018286,306.42483903156943,0.0747555074352135,0.7284551660603519,0,0,0.7228347634558303
200,20,18,22,31,306.2436313376848,306.8852066470384,0.160393827338396,1.5629579162459064,0,0,1.550898899915863
200,20,18,22,32,306.0657741169868,306.94006601788607,0.2185729752248164,2.1298847192186687,0,0,2.113451573870866
200,20,18,22,33,306.0681347645042,306.9835052570846,0.2288426231450984,2.22995732039302,0,0,2.2127520639607097
200,20,18,22,34,306.1054413750888,307.06171262819,0.2390678132753123,2.3295967025583932,0,0,2.311622677546867
200,20,18,22,35,305.98042801205065,306.8094644972734,0.2072591213056824,2.0196368509584217,0,0,2.004054324062904
200,20,18,22,36,306.10999799547386,306.9646404706145,0.2136606187851555,2.0820162537534044,0,0,2.0659524379958225
200,20,18,22,37,306.01079861101346,307.1323320796221,0.2803833671521545,2.732196185764544,0,0,2.7111159006982923
200,20,18,22,38,306.07854959333235,307.0173362710972,0.234696669441206,2.2870020842246586,0,0,2.2693566983867908
200,20,18,22,39,306.10283216702,306.98946013332545,0.2216569915763671,2.159936921666076,0,0,2.1432719082709637
200,22,20,24,0,306.4417551121672,306.78834717301214,0.0866480152112387,0.8443417277878119,0,0,0.8378272013391499
200,22,20,24,1,306.62891367705515,307.0192483566483,0.0975836698982846,0.9509042330043606,0,0,0.9435675225562316
200,22,20,24,2,306.5936062650216,307.0696871805053,0.119020228870923,1.1597928174301837,0,0,1.1508444251673573
200,22,20,24,3,306.5269370326007,307.33553193987404,0.2021487268183364,1.969838603409373,0,0,1.9546402953556792
200,22,20,24,4,306.6076035202947,307.0545094007428,0.1117264701120319,1.0887187731195782,0,0,1.0803187533062435
200,22,20,24,5,306.3687213861369,307.3152768000191,0.2366388534705521,2.3059276997165097,0,0,2.2881362931164064
200,22,20,24,6,306.3871365295187,307.00728488086014,0.1550370878353533,1.5107591592832468,0,0,1.4991028829477209
200,22,20,24,7,306.43522081059604,307.3248116046992,0.2223976985257962,2.1671547417620207,0,0,2.150434039208871
200,22,20,24,8,306.38580486305256,306.77844341642896,0.0981596383441001,0.9565167584788973,0,0,0.9491367445383028
200,22,20,24,9,306.48217915026123,306.93619570992064,0.1135041399148519,1.106041279458472,0,0,1.0975076076864725
200,22,20,24,10,306.3215881933675,307.1711298190936,0.2123854064315224,2.069589944860604,0,0,2.053622004404784
200,22,20,24,11,306.4891668793411,307.1709842656543,0.1704543465782961,1.6609926626477838,0,0,1.6481772583206715
200,22,20,24,12,306.3326126876407,307.2068485703641,0.2185589706808599,2.1297482519168813,0,0,2.113316159483814
200,22,20,24,13,306.6081840959459,307.0566356855352,0.1121128973973242,1.0924843144413572,0,0,1.0840552415589546
200,22,20,24,14,306.44625693803306,307.1750345793244,0.1821944103228361,1.7753937332578607,0,0,1.761695666407131
200,22,20,24,15,306.5738869185221,306.998491959087,0.1061512601412317,1.0343911303218847,0,0,1.026410275941516
200,22,20,24,16,306.6204350504313,307.006226137165,0.0964477716834295,0.9398354709677035,0,0,0.9325841616559496
200,22,20,24,17,306.65803243789145,307.0545936721317,0.0991403085600666,0.9660729010231965,0,0,0.9586191565759798
200,22,20,24,18,306.3135557213246,307.29597054754487,0.2456037065550731,2.3932857254519515,0,0,2.3748203071923184
200,22,20,24,19,306.428172770733,307.3509541733036,0.2306953506426481,2.248011226562566,0,0,2.230666675049399
200,22,20,24,20,306.5679234331402,307.1456147963299,0.1444228407974179,1.4073286114359764,0,0,1.3964703544537242
200,22,20,24,21,306.56909199600415,307.17585302664827,0.1516902576610306,1.478145967104397,0,0,1.4667413181562576
200,22,20,24,22,306.2199754591172,306.9475299707557,0.181888627909629,1.7724140360257317,0,0,1.7587389590566918
200,22,20,24,23,306.4911455558364,307.1742238366048,0.1707695701921068,1.6640643596748372,0,0,1.6512252556407618
200,22,20,24,24,306.80182850448983,306.5724495025811,-0.0573447504771849,-0.5587960160360039,0,0,-0.5544846201804283
200,22,20,24,25,306.2947539372426,306.9740855109852,0.1698328934356396,1.654936911469519,0,0,1.6421682303469096
200,22,20,24,26,306.4972344327595,307.2769381997374,0.1949259417444722,1.899456162290104,0,0,1.8848008906150509
200,22,20,24,27,306.3633068607456,306.91386416016644,0.1376393248552148,1.3412266290979777,0,0,1.330878382574853
200,22,20,24,28,306.70954666400496,306.98949873791844,0.0699880184783694,0.6819983620214182,0,0,0.6767363973202619
200,22,20,24,29,306.31016537901934,307.353308675974,0.2607858242386669,2.541227896374071,0,0,2.521621028919608
200,22,20,24,30,306.49421628344527,307.08851612777005,0.148574961081195,1.4477889544206413,0,0,1.4366185252860235
200,22,20,24,31,306.585021041347,307.0226985739369,0.1094193831474825,1.0662373603710524,0,0,1.0580107961067378
200,22,20,24,32,306.3459020675125,307.3081529321048,0.2405627161480765,2.344163786078859,0,0,2.3260773685990337
200,22,20,24,33,306.3895466733409,307.04585460312586,0.1640769824462467,1.5988484272967562,0,0,1.5865124973951077
200,22,20,24,34,306.534082509896,307.116077940329,0.1454988576082456,1.4178138590318745,0,0,1.4068747030243387
200,22,20,24,35,306.7011696593535,307.12363686201246,0.105616800664734,1.029183089067639,0,0,1.0212424173779742
200,22,20,24,36,306.3591128461652,307.0712371182604,0.1780310680237988,1.7348240373269,0,0,1.7214389863422097
200,22,20,24,37,306.66669122012144,307.3274407239147,0.1651873759483209,1.6096686586174627,0,0,1.597249245120488
200,22,20,24,38,306.4403336574717,307.3541461219508,0.2284531161197804,2.2261617685394577,0,0,2.2089857967227533
200,22,20,24,39,306.5916851217463,306.9599170720986,0.0920579875880776,0.897059212577377,0,0,0.8901379438848265
200,24,22,26,0,306.6394004652794,307.0754068356217,0.1090015925855851,1.0621661995484313,0,0,1.053971046363284
200,24,22,26,1,307.05081214021976,307.38780124433885,0.084247276029771,0.8209477208563593,0,0,0.8146136910856168
200,24,22,26,2,306.8860771469622,307.347993024904,0.1154789694854514,1.1252850094811555,0,0,1.1166028625313005
200,24,22,26,3,306.8317226286527,307.3945310586189,0.1407021074915633,1.3710719195724166,0,0,1.3604934014332328
200,24,22,26,4,306.6985820545386,307.11886678380444,0.1050711823164647,1.0238663101689265,0,0,1.015966660136273
200,24,22,26,5,306.72588873819086,307.09596739428105,0.0925196640225465,0.9015580193579832,0,0,0.8946020400799021
200,24,22,26,6,306.76100721229244,307.2474422901723,0.1216087694699581,1.1850168555862788,0,0,1.175873847022609
200,24,22,26,7,306.76242024175457,307.52042977066685,0.1895023822280706,1.8466062775965582,0,0,1.8323587696980828
200,24,22,26,8,306.84239113237663,307.1136563771491,0.0678163111931127,0.6608361567820628,0,0,0.6557374692721272
200,24,22,26,9,306.99104385860323,307.307175310833,0.079032863057435,0.770135865007983,0,0,0.7641938745833212
200,24,22,26,10,307.0988219141034,307.2001512092348,0.0253323237828482,0.2468508710735713,0,0,0.2449462908833948
200,24,22,26,11,306.9457768426814,307.1483949479631,0.0506545263204145,0.4936031156557238,0,0,0.4897947162289823
200,24,22,26,12,306.36521922997366,307.3865195759582,0.2553250864961285,2.488015728394337,0,0,2.468819419916513
200,24,22,26,13,306.932831845531,307.18052402087613,0.0619230438362876,0.6034092032592796,0,0,0.5987535939430166
200,24,22,26,14,306.7750625522752,307.11892979476033,0.0859668106212865,0.8377037285323756,0,0,0.8312404176286669
200,24,22,26,15,306.8799458261285,307.2150480860737,0.083775564986297,0.8163511318116771,0,0,0.810052567066433
200,24,22,26,16,306.93985219966834,307.418917824901,0.1197664063081589,1.1670639447036253,0,0,1.158059451990738
200,24,22,26,17,306.8109440954554,307.2243199398407,0.1033439610963284,1.0070354001275792,0,0,0.9992656091377886
200,24,22,26,18,306.8096529895925,307.50987414965704,0.1750552900161324,1.7058265636008065,0,0,1.6926652428941726
200,24,22,26,19,306.7021089704916,306.98673910492835,0.0711575336091954,0.6933947041514515,0,0,0.688044810866665
200,24,22,26,20,306.7451392845411,307.4952454696799,0.1875265462847011,1.8273527409727504,0,0,1.813253783915052
200,24,22,26,21,306.875289234297,307.36059189427425,0.1213256649943161,1.1822581435543265,0,0,1.173136419858981
200,24,22,26,22,306.67654230151805,307.02283140852234,0.0865722767510703,0.8436036942372145,0,0,0.8370948620932719
200,24,22,26,23,306.798543053837,307.3476186357617,0.1372688954811707,1.3376169794488626,0,0,1.3272965832111565
200,24,22,26,24,306.8088415791283,307.48860226223246,0.1699401707760444,1.655982275690835,0,0,1.643205529050859
200,24,22,26,25,306.72804769309266,306.95064101465584,0.0556483303907953,0.5422652476934838,0,0,0.5380813951347038
200,24,22,26,26,306.8810032106528,307.0771817804335,0.0490446424451676,0.4779155995660604,0,0,0.4742282373155191
200,24,22,26,27,306.90300861316507,307.01021899707973,0.0268025959786655,0.26117794092171875,0,0,0.2591628200909628
200,24,22,26,28,306.91866630125503,307.0411668145775,0.0306251283306124,0.29842661375858975,0,0,0.2961241004463458
200,24,22,26,29,306.8916103778787,306.96800479792864,0.0190986050124877,0.18610638818751885,0,0,0.1846704826196524
200,24,22,26,30,306.42483903156943,307.3147723939408,0.222483340592845,2.1679892810262733,0,0,2.1512621395776725
200,24,22,26,31,306.8852066470384,307.37421950799285,0.1222532152386151,1.1912966584467004,0,0,1.1821051980056918
200,24,22,26,32,306.94006601788607,307.07223691160203,0.0330427234289913,0.3219848732003111,0,0,0.3195005959183774
200,24,22,26,33,306.9835052570846,307.28248480349333,0.0747448866021898,0.7283516713353554,0,0,0.7227320672453463
200,24,22,26,34,307.06171262819,307.08188881591684,0.0050440469317152,0.049151723683277415,0,0,0.0487724931023481
200,24,22,26,35,306.8094644972734,307.2998848324408,0.1226050837918535,1.194725442146722,0,0,1.1855075268932065
200,24,22,26,36,306.9646404706145,307.1776559590241,0.0532538721024025,0.5189324449350059,0,0,0.5149286168327808
200,24,22,26,37,307.1323320796221,307.018126413361,-0.0285514165652642,-0.2782193260253456,0,0,-0.2760727222294284
200,24,22,26,38,307.0173362710972,307.510057440753,0.1231802924139486,1.2003305635177561,0,0,1.191069401898205
200,24,22,26,39,306.98946013332545,307.3809126475354,0.0978631285524898,0.9536274183232815,0,0,0.946269697113513
200,26,24,28,0,306.78834717301214,307.3539592300888,0.1414030142691587,1.3779019068279852,0,0,1.367270691858648
200,26,24,28,1,307.0192483566483,307.53296155832766,0.1284283004198414,1.251469786226288,0,0,1.2418140594586045
200,26,24,28,2,307.0696871805053,307.339567571134,0.0674700976571784,0.6574624784075306,0,0,0.6523898205444517
200,26,24,28,3,307.33553193987404,307.4098386081281,0.0185766670635274,0.18102036297910756,0,0,0.17962369868601
200,26,24,28,4,307.0545094007428,307.52685623790035,0.1180867092893862,1.1506961343212057,0,0,1.1418179276014582
200,26,24,28,5,307.3152768000191,307.4890509409551,0.0434435352340045,0.4233356010667432,0,0,0.4200693513019296
200,26,24,28,6,307.00728488086014,307.4324919061675,0.1063017563268431,1.035857640651923,0,0,1.027865471397472
200,26,24,28,7,307.3248116046992,307.576647759292,0.0629590386481879,0.6135044564203197,0,0,0.6087709570844603
200,26,24,28,8,306.77844341642896,307.12473948805035,0.0865740179053489,0.843620660917967,0,0,0.8371116978674409
200,26,24,28,9,306.93619570992064,307.4133765957736,0.1192952214632327,1.162472483201564,0,0,1.1535034159525728
200,26,24,28,10,307.1711298190936,307.24491283816434,0.0184457547676828,0.17974468789534914,0,0,0.1783578660852173
200,26,24,28,11,307.1709842656543,307.61519281865054,0.1110521382490645,1.0821477451636323,0,0,1.073798424177568
200,26,24,28,12,307.2068485703641,307.4434038674921,0.0591388242820016,0.5762783711995334,0,0,0.5718320900702009
200,26,24,28,13,307.0566356855352,307.2865690641428,0.0574833446518994,0.5601465472011377,0,0,0.5558247313098049
200,26,24,28,14,307.1750345793244,307.39588300118663,0.0552121054655572,0.5380144531867462,0,0,0.533863397672493
200,26,24,28,15,306.998491959087,307.2867052355494,0.0720533191155965,0.7021236875027503,0,0,0.6967064456657837
200,26,24,28,16,307.006226137165,307.3602150505748,0.0884972283524376,0.8623613883060749,0,0,0.8557078309991967
200,26,24,28,17,307.0545936721317,307.4197924873447,0.0912997038032443,0.8896701149797142,0,0,0.8828058569383586
200,26,24,28,18,307.29597054754487,307.42967906546625,0.0334271294803443,0.3257307186046198,0,0,0.3232175402176518
200,26,24,28,19,307.3509541733036,307.75415687377,0.1008006751166021,0.9822523456843183,0,0,0.974673768581436
200,26,24,28,20,307.1456147963299,307.4653853909349,0.0799426486512544,0.7790012722343255,0,0,0.7729908806778071
200,26,24,28,21,307.17585302664827,307.6120767194843,0.1090559232090129,1.0626956243984407,0,0,1.0544963864309416
200,26,24,28,22,306.9475299707557,307.5582874305784,0.1526893649556768,1.487881769792438,0,0,1.4764020041681678
200,26,24,28,23,307.1742238366048,307.69946855039683,0.1313111784480014,1.2795619959481606,0,0,1.269689523475259
200,26,24,28,24,306.5724495025811,307.43253998246826,0.2150226199717906,2.0952882765731884,0,0,2.0791220604001803
200,26,24,28,25,306.9740855109852,307.55184736534466,0.1444404635898735,1.4075003367662582,0,0,1.3966407548356234
200,26,24,28,26,307.2769381997374,307.3291726494853,0.0130586124369784,0.12724967052816727,0,0,0.1262678745124585
200,26,24,28,27,306.91386416016644,307.1013874426439,0.0468808206193642,0.45683023419941265,0,0,0.4533055562813409
200,26,24,28,28,306.98949873791844,307.4289806468991,0.1098704772451668,1.0706330475533279,0,0,1.0623725683237015
200,26,24,28,29,307.353308675974,307.39454825628604,0.0103098950780093,0.10046478966950805,0,0,0.0996896526510222
200,26,24,28,30,307.08851612777005,307.64618336353726,0.139416808941803,1.3585473257247431,0,0,1.3480654412058044
200,26,24,28,31,307.0226985739369,307.2229446686401,0.0500615236757937,0.4878246004027059,0,0,0.4840607851641086
200,26,24,28,32,307.3081529321048,307.40146397648687,0.0233277610955155,0.22731740664561817,0,0,0.2255635370817943
200,26,24,28,33,307.04585460312586,307.153889051559,0.0270086121082897,0.2631854654381775,0,0,0.2611548555333558
200,26,24,28,34,307.116077940329,307.58678229582546,0.1176760888741199,1.146694843004311,0,0,1.1378475082849098
200,26,24,28,35,307.12363686201246,307.33524335864854,0.0529016241590198,0.5154999642670947,0,0,0.5115226195013675
200,26,24,28,36,307.0712371182604,307.638295132435,0.141764503543655,1.3814244396622442,0,0,1.3707660465580835
200,26,24,28,37,307.3274407239147,307.1970953129582,-0.0325863527391305,-0.3175377682568294,0,0,-0.3150878026544215
200,26,24,28,38,307.3541461219508,307.1568535047899,-0.0493231542902208,-0.4806295587016309,0,0,-0.4769212568741539
200,26,24,28,39,306.9599170720986,307.8092973615038,0.2123450723512974,2.0691969093490243,0,0,2.053232001362346
200,28,26,30,0,307.0754068356217,307.5355532786809,0.1150366107647897,1.1209744441947498,0,0,1.112325555451428
200,28,26,30,1,307.38780124433885,307.57490523286737,0.0467759971321299,0.45580878155438226,0,0,0.4522919846636875
200,28,26,30,2,307.347993024904,307.51188388481074,0.0409727149766894,0.3992586889755824,0,0,0.3961782048497957
200,28,26,30,3,307.3945310586189,307.59214154981885,0.0494026227999739,0.48140393972658657,0,0,0.4776896631551144
200,28,26,30,4,307.11886678380444,307.13350072333515,0.0036584848826777,0.03565011200077689,0,0,0.0353750532302775
200,28,26,30,5,307.09596739428105,307.3016879734535,0.051430144793116,0.5011611311480393,0,0,0.4972944177825169
200,28,26,30,6,307.2474422901723,307.46969153397043,0.05556231094954,0.541427031105651,0,0,0.5372496458147454
200,28,26,30,7,307.52042977066685,307.3008065425209,-0.0549058070364907,-0.5350297276372202,0,0,-0.5309017008006867
200,28,26,30,8,307.1136563771491,307.5456494988002,0.1079982804127723,1.0523894224181292,0,0,1.044269702047803
200,28,26,30,9,307.307175310833,307.492993254693,0.0464544859650004,0.4526758154535963,0,0,0.4491831909919719
200,28,26,30,10,307.2001512092348,307.6718993002135,0.1179370227446838,1.1492375135383466,0,0,1.1403705608208068
200,28,26,30,11,307.1483949479631,307.6682088154119,0.1299534668622044,1.2663317731508512,0,0,1.256561378584913
200,28,26,30,12,307.3865195759582,307.4246222571618,0.0095256703009027,0.09282291002965781,0,0,0.0921067340045623
200,28,26,30,13,307.18052402087613,307.7080993169305,0.1318938240135878,1.2852395866273678,0,0,1.2753233086508091
200,28,26,30,14,307.11892979476033,307.8182573627005,0.1748318919850362,1.703649661116655,0,0,1.6905051363213714
200,28,26,30,15,307.2150480860737,307.6195453151761,0.1011243072755974,0.9854059797938548,0,0,0.9778030707976876
200,28,26,30,16,307.418917824901,307.4521690443247,0.0083128048559331,0.08100414069162758,0,0,0.080379152491211
200,28,26,30,17,307.2243199398407,307.6994513151484,0.1187828438269207,1.157479618475594,0,0,1.1485490737208026
200,28,26,30,18,307.50987414965704,307.4050041397779,-0.026217502469791,-0.25547649625508484,0,0,-0.2535053649736479
200,28,26,30,19,306.98673910492835,307.6311162710086,0.1610942915200581,1.56978359062467,0,0,1.5576719107405148
200,28,26,30,20,307.4952454696799,307.68682054625407,0.0478937691435419,0.4667009127715559,0,0,0.4631000775412152
200,28,26,30,21,307.36059189427425,307.5408265149117,0.0450586551593659,0.4390741398554226,0,0,0.4356864592482992
200,28,26,30,22,307.02283140852234,307.6276050767366,0.1511934170535624,1.473304502981738,0,0,1.4619372083950375
200,28,26,30,23,307.3476186357617,307.6614557290017,0.0784592733100026,0.7645465187637817,0,0,0.7586476529920185
200,28,26,30,24,307.48860226223246,307.21925222346846,-0.0673375096910007,-0.656170474751435,0,0,-0.6511077853545728
200,28,26,30,25,306.95064101465584,307.5350936474771,0.1461131582053099,1.4237999122177654,0,0,1.4128145707612347
200,28,26,30,26,307.0771817804335,307.57976309215115,0.1256453279294191,1.224351106182428,0,0,1.2149046138426831
200,28,26,30,27,307.01021899707973,307.5981768463035,0.1469894623059389,1.4323390589782403,0,0,1.4212878336555104
200,28,26,30,28,307.0411668145775,307.54197658978245,0.1252024438012426,1.2200354210616238,0,0,1.210622226430542
200,28,26,30,29,306.96800479792864,307.7599052460487,0.1979751120300079,1.929168807189494,0,0,1.914284287326549
200,28,26,30,30,307.3147723939408,307.30878529616035,-0.0014967744451155,-0.01458532106034374,0,0,-0.0144727878801365
200,28,26,30,31,307.37421950799285,307.4586551341691,0.0211089065440575,0.20569577479264875,0,0,0.2041087271303524
200,28,26,30,32,307.07223691160203,307.6406472001208,0.1421025721296871,1.3847187495589597,0,0,1.3740349391761717
200,28,26,30,33,307.28248480349333,307.6333169814408,0.0877080444868738,0.854671184820537,0,0,0.8480769613501296
200,28,26,30,34,307.08188881591684,307.5489363009738,0.116761871264245,1.1377862479901726,0,0,1.1290076476184063
200,28,26,30,35,307.2998848324408,307.4997143384134,0.049957376493154,0.48680973800891814,0,0,0.4830537529505527
200,28,26,30,36,307.1776559590241,307.8689598316374,0.172825968153333,1.6841029330151283,0,0,1.6711092211821936
200,28,26,30,37,307.018126413361,307.657686313425,0.1598899750160001,1.558048126455517,0,0,1.5460269916542362
200,28,26,30,38,307.510057440753,307.615106642769,0.0262623005040012,0.25591303077366934,0,0,0.2539385314060968
200,28,26,30,39,307.3809126475354,307.6587043783941,0.0694479327146666,0.6767354954021805,0,0,0.6715141363973419
200,30,28,32,0,307.3539592300888,307.5757364719057,0.0554443104542343,0.5402771750836367,0,0,0.5361086615175572
200,30,28,32,1,307.53296155832766,307.574340143801,0.0103446463683383,0.10080342367569631,0,0,0.1000256739233875
200,30,28,32,2,307.339567571134,307.5356144356268,0.0490117161231893,0.4775947489669892,0,0,0.4739098622422276
200,30,28,32,3,307.4098386081281,307.42220446708825,0.0030914647400237,0.030124783281223342,0,0,0.0298923552358162
200,30,28,32,4,307.52685623790035,307.66660942358203,0.034938296420421,0.34045628735595895,0,0,0.33782949370642
200,30,28,32,5,307.4890509409551,307.6078325700684,0.029695407278325,0.2893669454241761,0,0,0.2871343320671735
200,30,28,32,6,307.4324919061675,307.80975942639265,0.094316880056283,0.919070993976428,0,0,0.9119798931799
200,30,28,32,7,307.576647759292,307.7435949046415,0.0417367863373812,0.4067041836157876,0,0,0.4035662537069005
200,30,28,32,8,307.12473948805035,307.467252947388,0.085628364834406,0.8344057430013682,0,0,0.8279678777356779
200,30,28,32,9,307.4133765957736,307.503897718876,0.0226302807756013,0.22052080851260097,0,0,0.2188193781648445
200,30,28,32,10,307.24491283816434,307.962785530646,0.1794681731204122,1.748827910321902,0,0,1.7353348123249563
200,30,28,32,11,307.61519281865054,307.6381421481418,0.0057373323728171,0.05590744481275792,0,0,0.0554760904026618
200,30,28,32,12,307.4434038674921,307.7709284028826,0.0818811338476166,0.7978908444420366,0,0,0.7917347102155764
200,30,28,32,13,307.2865690641428,307.7282113678039,0.1104105759152815,1.0758960399391178,0,0,1.0675949540428211
200,30,28,32,14,307.39588300118663,307.76629854066937,0.0926038848706838,0.9023787095521977,0,0,0.8954163982312949
200,30,28,32,15,307.2867052355494,307.83349183334536,0.1366966494489929,1.3320407270401862,0,0,1.321763354429769
200,30,28,32,16,307.3602150505748,307.5953075950267,0.0587731361129897,0.5727149222307102,0,0,0.5682961349250174
200,30,28,32,17,307.4197924873447,307.5756529787213,0.0389651228441465,0.3796957041137592,0,0,0.3767661583795065
200,30,28,32,18,307.42967906546625,307.95437437805856,0.1311738281480785,1.2782235857229944,0,0,1.2683614397666252
200,30,28,32,19,307.75415687377,307.8851147634253,0.0327394724138372,0.3190298431807036,0,0,0.3165683654603517
200,30,28,32,20,307.4653853909349,307.7675366749779,0.0755378210107551,0.7360784219933854,0,0,0.7303992020868565
200,30,28,32,21,307.6120767194843,307.7517216156553,0.0349112240427444,0.3401924805268348,0,0,0.3375677222813387
200,30,28,32,22,307.5582874305784,307.7302103615786,0.0429807327500526,0.4188258214950842,0,0,0.4155943669764727
200,30,28,32,23,307.69946855039683,307.6407772992952,-0.0146728127754016,-0.1429792484004038,0,0,-0.1418760906804197
200,30,28,32,24,307.43253998246826,307.6690442813898,0.0591260747303863,0.5761541331726941,0,0,0.571708810603012
200,30,28,32,25,307.55184736534466,307.7549992595188,0.0507879735435352,0.4949034923425242,0,0,0.491085059847369
200,30,28,32,26,307.3291726494853,307.6335423991625,0.076092437419291,0.7414828825052742,0,0,0.7357619644334331
200,30,28,32,27,307.1013874426439,307.8947622151147,0.1983436931177067,1.9327604462092547,0,0,1.9178482150220697
200,30,28,32,28,307.4289806468991,307.402488810039,-0.0066229592150222,-0.06453743704396749,0,0,-0.0640394978485977
200,30,28,32,29,307.39454825628604,307.691705618789,0.0742893406257394,0.7239126028130677,0,0,0.7183272483975025
200,30,28,32,30,307.64618336353726,307.73896236483614,0.0231947503247198,0.22602128296922191,0,0,0.2242774136596699
200,30,28,32,31,307.2229446686401,307.72192091793664,0.1247440623241402,1.2155687219985347,0,0,1.2061899902255906
200,30,28,32,32,307.40146397648687,307.64071175729106,0.0598119452010479,0.5828375991104338,0,0,0.5783407101971881
200,30,28,32,33,307.153889051559,307.6703442502196,0.1291137996651343,1.2581496347578074,0,0,1.2484423695566915
200,30,28,32,34,307.58678229582546,307.70241643854155,0.0289085356790224,0.28169927382105164,0,0,0.2795258204555709
200,30,28,32,35,307.33524335864854,307.5709933029356,0.0589374860717697,0.5743164306763434,0,0,0.569885286917353
200,30,28,32,36,307.638295132435,307.4601389622225,-0.0445390425531257,-0.43401077395300003,0,0,-0.4306621597925601
200,30,28,32,37,307.1970953129582,307.6303085064039,0.1083032983614202,1.0553616703240947,0,0,1.0472190175474236
200,30,28,32,38,307.1568535047899,307.69574037575364,0.1347217177409305,1.3127960017388263,0,0,1.302667111985346
200,30,28,32,39,307.8092973615038,307.7088684338737,-0.0251072319075262,-0.24465746292155482,0,0,-0.2427698059923629
250,14,12,16,0,379.08697072654417,381.63576495153296,0.6371985562471991,7.00163812474454,0,0,7.00163812474454
250,14,12,16,1,379.4743679493833,382.0267380417153,0.6380925230829888,7.011461173177961,0,0,7.011461173177961
250,14,12,16,2,379.1759688628951,382.1973983372725,0.7553573685943604,8.299985770377733,0,0,8.299985770377733
250,14,12,16,3,379.6766796311207,381.991204210531,0.5786311448525794,6.358090181222391,0,0,6.358090181222391
250,14,12,16,4,379.5066834976639,382.150938001282,0.661063625904518,7.263871270008516,0,0,7.263871270008516
250,14,12,16,5,379.2762352625857,381.88217559919593,0.6514850841525544,7.158620744167733,0,0,7.158620744167733
250,14,12,16,6,379.14371692540726,381.8560518594023,0.6780837334987524,7.450890893720304,0,0,7.450890893720304
250,14,12,16,7,379.4448438715111,382.2262961804476,0.6953630772341199,7.640759044992731,0,0,7.640759044992731
250,14,12,16,8,379.2227804382085,381.70633522458894,0.6208886965951166,6.822422817318526,0,0,6.822422817318526
250,14,12,16,9,379.22902458817504,381.803165142046,0.6435351384677404,7.071265488493161,0,0,7.071265488493161
250,14,12,16,10,379.3396291579541,381.830163454073,0.6226335740297202,6.841595805470099,0,0,6.841595805470099
250,14,12,16,11,379.24692995696125,381.904369299091,0.6643598355324372,7.300090540707924,0,0,7.300090540707924
250,14,12,16,12,379.54491194352096,381.8961251010301,0.5878032893772911,6.45887515030348,0,0,6.45887515030348
250,14,12,16,13,378.9667013727777,381.7857540410826,0.7047631670762229,7.744048713133409,0,0,7.744048713133409
250,14,12,16,14,379.657556283235,381.94491109508857,0.5718387029633902,6.283453759615358,0,0,6.283453759615358
250,14,12,16,15,379.3459994014971,381.8479821468964,0.625495686349808,6.873045146560341,0,0,6.873045146560341
250,14,12,16,16,379.3446566490532,381.7742076852982,0.6073877590612682,6.674072388664832,0,0,6.674072388664832
250,14,12,16,17,379.1695408256114,381.68815369058063,0.6296532162423034,6.918728740025308,0,0,6.918728740025308
250,14,12,16,18,379.2716746293476,381.9091820051189,0.6593768439428089,7.245336644065874,0,0,7.245336644065874
250,14,12,16,19,379.3733289100948,381.9431111927343,0.6424455706598593,7.05929314576206,0,0,7.05929314576206
250,14,12,16,20,379.6396146220132,381.7430488603793,0.5258585595915122,5.778216700213003,0,0,5.778216700213003
250,14,12,16,21,378.9089072604475,382.1202536284149,0.8028365919918343,8.821694957276847,0,0,8.821694957276847
250,14,12,16,22,379.4704774594069,381.7117829017581,0.5603263605878084,6.156954327857833,0,0,6.156954327857833
250,14,12,16,23,379.12339579316034,382.2447276173642,0.7803329560509695,8.574421460179021,0,0,8.574421460179021
250,14,12,16,24,379.5577084870003,382.106102178598,0.6370984228994132,7.000537843743363,0,0,7.000537843743363
250,14,12,16,25,379.3936337360617,382.1899871492528,0.6990883532977676,7.6816929652860395,0,0,7.681692965286039
250,14,12,16,26,379.2704503974796,381.5615575581362,0.5727767901641556,6.293761609570162,0,0,6.293761609570162
250,14,12,16,27,379.0858021032561,381.87623795820383,0.6976089637369256,7.665437199718168,0,0,7.665437199718168
250,14,12,16,28,378.7028446718614,381.9113711624559,0.8021316226486306,8.813948643067942,0,0,8.813948643067942
250,14,12,16,29,379.0304968728049,381.3971790390153,0.5916705415526025,6.501369126479654,0,0,6.501369126479654
250,14,12,16,30,379.2419012633186,381.785683209673,0.6359454865885965,6.9878691979184895,0,0,6.9878691979184895
250,14,12,16,31,379.0362727838536,382.1961359494522,0.7899657913996521,8.680268572614345,0,0,8.680268572614345
250,14,12,16,32,379.4023622153475,382.2153089594068,0.7032366860148187,7.727275498738237,0,0,7.727275498738237
250,14,12,16,33,379.1088400826927,381.8005833145973,0.6729358079761596,7.394324677037999,0,0,7.394324677037999
250,14,12,16,34,379.3497562044419,381.8159029065173,0.6165366755188444,6.774602124084724,0,0,6.774602124084724
250,14,12,16,35,379.395743042058,381.5218395002988,0.5315241145601988,5.840470710799936,0,0,5.840470710799936
250,14,12,16,36,379.2401256898778,381.87006847673473,0.6574856967142324,7.224556420373764,0,0,7.224556420373764
250,14,12,16,37,379.01140797207904,382.04009224966165,0.7571710693956533,8.3199150005254,0,0,8.3199150005254
250,14,12,16,38,379.1462330686518,381.9220982920694,0.6939663058544028,7.625411101015303,0,0,7.625411101015303
250,14,12,16,39,379.0251345716786,381.9564192334256,0.7328211654367323,8.052354419571245,0,0,8.052354419571245
250,16,14,18,0,380.6157018326168,382.78431016285833,0.542152082560392,5.95725249759019,0,0,5.95725249759019
250,16,14,18,1,380.8000957398454,382.25146267608255,0.3628417340592875,3.986962138458382,0,0,3.986962138458383
250,16,14,18,2,380.4668657184344,382.8685285800569,0.6004157154056458,6.597462474552516,0,0,6.597462474552516
250,16,14,18,3,380.5385040287129,382.72300136024967,0.5461243328842045,6.000900209964234,0,0,6.000900209964234
250,16,14,18,4,380.73992091882326,382.5732617737833,0.458335213740014,5.036259537898357,0,0,5.036259537898358
250,16,14,18,5,380.772162619848,382.43247170487206,0.4150772712560098,4.560934450726455,0,0,4.560934450726455
250,16,14,18,6,381.1352581460403,382.5418512154047,0.3516482673410905,3.8639665626620947,0,0,3.863966562662096
250,16,14,18,7,380.906158254544,382.6079969214214,0.425459666719334,4.675017847792383,0,0,4.675017847792383
250,16,14,18,8,381.005793747672,382.4544339899951,0.3621600605807771,3.9794718028809206,0,0,3.9794718028809206
250,16,14,18,9,380.7577865393184,382.4529189338868,0.4237830986420903,4.656595453621413,0,0,4.656595453621413
250,16,14,18,10,380.93658486739855,382.55506994591184,0.404621269628322,4.446042257530071,0,0,4.446042257530071
250,16,14,18,11,380.4980062286349,382.59583158951006,0.5244563402188049,5.762808892830285,0,0,5.762808892830285
250,16,14,18,12,380.6360557319658,382.4538302271377,0.4544436237929687,4.993498134452028,0,0,4.993498134452029
250,16,14,18,13,380.83361281391166,382.75257869812,0.4797414710520939,5.271474865734419,0,0,5.27147486573442
250,16,14,18,14,380.8371205978604,382.54641818151816,0.4273243959144537,4.695507785970788,0,0,4.695507785970788
250,16,14,18,15,380.6475315013692,382.5474436974037,0.4749780490086266,5.219133633858102,0,0,5.219133633858102
250,16,14,18,16,380.8983122914002,382.6254678079304,0.4317888791325401,4.744564230936915,0,0,4.744564230936915
250,16,14,18,17,381.1136205472884,382.2071802254771,0.2733899195471707,3.0040515077371173,0,0,3.0040515077371177
250,16,14,18,18,380.7132847867377,382.48444639686863,0.4427904025327365,4.865450703314924,0,0,4.865450703314924
250,16,14,18,19,381.2144728498951,382.631872755975,0.3543499765199698,3.893653368765709,0,0,3.893653368765709
250,16,14,18,20,380.8701901440321,382.1477065498249,0.3193791014481917,3.5093878839216885,0,0,3.5093878839216885
250,16,14,18,21,380.71131425180215,382.6506053491565,0.4848227743385962,5.327309026790431,0,0,5.327309026790431
250,16,14,18,22,380.9555641635853,382.8273848729036,0.4679551773295856,5.141965213416662,0,0,5.141965213416662
250,16,14,18,23,381.0063208095971,382.6898647365017,0.4208859817261441,4.624761476517011,0,0,4.624761476517011
250,16,14,18,24,380.8578130630465,382.51601721054334,0.4145510368742151,4.555152104432663,0,0,4.555152104432664
250,16,14,18,25,380.8964629201756,382.58550600654905,0.4222607715933719,4.639867884172085,0,0,4.6398678841720855
250,16,14,18,26,380.9473210653684,382.4558031090323,0.3771205109159723,4.14385958813763,0,0,4.14385958813763
250,16,14,18,27,380.4270218750995,382.7316346412297,0.5761531915325406,6.330862039747774,0,0,6.330862039747774
250,16,14,18,28,380.4590256963633,382.4028988974162,0.4859683002632238,5.339896246124375,0,0,5.339896246124375
250,16,14,18,29,380.72272372631113,382.57205081857575,0.462331773066154,5.080174361419786,0,0,5.080174361419787
250,16,14,18,30,380.9533651261753,382.3665616561833,0.353299132502002,3.8821065291389907,0,0,3.882106529138991
250,16,14,18,31,380.5020366465449,382.6932040539846,0.5477918518599125,6.0192231711818724,0,0,6.019223171181872
250,16,14,18,32,381.0133356077239,382.3558610577876,0.3356313625159259,3.6879702890284003,0,0,3.6879702890284007
250,16,14,18,33,380.87034874503934,382.5307867226388,0.4151094943998572,4.5612885237077085,0,0,4.5612885237077085
250,16,14,18,34,380.8239059634511,382.2892842336673,0.3663445675540373,4.025451824759489,0,0,4.025451824759489
250,16,14,18,35,380.7073595939884,382.57650818289176,0.4672871472258464,5.134624793390659,0,0,5.134624793390659
250,16,14,18,36,381.0137136675893,382.87051246434027,0.4641996991877448,5.100699427929922,0,0,5.100699427929923
250,16,14,18,37,380.7475903631534,382.5684020719437,0.4552029271975755,5.001841479887797,0,0,5.001841479887797
250,16,14,18,38,380.27658968022376,382.5056082980371,0.557254654453331,6.123201936914208,0,0,6.123201936914208
250,16,14,18,39,380.9934313910537,382.62637682224033,0.4082363577966532,4.4857654158698725,0,0,4.485765415869873
250,18,16,20,0,381.63576495153296,383.03615962372834,0.3500986680488438,3.8469393215042187,0,0,3.8469393215042182
250,18,16,20,1,382.0267380417153,383.11457403550025,0.2719589984462516,2.9883283212429377,0,0,2.9883283212429377
250,18,16,20,2,382.1973983372725,382.9230157598594,0.1814043556467339,1.9932996395524594,0,0,1.99329963955246
250,18,16,20,3,381.991204210531,383.19890927919937,0.3019262671670901,3.3176133911998265,0,0,3.317613391199827
250,18,16,20,4,382.150938001282,382.907359921696,0.1891054801035068,2.0779208083722858,0,0,2.0779208083722858
250,18,16,20,5,381.88217559919593,383.237555978477,0.3388450948202717,3.723283285902331,0,0,3.723283285902331
250,18,16,20,6,381.8560518594023,383.2071360743735,0.3377710537428129,3.711481553331299,0,0,3.711481553331299
250,18,16,20,7,382.2262961804476,383.2819317614549,0.2639088952518307,2.8998725190732935,0,0,2.899872519073293
250,18,16,20,8,381.70633522458894,382.8978278512972,0.2978731566770562,3.273077174580067,0,0,3.2730771745800675
250,18,16,20,9,381.803165142046,383.2562414390312,0.363269074246304,3.99165781975947,0,0,3.991657819759471
250,18,16,20,10,381.830163454073,383.4040163171216,0.3934632157621536,4.323435803731061,0,0,4.323435803731061
250,18,16,20,11,381.904369299091,382.7655175036259,0.2152870511337283,2.3656080356794833,0,0,2.365608035679484
250,18,16,20,12,381.8961251010301,383.2677876422799,0.3429156353124369,3.7680110261315534,0,0,3.768011026131554
250,18,16,20,13,381.7857540410826,383.0609878349523,0.318808448467422,3.5031174590643444,0,0,3.503117459064345
250,18,16,20,14,381.94491109508857,383.0301508795383,0.2713099461124244,2.981196431942618,0,0,2.981196431942618
250,18,16,20,15,381.8479821468964,383.0555007103856,0.3018796408723005,3.317101054126847,0,0,3.3171010541268475
250,18,16,20,16,381.7742076852982,383.0581892471948,0.3209953904741383,3.527147922380224,0,0,3.527147922380224
250,18,16,20,17,381.68815369058063,383.2751293889031,0.3967439245806048,4.359484749093929,0,0,4.359484749093929
250,18,16,20,18,381.9091820051189,383.2979595444314,0.3471943848281427,3.81502659991414,0,0,3.81502659991414
250,18,16,20,19,381.9431111927343,383.0280196653589,0.2712271181561618,2.9802863053099107,0,0,2.980286305309911
250,18,16,20,20,381.7430488603793,383.3176277658271,0.3936447263619556,4.3254302707981305,0,0,4.3254302707981305
250,18,16,20,21,382.1202536284149,383.08833135531,0.2420194317237758,2.6593476452084244,0,0,2.659347645208425
250,18,16,20,22,381.7117829017581,383.2076038764505,0.3739552436730946,4.1090791329946335,0,0,4.109079132994634
250,18,16,20,23,382.2447276173642,383.3073350099513,0.2656518481467742,2.9190243600798764,0,0,2.9190243600798764
250,18,16,20,24,382.106102178598,383.0278650864647,0.230440726966691,2.532119013147753,0,0,2.532119013147754
250,18,16,20,25,382.1899871492528,383.4108198103656,0.3052081652782163,3.353675404697977,0,0,3.3536754046979773
250,18,16,20,26,381.5615575581362,383.24241804479817,0.4202151216654926,4.6173899604786035,0,0,4.617389960478604
250,18,16,20,27,381.87623795820383,383.3968414898941,0.3801508829225781,4.177157793172135,0,0,4.177157793172135
250,18,16,20,28,381.9113711624559,383.4000436169937,0.3721681136344443,4.0894418665730266,0,0,4.0894418665730266
250,18,16,20,29,381.3971790390153,383.09186091298,0.4236704684911672,4.655357855778531,0,0,4.655357855778531
250,18,16,20,30,381.785683209673,383.0895546558392,0.3259678615415424,3.581786217866599,0,0,3.5817862178666
250,18,16,20,31,382.1961359494522,383.25994323732095,0.2659518219671923,2.922320519678596,0,0,2.9223205196785966
250,18,16,20,32,382.2153089594068,383.07760694133634,0.2155744954823859,2.3687665194685184,0,0,2.368766519468519
250,18,16,20,33,381.8005833145973,383.00077449560393,0.3000477952516576,3.2969724458455,0,0,3.2969724458455
250,18,16,20,34,381.8159029065173,383.1322644542486,0.3290903869328332,3.616097018810509,0,0,3.616097018810509
250,18,16,20,35,381.5218395002988,383.3648726077469,0.4607582768620375,5.062884537229399,0,0,5.062884537229399
250,18,16,20,36,381.87006847673473,383.2486724554765,0.3446509946854519,3.7870794283228495,0,0,3.7870794283228495
250,18,16,20,37,382.04009224966165,383.01382451950985,0.2434330674620497,2.674880897414602,0,0,2.6748808974146026
250,18,16,20,38,381.9220982920694,383.1931037467951,0.317751363681424,3.4915020448952956,0,0,3.491502044895296
250,18,16,20,39,381.9564192334256,382.91629865589294,0.2399698556168488,2.63682658004101,0,0,2.63682658004101
250,20,18,22,0,382.78431016285833,383.4963636661232,0.1780133758162065,1.9560390189360346,0,0,1.9560390189360355
250,20,18,22,1,382.25146267608255,383.5685781135384,0.329278859363967,3.6181679835770675,0,0,3.618167983577068
250,20,18,22,2,382.8685285800569,383.7867877203927,0.2295647850839373,2.522494025738068,0,0,2.522494025738068
250,20,18,22,3,382.72300136024967,383.5976779036802,0.2186691358576382,2.4027709154629973,0,0,2.402770915462998
250,20,18,22,4,382.5732617737833,383.6751273113032,0.2754663843799676,3.0268680304606277,0,0,3.026868030460628
250,20,18,22,5,382.43247170487206,383.4074353457689,0.2437409102242043,2.6782635221848503,0,0,2.6782635221848503
250,20,18,22,6,382.5418512154047,383.7257950743981,0.295985964748354,3.252340412346121,0,0,3.252340412346121
250,20,18,22,7,382.6079969214214,383.50337459926817,0.2238444194616988,2.459637747054654,0,0,2.4596377470546544
250,20,18,22,8,382.4544339899951,383.3380667438312,0.2209081884590347,2.42737397820309,0,0,2.42737397820309
250,20,18,22,9,382.4529189338868,383.5169083971055,0.2659973658046795,2.9228209625401984,0,0,2.9228209625401984
250,20,18,22,10,382.55506994591184,383.6904893051188,0.2838548398017479,3.119041700210864,0,0,3.119041700210865
250,20,18,22,11,382.59583158951006,383.589108539781,0.2483192375677418,2.7285709043372304,0,0,2.7285709043372317
250,20,18,22,12,382.4538302271377,383.2671566387819,0.2033316029110494,2.2342396870640733,0,0,2.2342396870640737
250,20,18,22,13,382.75257869812,383.44236285542456,0.1724460393261324,1.8948642484661187,0,0,1.8948642484661196
250,20,18,22,14,382.54641818151816,383.53690489133606,0.2476216774544752,2.7209060039141764,0,0,2.7209060039141773
250,20,18,22,15,382.5474436974037,383.3431583551994,0.1989286644489283,2.185859505572683,0,0,2.185859505572683
250,20,18,22,16,382.6254678079304,383.52056149553823,0.2237734219019671,2.458857614682872,0,0,2.458857614682872
250,20,18,22,17,382.2071802254771,383.76973787689775,0.3906394128551653,4.2924074125074885,0,0,4.292407412507489
250,20,18,22,18,382.48444639686863,383.3761443431093,0.2229244865601742,2.4495293794000625,0,0,2.4495293794000634
250,20,18,22,19,382.631872755975,383.44682923071554,0.2037391186851351,2.238717534592601,0,0,2.238717534592602
250,20,18,22,20,382.1477065498249,383.5655775408584,0.3544677477583775,3.894947457687835,0,0,3.894947457687835
250,20,18,22,21,382.6506053491565,383.82502797560267,0.2936056566115326,3.226185211528399,0,0,3.226185211528399
250,20,18,22,22,382.8273848729036,383.5165697659857,0.1722962232705214,1.8932180460439998,0,0,1.893218046044
250,20,18,22,23,382.6898647365017,383.5468992114159,0.214258618728536,2.354307458384823,0,0,2.354307458384824
250,20,18,22,24,382.51601721054334,383.7526732321699,0.3091640054066431,3.3971427992597474,0,0,3.3971427992597474
250,20,18,22,25,382.58550600654905,383.6239184924032,0.2596031214635417,2.85255999832597,0,0,2.85255999832597
250,20,18,22,26,382.4558031090323,383.48921282871225,0.2583524299199951,2.83881720260282,0,0,2.83881720260282
250,20,18,22,27,382.7316346412297,383.41642933038815,0.1711986722896199,1.8811579829500253,0,0,1.8811579829500256
250,20,18,22,28,382.4028988974162,383.5625052789644,0.2899015953870503,3.1854844032301735,0,0,3.185484403230173
250,20,18,22,29,382.57205081857575,383.7302310000344,0.2895450453646475,3.1815665754106366,0,0,3.181566575410637
250,20,18,22,30,382.3665616561833,383.86095868644526,0.3735992575654876,4.105167501559717,0,0,4.105167501559717
250,20,18,22,31,382.6932040539846,383.5964244853306,0.2258051078365071,2.481182099817555,0,0,2.481182099817555
250,20,18,22,32,382.3558610577876,383.5219667902679,0.2915264331200831,3.2033383762289955,0,0,3.2033383762289955
250,20,18,22,33,382.5307867226388,383.27626149843786,0.1863686939497739,2.047848570942709,0,0,2.047848570942709
250,20,18,22,34,382.2892842336673,383.88647478606816,0.3992976381002222,4.3875453555773065,0,0,4.3875453555773065
250,20,18,22,35,382.57650818289176,383.3933556962601,0.2042118783420932,2.243912292185107,0,0,2.243912292185107
250,20,18,22,36,382.87051246434027,383.6078757411872,0.1843408192117266,2.0255659638355294,0,0,2.025565963835529
250,20,18,22,37,382.5684020719437,383.7912552720696,0.3057133000314707,3.3592259049491844,0,0,3.3592259049491844
250,20,18,22,38,382.5056082980371,383.5175894681272,0.2529952925225132,2.779952132878537,0,0,2.779952132878537
250,20,18,22,39,382.62637682224033,383.6676672569234,0.2603226086707764,2.860465837112093,0,0,2.860465837112093
250,22,20,24,0,383.03615962372834,384.1299983728401,0.2734596872779349,3.004818126554449,0,0,3.004818126554449
250,22,20,24,1,383.11457403550025,384.06415576845546,0.2373954332388024,2.608538421358597,0,0,2.608538421358597
250,22,20,24,2,382.9230157598594,383.8187143828711,0.2239246557529242,2.460519396063623,0,0,2.460519396063623
250,22,20,24,3,383.19890927919937,384.0761218497224,0.2193031426307499,2.4097374817717934,0,0,2.4097374817717934
250,22,20,24,4,382.907359921696,384.0897327054458,0.2955931959374567,3.2480246067724465,0,0,3.2480246067724465
250,22,20,24,5,383.237555978477,383.8893984092513,0.1629606076935772,1.7906368312866119,0,0,1.790636831286612
250,22,20,24,6,383.2071360743735,384.25777261973263,0.2626591363397779,2.8861399712519304,0,0,2.8861399712519304
250,22,20,24,7,383.2819317614549,384.1997963308434,0.2294661423471353,2.521410123805224,0,0,2.521410123805224
250,22,20,24,8,382.8978278512972,384.0044149997301,0.2766467871082341,3.03983848160769,0,0,3.03983848160769
250,22,20,24,9,383.2562414390312,383.9806162484503,0.1810937023547723,1.9898861322379011,0,0,1.989886132237901
250,22,20,24,10,383.4040163171216,384.0372228808423,0.1583016409301763,1.7394433704842767,0,0,1.7394433704842769
250,22,20,24,11,382.7655175036259,383.8298293929413,0.26607797232883,2.923706679726878,0,0,2.923706679726878
250,22,20,24,12,383.2677876422799,383.8193894585644,0.1379004540711292,1.5152719151319414,0,0,1.5152719151319425
250,22,20,24,13,383.0609878349523,383.6851842957282,0.15604911519398,1.7146922628163526,0,0,1.7146922628163528
250,22,20,24,14,383.0301508795383,383.7769744243601,0.1867058862054449,2.0515536925716393,0,0,2.0515536925716398
250,22,20,24,15,383.0555007103856,384.0203984840554,0.2412244434174653,2.6506121884506877,0,0,2.650612188450688
250,22,20,24,16,383.0581892471948,383.7821591706751,0.1809924808700742,1.9887738946169005,0,0,1.988773894616901
250,22,20,24,17,383.2751293889031,383.8213194961327,0.136547526807405,1.5004057372085522,0,0,1.5004057372085522
250,22,20,24,18,383.2979595444314,383.8647291790653,0.1416924086584714,1.5569385095486044,0,0,1.5569385095486046
250,22,20,24,19,383.0280196653589,383.9199205643554,0.2229752247491347,2.4500868986140083,0,0,2.450086898614009
250,22,20,24,20,383.3176277658271,383.732707750316,0.1037699961222244,1.140241066039222,0,0,1.1402410660392228
250,22,20,24,21,383.08833135531,384.2196190396746,0.2828219210911697,3.1076918266858202,0,0,3.107691826685821
250,22,20,24,22,383.2076038764505,383.8220483224603,0.1536111115024567,1.687903094153806,0,0,1.687903094153807
250,22,20,24,23,383.3073350099513,383.94641955623246,0.1597711365702849,1.7555904200923722,0,0,1.7555904200923729
250,22,20,24,24,383.0278650864647,383.9168414653016,0.2222440947092252,2.442053126548162,0,0,2.442053126548162
250,22,20,24,25,383.4108198103656,383.66214603897686,0.0628315571528048,0.6904030489163202,0,0,0.6904030489163208
250,22,20,24,26,383.24241804479817,383.7158379613008,0.1183549791256552,1.3005031571007646,0,0,1.3005031571007657
250,22,20,24,27,383.3968414898941,383.9511991328002,0.1385894107265102,1.5228422794043,0,0,1.5228422794043
250,22,20,24,28,383.4000436169937,384.023976760504,0.1559832858775678,1.713968919916406,0,0,1.7139689199164063
250,22,20,24,29,383.09186091298,383.8219704075909,0.1825273736527322,2.00563953833045,0,0,2.00563953833045
250,22,20,24,30,383.0895546558392,383.97393957420775,0.221096229592149,2.4294402037990603,0,0,2.4294402037990603
250,22,20,24,31,383.25994323732095,383.891916439446,0.1579933005312597,1.7360552776028864,0,0,1.7360552776028864
250,22,20,24,32,383.07760694133634,383.8669806970853,0.1973434389372244,2.168440797902608,0,0,2.168440797902608
250,22,20,24,33,383.00077449560393,384.10708341913175,0.2765772308819549,3.039074186834962,0,0,3.0390741868349624
250,22,20,24,34,383.1322644542486,383.9712042329888,0.2097349446850529,2.3046006153039027,0,0,2.304600615303903
250,22,20,24,35,383.3648726077469,383.7334909819653,0.0921545935545822,1.012609192654517,0,0,1.012609192654517
250,22,20,24,36,383.2486724554765,383.8347041870729,0.1465079328990839,1.609852248575696,0,0,1.6098522485756963
250,22,20,24,37,383.01382451950985,383.8176022433149,0.2009444309512673,2.208009065478284,0,0,2.208009065478284
250,22,20,24,38,383.1931037467951,383.76699515076336,0.1434728509920688,1.5765022904134631,0,0,1.5765022904134638
250,22,20,24,39,382.91629865589294,383.85143551524885,0.2337842148389768,2.568857784644805,0,0,2.568857784644805
250,24,22,26,0,383.4963636661232,384.0408253476745,0.1361154203878385,1.4956576837932993,0,0,1.4956576837932998
250,24,22,26,1,383.5685781135384,384.0632409893767,0.1236657189595717,1.3588584030867958,0,0,1.358858403086797
250,24,22,26,2,383.7867877203927,384.1326261595361,0.0864596097858481,0.9500318137762432,0,0,0.9500318137762432
250,24,22,26,3,383.5976779036802,384.0437658884275,0.1115219961868234,1.225421264053139,0,0,1.2254212640531397
250,24,22,26,4,383.6751273113032,384.0622562607801,0.0967822373692257,1.06345847196107,0,0,1.063458471961071
250,24,22,26,5,383.4074353457689,384.2646904051212,0.2143137648380815,2.3549134125246116,0,0,2.354913412524612
250,24,22,26,6,383.7257950743981,384.1297379868472,0.1009857281122634,1.1096470904927884,0,0,1.109647090492789
250,24,22,26,7,383.50337459926817,384.1276019062044,0.1560568267340443,1.714776998433509,0,0,1.714776998433509
250,24,22,26,8,383.3380667438312,384.1863968555633,0.2120825279330205,2.3303962298871927,0,0,2.3303962298871927
250,24,22,26,9,383.5169083971055,384.35989584725326,0.2107468625369364,2.3157197280849875,0,0,2.315719728084988
250,24,22,26,10,383.6904893051188,384.0352386419336,0.0861873342037,0.9470400067834077,0,0,0.9470400067834084
250,24,22,26,11,383.589108539781,384.0819470739602,0.1232096335448034,1.3538468646944477,0,0,1.353846864694448
250,24,22,26,12,383.2671566387819,384.2685155829925,0.2503397360526378,2.7507724600126773,0,0,2.7507724600126773
250,24,22,26,13,383.44236285542456,384.34220989617927,0.2249617601886768,2.4719152629963315,0,0,2.471915262996332
250,24,22,26,14,383.53690489133606,384.2005061890122,0.1659003244190415,1.8229389018094695,0,0,1.82293890180947
250,24,22,26,15,383.3431583551994,384.3408738498805,0.2494288736702685,2.7407637606515967,0,0,2.740763760651597
250,24,22,26,16,383.52056149553823,383.8068235480009,0.0715655131156722,0.7863731330445846,0,0,0.7863731330445853
250,24,22,26,17,383.76973787689775,384.2400191605656,0.117570320916954,1.2918812090830345,0,0,1.2918812090830354
250,24,22,26,18,383.3761443431093,384.2711453842783,0.2237502602922347,2.4586031112660907,0,0,2.4586031112660915
250,24,22,26,19,383.44682923071554,384.0005105717341,0.1384203352546364,1.5209844514820225,0,0,1.5209844514820237
250,24,22,26,20,383.5655775408584,383.77714834622094,0.0528927013406388,0.5811933354156452,0,0,0.5811933354156456
250,24,22,26,21,383.82502797560267,384.3312686081009,0.1265601581245619,1.3906629566418216,0,0,1.3906629566418216
250,24,22,26,22,383.5165697659857,383.6435439496738,0.0317435459220263,0.34880308369062685,0,0,0.3488030836906272
250,24,22,26,23,383.5468992114159,384.23988150077,0.1732455723385442,1.9036496431705012,0,0,1.9036496431705008
250,24,22,26,24,383.7526732321699,384.3795548118246,0.1567203949136768,1.7220683901344656,0,0,1.7220683901344658
250,24,22,26,25,383.6239184924032,384.23754827334704,0.1534074452359561,1.6856651771304945,0,0,1.6856651771304954
250,24,22,26,26,383.48921282871225,384.5717182418697,0.2706263532893587,2.973685006304795,0,0,2.973685006304795
250,24,22,26,27,383.41642933038815,384.19135664783374,0.193731829361397,2.1287558628852796,0,0,2.12875586288528
250,24,22,26,28,383.5625052789644,384.3839845628461,0.205369820970418,2.25663594821549,0,0,2.25663594821549
250,24,22,26,29,383.7302310000344,384.2322486126855,0.125504403162779,1.3790621547907582,0,0,1.3790621547907582
250,24,22,26,30,383.86095868644526,384.351242593895,0.1225709768624341,1.3468292044501502,0,0,1.3468292044501504
250,24,22,26,31,383.5964244853306,384.0082788691669,0.1029635959590677,1.1313802140005558,0,0,1.1313802140005569
250,24,22,26,32,383.5219667902679,383.933351073679,0.1028460708527632,1.1300888296167577,0,0,1.1300888296167575
250,24,22,26,33,383.27626149843786,384.06063208876185,0.1960926475809969,2.154696905421995,0,0,2.154696905421996
250,24,22,26,34,383.88647478606816,384.3686357162738,0.1205402325514199,1.324515066023118,0,0,1.3245150660231189
250,24,22,26,35,383.3933556962601,384.2121943010847,0.2047096512061301,2.24938189883775,0,0,2.2493818988377505
250,24,22,26,36,383.6078757411872,384.24094040836616,0.1582661667947462,1.7390535750953284,0,0,1.739053575095329
250,24,22,26,37,383.7912552720696,384.24081023814654,0.1123887415192399,1.2349451983188302,0,0,1.2349451983188309
250,24,22,26,38,383.5175894681272,384.52832735013993,0.2526844705031976,2.7765367715612306,0,0,2.776536771561231
250,24,22,26,39,383.6676672569234,384.2188879940658,0.1378051842855967,1.5142250757190447,0,0,1.514225075719045
250,26,24,28,0,384.1299983728401,384.04876862542056,-0.0203074368548783,-0.22314131553649963,0,0,-0.2231413155365001
250,26,24,28,1,384.06415576845546,384.34320170603735,0.069761484395471,0.7665501812477593,0,0,0.7665501812477596
250,26,24,28,2,383.8187143828711,384.6055876869386,0.1967183260168781,2.161571958649198,0,0,2.161571958649198
250,26,24,28,3,384.0761218497224,384.40448839394287,0.0820916360551251,0.9020358302620429,0,0,0.9020358302620436
250,26,24,28,4,384.0897327054458,384.6252818114749,0.1338872765072665,1.4711744877962625,0,0,1.4711744877962625
250,26,24,28,5,383.8893984092513,384.25034787507553,0.0902373664560514,0.9915423992425451,0,0,0.9915423992425452
250,26,24,28,6,384.25777261973263,384.5267312693105,0.0672396623944706,0.7388400037953577,0,0,0.7388400037953584
250,26,24,28,7,384.1997963308434,384.5180636316936,0.0795668252125381,0.874292810947405,0,0,0.874292810947405
250,26,24,28,8,384.0044149997301,384.1521477104084,0.0369331776695815,0.40582757494350835,0,0,0.4058275749435094
250,26,24,28,9,383.9806162484503,384.37634377796894,0.0989318823796594,1.0870791100057684,0,0,1.0870791100057688
250,26,24,28,10,384.0372228808423,384.1854033382827,0.0370451143600973,0.40705755293418217,0,0,0.407057552934183
250,26,24,28,11,383.8298293929413,384.1344806460887,0.0761628132868708,0.836888991616416,0,0,0.836888991616416
250,26,24,28,12,383.8193894585644,384.3000586099673,0.1201672878507338,1.3204170908956723,0,0,1.3204170908956727
250,26,24,28,13,383.6851842957282,384.35103029823085,0.1664615006256582,1.8291051943793832,0,0,1.829105194379384
250,26,24,28,14,383.7769744243601,384.366484061223,0.1473774092157356,1.6194061913264222,0,0,1.6194061913264222
250,26,24,28,15,384.0203984840554,384.3970335395591,0.0941587638759244,1.0346313318963818,0,0,1.034631331896383
250,26,24,28,16,383.7821591706751,384.1570475819264,0.0937221028128192,1.0298332313403555,0,0,1.029833231340356
250,26,24,28,17,383.8213194961327,384.2334582738349,0.1030346944255597,1.1321614551517174,0,0,1.1321614551517185
250,26,24,28,18,383.8647291790653,384.2760139928648,0.1028212034498636,1.129815582675913,0,0,1.1298155826759138
250,26,24,28,19,383.9199205643554,384.4352656687181,0.1288362760906523,1.4156732994487065,0,0,1.4156732994487065
250,26,24,28,20,383.732707750316,384.3108214635363,0.1445284283050796,1.5881011402318306,0,0,1.5881011402318308
250,26,24,28,21,384.2196190396746,384.0913422621801,-0.0320691943736335,-0.3523813601818129,0,0,-0.3523813601818132
250,26,24,28,22,383.8220483224603,384.2360040770967,0.1034889386590833,1.1371527623544764,0,0,1.1371527623544773
250,26,24,28,23,383.94641955623246,384.2977881255004,0.0878421423169726,0.9652232990420472,0,0,0.9652232990420476
250,26,24,28,24,383.9168414653016,384.572127392326,0.1638214817560879,1.8000962511135774,0,0,1.8000962511135774
250,26,24,28,25,383.66214603897686,384.11460419200586,0.1131145382572498,1.2429203672231584,0,0,1.2429203672231586
250,26,24,28,26,383.7158379613008,384.3358276861496,0.1549974312122088,1.7031361935350284,0,0,1.703136193535029
250,26,24,28,27,383.9511991328002,384.2779790721248,0.0816949848311594,0.8976773641219103,0,0,0.8976773641219108
250,26,24,28,28,384.023976760504,384.3770732047852,0.0882741110703051,0.9699698397590318,0,0,0.9699698397590324
250,26,24,28,29,383.8219704075909,384.3115718510872,0.1224003608740531,1.344954449089788,0,0,1.344954449089789
250,26,24,28,30,383.97393957420775,384.2392800214121,0.066335111801095,0.7289006593661436,0,0,0.7289006593661445
250,26,24,28,31,383.891916439446,384.33962227616894,0.1119264591807365,1.2298655671521743,0,0,1.2298655671521743
250,26,24,28,32,383.8669806970853,384.6070030925666,0.1850055988703332,2.032870667458318,0,0,2.032870667458318
250,26,24,28,33,384.10708341913175,384.524495209991,0.1043529477148155,1.1466466299808686,0,0,1.1466466299808686
250,26,24,28,34,383.9712042329888,384.4174544776654,0.1115625611691371,1.2258669984696917,0,0,1.2258669984696915
250,26,24,28,35,383.7334909819653,384.68965780519954,0.2390417058085745,2.626627923720504,0,0,2.626627923720505
250,26,24,28,36,383.8347041870729,384.435231634126,0.1501318617632847,1.649672549874538,0,0,1.6496725498745384
250,26,24,28,37,383.8176022433149,384.4299258807585,0.1530809093608951,1.6820771494905875,0,0,1.6820771494905875
250,26,24,28,38,383.76699515076336,384.3535024591444,0.1466268270952611,1.6111586767347112,0,0,1.6111586767347112
250,26,24,28,39,383.85143551524885,384.0719194036618,0.0551209721032392,0.6056779256124001,0,0,0.6056779256124012
250,28,26,30,0,384.0408253476745,384.7129921462901,0.1680416996538838,1.8464686702570912,0,0,1.846468670257092
250,28,26,30,1,384.0632409893767,384.5519361724022,0.1221737957563675,1.3424649158820114,0,0,1.342464915882012
250,28,26,30,2,384.1326261595361,384.2600367576511,0.0318526495287443,0.35000193131018664,0,0,0.350001931310187
250,28,26,30,3,384.0437658884275,384.24936651599,0.0514001568906223,0.5647930218530117,0,0,0.5647930218530126
250,28,26,30,4,384.0622562607801,384.62575322110126,0.1408742400802936,1.547948344311608,0,0,1.547948344311608
250,28,26,30,5,384.2646904051212,384.4997643799032,0.0587684936954957,0.6457574675240807,0,0,0.6457574675240813
250,28,26,30,6,384.1297379868472,384.3860863086795,0.0640870804580941,0.7041989367987285,0,0,0.7041989367987295
250,28,26,30,7,384.1276019062044,384.4262468806264,0.0746612436055187,0.8203895073899692,0,0,0.8203895073899695
250,28,26,30,8,384.1863968555633,384.3822463132017,0.0489623644096042,0.5380061740047717,0,0,0.5380061740047719
250,28,26,30,9,384.35989584725326,384.8026775143772,0.1106954167809846,1.2163386793167033,0,0,1.2163386793167033
250,28,26,30,10,384.0352386419336,384.4825949316621,0.1118390724321187,1.2289053477908447,0,0,1.2289053477908454
250,28,26,30,11,384.0819470739602,384.74631253915743,0.1660913662992982,1.8250381000877987,0,0,1.825038100087799
250,28,26,30,12,384.2685155829925,384.5766222957632,0.0770266781926807,0.8463812753007516,0,0,0.8463812753007517
250,28,26,30,13,384.34220989617927,384.5049002863273,0.0406725975370108,0.4469169095810823,0,0,0.4469169095810823
250,28,26,30,14,384.2005061890122,384.79556764920346,0.148765365047808,1.634657268677466,0,0,1.6346572686774663
250,28,26,30,15,384.3408738498805,384.1887968601884,-0.0380192474230227,-0.41776148050131656,0,0,-0.4177614805013172
250,28,26,30,16,383.8068235480009,384.763554385153,0.2391827092880305,2.6281772921674373,0,0,2.628177292167438
250,28,26,30,17,384.2400191605656,384.6596638167943,0.1049111640571851,1.1527803990961178,0,0,1.1527803990961183
250,28,26,30,18,384.2711453842783,384.43656386047405,0.0413546190489455,0.4544110694046419,0,0,0.4544110694046424
250,28,26,30,19,384.0005105717341,384.4791110717604,0.1196501250065864,1.314734424086743,0,0,1.3147344240867431
250,28,26,30,20,383.77714834622094,384.5175186491303,0.1850925757273387,2.0338263828660343,0,0,2.033826382866035
250,28,26,30,21,384.3312686081009,384.6773502931059,0.0865204212512509,0.9507000197387512,0,0,0.9507000197387516
250,28,26,30,22,383.6435439496738,384.608986518252,0.2413606421445422,2.652108761521505,0,0,2.652108761521505
250,28,26,30,23,384.23988150077,384.480530787214,0.0601623216109885,0.6610730682528771,0,0,0.6610730682528777
250,28,26,30,24,384.3795548118246,384.6872949821954,0.0769350425926944,0.8453743688911912,0,0,0.8453743688911918
250,28,26,30,25,384.23754827334704,384.372166751657,0.03365461957749,0.3698022621007213,0,0,0.3698022621007219
250,28,26,30,26,384.5717182418697,384.5240626585818,-0.0119138958219764,-0.1309117642900361,0,0,-0.1309117642900365
250,28,26,30,27,384.19135664783374,384.464766861868,0.0683525535085749,0.7510686266897562,0,0,0.7510686266897566
250,28,26,30,28,384.3839845628461,384.3815151594208,-0.0006173508563307,-0.006783548471117112,0,0,-0.0067835484711176
250,28,26,30,29,384.2322486126855,384.9110356157429,0.1696967507643592,1.8646546326072786,0,0,1.8646546326072784
250,28,26,30,30,384.351242593895,384.4392155806588,0.0219932466909398,0.24166525960937105,0,0,0.2416652596093713
250,28,26,30,31,384.0082788691669,384.2842387315846,0.0689899656044303,0.758072611221358,0,0,0.758072611221359
250,28,26,30,32,383.933351073679,384.7186818209023,0.1963326868058175,2.157334494241776,0,0,2.157334494241776
250,28,26,30,33,384.06063208876185,384.4358395638415,0.0938018687699155,1.0307097122438145,0,0,1.0307097122438154
250,28,26,30,34,384.3686357162738,384.570739573849,0.0505259643937989,0.5551872569715393,0,0,0.55518725697154
250,28,26,30,35,384.2121943010847,384.2769314729271,0.0161842929606166,0.1778355608375344,0,0,0.1778355608375347
250,28,26,30,36,384.24094040836616,384.54722395008326,0.0765708854292768,0.8413729526077017,0,0,0.8413729526077018
250,28,26,30,37,384.24081023814654,384.44983158448224,0.0522553365839257,0.5741898710539969,0,0,0.5741898710539979
250,28,26,30,38,384.52832735013993,384.5806022413092,0.0130687227923118,0.14360118497956878,0,0,0.1436011849795694
250,28,26,30,39,384.2188879940658,384.3273085561955,0.0271051405324129,0.29783555450285104,0,0,0.2978355545028519
250,30,28,32,0,384.04876862542056,384.8712995667081,0.2056327353218705,2.259524892530609,0,0,2.2595248925306093
250,30,28,32,1,384.34320170603735,384.91137259115095,0.1420427212784005,1.5607877998070763,0,0,1.560787799807077
250,30,28,32,2,384.6055876869386,384.6556431590575,0.0125138680297141,0.13750435343245995,0,0,0.1375043534324599
250,30,28,32,3,384.40448839394287,384.806925336293,0.1006092355875267,1.1055101313157258,0,0,1.1055101313157267
250,30,28,32,4,384.6252818114749,384.5043626138483,-0.0302297994066549,-0.33216979849355266,0,0,-0.332169798493553
250,30,28,32,5,384.25034787507553,384.7917178693767,0.1353424985752838,1.4871646971454606,0,0,1.4871646971454606
250,30,28,32,6,384.5267312693105,384.8625306103195,0.0839498352522412,0.9224540157936034,0,0,0.9224540157936034
250,30,28,32,7,384.5180636316936,384.6080037230639,0.0224850228425737,0.24706897344136577,0,0,0.2470689734413657
250,30,28,32,8,384.1521477104084,384.8222971814585,0.1675373677625202,1.840926991978828,0,0,1.8409269919788285
250,30,28,32,9,384.37634377796894,384.3082938468034,-0.0170124827913866,-0.18693584117683162,0,0,-0.1869358411768324
250,30,28,32,10,384.1854033382827,384.73338646151234,0.1369957808074104,1.50533122278167,0,0,1.5053312227816709
250,30,28,32,11,384.1344806460887,384.6981808668604,0.1409250551929091,1.5485067087747941,0,0,1.548506708774794
250,30,28,32,12,384.3000586099673,384.808757462279,0.1271747130779204,1.397415783290594,0,0,1.397415783290594
250,30,28,32,13,384.35103029823085,384.6455883584344,0.0736395150508855,0.809162593061424,0,0,0.809162593061424
250,30,28,32,14,384.366484061223,384.704843534361,0.0845898682845103,0.9294867995874397,0,0,0.92948679958744
250,30,28,32,15,384.3970335395591,384.4141442584237,0.0042776797161394,0.0470038186564075,0,0,0.0470038186564081
250,30,28,32,16,384.1570475819264,384.7392630664769,0.1455538711376363,1.5993688676313724,0,0,1.5993688676313724
250,30,28,32,17,384.2334582738349,384.7247146183668,0.1228140861329762,1.3495005274159952,0,0,1.349500527415996
250,30,28,32,18,384.2760139928648,384.7931802833168,0.129291572612999,1.4206761693668386,0,0,1.420676169366839
250,30,28,32,19,384.4352656687181,384.4468271738047,0.002890376271651,0.0317599098429181,0,0,0.0317599098429181
250,30,28,32,20,384.3108214635363,384.48930804024735,0.0446216441777664,0.49030965623002815,0,0,0.490309656230029
250,30,28,32,21,384.0913422621801,384.7572323927999,0.1664725326549501,1.8292264160553053,0,0,1.8292264160553051
250,30,28,32,22,384.2360040770967,384.6742120607156,0.1095519959047379,1.2037745905860127,0,0,1.2037745905860135
250,30,28,32,23,384.2977881255004,384.4765484555637,0.0446900825158422,0.4910616674710577,0,0,0.4910616674710585
250,30,28,32,24,384.572127392326,385.0136554652217,0.1103820182239303,1.2128950065967983,0,0,1.212895006596799
250,30,28,32,25,384.11460419200586,384.43275040028186,0.0795365520690012,0.8739601648767795,0,0,0.8739601648767799
250,30,28,32,26,384.3358276861496,384.6480840001347,0.0780640784962685,0.8577803932758462,0,0,0.8577803932758464
250,30,28,32,27,384.2779790721248,384.5130259803364,0.0587617270528966,0.6456831145891377,0,0,0.645683114589138
250,30,28,32,28,384.3770732047852,384.4594712542163,0.0205995123577764,0.22635068717795373,0,0,0.2263506871779544
250,30,28,32,29,384.3115718510872,384.67712782873485,0.091388994411929,1.0041966686572203,0,0,1.0041966686572208
250,30,28,32,30,384.2392800214121,384.5114919072535,0.0680529714603466,0.7477767719455803,0,0,0.7477767719455805
250,30,28,32,31,384.33962227616894,384.48158607289554,0.0354909491816499,0.389980141099391,0,0,0.3899801410993918
250,30,28,32,32,384.6070030925666,384.6530657623039,0.0115156674343239,0.12653596802683553,0,0,0.1265359680268363
250,30,28,32,33,384.524495209991,384.8368648817063,0.0780924179288149,0.8580917914254578,0,0,0.8580917914254582
250,30,28,32,34,384.4174544776654,384.56618539617887,0.0371827296283697,0.4085696911828275,0,0,0.4085696911828282
250,30,28,32,35,384.68965780519954,384.4847514522577,-0.0512265882354654,-0.5628858221249324,0,0,-0.5628858221249329
250,30,28,32,36,384.435231634126,384.6660338873359,0.0577005633024612,0.6340228801162225,0,0,0.6340228801162227
250,30,28,32,37,384.4299258807585,384.8781623807448,0.1120591249965627,1.2313233200375697,0,0,1.2313233200375706
250,30,28,32,38,384.3535024591444,384.7945296685618,0.1102568023543568,1.2115191148945441,0,0,1.2115191148945448
250,30,28,32,39,384.0719194036618,384.64072472603146,0.1422013305924139,1.562530623937872,0,0,1.562530623937872
250,32,30,34,0,384.7129921462901,384.6383178735346,-0.0186685681888576,-0.20513316843547547,0,0,-0.205133168435476
250,32,30,34,1,384.5519361724022,384.7383979850933,0.0466154531727767,0.5122179435857624,0,0,0.5122179435857627
250,32,30,34,2,384.2600367576511,384.8348601214475,0.1437058409491101,1.5790624207682942,0,0,1.5790624207682942
250,32,30,34,3,384.24936651599,384.6402399063494,0.0977183475898471,1.0737445985465845,0,0,1.0737445985465843
250,32,30,34,4,384.62575322110126,385.0125580064533,0.0967011963380173,1.0625679803423835,0,0,1.0625679803423838
250,32,30,34,5,384.4997643799032,384.89804957053497,0.0995712976579454,1.0941051058215132,0,0,1.094105105821514
250,32,30,34,6,384.3860863086795,384.7630092502761,0.0942307353991509,1.0354221663324898,0,0,1.0354221663324903
250,32,30,34,7,384.4262468806264,384.6974789274186,0.0678080116980481,0.7450851154847767,0,0,0.7450851154847775
250,32,30,34,8,384.3822463132017,384.93286976928425,0.1376558640206298,1.5125843211226333,0,0,1.5125843211226333
250,32,30,34,9,384.8026775143772,384.48784612919184,-0.0787078462963393,-0.864854215286689,0,0,-0.8648542152866892
250,32,30,34,10,384.4825949316621,384.8243976573711,0.0854506814272468,0.9389455500183287,0,0,0.9389455500183296
250,32,30,34,11,384.74631253915743,384.7577067577244,0.00284855464173,0.031300367184475174,0,0,0.0313003671844758
250,32,30,34,12,384.5766222957632,384.7324169206882,0.0389486562312555,0.42797397091171796,0,0,0.4279739709117184
250,32,30,34,13,384.5049002863273,384.8633352018824,0.0896087288887628,0.9846348306132353,0,0,0.9846348306132356
250,32,30,34,14,384.79556764920346,384.93235983293846,0.0341980459337492,0.37577351651847196,0,0,0.3757735165184719
250,32,30,34,15,384.1887968601884,384.8774518297776,0.1721637423973021,1.891762325337106,0,0,1.8917623253371068
250,32,30,34,16,384.763554385153,384.7225617874997,-0.0102481494133286,-0.11260828031851856,0,0,-0.1126082803185189
250,32,30,34,17,384.6596638167943,384.7534664519334,0.0234506587847675,0.2576795333072058,0,0,0.2576795333072068
250,32,30,34,18,384.43656386047405,384.7274104525714,0.0727116480243381,0.7989670439910848,0,0,0.7989670439910854
250,32,30,34,19,384.4791110717604,385.0777793873947,0.1496670789085641,1.6445654426417387,0,0,1.6445654426417389
250,32,30,34,20,384.5175186491303,384.4416864032505,-0.0189580614699451,-0.2083141662168535,0,0,-0.2083141662168542
250,32,30,34,21,384.6773502931059,384.8543008802413,0.0442376467838414,0.48609023236795523,0,0,0.4860902323679558
250,32,30,34,22,384.608986518252,384.74607184710544,0.0342713322133647,0.37657879770491826,0,0,0.3765787977049188
250,32,30,34,23,384.480530787214,384.7670653061277,0.0716336297284385,0.7871216091172263,0,0,0.7871216091172271
250,32,30,34,24,384.6872949821954,385.0566511067847,0.0923390311473326,1.014635821981242,0,0,1.0146358219812426
250,32,30,34,25,384.372166751657,384.81058430978175,0.1096043895311851,1.2043503000078717,0,0,1.204350300007872
250,32,30,34,26,384.5240626585818,385.09603938647314,0.1429941819728384,1.571242599817307,0,0,1.5712425998173072
250,32,30,34,27,384.464766861868,384.6232364631706,0.039617400325639,0.4353222363794081,0,0,0.4353222363794091
250,32,30,34,28,384.3815151594208,384.7271636835257,0.0864121310262362,0.9495101096854931,0,0,0.9495101096854937
250,32,30,34,29,384.9110356157429,385.1353633444109,0.0560819321670038,0.6162371061893895,0,0,0.6162371061893902
250,32,30,34,30,384.4392155806588,384.8674604713076,0.1070612226622103,1.176405581783348,0,0,1.176405581783348
250,32,30,34,31,384.2842387315846,384.6804479433064,0.0990523029304597,1.0884023099898548,0,0,1.0884023099898552
250,32,30,34,32,384.7186818209023,384.9061997516888,0.0468794826966245,0.515119141590853,0,0,0.5151191415908537
250,32,30,34,33,384.4358395638415,384.6149119114031,0.0447680868903859,0.49191879182789655,0,0,0.4919187918278966
250,32,30,34,34,384.570739573849,384.7876502656872,0.0542276729595414,0.5958622138848774,0,0,0.5958622138848779
250,32,30,34,35,384.2769314729271,384.90132547462815,0.1560985004252586,1.7152349155181355,0,0,1.7152349155181357
250,32,30,34,36,384.54722395008326,384.8459085895894,0.0746711598765301,0.8204984689381208,0,0,0.8204984689381215
250,32,30,34,37,384.44983158448224,384.8181294966882,0.0920744780514866,1.011728870884548,0,0,1.011728870884548
250,32,30,34,38,384.5806022413092,384.691607496351,0.0277513137604614,0.3049358077352806,0,0,0.3049358077352814
250,32,30,34,39,384.3273085561955,384.9628749215693,0.1588915913434618,1.7459258385703567,0,0,1.745925838570357
