N,w,L,block,logZ,ESS,max_weight_fraction,final_population,prune_deaths,clone_events,overflow_events
200,0.1,4,1,326.2197664239668,210.92823075853605,0.008407584946048104,231,660,635,0
200,0.1,4,2,326.3078011888368,223.97831953244238,0.007845907467418109,249,684,677,0
200,0.1,4,3,326.35771534617675,239.23526180653226,0.007063058775650081,264,660,668,0
200,0.1,4,4,325.8558205286696,144.8587744384022,0.011563995978088278,159,572,475,0
200,0.1,4,5,326.31526545677605,225.42222323250064,0.007296159999753361,249,681,674,0
200,0.1,4,6,326.2223157144585,199.75102353987572,0.008515344620255176,222,627,593,0
200,0.1,4,7,326.19657569573616,206.29180889595776,0.008307953734877855,229,670,643,0
200,0.1,4,8,326.2629063349196,217.64368352475427,0.008241298566388253,242,668,654,0
200,0.1,4,9,326.61953772517387,305.9772539140675,0.005655832504169264,335,752,831,0
200,0.1,4,10,325.9968335842946,167.01885857865045,0.010722618511302342,185,599,528,0
200,0.1,4,11,325.9335866025298,153.99011800015433,0.011489921862148731,171,578,493,0
200,0.1,4,12,326.29904334259135,220.07344416105784,0.007876351173633453,246,659,649,0
200,0.1,4,13,326.5156655227328,276.3848206799923,0.006163418385575826,307,663,714,0
200,0.1,4,14,326.38218921590146,245.67303893885287,0.007080411037048977,272,711,727,0
200,0.1,4,15,326.1004773207797,184.72274934884106,0.009154022635412026,203,626,573,0
200,0.1,4,16,325.9957380098496,161.5280722372029,0.010800450554243267,181,640,565,0
200,0.1,4,17,326.0239792069392,168.17692661231465,0.01035200642510285,190,629,563,0
200,0.1,4,18,326.152447027914,185.5739211374467,0.00892578390925207,204,657,605,0
200,0.1,4,19,326.2768441520109,214.31823517651108,0.007732271636576686,239,657,640,0
200,0.1,4,20,325.814811534736,139.73102397447002,0.012977474043748603,157,600,501,0
200,0.1,6,1,338.8270684274871,260.20603398662774,0.006593800805530883,286,755,785,0
200,0.1,6,2,338.89484681147763,271.5220311211622,0.006181538502553763,300,778,822,0
200,0.1,6,3,338.7823759174345,229.17714816283845,0.006901230709850979,256,753,753,0
200,0.1,6,4,338.77533718440156,243.19326905744197,0.006790328361462976,269,751,764,0
200,0.1,6,5,338.9306066370075,285.65728893429633,0.005968321528251126,316,843,903,0
200,0.1,6,6,339.23616041244026,389.0994701312526,0.004336517014947592,430,900,1074,0
200,0.1,6,7,339.0969231047402,330.27757024523453,0.005033935131730657,370,821,935,0
200,0.1,6,8,338.8215197703693,248.4219864606538,0.006688233265068355,275,737,756,0
200,0.1,6,9,338.80045647720124,251.13736246353696,0.006688515668988969,278,757,779,0
200,0.1,6,10,338.7875373479061,244.8430167342083,0.006887936072918333,270,811,825,0
200,0.1,6,11,338.7964630592906,247.79345994275195,0.006847693077142293,274,759,777,0
200,0.1,6,12,338.9690293074465,286.7115355993794,0.005778087745895417,319,814,877,0
200,0.1,6,13,339.139602000401,335.0773879827297,0.004839594622678156,368,828,940,0
200,0.1,6,14,339.1625550568266,343.86730381381483,0.004759124039298902,381,933,1058,0
200,0.1,6,15,338.67537171274375,222.52953757938764,0.007561714074038971,245,703,692,0
200,0.1,6,16,338.9393418295034,291.4976960630298,0.005921379522516456,323,782,849,0
200,0.1,6,17,339.06504284491734,323.2893496152711,0.0052067210990127035,357,876,977,0
200,0.1,6,18,338.4849777607877,184.1831065708666,0.009230270086494987,205,659,608,0
200,0.1,6,19,339.0890041516875,330.53814930369185,0.005111816955410275,366,879,989,0
200,0.1,6,20,339.05690969916054,315.2537356011339,0.005223821366973363,351,861,956,0
200,0.1,8,1,343.5748612691713,188.56944696913052,0.00822967472303484,207,549,500,0
200,0.1,8,2,343.6631155823007,215.02480295294268,0.007494187325576129,233,581,558,0
200,0.1,8,3,343.4480366291167,166.2126373399681,0.009338002033268213,183,534,461,0
200,0.1,8,4,343.7567873351863,223.57193270105319,0.006809215505394564,242,590,576,0
200,0.1,8,5,343.40720547160214,161.3208698894344,0.00957381780962486,175,537,456,0
200,0.1,8,6,343.34252514604105,149.71253875955344,0.01006530811223176,162,535,441,0
200,0.1,8,7,343.5619987758363,185.04228157604481,0.008306169121390494,200,525,469,0
200,0.1,8,8,343.3903810039371,156.62755008083678,0.009798396000559758,173,578,495,0
200,0.1,8,9,343.44136006696016,164.40446619364184,0.009331814826734975,180,553,477,0
200,0.1,8,10,343.34469860843876,153.77191256986922,0.010163527196963187,171,556,471,0
200,0.1,8,11,343.7538475469173,221.54046091151173,0.006870507933882715,243,578,565,0
200,0.1,8,12,343.3227409066369,149.99741829909613,0.010549092565164696,163,531,438,0
200,0.1,8,13,343.64227853612437,196.71771835405755,0.007694135225452166,216,564,524,0
200,0.1,8,14,343.58227078244363,192.43382874200063,0.007958137521629159,210,621,575,0
200,0.1,8,15,343.3837756165124,156.0158019605832,0.009982949823527132,171,532,447,0
200,0.1,8,16,343.7580183684473,225.2420758424465,0.006742643336370727,245,589,578,0
200,0.1,8,17,343.5181241905504,179.15693862338006,0.008706319521438403,199,566,509,0
200,0.1,8,18,343.61136717860165,191.03757403269458,0.00796384893621214,206,582,532,0
200,0.1,8,19,343.59520029589453,192.6744464559035,0.008077499546379582,213,585,542,0
200,0.1,8,20,343.58589438372513,190.1102512952371,0.00813902040187859,208,589,541,0
200,0.1,10,1,345.6689599166227,170.66308811433964,0.009012249279620688,186,434,364,0
200,0.1,10,2,345.5302122974042,155.68596796066257,0.010457145926808891,171,398,313,0
200,0.1,10,3,345.80644257865566,205.87106007659193,0.00779323619769107,226,424,394,0
200,0.1,10,4,345.87231669349643,215.3497508509406,0.0073226997506205226,238,441,423,0
200,0.1,10,5,345.67377051337286,178.44043431108062,0.009017148754105779,199,442,385,0
200,0.1,10,6,345.64235198908153,174.17145076440605,0.00932512361729922,193,425,362,0
200,0.1,10,7,345.7950796368465,201.12502229241034,0.007764562143383042,222,467,433,0
200,0.1,10,8,345.48140745313515,152.0687949054819,0.010938681212258368,168,418,330,0
200,0.1,10,9,345.82378956727894,205.08224259632044,0.007763561454730745,226,458,428,0
200,0.1,10,10,345.85226855993386,211.07308917589836,0.007497303114139041,232,438,414,0
200,0.1,10,11,346.0422919180702,259.32250723568217,0.006160174484202781,284,451,479,0
200,0.1,10,12,345.62742758021375,164.35538536326683,0.009335431224835001,182,414,340,0
200,0.1,10,13,345.7711501749217,197.46739670629768,0.00820276229376322,217,426,387,0
200,0.1,10,14,345.8088379817485,201.76917447958525,0.007869653159924187,221,446,411,0
200,0.1,10,15,345.82969726515665,207.06442061243894,0.007557836177683817,227,437,408,0
200,0.1,10,16,345.93481887877925,232.14730000429077,0.006959343356473895,254,474,472,0
200,0.1,10,17,345.54188653973137,160.22482375781368,0.010302380475311079,176,423,343,0
200,0.1,10,18,345.7384723037863,194.26564132699073,0.00839175397809928,214,425,383,0
200,0.1,10,19,345.7306926059603,188.74001762301302,0.008531495460992394,210,444,398,0
200,0.1,10,20,345.5840781669737,166.95646787346314,0.009799369841643965,186,380,310,0
200,0.1,12,1,346.9740975028552,208.95132615856875,0.007596368274811525,230,331,305,0
200,0.1,12,2,346.91179034200945,190.75303653072865,0.008129569039248696,206,343,293,0
200,0.1,12,3,346.9217649009634,187.07604488467067,0.008020611063649414,204,331,279,0
200,0.1,12,4,346.83904217155145,177.17343699614236,0.008756961459980006,192,321,257,0
200,0.1,12,5,347.1016428856615,225.96025773385313,0.006606839134743756,247,329,320,0
200,0.1,12,6,346.84989941093477,181.55432015613349,0.008507285839073682,198,316,258,0
200,0.1,12,7,346.99813647769855,206.6140582580944,0.007459832117854887,226,347,317,0
200,0.1,12,8,347.0794466443334,232.23210159334067,0.006836968706478553,254,327,325,0
200,0.1,12,9,347.1431266130473,242.08305538911924,0.006245235199644196,265,355,364,0
200,0.1,12,10,347.0868258388564,234.15701148259964,0.006803296140054028,257,337,338,0
200,0.1,12,11,347.01284703018916,220.6897898825501,0.007338060325948446,241,348,333,0
200,0.1,12,12,347.1334204606697,230.37422748348635,0.006501205730004578,249,347,340,0
200,0.1,12,13,346.97692045958826,207.11592470008284,0.007543846504923628,225,356,325,0
200,0.1,12,14,347.02149235622517,214.14661408312202,0.007261668173567693,234,321,299,0
200,0.1,12,15,346.942877417102,200.97517615592687,0.007809789700056691,220,342,306,0
200,0.1,12,16,346.7487401465803,161.81191678958896,0.009512580373518296,175,338,257,0
200,0.1,12,17,347.01252544967804,212.75784859820334,0.007336439125152574,232,324,300,0
200,0.1,12,18,346.87732565082973,187.77750365819236,0.008431583962953172,205,351,300,0
200,0.1,12,19,347.0360958781896,216.13429036613186,0.007051807134428126,235,348,327,0
200,0.1,12,20,346.930618500797,202.33922959869707,0.007966024519463263,223,350,317,0
200,0.1,14,1,347.65839984017106,188.2441861279283,0.008181558989260082,204,277,225,0
200,0.1,14,2,347.6721774418812,200.35152843419647,0.008008734269354827,219,263,226,0
200,0.1,14,3,347.7714866540505,215.85440485153137,0.0072591952712763854,234,280,258,0
200,0.1,14,4,347.59248637483347,178.83546673969235,0.008695376057783399,197,293,234,0
200,0.1,14,5,347.7096628146723,196.85694248329452,0.0075899530253762185,216,279,239,0
200,0.1,14,6,347.6762646530417,199.89179908465113,0.008008703075680097,218,303,265,0
200,0.1,14,7,347.6996177250682,204.20212515417336,0.007698612152817465,225,292,261,0
200,0.1,14,8,347.82198370157215,229.1593839283025,0.0067970371503183686,251,273,268,0
200,0.1,14,9,347.6575389161715,196.46068693596595,0.007924174048563269,216,272,232,0
200,0.1,14,10,347.8291924480495,227.90711749286208,0.006902228358319361,250,285,279,0
200,0.1,14,11,347.80854044068246,223.1671960938346,0.007018699967947117,245,292,281,0
200,0.1,14,12,347.720142248128,208.53249997394502,0.007613606836089907,226,299,269,0
200,0.1,14,13,347.7322637653474,209.71486244950958,0.007574743607847939,228,274,246,0
200,0.1,14,14,347.5850443968049,173.34083048129338,0.00878127162812578,190,280,214,0
200,0.1,14,15,347.8522858941499,225.50162027569434,0.00670156828151339,248,272,264,0
200,0.1,14,16,347.5343326686572,172.7163230716115,0.009234643394785762,190,294,228,0
200,0.1,14,17,347.5496748530401,174.98677076251482,0.008948129649644573,191,262,197,0
200,0.1,14,18,347.8261588586716,224.75026905105946,0.006919399899580354,246,290,280,0
200,0.1,14,19,347.4799617340088,166.79102264797206,0.009727708871109582,181,269,194,0
200,0.1,14,20,347.60715469384553,186.08980447457918,0.008588343384634918,206,292,242,0
200,0.1,16,1,348.2030487277985,206.82426305145492,0.007791740311779309,224,228,196,0
200,0.1,16,2,348.19759265192556,199.61758697883866,0.00789765185508774,218,242,204,0
200,0.1,16,3,348.15869260137526,187.539318195344,0.008213740579426455,203,247,194,0
200,0.1,16,4,348.27709709209375,216.39114456742843,0.007279806634869265,235,229,208,0
200,0.1,16,5,348.13524037304217,183.93335287184686,0.008398886910117991,204,253,201,0
200,0.1,16,6,348.06930766411045,174.3567605606497,0.008933218046748365,189,258,191,0
200,0.1,16,7,348.16582751827286,191.11419485752967,0.00805460834654103,208,246,198,0
200,0.1,16,8,348.05543626771424,171.0573072138264,0.009075819835086959,189,238,171,0
200,0.1,16,9,348.11869742940297,186.21697799912826,0.008336192560637817,204,238,186,0
200,0.1,16,10,348.26806826657145,211.8362275237488,0.007290221476803262,234,235,213,0
200,0.1,16,11,348.17465508572445,196.41711283629203,0.008036672726581283,213,240,197,0
200,0.1,16,12,348.240451226382,214.795068867887,0.007492541410877731,236,235,215,0
200,0.1,16,13,348.27436922638657,217.49833999710344,0.00730530156801592,240,241,225,0
200,0.1,16,14,348.09070194943183,181.6157375625298,0.008776113806655701,198,232,174,0
200,0.1,16,15,348.20119844202287,199.36533372287778,0.0077481946795698335,217,225,186,0
200,0.1,16,16,348.2607351829974,215.9777199984516,0.007386190255790698,233,241,218,0
200,0.1,16,17,348.1472826518187,190.80740870583847,0.00829688429472699,209,246,199,0
200,0.1,16,18,348.18146538569613,193.76454140737386,0.008026052735621377,212,247,203,0
200,0.1,16,19,348.21528725347304,204.28853371300897,0.007738276549517444,225,217,186,0
200,0.1,16,20,348.26605802204216,214.6528994376746,0.007316400193447819,234,236,214,0
200,0.1,18,1,348.64819934370297,225.8293015269861,0.006914186915732521,244,216,204,0
200,0.1,18,2,348.6603912712744,229.14326523581997,0.006820635722669365,249,192,185,0
200,0.1,18,3,348.4748446477924,187.2543689178368,0.008153894175917175,206,205,155,0
200,0.1,18,4,348.538596146309,205.51654992057894,0.007569082529132967,223,205,172,0
200,0.1,18,5,348.63419797851077,222.87498894159515,0.006936676779099778,243,195,182,0
200,0.1,18,6,348.3777336420157,170.18884553464153,0.008964895417825271,184,206,134,0
200,0.1,18,7,348.49830409699945,197.34272054728385,0.00798019897752031,217,202,163,0
200,0.1,18,8,348.5805015134662,211.91879987932091,0.007401674811202816,231,192,167,0
200,0.1,18,9,348.3756906181821,178.20850979318953,0.008830882818474788,192,204,140,0
200,0.1,18,10,348.69719444433423,246.42326175532904,0.006585518546066522,265,206,215,0
200,0.1,18,11,348.59500846249176,216.46210892761235,0.007233977144202503,237,202,183,0
200,0.1,18,12,348.46845570748866,190.86568072765948,0.008217150419257916,207,197,148,0
200,0.1,18,13,348.5320892074287,204.1862410442637,0.00771722174438292,224,205,173,0
200,0.1,18,14,348.542399146048,211.99193566759737,0.007692664492477612,229,203,176,0
200,0.1,18,15,348.25346348494514,158.3610118408426,0.009923440115697818,173,211,128,0
200,0.1,18,16,348.50839689524975,198.01909756502462,0.007925339261328915,215,202,161,0
200,0.1,18,17,348.6317621161143,226.39126851259485,0.006945544461548693,244,207,195,0
200,0.1,18,18,348.46528144280416,194.12299253940898,0.00830469717984622,211,220,175,0
200,0.1,18,19,348.5170024847911,189.59796006161253,0.007822608976655399,208,209,161,0
200,0.1,18,20,348.54413688510425,205.81763777728554,0.00768174118142565,227,204,175,0
200,0.1,20,1,348.72522412626375,185.68799769100028,0.008303858906489976,205,175,124,0
200,0.1,20,2,348.7009816685493,188.48204608571376,0.008538004145192226,208,184,136,0
200,0.1,20,3,348.8788224256942,224.5521404039,0.007093036324517191,243,166,153,0
200,0.1,20,4,348.90718482908113,228.13718462073433,0.006902031169248037,248,174,166,0
200,0.1,20,5,348.81439998964623,210.65220426629725,0.007264132848537624,230,181,155,0
200,0.1,20,6,348.86705572091205,220.00840507045075,0.006917631215985467,237,181,162,0
200,0.1,20,7,348.81890130109633,214.3282946836338,0.007316131012031099,233,170,147,0
200,0.1,20,8,348.6850123831276,188.91280041949014,0.008539748113833344,208,174,126,0
200,0.1,20,9,348.7841433210763,197.8978929913469,0.007761057770674792,216,175,135,0
200,0.1,20,10,348.73985909564954,196.38950544313298,0.0082177557223854,217,200,161,0
200,0.1,20,11,348.7706087787416,200.5950474443758,0.007992663738590202,219,169,132,0
200,0.1,20,12,348.7686908746006,200.5210633971957,0.007864644322279164,219,178,141,0
200,0.1,20,13,348.7222857560863,186.75430119720517,0.008362321180203797,206,189,139,0
200,0.1,20,14,348.7076785544713,196.40878795206424,0.008317912331590209,214,178,136,0
200,0.1,20,15,348.7839250300605,204.0702406003568,0.007842076088830386,220,180,144,0
200,0.1,20,16,348.95841819701394,244.68968939932176,0.0065792235070693764,265,172,181,0
200,0.1,20,17,348.74954280322777,203.1805185311165,0.00796706279091663,220,180,144,0
200,0.1,20,18,348.6466353192252,181.62472202113398,0.008845305464623698,197,184,125,0
200,0.1,20,19,348.6756863577953,185.4692773116897,0.008539558153758479,202,169,115,0
200,0.1,20,20,348.8478252762137,214.39924582703577,0.007337069730264919,236,175,155,0
200,0.1,22,1,348.83316460229963,172.06059796127533,0.009075034974303203,185,169,98,0
200,0.1,22,2,348.97188911249043,201.2698628442921,0.00787617327305441,220,149,113,0
200,0.1,22,3,348.9432950205721,195.00316852477866,0.00805119570644037,212,153,109,0
200,0.1,22,4,349.0045796614823,214.0634184587683,0.0076240489840231915,237,159,140,0
200,0.1,22,5,348.8119713400198,177.23868229561228,0.009193896398073224,193,169,106,0
200,0.1,22,6,348.9439429866863,190.5869706642445,0.007884139736753481,209,165,118,0
200,0.1,22,7,348.9848660217425,198.12868006072136,0.007797826917540867,218,161,123,0
200,0.1,22,8,348.9339333149923,201.44009116785716,0.008115385760588971,223,162,129,0
200,0.1,22,9,348.9969440164936,207.15445745267814,0.007667968495891577,227,168,139,0
200,0.1,22,10,348.97972348449036,210.30024779230453,0.007827473347752162,230,145,119,0
200,0.1,22,11,349.0570967694783,213.25942541491543,0.0071940683489251835,232,161,137,0
200,0.1,22,12,349.0342153565134,213.39336407507253,0.007393159131274434,234,151,129,0
200,0.1,22,13,349.04800900972685,214.05226343898423,0.007248976144024625,235,143,122,0
200,0.1,22,14,349.03212896687126,215.6645607146186,0.007408319256832142,234,148,126,0
200,0.1,22,15,349.0568156561492,221.16904744240986,0.006982504577604425,240,153,137,0
200,0.1,22,16,349.0106244823744,213.6426409099579,0.0075629603943557465,230,156,130,0
200,0.1,22,17,349.05533133155956,215.87868118753087,0.0072522835637477455,234,159,137,0
200,0.1,22,18,348.9597294119862,197.39725448360736,0.00783496766890572,214,166,124,0
200,0.1,22,19,348.9415649296587,196.01639492197262,0.0080795075485161,211,169,124,0
200,0.1,22,20,348.9717169191826,208.14730146583855,0.00779074636115806,228,171,143,0
200,0.1,24,1,349.04021071315907,198.33008401285042,0.008025365571204434,215,161,120,0
200,0.1,24,2,349.0339873917835,190.40674247623562,0.008294253176183788,210,148,102,0
200,0.1,24,3,349.11247229662376,206.1138040638587,0.007616016446985571,222,153,119,0
200,0.1,24,4,349.11854682097686,201.68771443926732,0.00751640877055695,219,144,107,0
200,0.1,24,5,349.20258685049777,222.88330031228324,0.006969549484363257,245,126,115,0
200,0.1,24,6,349.04976317356585,208.20999832959293,0.008180242873605909,226,135,105,0
200,0.1,24,7,349.07438109936356,203.53871246625954,0.007941376522825996,221,136,101,0
200,0.1,24,8,349.1496221006699,220.42492419901052,0.007384933136030039,240,142,126,0
200,0.1,24,9,349.1083825280438,211.4303906921336,0.007687520130850217,231,146,121,0
200,0.1,24,10,349.1301237468332,206.613855535902,0.007499016193148771,222,162,128,0
200,0.1,24,11,349.10781372590804,213.04443421737943,0.0077413892504019245,233,135,112,0
200,0.1,24,12,349.16633700312605,226.53266408939223,0.0070929581597563825,245,147,136,0
200,0.1,24,13,349.18575594154163,225.63990625738967,0.007141485272398384,244,142,130,0
200,0.1,24,14,349.026048112067,197.0020809046733,0.008378203762699894,217,137,98,0
200,0.1,24,15,349.132228352972,214.42207535229082,0.007486061037862512,233,134,111,0
200,0.1,24,16,349.14463427083683,216.17736390839494,0.007187498232263231,235,139,118,0
200,0.1,24,17,349.11671502818996,204.65894763474756,0.007601840374707447,223,142,109,0
200,0.1,24,18,349.00399192471855,187.41226177584753,0.008578565687238455,204,160,108,0
200,0.1,24,19,349.0106740364358,187.43926355090966,0.008462930569526267,205,158,107,0
200,0.1,24,20,349.0735712002669,198.80579161888156,0.007939688480076137,218,153,115,0
200,0.1,26,1,349.0647938079157,176.77095864630164,0.008957693509619492,193,145,82,0
200,0.1,26,2,349.16493520200686,200.12650692277145,0.008011562332472804,219,139,102,0
200,0.1,26,3,349.2573289820085,218.29948654062915,0.007459096426401738,237,124,105,0
200,0.1,26,4,349.23343429447743,212.8432427061707,0.007513132626336291,231,138,113,0
200,0.1,26,5,349.1382391924612,194.92026497749455,0.008148026959845074,212,153,109,0
200,0.1,26,6,349.2082804509079,201.31286126916993,0.007726537485663625,218,126,88,0
200,0.1,26,7,349.20853499680237,205.13048185368618,0.007829923234179881,219,150,113,0
200,0.1,26,8,349.21525815441544,205.63178532764974,0.007784220542482338,223,132,99,0
200,0.1,26,9,349.25538836060974,216.88821124542494,0.007507517064880972,238,133,115,0
200,0.1,26,10,349.2071032455191,207.55096952567825,0.007723622124814823,228,131,103,0
200,0.1,26,11,349.1712904856197,200.00963501830535,0.0079269381565595,218,136,98,0
200,0.1,26,12,349.20601480248797,200.0749297414824,0.0078985756361447,219,138,101,0
200,0.1,26,13,349.1945391642462,198.37446423719433,0.007921239764042416,217,143,104,0
200,0.1,26,14,349.24834319683447,217.47979476097848,0.007292207433697099,239,130,113,0
200,0.1,26,15,349.1526462628809,196.82579607296205,0.008244119581908385,214,136,94,0
200,0.1,26,16,349.131580619067,192.45742420984632,0.008242846321959813,210,131,85,0
200,0.1,26,17,349.22583249053315,210.40918176052335,0.007455415374318847,229,135,108,0
200,0.1,26,18,349.3344759795383,227.75707108773273,0.006851223304577678,246,134,124,0
200,0.1,26,19,349.3400686946744,234.06602724186942,0.00689421449546738,259,118,121,0
200,0.1,26,20,349.2605723666923,216.8149142882575,0.007449699748595874,238,133,115,0
200,0.2,4,1,319.44983168030865,204.65796556555674,0.008294001799550222,226,777,747,0
200,0.2,4,2,319.49599151510296,218.10712425184653,0.007687291315670452,241,769,754,0
200,0.2,4,3,319.2973631011215,174.43457914831026,0.009501955688931037,192,743,679,0
200,0.2,4,4,319.6126724954399,239.72332891239353,0.007049325992502229,264,854,862,0
200,0.2,4,5,319.72771921770214,281.40810668222605,0.0062337587221499855,312,826,882,0
200,0.2,4,6,319.1644213722653,162.46830050228633,0.010590072386595182,179,741,664,0
200,0.2,4,7,319.57359722297537,232.89213945593116,0.0072100926979191265,258,789,791,0
200,0.2,4,8,319.4930638207383,212.71758048837802,0.00784033294327164,234,824,802,0
200,0.2,4,9,319.3712243953535,197.46464759497502,0.008892585276773005,219,774,737,0
200,0.2,4,10,319.3134586338982,186.17031108282023,0.00926975085049278,206,767,717,0
200,0.2,4,11,319.1569682750344,161.70488495203278,0.011009271971177058,176,742,662,0
200,0.2,4,12,319.50890620618134,222.44881717161988,0.0077630251467764545,244,737,725,0
200,0.2,4,13,319.57186611988527,240.38090543104323,0.007382023900463842,267,909,920,0
200,0.2,4,14,319.27026126155897,177.31573532293004,0.00956664138685484,195,804,743,0
200,0.2,4,15,319.3531379390037,186.79851665366812,0.008865439375671797,207,703,654,0
200,0.2,4,16,319.4404276137072,199.4542169952971,0.008322712399274988,226,838,808,0
200,0.2,4,17,319.29297904589663,172.69361563168994,0.009557711938195776,193,787,724,0
200,0.2,4,18,319.66249192060184,250.118213820937,0.0066010037255742685,276,762,782,0
200,0.2,4,19,319.5829179034833,236.54384067425005,0.00715544485506854,264,750,758,0
200,0.2,4,20,319.7976719604262,291.6323268231644,0.005882195342705359,322,856,922,0
200,0.2,6,1,332.62497072655043,230.3208557520824,0.007302080759082524,255,823,822,0
200,0.2,6,2,332.81912656627026,275.59271841452374,0.0060776846206026134,305,814,863,0
200,0.2,6,3,332.63198727662365,230.05904439449162,0.0072813153790561806,254,729,727,0
200,0.2,6,4,332.82754034369657,276.7936242320433,0.0060034448562718435,304,837,885,0
200,0.2,6,5,332.8779282806056,287.44296871491383,0.005667959858267956,318,825,887,0
200,0.2,6,6,332.7732080709555,257.98229536393796,0.006211127230884454,286,785,815,0
200,0.2,6,7,332.96251363087566,314.1420608965621,0.0052508511251507855,344,818,906,0
200,0.2,6,8,332.69898493596435,240.6540840401314,0.006850056680866578,265,789,798,0
200,0.2,6,9,332.65528579692034,226.65315186696145,0.007062264771667797,252,791,787,0
200,0.2,6,10,332.1861796296318,145.9694515114945,0.01142575381059518,162,732,638,0
200,0.2,6,11,333.09845869699126,351.45374117802163,0.00459445504471214,389,935,1068,0
200,0.2,6,12,332.7909267483044,269.02761144019996,0.006226680824866654,298,822,864,0
200,0.2,6,13,332.8467046097559,279.18367887419106,0.005893759146466063,310,885,939,0
200,0.2,6,14,333.2354681209339,411.1415791983403,0.00399872941191962,457,1011,1212,0
200,0.2,6,15,332.7580529593671,258.1999114220139,0.006423920786669548,286,786,816,0
200,0.2,6,16,332.9021543776608,300.73805002520163,0.005587788425515658,333,752,829,0
200,0.2,6,17,332.3089686871934,167.02330317847893,0.009948981819468117,185,763,692,0
200,0.2,6,18,333.10180741136514,360.92774299208855,0.004564167216292699,398,855,997,0
200,0.2,6,19,332.98833986061226,328.19421364046866,0.005072660055352783,361,845,950,0
200,0.2,6,20,332.88283410692145,292.45441743357077,0.005666750343020833,325,812,881,0
200,0.2,8,1,337.74509990766546,187.77230216835713,0.008514409418138929,206,609,559,0
200,0.2,8,2,337.623779410059,165.66902035657446,0.009645869511632156,181,563,488,0
200,0.2,8,3,337.7693969260455,197.33875158624434,0.008077857287465825,218,732,694,0
200,0.2,8,4,337.61278819752664,166.64917569812684,0.009576393190460872,183,630,557,0
200,0.2,8,5,337.5206341192649,155.26509273877767,0.010539382187169488,172,627,543,0
200,0.2,8,6,337.7193508861831,181.94607128899284,0.008751415406585394,201,682,627,0
200,0.2,8,7,337.9286007653425,228.26771998253398,0.007041064460461753,254,713,711,0
200,0.2,8,8,337.5497083783346,168.6165119151345,0.00978713010480939,182,699,625,0
200,0.2,8,9,337.7352683202829,189.6898803251705,0.008382210194757541,207,641,592,0
200,0.2,8,10,337.51261536164526,143.56036363336227,0.010705081471760065,158,631,533,0
200,0.2,8,11,337.87271319443107,210.22226736309963,0.007423838338878279,232,722,698,0
200,0.2,8,12,337.6741295796771,177.38888444845387,0.009026914514383498,195,720,659,0
200,0.2,8,13,337.56004706262945,166.96149539941382,0.010274619277285268,183,722,649,0
200,0.2,8,14,337.70572287651595,181.98222550285644,0.008854062138046792,201,700,645,0
200,0.2,8,15,337.5887590552196,152.9505082958291,0.00992150889755352,168,669,581,0
200,0.2,8,16,337.7297516052594,182.73268402104452,0.00865896589798017,202,719,665,0
200,0.2,8,17,337.96163125219846,227.93728729317561,0.006816749026225464,251,731,726,0
200,0.2,8,18,337.8830194308031,213.67897863730306,0.007391934882969059,235,728,707,0
200,0.2,8,19,337.4971814459481,150.89087359441987,0.010726393071146008,166,619,529,0
200,0.2,8,20,337.9006535523064,219.53427894775427,0.007114285958647371,241,708,693,0
200,0.2,10,1,340.09803026786795,219.7499960606175,0.007432275507872951,242,540,526,0
200,0.2,10,2,340.1369895935022,227.29498606609786,0.006990901606177383,248,557,549,0
200,0.2,10,3,339.98075853794865,182.67847372415622,0.008300137859556887,202,543,489,0
200,0.2,10,4,340.03556588663884,195.63716984137534,0.007924615518947303,214,555,513,0
200,0.2,10,5,339.96532248842885,189.8992671306786,0.008236756833634055,208,528,480,0
200,0.2,10,6,339.9886761025222,190.95832897323643,0.008255403210089819,210,555,509,0
200,0.2,10,7,340.16115715494954,230.76173264003162,0.00689541805412597,252,528,524,0
200,0.2,10,8,340.0742112465043,201.2051197500665,0.007617211687071817,221,531,496,0
200,0.2,10,9,340.0514369812363,202.28063632199306,0.007789150070779795,222,597,563,0
200,0.2,10,10,340.2619241118149,253.7175582807969,0.006132735316686607,277,590,611,0
200,0.2,10,11,340.10929943898367,227.24549522505146,0.007307490796508106,248,536,528,0
200,0.2,10,12,340.2200321458603,242.21249475386634,0.006522180301963508,265,551,560,0
200,0.2,10,13,339.69387693508725,148.11625061647612,0.010954587870505225,163,473,380,0
200,0.2,10,14,340.05783478367283,206.17568207821645,0.00768792563032789,229,586,559,0
200,0.2,10,15,339.93256177958943,183.40292161916463,0.008780208369637506,202,522,468,0
200,0.2,10,16,339.86243501586006,167.74333445685696,0.009380881720036574,184,489,417,0
200,0.2,10,17,340.00175988258155,191.008755603466,0.00816270399330792,209,514,467,0
200,0.2,10,18,340.1523765830332,228.29125799151933,0.006996414963183421,252,573,569,0
200,0.2,10,19,340.23616691046436,243.26884643601306,0.00647863297088546,269,591,604,0
200,0.2,10,20,339.9670760235058,187.6019792713741,0.008375063414257228,203,495,442,0
200,0.2,12,1,341.25726702105027,192.15333760906566,0.008416960659934409,212,414,370,0
200,0.2,12,2,341.58040261191024,259.16686683814066,0.006055621450414586,284,444,472,0
200,0.2,12,3,341.3533039212537,206.78106213594992,0.007492441070467073,227,421,392,0
200,0.2,12,4,341.6109780823369,271.19466561995597,0.005902474301202979,297,408,449,0
200,0.2,12,5,341.45498677473466,237.1685703991664,0.006834203751067731,261,430,435,0
200,0.2,12,6,341.1957167598346,178.7060670801856,0.008708952371242255,192,436,372,0
200,0.2,12,7,341.35587078326324,210.22252286160065,0.007592130889851846,230,411,385,0
200,0.2,12,8,341.5438574800424,255.94874151473942,0.006250021648913591,278,501,523,0
200,0.2,12,9,341.4091410100912,224.54148123134868,0.00721613428144014,246,475,465,0
200,0.2,12,10,341.18784047963635,173.15706477178497,0.008939057431590963,191,408,343,0
200,0.2,12,11,341.35963096976104,212.2138951416148,0.007586031439625699,232,443,419,0
200,0.2,12,12,341.6605017732942,273.72549402235177,0.005609983232880044,298,432,474,0
200,0.2,12,13,341.30370943968745,209.0573581053424,0.0074917303599660034,225,466,435,0
200,0.2,12,14,341.41452109322165,212.269103805694,0.007194162981722303,231,471,446,0
200,0.2,12,15,341.34169107086205,202.66511853616927,0.007756031848180977,220,413,377,0
200,0.2,12,16,341.39011401150066,218.6018392814581,0.00737282122841616,238,445,427,0
200,0.2,12,17,341.2063990450822,180.34450384168267,0.008537129068966627,198,422,364,0
200,0.2,12,18,341.3748886915546,212.9186804216565,0.007449472511384639,234,463,441,0
200,0.2,12,19,341.40626259632523,221.4622971010962,0.007249458957924821,241,439,424,0
200,0.2,12,20,341.570364597997,256.5788095820514,0.006108532841954611,279,473,496,0
200,0.2,14,1,342.1445334569951,167.97080745475046,0.009185930423927185,186,357,287,0
200,0.2,14,2,342.3120512095664,195.52516520053047,0.007802303614676337,213,370,327,0
200,0.2,14,3,342.33210852733293,203.93001983210146,0.007679436990883366,222,358,324,0
200,0.2,14,4,342.5176222621177,244.99207646180994,0.006343325927320822,270,382,396,0
200,0.2,14,5,342.19666811630873,176.78067021288297,0.008636167202778287,195,397,336,0
200,0.2,14,6,342.34096866180363,209.40132057087007,0.007478984137515873,230,383,357,0
200,0.2,14,7,342.29574714773594,201.2572481834647,0.007961468703146997,218,365,327,0
200,0.2,14,8,342.0688777453041,155.8112597329408,0.009939784155299815,171,361,276,0
200,0.2,14,9,342.2032697118495,182.7171007630219,0.008643900323659692,199,367,310,0
200,0.2,14,10,342.31176754549915,206.87495592817277,0.007795919155211931,225,369,338,0
200,0.2,14,11,341.8765272588696,133.04047851983398,0.012108925551833296,149,355,248,0
200,0.2,14,12,342.39230097476394,225.82152350080642,0.007189932029080683,247,375,366,0
200,0.2,14,13,342.1342035056986,164.52582263992622,0.0092829866100002,178,378,300,0
200,0.2,14,14,342.3463603442282,215.35702200888525,0.007493558332320657,237,387,368,0
200,0.2,14,15,342.1164908229638,169.19652967907217,0.009365428441409328,183,367,294,0
200,0.2,14,16,342.1402671666136,172.5284309780904,0.008875885023226233,188,372,304,0
200,0.2,14,17,342.0759014634054,162.50995102671166,0.009914606725408094,182,373,299,0
200,0.2,14,18,341.9416460293642,142.9010280571443,0.011325909599394099,158,371,273,0
200,0.2,14,19,342.1394613637044,170.68343449817576,0.009260182729662074,188,357,289,0
200,0.2,14,20,342.0977411676794,157.12900097028466,0.009666391727269024,171,374,289,0
200,0.2,16,1,342.65272450119045,173.03128639881024,0.009201545154153282,188,352,284,0
200,0.2,16,2,342.9686905606815,241.7169581339701,0.006665254285468844,262,353,359,0
200,0.2,16,3,342.9901065633297,245.97250546647282,0.0065004262627332545,266,359,369,0
200,0.2,16,4,342.87095686145324,209.74666221246062,0.007257234712325834,231,337,312,0
200,0.2,16,5,342.7859547885579,195.74907102211534,0.007898745619352877,214,353,311,0
200,0.2,16,6,342.74458737076304,190.51994486590752,0.008419240151048512,205,333,282,0
200,0.2,16,7,342.88089438826336,213.0848913571804,0.0073214374074373955,234,332,310,0
200,0.2,16,8,342.7407994035513,185.59818371114707,0.00844936563221441,203,351,298,0
200,0.2,16,9,342.64007107818253,172.51561910696924,0.009345718668907883,188,342,274,0
200,0.2,16,10,342.9748970572737,236.84328945526045,0.006729372360495015,258,363,365,0
200,0.2,16,11,342.9996251667601,243.88412525483372,0.006558213700177142,267,345,356,0
200,0.2,16,12,342.8174660760017,214.89881955121697,0.007488287599954652,234,309,287,0
200,0.2,16,13,342.93497177031713,217.76807063420387,0.006917842749559343,239,345,328,0
200,0.2,16,14,342.740208048319,190.83200108495444,0.008308217959596917,208,334,286,0
200,0.2,16,15,342.8311745293404,201.5387530169201,0.007758010793960875,221,354,319,0
200,0.2,16,16,342.84995283803096,205.03747563934272,0.007528042378294055,226,311,281,0
200,0.2,16,17,342.9073554936265,215.19851552682368,0.00719598236861888,234,316,294,0
200,0.2,16,18,342.57038306072604,166.99167768385712,0.0100030692127384,185,346,275,0
200,0.2,16,19,342.63146024654174,165.80358284453726,0.009449703345619596,183,328,255,0
200,0.2,16,20,342.9311854239304,234.26364035357741,0.006996078992570471,255,367,366,0
200,0.2,18,1,343.2260194412883,203.93701453800412,0.007856942684681588,221,317,282,0
200,0.2,18,2,343.1393482459048,187.93894891979417,0.008547448107427053,207,296,247,0
200,0.2,18,3,343.0152318538064,164.92273828434662,0.009544951139912602,185,320,249,0
200,0.2,18,4,343.2717754713585,209.91937507575952,0.007541809278919668,233,321,298,0
200,0.2,18,5,343.200011047246,205.61192094870694,0.007927617751702275,224,288,256,0
200,0.2,18,6,343.11640487108895,188.26491054675728,0.008563217437796776,208,290,242,0
200,0.2,18,7,343.32708934043575,230.95373861212414,0.0071203396792609615,255,290,289,0
200,0.2,18,8,343.30706014254315,215.51830724820618,0.007274469137174686,236,303,283,0
200,0.2,18,9,343.24753366397584,217.4008868071661,0.007728751732592941,236,298,278,0
200,0.2,18,10,343.18855947009234,196.22437933798741,0.008031522953474791,214,319,277,0
200,0.2,18,11,343.1112087323285,185.8623934065956,0.008687871239501602,203,303,250,0
200,0.2,18,12,343.1423323094129,197.12573534339953,0.008373315308282007,217,312,273,0
200,0.2,18,13,343.1828013461084,201.7118900624619,0.008104519918835724,223,287,254,0
200,0.2,18,14,343.31075257373385,229.3946590451244,0.007261151051714583,249,319,312,0
200,0.2,18,15,343.19085012817345,199.53625898075944,0.008130388971972168,219,289,252,0
200,0.2,18,16,343.06061693545246,182.21914375218952,0.009112193795575055,198,302,244,0
200,0.2,18,17,343.070210429149,171.35897011322464,0.009247651161729601,189,288,221,0
200,0.2,18,18,343.0251010357374,171.17486660880223,0.00963217993983285,187,313,244,0
200,0.2,18,19,343.0645726093413,179.03798427155584,0.008366641872795037,194,312,250,0
200,0.2,18,20,343.4141123077027,242.10837300484508,0.006412000102744161,264,301,309,0
200,0.2,20,1,343.4873212117037,218.7497680250597,0.00738901133214541,240,295,279,0
200,0.2,20,2,343.2897886875897,185.24754777806314,0.008822427436851701,200,252,196,0
200,0.2,20,3,343.6603033834602,261.4217600971216,0.006201420254297684,286,295,325,0
200,0.2,20,4,343.3568375905286,196.79557171723823,0.008464504820833696,217,285,246,0
200,0.2,20,5,343.5280178893619,220.53204985487397,0.006998682880794951,241,288,273,0
200,0.2,20,6,343.5293384740553,228.43630065576585,0.007087263690058755,248,265,257,0
200,0.2,20,7,343.5411806435743,225.29928153877506,0.007043084742109447,245,288,277,0
200,0.2,20,8,343.4934123848668,216.72059182956173,0.007376200993268227,236,310,290,0
200,0.2,20,9,343.36359077515374,190.92737349054457,0.008299535710321437,209,290,243,0
200,0.2,20,10,343.26034907086836,169.91891107235122,0.009317403219217141,186,285,215,0
200,0.2,20,11,343.58292899819344,237.40552272380896,0.006529055070771652,260,273,277,0
200,0.2,20,12,343.37470087844105,195.84526151849363,0.008169480814013112,215,276,235,0
200,0.2,20,13,343.4604074627182,214.62796965248393,0.007555502174854158,234,279,257,0
200,0.2,20,14,343.269826868223,179.87379404565044,0.008940369423260042,199,268,211,0
200,0.2,20,15,343.37252027541473,195.81434512340786,0.008259208971739478,215,283,242,0
200,0.2,20,16,343.30587210611105,177.43324569237035,0.008880005044147748,192,303,239,0
200,0.2,20,17,343.5426302610918,227.5397366681536,0.006909316535916745,247,288,279,0
200,0.2,20,18,343.4951250822598,215.29629481798472,0.0073743208806173206,237,296,277,0
200,0.2,20,19,343.42481507991056,206.62014559079577,0.007730754200758975,226,278,248,0
200,0.2,20,20,343.31015244673654,185.6187325438646,0.008590099583263698,206,285,235,0
200,0.2,22,1,343.7233215466003,221.3356129109829,0.00737848401002424,243,248,235,0
200,0.2,22,2,343.67163354483796,206.68715659828058,0.007637860099409116,228,266,238,0
200,0.2,22,3,343.6351275808578,209.20935717842107,0.007917674428629182,230,266,240,0
200,0.2,22,4,343.81421567976275,246.24786164986838,0.006415429838085205,269,245,258,0
200,0.2,22,5,343.54816670998093,188.99502575728044,0.008737465405568837,207,280,231,0
200,0.2,22,6,343.8223456356989,244.34975364822512,0.006648024134641686,268,252,264,0
200,0.2,22,7,343.7297025576873,222.43351538731324,0.00700110241499923,242,275,261,0
200,0.2,22,8,343.82362215732275,241.4841119156399,0.006482400387884728,264,274,282,0
200,0.2,22,9,343.59478622813793,197.03884691639408,0.007927154944121632,216,267,227,0
200,0.2,22,10,343.7195907533631,224.69490731243795,0.007317220978527071,244,258,246,0
200,0.2,22,11,343.37075735639047,157.89041986024148,0.01044896036094154,177,285,206,0
200,0.2,22,12,343.57139459431795,188.36544659670395,0.008499821317152776,208,275,227,0
200,0.2,22,13,343.5839763012373,186.73200920616847,0.008431220509886076,206,282,232,0
200,0.2,22,14,343.6376751220253,204.75800695441953,0.007853556791477494,224,250,218,0
200,0.2,22,15,343.7146985269367,216.89124854601664,0.007422214793167248,239,290,273,0
200,0.2,22,16,343.70290188720986,216.1168792231206,0.00752705712888113,237,298,279,0
200,0.2,22,17,343.6288128841558,207.680442710397,0.008033213991154663,227,268,239,0
200,0.2,22,18,343.7217349750881,217.50736678773686,0.007348677175378469,239,270,253,0
200,0.2,22,19,343.5655312082157,194.94219910585576,0.008539054061483468,214,282,240,0
200,0.2,22,20,343.6984181089378,212.7444370189865,0.007545822585774031,234,247,225,0
200,0.2,24,1,343.6156960258414,175.69949791913288,0.009691449242519077,192,258,194,0
200,0.2,24,2,343.9572341179386,234.7676889357367,0.006867182970705772,260,238,242,0
200,0.2,24,3,343.8323398851016,211.64616835468112,0.007670310597600423,230,253,227,0
200,0.2,24,4,343.6807504402761,173.7147619022651,0.009043158816447412,191,247,182,0
200,0.2,24,5,343.83835112069215,212.96597464189625,0.007773272811179202,232,265,241,0
200,0.2,24,6,343.81613459252065,207.1296807222865,0.007914376727929648,227,248,219,0
200,0.2,24,7,343.8241356522957,202.5839322949912,0.007760194900308966,221,228,193,0
200,0.2,24,8,343.8620550229368,223.2960395606628,0.007294843282615136,243,251,238,0
200,0.2,24,9,343.882451623644,221.6307927114313,0.007412775487877597,243,257,244,0
200,0.2,24,10,343.8643911675404,219.8188559284737,0.007574026207556811,241,236,221,0
200,0.2,24,11,343.88078628677545,219.3209949158693,0.0073551148984341164,239,236,219,0
200,0.2,24,12,343.97791520009747,243.38035722769868,0.006700830512777177,264,235,243,0
200,0.2,24,13,343.91740452483793,225.51154776176827,0.007078580190990055,246,237,227,0
200,0.2,24,14,343.9201595645291,227.4571666751757,0.007007422514940737,246,268,258,0
200,0.2,24,15,343.7987178831043,197.40750004393252,0.008080871931657742,217,269,230,0
200,0.2,24,16,343.8700076323909,208.48292066313178,0.007385891866926665,229,250,223,0
200,0.2,24,17,343.7560747003079,195.0514445707964,0.00840768793387207,213,232,189,0
200,0.2,24,18,343.7758556175804,208.65071526284646,0.008035935982133025,227,247,218,0
200,0.2,24,19,343.87068532234383,212.6360507726026,0.007301354945460844,233,263,240,0
200,0.2,24,20,343.7859988240344,198.29474739415917,0.008032566009383981,215,243,202,0
200,0.2,26,1,343.9032894879741,195.398981006162,0.00818045620064395,216,243,203,0
200,0.2,26,2,343.9508358257128,215.09337350090033,0.0075840827835226545,236,228,208,0
200,0.2,26,3,343.9870613152938,220.73491960615155,0.0073503523652264915,242,242,228,0
200,0.2,26,4,343.8315264860235,186.4721535162659,0.008762500422677216,204,233,181,0
200,0.2,26,5,344.08824075511313,237.856878746847,0.0067950413710318415,261,238,243,0
200,0.2,26,6,343.66370196191724,149.24515622502238,0.010232718437877446,164,234,142,0
200,0.2,26,7,343.7893036358987,179.0063683633124,0.009152426514689886,200,249,193,0
200,0.2,26,8,343.99760437333117,221.50800793724426,0.007441191568077669,242,233,219,0
200,0.2,26,9,343.90549879702326,193.35617828166238,0.008051185272282768,215,241,200,0
200,0.2,26,10,343.99483099887493,213.63786904893524,0.0074079650634053485,234,261,239,0
200,0.2,26,11,344.07258758716773,241.59014907157,0.006785699353636357,264,241,249,0
200,0.2,26,12,343.89462314503504,195.76218943699516,0.008178988003806157,213,250,207,0
200,0.2,26,13,344.03295161995044,225.34129790305585,0.007169757929015473,250,206,200,0
200,0.2,26,14,344.0124831394136,230.88170349862781,0.007199102926989978,252,232,228,0
200,0.2,26,15,343.92296635463697,207.11141369780813,0.00797524555695452,226,237,207,0
200,0.2,26,16,343.8916032438297,199.1670831143162,0.00813789493282729,220,227,191,0
200,0.2,26,17,343.97448815550126,221.88012618114826,0.007298525303945319,242,247,233,0
200,0.2,26,18,344.0660506888363,228.20614307495032,0.00687914925948459,250,236,230,0
200,0.2,26,19,344.01814684357333,223.37818074761034,0.007128905298019092,243,232,219,0
200,0.2,26,20,343.8852728947724,203.55308067256638,0.008275802865819384,224,247,215,0
200,0.2,28,1,344.07499841310636,218.35803235928904,0.0072049526490039015,237,235,216,0
200,0.2,28,2,343.95903423513397,185.19301678402383,0.008461657490430515,203,218,165,0
200,0.2,28,3,344.1652168082377,228.5794777112112,0.0070102000082872444,251,228,223,0
200,0.2,28,4,343.97444490363756,191.46906263215425,0.00846736359494298,210,223,177,0
200,0.2,28,5,344.12710250057734,220.1833121928039,0.007370711301074703,238,234,216,0
200,0.2,28,6,344.0997948164367,215.4891976318297,0.007428449837141287,235,239,218,0
200,0.2,28,7,343.92547957867856,182.48600605755894,0.009026670396581045,200,225,169,0
200,0.2,28,8,343.9915845011693,186.98078298836057,0.008393099514733783,204,234,182,0
200,0.2,28,9,344.1563401784753,230.41967339380457,0.007162226141198065,248,229,221,0
200,0.2,28,10,344.112911622199,212.2242358364404,0.007365598181348832,234,215,193,0
200,0.2,28,11,344.05338750896146,199.06701144891016,0.007963425195888992,216,220,180,0
200,0.2,28,12,344.06965696057773,206.8087288085045,0.007728508176448933,226,244,214,0
200,0.2,28,13,343.9558689016431,189.51246078152582,0.008496187988439163,206,216,166,0
200,0.2,28,14,343.9514820414544,187.73668893037168,0.008782173695074261,202,231,177,0
200,0.2,28,15,344.14524180766983,232.08553819416372,0.007115942945456194,251,231,226,0
200,0.2,28,16,343.93468189255293,184.88817768952163,0.00874261236219077,204,231,179,0
200,0.2,28,17,343.95145312512363,186.2130468473511,0.008486479008011364,204,230,178,0
200,0.2,28,18,344.2465003032857,250.9949758765711,0.006494115760247485,272,229,245,0
200,0.2,28,19,344.0026877094214,193.26188048885737,0.008259869212813747,212,244,200,0
200,0.2,28,20,344.10263256451657,215.93072977028208,0.007496685463626297,237,228,209,0
200,0.3,4,1,313.7518889854629,35.95596581882905,0.04484525204675412,40,904,688,0
200,0.3,4,2,314.5615324809643,85.28861908781211,0.01828024930395032,91,1003,838,0
200,0.3,4,3,314.6107126191118,81.86141818234806,0.019486950287045085,89,884,717,0
200,0.3,4,4,314.48719862432023,74.01773400217603,0.02247552428175029,81,1046,871,0
200,0.3,4,5,313.3902069109381,25.134010883210244,0.0640343024347512,29,775,548,0
200,0.3,4,6,313.6765358785209,31.679979289274595,0.04769908804940196,35,795,574,0
200,0.3,4,7,313.82855731980703,41.52483457604933,0.03673167112015807,45,805,594,0
200,0.3,4,8,314.08076542200695,51.33642948324323,0.03127133730916125,57,730,531,0
200,0.3,4,9,313.88562520914223,40.338510959242946,0.04040783694197788,45,849,638,0
200,0.3,4,10,314.41810384599194,70.19966168056274,0.021740354003073205,77,975,796,0
200,0.3,4,11,313.7095162035224,37.116003313371934,0.04177578015209508,40,858,642,0
200,0.3,4,12,313.81650334569395,42.96156694104664,0.035025959246048365,46,775,565,0
200,0.3,4,13,313.84797255710276,41.471163287669015,0.04063103169868408,45,808,597,0
200,0.3,4,14,313.6724647616007,36.765611171447034,0.04877115380524081,41,797,582,0
200,0.3,4,15,313.88944385763887,40.30887921845563,0.040105371885619204,46,770,560,0
200,0.3,4,16,314.29497566102185,60.71092576336913,0.0254400542280918,67,931,742,0
200,0.3,4,17,314.2720819632575,62.132339779802415,0.026309692042146178,69,940,753,0
200,0.3,4,18,314.01130249354173,46.82642292306551,0.03543183234966902,51,847,642,0
200,0.3,4,19,314.2269343284501,59.19595179473027,0.02818324860503748,66,898,708,0
200,0.3,4,20,314.10297203855987,49.79509000977193,0.03147179756755497,55,918,717,0
200,0.3,6,1,327.7023078369171,288.24995699114584,0.0057600866111439455,316,827,887,0
200,0.3,6,2,327.9939322123203,372.80399166261907,0.004302710672974258,407,906,1057,0
200,0.3,6,3,328.09931520296846,413.74130789450516,0.0038453317937893303,456,912,1112,0
200,0.3,6,4,327.82488302143406,317.8711774496605,0.00504672060790408,348,807,899,0
200,0.3,6,5,327.70620780818473,280.3664024053454,0.005717626829210523,310,892,946,0
200,0.3,6,6,327.8261209389208,316.79066572709485,0.005086843923983197,348,946,1038,0
200,0.3,6,7,327.7402831950951,284.56334614246,0.005550786331155139,311,775,830,0
200,0.3,6,8,327.6537869073351,269.5081631158391,0.005782029684692269,293,813,850,0
200,0.3,6,9,327.93109515818645,347.2340256583089,0.00455442580949985,383,853,980,0
200,0.3,6,10,328.12232929875233,432.5484374291398,0.0037613638363132636,475,974,1193,0
200,0.3,6,11,327.5439135182087,239.52032206395918,0.006668662769481434,263,817,824,0
200,0.3,6,12,327.9588260274887,365.38161037267537,0.004437904007548454,400,935,1079,0
200,0.3,6,13,327.87698338985257,335.34656907385113,0.00482700468005892,367,850,961,0
200,0.3,6,14,327.9503761271279,348.1042676236547,0.0044753306896096485,382,863,989,0
200,0.3,6,15,327.80175230147506,315.880669567766,0.005182497516930683,348,938,1030,0
200,0.3,6,16,327.854659195395,330.80154171498526,0.00494028355613424,360,862,966,0
200,0.3,6,17,327.71384106777134,289.8554948342813,0.005658724261530919,315,806,865,0
200,0.3,6,18,327.78690503763363,301.84205070041816,0.005224277434397971,331,834,909,0
200,0.3,6,19,327.6187048823019,249.26018563552134,0.006244243777192916,271,765,780,0
200,0.3,6,20,327.8928520944811,336.80490931013486,0.004758525437837575,371,851,966,0
200,0.3,8,1,333.0833670136883,273.95589114055605,0.006087214976400461,305,788,837,0
200,0.3,8,2,333.2267283214928,315.2266764348545,0.005285532921825425,347,935,1026,0
200,0.3,8,3,333.0756042195689,277.918460674174,0.006156047885371974,310,793,847,0
200,0.3,8,4,332.74009070110725,201.26467157858983,0.008575388486611532,223,746,713,0
200,0.3,8,5,333.1106090673312,274.27627808882505,0.005848576210355516,305,784,833,0
200,0.3,8,6,332.9395873389584,246.05307957093265,0.007019820092887678,273,779,796,0
200,0.3,8,7,332.9826186791683,247.53529229926875,0.006692600147592326,273,820,837,0
200,0.3,8,8,332.6219687963282,172.90669435254284,0.009298889521602294,194,706,644,0
200,0.3,8,9,333.353262872216,355.41578275014587,0.0046564851384043576,392,833,969,0
200,0.3,8,10,333.0404115090596,261.2130273164704,0.006245528859323267,287,852,883,0
200,0.3,8,11,333.26659919170413,330.42088224793156,0.0050655474565561446,366,841,951,0
200,0.3,8,12,333.06582454635975,274.800591158981,0.0060056324524485226,304,861,909,0
200,0.3,8,13,332.8987624327762,225.33210164271438,0.007154119737273602,248,706,698,0
200,0.3,8,14,333.0456247249422,267.3830507573407,0.006296652309071063,296,831,871,0
200,0.3,8,15,333.1219621593776,292.0685896255874,0.0058721705533616875,323,776,843,0
200,0.3,8,16,332.82865836732583,216.2454939466459,0.007772244839852264,240,733,717,0
200,0.3,8,17,333.0636428401326,263.499147531253,0.006216487169642801,292,762,798,0
200,0.3,8,18,333.0580208383327,277.35637468298114,0.006208980753893996,305,819,868,0
200,0.3,8,19,332.7477836740239,194.98978544780607,0.008516910002367525,219,687,650,0
200,0.3,8,20,332.78331859229684,208.1142401711032,0.00814546708540531,230,753,727,0
200,0.3,10,1,335.5240470841752,172.42253207345516,0.009173845489967932,191,588,523,0
200,0.3,10,2,335.2603159458759,134.13979841814827,0.011920849596925864,148,585,477,0
200,0.3,10,3,335.545727715449,175.45003374856194,0.009074221590525946,194,688,626,0
200,0.3,10,4,335.67956294333,204.78397639492198,0.007970046994192079,223,690,657,0
200,0.3,10,5,335.5806399573615,183.43559682560723,0.00875743525972793,202,592,538,0
200,0.3,10,6,335.78957841479587,218.66371888255532,0.007064981029868494,242,619,605,0
200,0.3,10,7,335.5341773715282,174.5841964193628,0.00897348883181096,193,688,625,0
200,0.3,10,8,335.2562027891414,133.05895956387093,0.012087205217777985,146,622,512,0
200,0.3,10,9,335.94273027406126,260.29062079879327,0.00608523213860319,286,703,733,0
200,0.3,10,10,335.5970115009546,184.3159284622159,0.008486952513792083,199,619,562,0
200,0.3,10,11,335.3990847927685,151.1738689568344,0.01046250692877662,168,634,546,0
200,0.3,10,12,335.795413304825,230.58874085279678,0.007012367341038266,252,660,656,0
200,0.3,10,13,335.663198512749,205.26349107667593,0.00795806528403819,223,627,594,0
200,0.3,10,14,335.41768930296166,160.31168355755625,0.010297332281993225,178,642,564,0
200,0.3,10,15,335.74247875527794,214.42408040387974,0.007509830909062428,236,628,608,0
200,0.3,10,16,335.52585094998506,174.52154564533325,0.008949845333049917,194,572,510,0
200,0.3,10,17,335.8336836143973,238.04855824847994,0.006836295326762008,261,692,697,0
200,0.3,10,18,335.6226365227358,191.95133823095392,0.007909020890848646,212,603,559,0
200,0.3,10,19,335.4246203512546,154.04348947954264,0.010282497395365919,170,616,530,0
200,0.3,10,20,335.58952173083094,183.7054623708633,0.008760132221230642,203,602,549,0
200,0.3,12,1,336.8930003618506,197.56919439824085,0.008066789267444975,218,510,472,0
200,0.3,12,2,337.0976602688627,236.1521765632538,0.006563280690143123,258,529,531,0
200,0.3,12,3,336.8970247429045,203.74637329734685,0.007855985831281718,224,535,503,0
200,0.3,12,4,336.8675675885946,196.5713867354875,0.008091464171864023,216,554,514,0
200,0.3,12,5,337.0360157599351,224.61207221257754,0.006970000390089177,249,524,517,0
200,0.3,12,6,336.9938976566765,217.34315236655723,0.00721130767114702,238,591,573,0
200,0.3,12,7,336.8334991192063,191.74399727019346,0.008566712803883965,212,516,472,0
200,0.3,12,8,336.7904165247827,177.85022570526195,0.008915946911454685,194,494,432,0
200,0.3,12,9,336.7712787211634,180.65744210562548,0.008447168872635318,197,487,428,0
200,0.3,12,10,337.09219438698574,240.82133130112507,0.006520885269626323,264,599,607,0
200,0.3,12,11,336.44375509402107,128.49028494065973,0.01262193527550423,140,489,373,0
200,0.3,12,12,336.9674946756428,210.69404365848658,0.007431747125443021,232,577,553,0
200,0.3,12,13,336.8354646780217,189.16547402485048,0.00851992095078624,207,532,483,0
200,0.3,12,14,336.9637526627991,217.23684753269828,0.007505683498529626,237,532,513,0
200,0.3,12,15,336.73119427348337,171.5893089233374,0.009439751850206715,188,549,481,0
200,0.3,12,16,336.7462305367497,174.15688113693307,0.009256547743651497,193,510,447,0
200,0.3,12,17,336.88399065174207,195.41489533231174,0.008107854259702783,214,510,468,0
200,0.3,12,18,336.9756775092828,220.99725243644215,0.00743490438478439,241,593,578,0
200,0.3,12,19,337.02634045729377,223.28339241004096,0.007049992715607446,246,584,574,0
200,0.3,12,20,337.06187406915495,238.8277917524103,0.006799067867973985,261,543,548,0
200,0.3,14,1,337.982425358322,217.62118340876344,0.007420732445210528,238,461,443,0
200,0.3,14,2,337.9223215626429,199.42604752053467,0.0076835895584427116,217,438,399,0
200,0.3,14,3,337.70368956402996,167.6791101754811,0.009833950503858886,182,451,377,0
200,0.3,14,4,337.8464717168985,190.85666559616462,0.008254830167476246,210,444,398,0
200,0.3,14,5,337.6038943792126,150.4871421069708,0.010758296329454077,165,427,336,0
200,0.3,14,6,337.86150436651866,188.01715228916706,0.008194111206822098,205,474,423,0
200,0.3,14,7,338.0137009306394,225.06584258001902,0.007171339977752277,247,488,479,0
200,0.3,14,8,337.7626316660032,173.19773777245433,0.00929633284713416,188,463,395,0
200,0.3,14,9,337.8776017139732,191.46083107934422,0.008298239124344783,211,445,400,0
200,0.3,14,10,337.98792302032035,223.0041293856198,0.007425838072137604,247,443,434,0
200,0.3,14,11,337.86161785384314,196.0125617581411,0.008256072691960697,211,448,403,0
200,0.3,14,12,338.0176858665078,222.18407756474366,0.007191650145750475,245,437,426,0
200,0.3,14,13,337.9545284091347,207.26429469007098,0.00768504682252212,225,453,422,0
200,0.3,14,14,337.98396039081797,214.19377234505856,0.007376286391258103,235,480,459,0
200,0.3,14,15,337.81585647861516,185.3962727007608,0.008629714194046541,204,452,400,0
200,0.3,14,16,337.87482449326467,192.50671409223952,0.007948705897990849,209,464,417,0
200,0.3,14,17,338.288036343542,288.79696285265703,0.005450966080565211,314,461,519,0
200,0.3,14,18,337.9200896895445,198.90637551599076,0.007810294734575502,218,477,439,0
200,0.3,14,19,337.4741897417946,127.47399437770008,0.012088125860355568,139,431,314,0
200,0.3,14,20,338.04355463021994,227.9845445129421,0.007028567159404535,244,485,473,0
200,0.3,16,1,338.39602969449635,193.96787757172746,0.008277622894744817,214,439,397,0
200,0.3,16,2,338.4608689365171,202.6665344981789,0.007867878553140962,222,424,390,0
200,0.3,16,3,338.2567388284119,165.6354247911359,0.009598859286557685,183,395,322,0
200,0.3,16,4,338.31373695233515,177.84356302590322,0.009070053666409604,195,430,369,0
200,0.3,16,5,338.29262289098074,181.15259033399684,0.009268793421652221,197,389,330,0
200,0.3,16,6,338.27501688016275,175.7452126291252,0.009063086847120167,192,408,344,0
200,0.3,16,7,338.4850472090322,205.26729298646245,0.007596294502139213,225,443,412,0
200,0.3,16,8,338.70261091185864,267.09285434001833,0.006108722681591843,293,387,424,0
200,0.3,16,9,338.31646686118876,179.41871992479003,0.008934469067037105,197,427,368,0
200,0.3,16,10,338.5451585225281,225.85043639987217,0.007185891392882328,249,398,391,0
200,0.3,16,11,338.12257483814153,151.48314587147806,0.010989013495304623,168,397,309,0
200,0.3,16,12,338.64704631667763,244.05959392738498,0.006520011628803644,267,429,440,0
200,0.3,16,13,338.69782337257834,260.9954481255023,0.006177157401311634,285,414,443,0
200,0.3,16,14,338.41705441019144,202.20501367761545,0.007826072235071525,220,402,366,0
200,0.3,16,15,338.44446455843286,201.5429507832265,0.007955404978023908,220,412,376,0
200,0.3,16,16,338.7079521706606,264.7133589530279,0.006082486698504863,288,472,504,0
200,0.3,16,17,338.44345883552336,194.90560267955823,0.007995464331919557,214,401,359,0
200,0.3,16,18,338.279194295122,174.09754733086743,0.009323859001833383,191,396,331,0
200,0.3,16,19,338.56806592273983,221.6635532612504,0.007058312052613855,245,443,432,0
200,0.3,16,20,338.6799739110023,256.627630729844,0.006299555187451293,284,422,450,0
200,0.3,18,1,338.8096515512113,196.16728402332302,0.008234086693449313,215,375,334,0
200,0.3,18,2,338.6671557484123,167.5906270014253,0.00902045659148778,184,370,298,0
200,0.3,18,3,338.8046059577967,196.7931907347485,0.008335710869980284,219,377,340,0
200,0.3,18,4,338.8575399962401,200.47737920673652,0.007921888558334061,219,345,308,0
200,0.3,18,5,338.53327788113955,147.3254660744573,0.010868226215444506,164,339,247,0
200,0.3,18,6,338.6510181689974,172.63677468707124,0.009673971729222124,190,404,338,0
200,0.3,18,7,338.876027401113,210.94827062896593,0.00775973481822232,229,398,371,0
200,0.3,18,8,338.7579433021271,182.95898718341024,0.008721325336100419,202,382,328,0
200,0.3,18,9,338.863076806039,210.53690687032193,0.007769015239916226,231,396,371,0
200,0.3,18,10,338.8296174391606,198.2162073474309,0.00814709583789128,216,378,338,0
200,0.3,18,11,338.78825426207095,191.38983867645427,0.0083123973811962,209,373,326,0
200,0.3,18,12,338.76863018035596,189.7400586005835,0.00846449028905996,208,389,341,0
200,0.3,18,13,338.8613522005436,212.84584656041764,0.007820596678802213,233,419,396,0
200,0.3,18,14,338.8763960269934,207.48894625930444,0.007678050245422477,225,404,373,0
200,0.3,18,15,338.8349606847692,200.00897712021026,0.008005122307863767,218,382,344,0
200,0.3,18,16,338.75386860833737,185.83292085689268,0.008605786058971485,201,388,333,0
200,0.3,18,17,338.8915896303201,219.9063964430823,0.007552761036315384,243,363,350,0
200,0.3,18,18,338.89595151517574,221.0720334102794,0.007442228768616842,239,386,369,0
200,0.3,18,19,338.955661692406,230.67456949712272,0.007157851787188821,254,397,395,0
200,0.3,18,20,338.8758544786883,206.89604394569417,0.007799583214309019,228,411,383,0
200,0.3,20,1,339.24421675581556,199.22207486467497,0.008001095072632086,219,348,311,0
200,0.3,20,2,339.2718009713538,210.74304220210146,0.0076716714544070065,229,360,333,0
200,0.3,20,3,339.08966480691083,173.16901747674427,0.009288593516507659,190,339,273,0
200,0.3,20,4,339.1311253037086,175.0257572501064,0.009001649643982609,192,377,313,0
200,0.3,20,5,339.137379375148,180.81098602527103,0.008950376007341096,203,368,315,0
200,0.3,20,6,339.0222569947633,163.6111324735365,0.009661843047437562,179,367,290,0
200,0.3,20,7,339.0911222577525,179.1980009638609,0.009339266647453305,197,363,304,0
200,0.3,20,8,339.1724400666845,182.06057178727687,0.008627273271895887,203,355,302,0
200,0.3,20,9,339.26006507467076,212.45439181563515,0.007676397256651272,231,367,342,0
200,0.3,20,10,339.06870727399,176.4310967732365,0.009472321565983044,192,358,294,0
200,0.3,20,11,339.08260238885686,173.89371684086794,0.009112977565709574,187,367,298,0
200,0.3,20,12,339.2695677381062,203.9836230500496,0.007842407460256088,227,415,386,0
200,0.3,20,13,338.86769343624724,143.6384110956501,0.01131518496214196,160,376,280,0
200,0.3,20,14,339.1723428833024,188.41377905786197,0.008632103453597993,205,363,312,0
200,0.3,20,15,339.133502297352,190.54028656328782,0.008393908726670233,208,374,326,0
200,0.3,20,16,339.0766634518425,173.40938460876154,0.009461673442770489,191,354,289,0
200,0.3,20,17,339.01639901576283,162.47764797570352,0.009914791741097644,180,349,273,0
200,0.3,20,18,339.05193356778886,175.52693566679233,0.009649689334665184,191,362,297,0
200,0.3,20,19,339.14358624469344,189.53082174782648,0.008865877132011025,209,350,303,0
200,0.3,20,20,338.93117554458087,146.41627696395994,0.010737528182345989,160,386,290,0
200,0.3,22,1,339.42978107281584,215.54695917137008,0.007215281298290997,239,357,340,0
200,0.3,22,2,339.42125900113444,234.93375484043344,0.006958794198632796,257,366,367,0
200,0.3,22,3,339.4439616837763,234.9067248048319,0.006985772050154358,257,343,344,0
200,0.3,22,4,339.3915704271622,223.10209391446168,0.007523715348074823,244,324,312,0
200,0.3,22,5,339.1166768644459,160.95120982739996,0.009908631805557422,177,324,245,0
200,0.3,22,6,339.29542646158757,192.79653142867693,0.008288781549866226,214,358,316,0
200,0.3,22,7,339.16331700110146,175.83020009137874,0.009442958078722523,193,340,277,0
200,0.3,22,8,339.4458015343335,231.76337056236702,0.007142927257791707,254,342,340,0
200,0.3,22,9,339.37724429617117,213.021508677648,0.007635760903197354,236,326,306,0
200,0.3,22,10,339.2789395345708,193.0820836431146,0.008407117595163558,213,355,312,0
200,0.3,22,11,339.44622968567154,236.00323609115486,0.007112834995210758,257,381,382,0
200,0.3,22,12,339.51732031982965,242.07357715139062,0.0066353362311668655,266,351,361,0
200,0.3,22,13,339.25494762148844,189.08001023705611,0.008506661830000317,210,332,286,0
200,0.3,22,14,339.5608149572374,255.6429265205465,0.006233825859671906,278,361,383,0
200,0.3,22,15,339.14025918065335,176.36537445169333,0.009258063394916848,194,343,281,0
200,0.3,22,16,339.2741652047995,197.43026474510089,0.008289057353560364,218,332,294,0
200,0.3,22,17,339.35810928025836,205.30190602537039,0.007529883468857076,225,360,329,0
200,0.3,22,18,339.0581176173129,158.36173775123694,0.010248124782111127,174,344,262,0
200,0.3,22,19,339.2591815190056,186.05038516674531,0.008614964033872323,204,325,273,0
200,0.3,22,20,339.432646085065,229.19277222961384,0.007211203997849857,252,352,348,0
200,0.3,24,1,339.52225453863815,207.39174662409764,0.007641418358654833,225,323,292,0
200,0.3,24,2,339.5288683142247,210.0084012013947,0.007744209644716319,228,341,313,0
200,0.3,24,3,339.51860154527253,205.38356540759355,0.007782962816984158,227,304,275,0
200,0.3,24,4,339.3837980394022,180.30625935004323,0.008945356217775844,199,360,303,0
200,0.3,24,5,339.7315783554276,243.18483154411902,0.006335738261468557,266,312,322,0
200,0.3,24,6,339.43437517042383,189.26268461865,0.008473485937526318,209,352,305,0
200,0.3,24,7,339.6043874140875,222.4246971375471,0.007154070983488408,244,323,311,0
200,0.3,24,8,339.4703788812907,195.26751010145787,0.008222400603940815,214,340,298,0
200,0.3,24,9,339.5425029240017,209.1013448711224,0.007574047017006087,229,341,314,0
200,0.3,24,10,339.7443964904897,250.18658196735643,0.006214019095359203,275,322,341,0
200,0.3,24,11,339.43651202056515,193.53928350539692,0.008391373429561498,212,316,272,0
200,0.3,24,12,339.5390443724211,211.4975802118666,0.007406797471312069,233,346,323,0
200,0.3,24,13,339.5593949377668,209.35495918720997,0.007440419671993575,226,347,317,0
200,0.3,24,14,339.31127154973507,164.30823972425483,0.00945634474871152,180,293,217,0
200,0.3,24,15,339.6626063232297,234.2184621925287,0.006685479629108687,256,352,352,0
200,0.3,24,16,339.6467539291159,231.53580613721476,0.0068713339769566305,254,342,340,0
200,0.3,24,17,339.4521596197381,195.662131890062,0.00811578010391398,213,343,300,0
200,0.3,24,18,339.6467177060601,233.03577093448004,0.006818438930896575,256,340,340,0
200,0.3,24,19,339.49119748364313,198.19827456305214,0.008052268877763946,216,338,298,0
200,0.3,24,20,339.4597248043317,197.18659782062394,0.00831621711853455,214,334,292,0
200,0.3,26,1,339.5231660064954,180.5985526115447,0.008716264654504318,197,321,262,0
200,0.3,26,2,339.7842915544979,242.69190462037048,0.006751895821372231,263,351,358,0
200,0.3,26,3,339.6212976127958,204.05787337798853,0.007985106116153207,222,321,287,0
200,0.3,26,4,339.59725339352104,198.44288184562495,0.008165837149639098,217,328,289,0
200,0.3,26,5,339.6780039056829,215.3642082376697,0.007391311547559376,235,322,301,0
200,0.3,26,6,339.59160063886804,201.46747142277317,0.008250938326598753,222,356,322,0
200,0.3,26,7,339.8283272972002,239.06432549278884,0.0064820278220962145,262,348,354,0
200,0.3,26,8,339.85182954457395,257.1640249435707,0.006250586203670643,281,344,369,0
200,0.3,26,9,339.7626093333426,229.24811324306717,0.006874822242691237,250,325,319,0
200,0.3,26,10,339.87504640281395,264.4242734881247,0.006137587976938587,291,303,338,0
200,0.3,26,11,339.7128383401845,220.1375171870503,0.00724178383629878,241,326,311,0
200,0.3,26,12,339.44984271708495,178.79736269267167,0.009139638353262366,196,329,269,0
200,0.3,26,13,339.8048015675453,234.63468559436976,0.006623421504886246,256,318,318,0
200,0.3,26,14,339.66994875578513,216.15875190921156,0.007534634795128496,235,299,278,0
200,0.3,26,15,339.550711736028,188.43964383794528,0.008554679545443436,204,292,240,0
200,0.3,26,16,339.6512276911652,210.0273937649732,0.007505137550167175,230,318,292,0
200,0.3,26,17,339.6638081439816,210.91968126152932,0.0075897955291849735,233,310,287,0
200,0.3,26,18,339.6792204658703,221.86770589867328,0.007460671154706057,242,306,292,0
200,0.3,26,19,339.8004282553442,238.14899474084717,0.006571417795118776,262,334,340,0
200,0.3,26,20,339.69439757809124,217.22882445150717,0.00745859163664922,240,336,320,0
200,0.3,28,1,339.9072801369345,243.9529259788242,0.006703623622026589,264,310,318,0
200,0.3,28,2,339.74057261000604,206.84535135435135,0.007862562948000395,225,326,295,0
200,0.3,28,3,339.61687671005177,184.80632015921978,0.008858101820859844,204,335,283,0
200,0.3,28,4,339.92604686677424,252.85025710759425,0.006424308752049905,277,320,341,0
200,0.3,28,5,339.9726748446351,256.4976515311497,0.006271799745464423,278,333,355,0
200,0.3,28,6,339.77004532502707,205.29265413778575,0.0075493628992242615,226,317,287,0
200,0.3,28,7,339.8840600260996,231.94076404881585,0.0067671040756095546,250,311,305,0
200,0.3,28,8,339.8305173038752,230.2084634562197,0.007135625645550556,254,327,325,0
200,0.3,28,9,339.78113778620894,215.44019059770125,0.007561066536025526,238,307,289,0
200,0.3,28,10,339.9639937964226,265.4870130248622,0.0063279782242976835,289,306,339,0
200,0.3,28,11,339.9692702957279,265.69114579192643,0.006300179300892175,286,315,345,0
200,0.3,28,12,339.7837603815882,213.3269083879069,0.007532115228025389,234,297,275,0
200,0.3,28,13,339.7253523838598,200.4504795160104,0.008013073539442344,218,297,259,0
200,0.3,28,14,339.66492582461564,200.2935835659524,0.008316520428451022,220,296,260,0
200,0.3,28,15,339.8716892854227,226.57036032950631,0.0068308820637697845,248,312,304,0
200,0.3,28,16,339.9812586721687,257.0008524197665,0.006223974378298767,280,316,340,0
200,0.3,28,17,339.66387267165186,191.6843142159701,0.008403703459762882,209,308,261,0
200,0.3,28,18,339.631679297019,191.36898067355838,0.008752283114957668,209,314,267,0
200,0.3,28,19,339.57860830371936,173.099335893735,0.00918648830576178,190,327,261,0
200,0.3,28,20,339.59967347219686,187.4847980755125,0.009077672717249689,206,298,248,0
200,0.3,30,1,339.68615845484703,186.55925358495838,0.0088712038567007,203,310,257,0
200,0.3,30,2,339.9646568377341,247.0446091758946,0.006534119043130363,268,331,343,0
200,0.3,30,3,339.86684184977037,222.20896134375266,0.007433157727961346,242,329,315,0
200,0.3,30,4,339.9702841507581,241.03783524209385,0.006701346596995046,263,321,328,0
200,0.3,30,5,339.97448740217214,241.75081669095164,0.006604344973110354,263,313,320,0
200,0.3,30,6,339.8773324647419,224.42705663169784,0.007304861042424831,247,305,296,0
200,0.3,30,7,339.9383668278739,237.8286847426517,0.006789654360793846,258,303,305,0
200,0.3,30,8,339.85185333533155,212.3945131905801,0.007425307978052594,232,286,262,0
200,0.3,30,9,339.7327030051328,194.47999277480386,0.008313701070196298,213,312,269,0
200,0.3,30,10,339.69638830260624,183.67253921338815,0.008746222865751892,200,306,250,0
200,0.3,30,11,339.93136408518643,236.4855325538332,0.006959513633886875,258,318,320,0
200,0.3,30,12,339.824515434697,219.9300483224383,0.00770589157748903,240,301,285,0
200,0.3,30,13,339.8910472441404,237.01290011837747,0.007219695565183807,257,312,313,0
200,0.3,30,14,339.7091664923526,196.6309096166381,0.008664330929726098,216,329,289,0
200,0.3,30,15,339.9987701876375,245.23375101791405,0.006464169299059636,271,306,321,0
200,0.3,30,16,339.5545186088465,166.2673737907559,0.009911384742115241,181,310,235,0
200,0.3,30,17,339.89979255017533,229.70484559882993,0.0071772258267723535,249,286,279,0
200,0.3,30,18,339.73239042224566,194.26838417967014,0.008449091974699983,213,301,258,0
200,0.3,30,19,339.7974576529969,200.43000008594169,0.007912513619084564,220,309,273,0
200,0.3,30,20,339.54720904572963,159.4209588966334,0.01016878655796325,177,328,249,0
200,0.4,4,1,309.710465056621,227.4512070587214,0.0076250877527377775,247,859,850,0
200,0.4,4,2,309.2734642090483,152.1854777023008,0.0115245929416069,168,826,738,0
200,0.4,4,3,309.51621593553375,190.21748068652002,0.008973493434949676,208,894,846,0
200,0.4,4,4,309.6336619160063,210.76203899936453,0.008105007010967072,234,886,864,0
200,0.4,4,5,309.69895015125985,230.94291098453803,0.00757486052743138,255,961,960,0
200,0.4,4,6,309.7177297312559,229.27143303767858,0.007580672921595025,253,846,843,0
200,0.4,4,7,309.27570075842874,149.21654946831262,0.011083310553708476,162,806,712,0
200,0.4,4,8,309.08906503715576,120.31314597404888,0.013789015581330794,134,833,711,0
200,0.4,4,9,309.18426611471835,130.58877895354559,0.012430720391122715,143,842,729,0
200,0.4,4,10,309.8094725953129,244.82209580967555,0.006944473440601175,272,928,944,0
200,0.4,4,11,309.9238137281356,285.91149540394906,0.00615733357046249,316,1086,1146,0
200,0.4,4,12,309.6399256882884,209.4749328734891,0.008075828402946577,231,933,908,0
200,0.4,4,13,309.8961628139294,276.61821528427004,0.006360843531573206,302,1012,1058,0
200,0.4,4,14,310.060874706838,318.8231876197417,0.005122374517730542,349,1035,1128,0
200,0.4,4,15,309.57466557086616,194.21818924258696,0.008620446941741031,213,921,878,0
200,0.4,4,16,310.02963987223114,330.0965138569804,0.0054675937787507815,358,972,1074,0
200,0.4,4,17,309.76776996200084,249.6417064071126,0.007026872478340845,273,1051,1068,0
200,0.4,4,18,309.3458620169849,151.85059589805036,0.010820750852046057,167,810,721,0
200,0.4,4,19,309.5157459139243,187.07485959317918,0.008799229637546025,206,879,829,0
200,0.4,4,20,309.7874861801372,248.6110223878897,0.0068731231109679216,273,1000,1017,0
200,0.4,6,1,323.96049773537874,472.38146258755444,0.003431958144439498,521,1116,1381,0
200,0.4,6,2,323.91081299736874,468.1735443227894,0.0035966883006877336,521,1095,1360,0
200,0.4,6,3,323.8108578826349,412.34390265823055,0.003977109608787272,454,1066,1264,0
200,0.4,6,4,323.6028696171859,335.1407322218847,0.004879216127265739,370,936,1050,0
200,0.4,6,5,324.06403289431296,524.4775392166633,0.0030738426126632364,577,1168,1489,0
200,0.4,6,6,323.8934416388849,441.7616399655194,0.003685841354391715,487,1117,1348,0
200,0.4,6,7,323.2899021109594,248.5322817786842,0.006723776269044875,274,862,880,0
200,0.4,6,8,323.8611618003066,435.5841564275048,0.00377604456743859,482,1060,1286,0
200,0.4,6,9,323.8621985270653,423.28145527503784,0.00377433913321788,468,1046,1258,0
200,0.4,6,10,323.7714013185791,391.40744545892403,0.0041607280355912026,431,1028,1203,0
200,0.4,6,11,324.2244686692876,618.2622260233594,0.0026421774237315337,681,1287,1712,0
200,0.4,6,12,323.2840865969146,240.4984905616059,0.006545571352629703,267,940,951,0
200,0.4,6,13,324.043901269774,518.4954039603732,0.0031650591822828603,581,1242,1567,0
200,0.4,6,14,323.82710234831507,418.26112063143506,0.003928809778309783,463,963,1170,0
200,0.4,6,15,323.97807656785335,482.8744739743872,0.0033538863315021026,532,1184,1460,0
200,0.4,6,16,324.14693248645045,562.9148382787174,0.0028520071979805314,616,1227,1587,0
200,0.4,6,17,323.5691101442822,335.0431072009119,0.005061250209893661,370,932,1046,0
200,0.4,6,18,323.6738670074152,351.96818885809864,0.004531355893066116,386,968,1098,0
200,0.4,6,19,323.65235802692416,341.22730710613376,0.004635125966486977,377,937,1058,0
200,0.4,6,20,323.75763474153433,390.95914836541994,0.004221061161633293,430,1049,1223,0
200,0.4,8,1,329.1287789295911,294.4952856268546,0.005660241863894414,325,880,949,0
200,0.4,8,2,328.96637503632695,247.30439043057885,0.006689996387195715,273,788,805,0
200,0.4,8,3,329.1581144111809,305.1843212161956,0.005411637382332858,335,853,932,0
200,0.4,8,4,329.3754724490759,365.23438744641965,0.0044050770508380875,404,993,1141,0
200,0.4,8,5,329.10878088942485,283.9496922211258,0.005804305440453265,311,934,989,0
200,0.4,8,6,329.33282082749116,355.8394956635014,0.0045533023210611685,392,981,1117,0
200,0.4,8,7,329.2400482370951,328.50933371788335,0.005041631339416306,364,1021,1129,0
200,0.4,8,8,328.94936581525917,247.51438610486287,0.006616366965121235,274,744,762,0
200,0.4,8,9,329.3326090405747,346.32689688713066,0.004594556999174137,385,942,1071,0
200,0.4,8,10,328.9539106931348,251.18694285363523,0.006566814784304653,275,877,896,0
200,0.4,8,11,328.8489900037402,231.51179558138068,0.007370118920266733,256,860,860,0
200,0.4,8,12,329.0616352977238,280.10223506441787,0.0060937696270504885,314,859,917,0
200,0.4,8,13,329.09531004842927,282.11682474066,0.0057707462006373325,312,1012,1068,0
200,0.4,8,14,328.8220410401368,220.80743666748097,0.00766568125731106,243,780,767,0
200,0.4,8,15,328.8968007397255,222.49700104871653,0.007199182139264221,246,792,782,0
200,0.4,8,16,328.9012238628763,226.86787382379094,0.006796993696866541,254,816,814,0
200,0.4,8,17,329.026387631053,260.985066766949,0.006309637452010557,291,819,854,0
200,0.4,8,18,328.9451647612595,248.84015526084124,0.006747959804578725,275,927,946,0
200,0.4,8,19,329.0890844475554,273.1921990500842,0.005935632754781339,302,871,917,0
200,0.4,8,20,329.2250322073967,323.83120972139153,0.0051749263955191815,360,930,1034,0
200,0.4,10,1,331.6708794813918,178.62771420743644,0.00909517440920052,196,699,639,0
200,0.4,10,2,331.59240933278653,157.52881750742608,0.009856407313029942,173,643,560,0
200,0.4,10,3,331.55674227099814,153.25539147386257,0.010207512162785478,165,681,590,0
200,0.4,10,4,331.747228614005,187.14471042571523,0.008539766497007953,204,695,643,0
200,0.4,10,5,331.7557012558973,187.8660876289924,0.008454244410890039,206,656,606,0
200,0.4,10,6,331.6399973522331,175.27097677598525,0.00922877935395332,192,682,618,0
200,0.4,10,7,331.98198472626837,241.51744168244488,0.006793315221382257,263,777,784,0
200,0.4,10,8,332.06730793505176,250.6248806330959,0.006213103070055902,274,750,768,0
200,0.4,10,9,332.0995119619662,270.0155818978789,0.006009059018255878,294,754,792,0
200,0.4,10,10,331.5952789464664,159.22833404814185,0.009549987336828188,174,638,556,0
200,0.4,10,11,331.7284174888788,184.71750524250174,0.008733091929978823,204,708,656,0
200,0.4,10,12,331.6386370293847,174.79799796767279,0.009494154173028046,192,682,618,0
200,0.4,10,13,331.6292261931441,172.9211184678778,0.009506842881409298,188,642,574,0
200,0.4,10,14,331.6581001963144,177.24134574918386,0.009248381111010924,194,682,620,0
200,0.4,10,15,331.7378322013387,188.44796316709952,0.008662753565327043,208,719,671,0
200,0.4,10,16,331.68609809918445,176.4041529476673,0.009051441308367807,196,765,705,0
200,0.4,10,17,331.7272037629735,184.81917540722262,0.00869593137284064,201,666,611,0
200,0.4,10,18,331.7857798906365,194.6561297665105,0.008022892193731784,212,619,575,0
200,0.4,10,19,331.66369592195036,176.46686694526028,0.009265391097802764,191,633,568,0
200,0.4,10,20,331.88734348833214,210.81661412696386,0.007399424138102816,231,652,627,0
200,0.4,12,1,333.24019734662323,199.8349269646408,0.008027995127012732,217,652,613,0
200,0.4,12,2,333.3171486664368,217.5500760850591,0.00751417183768357,238,669,651,0
200,0.4,12,3,333.1589407861067,180.49506899317348,0.008788150275507006,198,587,529,0
200,0.4,12,4,332.93871484192766,145.35957042515847,0.010682198207214113,159,519,422,0
200,0.4,12,5,333.29180967340847,205.6716539655077,0.007606849164800205,228,639,611,0
200,0.4,12,6,333.2490377618567,207.97242137267858,0.007886263676917941,227,612,583,0
200,0.4,12,7,333.29074236889414,213.82881094099466,0.007704333847734243,234,617,595,0
200,0.4,12,8,333.3324037181966,217.07032030347784,0.0073684028981470745,238,618,600,0
200,0.4,12,9,333.36619259874266,224.2005426851832,0.007106036138006835,244,639,627,0
200,0.4,12,10,333.307735553509,218.10129897450366,0.007529927497191592,240,663,647,0
200,0.4,12,11,333.36418899741807,223.9966955670757,0.007082357858407952,246,627,617,0
200,0.4,12,12,333.21507967871156,199.39704489138822,0.008275410098560311,218,580,542,0
200,0.4,12,13,333.40814515720336,237.40971451970515,0.006808945854988567,259,643,646,0
200,0.4,12,14,333.2046818796573,190.9423914583986,0.008338596417006355,207,577,528,0
200,0.4,12,15,333.2042710552779,198.19097216101474,0.00831416720997671,217,587,548,0
200,0.4,12,16,333.04025825752,163.90564682943108,0.009774699819147525,182,583,509,0
200,0.4,12,17,333.33815971361156,214.69322052588586,0.007277840659116497,238,639,621,0
200,0.4,12,18,332.9000473771697,143.75607688338215,0.011023084106582214,157,585,486,0
200,0.4,12,19,333.3009518727449,218.07152471822477,0.007507875107898888,239,629,612,0
200,0.4,12,20,333.0441847173583,177.0571264437215,0.009836212007387542,192,569,505,0
200,0.4,14,1,334.37670423566175,261.15945861527797,0.006105842190697959,289,600,633,0
200,0.4,14,2,334.18407779484846,220.0122925297249,0.007269831653072008,243,522,509,0
200,0.4,14,3,334.23097512450465,228.7151072240016,0.00703411648774859,246,563,553,0
200,0.4,14,4,333.92631765493627,159.55937938211596,0.009715419941833526,174,515,433,0
200,0.4,14,5,334.04811861678417,186.77041548406288,0.008192509344165719,205,548,497,0
200,0.4,14,6,334.40529480664793,265.39611540675185,0.006021922547052424,292,566,602,0
200,0.4,14,7,334.06672977106024,202.34298059310635,0.008250791083394667,221,508,473,0
200,0.4,14,8,334.03915856659296,191.99986075339257,0.00856143075592411,212,526,482,0
200,0.4,14,9,333.95074191394446,175.5831877206983,0.009260959265039196,192,519,455,0
200,0.4,14,10,333.9456731153217,174.0581386529195,0.009321369036945163,192,515,451,0
200,0.4,14,11,333.7669933736068,143.12232149377886,0.01131228329243633,159,490,393,0
200,0.4,14,12,334.03933117789575,184.63680672598872,0.008628893030885626,204,505,453,0
200,0.4,14,13,334.3046017660352,248.77757819666022,0.006454301025312071,274,564,582,0
200,0.4,14,14,334.2869837721173,247.25727906063747,0.006776208258743115,271,554,569,0
200,0.4,14,15,334.1692174731952,210.7593321962799,0.007608326532381699,233,549,526,0
200,0.4,14,16,334.479508170654,299.24054592377126,0.005520772557702572,329,601,674,0
200,0.4,14,17,333.81299916698265,152.72526212187728,0.010656430080891089,168,488,400,0
200,0.4,14,18,334.26044766410024,239.5265977117751,0.006782967801309533,261,552,557,0
200,0.4,14,19,334.01936846449627,184.63857880891624,0.008574187262626131,205,536,485,0
200,0.4,14,20,334.1980593717742,224.04004981222096,0.007240122219895635,245,573,562,0
200,0.4,16,1,334.49758378404175,166.96574592923875,0.009476488635910125,186,449,379,0
200,0.4,16,2,334.90589505924186,254.83342268316105,0.006354588115094283,284,509,537,0
200,0.4,16,3,334.88802181079524,247.06357749047908,0.0064327281490889066,268,535,547,0
200,0.4,16,4,334.9071458446878,259.58540773067614,0.006283372227003768,287,521,552,0
200,0.4,16,5,334.92113651993316,264.750045248082,0.006275980200574849,290,508,542,0
200,0.4,16,6,334.68211106714944,213.8919619980035,0.007708790921125355,233,495,472,0
200,0.4,16,7,334.6435853503639,206.66724765976446,0.008130343634589242,228,490,462,0
200,0.4,16,8,334.7333080783188,210.1944767276267,0.007563141425894933,229,467,440,0
200,0.4,16,9,334.7433014983059,214.79174156206548,0.007546331031637947,240,494,478,0
200,0.4,16,10,334.70864684824403,213.2602965934684,0.007534422748594694,237,481,462,0
200,0.4,16,11,334.79349558069123,224.17422460743515,0.007179614859686099,246,482,472,0
200,0.4,16,12,334.8762518533634,252.64360323754042,0.006599992344446676,276,493,513,0
200,0.4,16,13,334.70434700377467,211.76917742505412,0.007673945269274116,233,505,482,0
200,0.4,16,14,334.9650015042167,272.5487606390653,0.0060025233084666845,302,517,563,0
200,0.4,16,15,334.6258365875825,195.42611808219073,0.008463576953311944,214,488,446,0
200,0.4,16,16,334.85646404563767,242.18799275348923,0.0066610008411495175,267,512,523,0
200,0.4,16,17,334.6302494234939,195.65988496806335,0.008233501236484803,214,464,422,0
200,0.4,16,18,334.57459639040337,176.99823007922524,0.008822894361319082,196,511,451,0
200,0.4,16,19,334.86912530191586,247.06910768713823,0.006617404792124501,270,462,476,0
200,0.4,16,20,334.5692064026181,180.58683781140786,0.008936225616544223,198,490,432,0
200,0.4,18,1,335.2313114093077,223.54418839501872,0.007514332163530153,244,455,443,0
200,0.4,18,2,335.34673208343935,242.2512989158284,0.006696504779316415,266,483,493,0
200,0.4,18,3,334.95774373070367,179.95577828309345,0.009315010795676955,196,430,370,0
200,0.4,18,4,335.00127921016525,172.1602152405425,0.009321970199299827,191,441,376,0
200,0.4,18,5,335.11056349073675,192.54544213386663,0.008482439296299625,210,452,406,0
200,0.4,18,6,335.07301640914073,184.78465469386848,0.008783649556044791,203,454,401,0
200,0.4,18,7,335.0915733138735,200.54729821295325,0.008604880990994511,220,456,420,0
200,0.4,18,8,335.1864493179554,208.10093236893124,0.007772066733924818,229,441,414,0
200,0.4,18,9,335.20010136831013,211.65466160015185,0.007518913245901572,233,433,410,0
200,0.4,18,10,334.9281594449717,164.30504511980254,0.009956578404856021,179,409,332,0
200,0.4,18,11,335.1859308008027,210.72000937643773,0.007770526045800698,229,503,476,0
200,0.4,18,12,335.3137011225593,240.19599317205623,0.006902884876268241,264,472,480,0
200,0.4,18,13,334.8749204030459,160.1039435860444,0.010680529151920677,177,449,370,0
200,0.4,18,14,334.92865333064907,165.4222861766756,0.010097641131455445,180,457,381,0
200,0.4,18,15,334.89320772695777,162.44654983503142,0.010509763880934372,176,443,363,0
200,0.4,18,16,335.1151061485395,197.80617867210938,0.008415670262478504,219,494,457,0
200,0.4,18,17,335.29198241656087,236.89143773707872,0.007062152627961848,262,512,518,0
200,0.4,18,18,335.21512959338213,211.4167062608061,0.007287981505661564,231,457,432,0
200,0.4,18,19,335.29631912202564,229.07629748380933,0.007038342749454132,253,459,456,0
200,0.4,18,20,335.3188560655532,242.71998583671328,0.006810864414087723,267,453,464,0
200,0.4,20,1,335.07575161987745,138.89824552671294,0.011659094544585302,154,405,303,0
200,0.4,20,2,335.3254249754482,180.05552638861784,0.008633023986273096,198,422,364,0
200,0.4,20,3,335.5210252890565,221.6549792457305,0.007444273093215387,247,441,432,0
200,0.4,20,4,335.27483470415916,177.79361107993503,0.009582836549608044,197,446,387,0
200,0.4,20,5,335.46251078644383,212.30467377705006,0.0077691612624364,231,443,418,0
200,0.4,20,6,335.55846784519775,227.4552248159399,0.007212677513442414,247,463,454,0
200,0.4,20,7,335.3735812084093,208.5101016382832,0.0086472316605434,229,430,403,0
200,0.4,20,8,335.4081728930042,198.56921445014228,0.008076484340367406,218,415,377,0
200,0.4,20,9,335.35483781402644,192.92436315990048,0.008773937046992706,212,454,410,0
200,0.4,20,10,335.56724324967666,227.26142704661623,0.0070664081880396305,250,424,418,0
200,0.4,20,11,335.2840607341689,176.24799793813673,0.009230216310537637,194,402,340,0
200,0.4,20,12,335.4020867466039,202.52411350694007,0.00833976356076139,222,449,415,0
200,0.4,20,13,335.42549770239117,202.90724390049337,0.00821894027076427,225,451,420,0
200,0.4,20,14,335.4824230342517,216.96255703843966,0.007739973921990354,238,439,421,0
200,0.4,20,15,335.6328056759243,251.08481187660115,0.006689938431345277,276,465,485,0
200,0.4,20,16,335.332200317377,186.5291974323571,0.008836067878399979,203,436,383,0
200,0.4,20,17,335.59469079158,241.94823943547934,0.006737019467895975,264,443,451,0
200,0.4,20,18,335.29175810540113,176.5550309394777,0.009240138852188082,197,445,386,0
200,0.4,20,19,335.18289515621177,155.1178114615973,0.010462937795838009,169,449,362,0
200,0.4,20,20,335.33079102124606,186.72377664474985,0.008838836624934527,206,475,425,0
200,0.4,22,1,335.5859884235619,203.87562527163885,0.00807498200874448,221,413,378,0
200,0.4,22,2,335.5261139694083,182.07090250627252,0.00864520143345228,199,392,335,0
200,0.4,22,3,335.57265043503617,195.13756161625975,0.008236013969611712,215,395,354,0
200,0.4,22,4,335.78163455985396,234.76119268480002,0.006694334442511696,255,430,429,0
200,0.4,22,5,335.7062345647385,218.4491910947307,0.007042634567165129,238,396,378,0
200,0.4,22,6,335.5733586063657,208.1475383738874,0.00783167071131381,229,416,389,0
200,0.4,22,7,335.80369069698327,251.65586641352044,0.006518968516149266,274,448,466,0
200,0.4,22,8,335.3173144664946,154.44256319011575,0.010604943507020154,170,403,317,0
200,0.4,22,9,335.64796993529853,211.62364324714926,0.007653108768705889,230,403,377,0
200,0.4,22,10,335.6921587998616,226.45125526436323,0.00729344186312846,247,391,382,0
200,0.4,22,11,335.79458185422334,233.01231221727977,0.006530041892221134,253,411,408,0
200,0.4,22,12,335.74011679023755,239.6542472133068,0.006928970746055794,263,428,435,0
200,0.4,22,13,335.8487722470923,255.88416155714003,0.006078140128538526,279,425,448,0
200,0.4,22,14,335.84463391915375,254.51949990335376,0.006293077418243489,279,414,437,0
200,0.4,22,15,335.6510170240475,207.30899482917908,0.007584990980818074,228,435,407,0
200,0.4,22,16,335.6915501079149,218.84314515849763,0.007257249900908027,240,430,414,0
200,0.4,22,17,335.6938710286453,217.17233264806464,0.007280525823299336,234,407,385,0
200,0.4,22,18,335.7340049631973,227.88093429413928,0.007037938416673051,249,400,393,0
200,0.4,22,19,335.6042732852903,199.37644750075376,0.007936591071107717,218,410,372,0
200,0.4,22,20,335.99610211904326,299.8412930494636,0.005342872167511232,328,433,505,0
200,0.4,24,1,335.6289895635171,172.4341292510249,0.009409219297946116,193,398,335,0
200,0.4,24,2,336.11128875166287,270.383394290557,0.005853428593931011,295,433,472,0
200,0.4,24,3,335.9337683165697,229.73940119860612,0.0070206556007594975,252,401,397,0
200,0.4,24,4,335.78920387213134,199.76321229519021,0.00816093510179116,219,385,348,0
200,0.4,24,5,335.8422499017881,211.98477950960043,0.007735167842243948,236,426,406,0
200,0.4,24,6,336.00056502839396,245.2395236007976,0.0064987377507819515,269,438,451,0
200,0.4,24,7,336.00433971738033,248.63418187865534,0.006351643202205096,270,423,437,0
200,0.4,24,8,335.87465189078006,224.4875421550155,0.007334771756251671,246,412,402,0
200,0.4,24,9,335.9293890499246,236.14376776504773,0.007020286078360035,259,423,426,0
200,0.4,24,10,335.66481019965926,175.78386248793296,0.008910641730202446,192,392,328,0
200,0.4,24,11,335.9076808442317,222.44417783730086,0.007173785570357976,244,399,387,0
200,0.4,24,12,335.7516190318064,192.15647666464318,0.008393802003950221,210,407,361,0
200,0.4,24,13,335.9308072776165,230.5213543708486,0.0066782328738030665,251,425,420,0
200,0.4,24,14,335.8863448215739,221.2375470708125,0.007075152716082703,241,388,373,0
200,0.4,24,15,336.0715345604748,268.5657943329055,0.006135696094957367,294,422,460,0
200,0.4,24,16,335.80964397667765,209.6924234432756,0.00799388871984153,228,447,419,0
200,0.4,24,17,335.87455263517194,222.6100994586089,0.007372518255602485,242,397,383,0
200,0.4,24,18,335.8357540063182,204.78300379452023,0.007655023115073302,222,405,371,0
200,0.4,24,19,336.08452961105513,264.81373597311125,0.006009277151774709,285,436,465,0
200,0.4,24,20,335.8536239487041,216.54131926434928,0.007620455202430558,239,399,382,0
200,0.4,26,1,336.1349621458047,223.63845894049354,0.007351341125594954,246,371,361,0
200,0.4,26,2,335.9820714436535,190.6205530195702,0.008122785805239247,208,362,314,0
200,0.4,26,3,335.7451641492585,154.09990900462572,0.010854171910249776,170,373,287,0
200,0.4,26,4,336.01512377406624,195.90224945275065,0.008281247544422004,216,375,335,0
200,0.4,26,5,335.9282276807226,175.77148462641824,0.00899127110523053,194,380,318,0
200,0.4,26,6,336.24177519403884,251.66479395466737,0.006593120994804824,275,376,395,0
200,0.4,26,7,335.8877817789499,171.9429382113543,0.009400831183431619,186,377,307,0
200,0.4,26,8,336.04101349651864,208.32557130693286,0.007793797183249854,225,403,372,0
200,0.4,26,9,336.09490001735327,208.16432499797165,0.007662817877135936,228,367,339,0
200,0.4,26,10,336.1631811820087,229.39271353895518,0.007124565563770383,252,355,351,0
200,0.4,26,11,336.1190306941483,222.66106639887423,0.0072939149989057345,244,413,401,0
200,0.4,26,12,336.00039154486535,200.62290717354261,0.007902897295607034,218,401,363,0
200,0.4,26,13,335.861499876552,170.97596491901163,0.009698169531071766,189,379,312,0
200,0.4,26,14,336.1370119722667,221.37654825647363,0.007194920228141655,246,384,374,0
200,0.4,26,15,336.08796077365054,218.67648587843897,0.007569235717792604,235,371,350,0
200,0.4,26,16,336.2321285562654,247.08273026267972,0.006566312931356076,272,385,401,0
200,0.4,26,17,335.7060613371905,147.57103213560904,0.010668805563399901,160,365,269,0
200,0.4,26,18,336.0221560447488,202.00881147986172,0.008264955186647306,223,367,334,0
200,0.4,26,19,336.2047081680064,242.81576429194095,0.006871757512868044,265,393,402,0
200,0.4,26,20,336.11653787708417,222.48224899015256,0.0074109140768844305,243,328,315,0
200,0.4,28,1,335.939096998673,154.65945368072786,0.010582419784411868,169,392,305,0
200,0.4,28,2,336.2193880656339,202.84031516115542,0.007988999183492981,221,374,339,0
200,0.4,28,3,336.155435761761,184.40665094350044,0.008427465957197738,200,356,300,0
200,0.4,28,4,336.13465177591524,192.82524042032193,0.008615827054548119,211,382,337,0
200,0.4,28,5,335.9629661900261,159.20182327419164,0.010267339372256466,175,328,247,0
200,0.4,28,6,336.34540786591316,221.10899581445366,0.007006297298762611,244,345,333,0
200,0.4,28,7,336.33810899569687,225.9008845727593,0.007063361201904603,246,380,370,0
200,0.4,28,8,335.98693768058104,164.53558957057248,0.009788620667940806,182,358,284,0
200,0.4,28,9,335.96451239505166,163.12904837810828,0.010048735001322221,178,381,303,0
200,0.4,28,10,336.189940187415,188.60140647290297,0.008230774097149536,207,357,308,0
200,0.4,28,11,336.2544861462241,217.1118574580989,0.007631453444950703,240,369,353,0
200,0.4,28,12,336.43348723749756,247.09395941040566,0.006457160489550113,271,391,406,0
200,0.4,28,13,336.15460906322403,193.35074458097375,0.008050765449146697,209,340,293,0
200,0.4,28,14,336.1515748198495,196.80612127319446,0.008483103973986082,216,367,327,0
200,0.4,28,15,336.0643487260758,173.59904454284762,0.009278804416966187,190,365,299,0
200,0.4,28,16,336.413384256228,246.90391794891565,0.00648225528635739,270,379,393,0
200,0.4,28,17,336.11839991682064,185.03687893499225,0.008750892147683629,202,355,301,0
200,0.4,28,18,336.1982769094112,186.46502293463143,0.008137615845462083,204,361,309,0
200,0.4,28,19,336.3044972432092,219.57139512865112,0.007287098361177064,240,372,356,0
200,0.4,28,20,336.2352300715734,201.20860180053,0.007722337488420874,219,335,298,0
200,0.4,30,1,336.1317432343428,190.99108262330958,0.00827947001957595,210,352,306,0
200,0.4,30,2,336.3773742800425,245.6213999984389,0.006542292623010879,268,385,397,0
200,0.4,30,3,336.04131264931783,179.26825544412029,0.009201182211341561,196,373,313,0
200,0.4,30,4,336.37065407409693,246.1892002321517,0.006425724291723598,267,383,394,0
200,0.4,30,5,336.18126818428294,203.82501392380587,0.007919161469148337,224,382,350,0
200,0.4,30,6,336.1287901246082,194.81066883539296,0.008416640868550776,211,363,318,0
200,0.4,30,7,336.38111435646744,246.13427175331285,0.006535424555232467,269,372,385,0
200,0.4,30,8,336.26243746417936,211.62089878465824,0.0073142484569483175,234,381,359,0
200,0.4,30,9,336.3251509899105,239.46803659487765,0.006820828605680161,260,377,381,0
200,0.4,30,10,336.20595783577494,212.24824113279558,0.007672249514103312,232,366,342,0
200,0.4,30,11,336.1867269400543,208.51753855940123,0.00740742611383161,225,339,308,0
200,0.4,30,12,336.36070193021743,239.14286767816665,0.006649372897542016,258,356,358,0
200,0.4,30,13,336.18445933883993,207.61052838574673,0.007928040650135755,225,374,343,0
200,0.4,30,14,336.32673362841626,237.12526925613219,0.006912144695065826,260,368,372,0
200,0.4,30,15,336.19824467788186,209.3130122755091,0.007636961554357055,229,368,341,0
200,0.4,30,16,336.29482115809446,217.32098982886217,0.007121972736523972,237,360,341,0
200,0.4,30,17,336.2310433186936,213.1130663231703,0.0075975182343632815,233,352,329,0
200,0.4,30,18,335.9901960633906,177.3309552660435,0.009425148720140702,194,356,294,0
200,0.4,30,19,336.1237268981218,192.11904931165887,0.008360766299083553,213,350,307,0
200,0.4,30,20,336.3737377516123,246.7267519768044,0.006510844024419394,269,374,387,0
200,0.4,32,1,336.51960045638714,224.99800866100793,0.007099153044291645,245,341,330,0
200,0.4,32,2,336.5205847257845,223.39390790100333,0.00713932541934636,242,345,331,0
200,0.4,32,3,336.3851376950719,193.07793629485397,0.008199932044439199,209,347,300,0
200,0.4,32,4,336.2612431103001,171.92395100553026,0.00929086874860215,189,347,280,0
200,0.4,32,5,336.3140666612911,182.01897566506625,0.0088015626692399,201,384,329,0
200,0.4,32,6,336.5053895668689,224.15120050636722,0.007109644768955171,246,351,341,0
200,0.4,32,7,336.30315533743106,184.40118758367603,0.00882562480759529,200,386,330,0
200,0.4,32,8,336.47104960508017,221.57470900407782,0.007436092657116031,242,381,367,0
200,0.4,32,9,336.3112130162923,194.0850360188808,0.008827391373690117,210,326,280,0
200,0.4,32,10,336.44192684855966,208.1798090088124,0.007620224725399847,226,353,323,0
200,0.4,32,11,336.0637958746349,146.68697566061803,0.011019965431531033,159,332,235,0
200,0.4,32,12,336.0771931273889,153.82309251438699,0.011051590242633419,167,359,270,0
200,0.4,32,13,336.332942462978,191.59453093626934,0.008564486634413653,207,339,290,0
200,0.4,32,14,336.30724370965464,184.35651635457836,0.008886457683520237,203,337,284,0
200,0.4,32,15,336.42049018333915,202.79908370949124,0.007908658919515161,221,371,336,0
200,0.4,32,16,336.2879734453148,180.6225915403883,0.008839467256050781,198,352,294,0
200,0.4,32,17,336.38104461993885,193.46129811861226,0.008250871714537769,212,340,296,0
200,0.4,32,18,336.3773188523795,192.70957703095334,0.008214461670114566,211,347,302,0
200,0.4,32,19,336.41211642818786,201.6898459879986,0.007967193537909261,227,361,332,0
200,0.4,32,20,336.32905553755995,189.60640745950832,0.008637825771003601,208,353,305,0
200,0.5,4,1,305.044511191815,80.8997288842869,0.01837751572722422,87,854,685,0
200,0.5,4,2,305.9314626575196,190.52935018214174,0.008318375224648641,210,1112,1066,0
200,0.5,4,3,305.4494099514162,121.09283482093997,0.013322760708268067,130,946,820,0
200,0.5,4,4,305.609627160567,140.00997671746154,0.011461942911562729,155,1110,1009,0
200,0.5,4,5,306.2507765211232,264.96925189390635,0.006025066151331122,295,1168,1207,0
200,0.5,4,6,305.96896471383843,212.9283178378458,0.007950670393720122,233,1190,1167,0
200,0.5,4,7,305.8380395232872,172.7186866631842,0.00910484517601126,189,1274,1207,0
200,0.5,4,8,305.66088755347926,144.0455390265225,0.01093640976445993,159,997,900,0
200,0.5,4,9,306.0295570273185,215.21529303017252,0.007425032586942313,239,1179,1162,0
200,0.5,4,10,305.7688056168308,167.33960109371125,0.00982105923851203,183,1180,1107,0
200,0.5,4,11,305.7407557743202,165.1005507738119,0.0099718209096547,182,1137,1063,0
200,0.5,4,12,305.69493863740786,150.40585262413967,0.01052358100296538,166,1085,995,0
200,0.5,4,13,305.67961306249975,147.8271163167099,0.01073227315603948,161,1009,914,0
200,0.5,4,14,306.09498697663304,219.06951487602103,0.006995407293438317,243,1076,1063,0
200,0.5,4,15,306.086474913451,229.36375589514915,0.007075860003241655,251,1257,1252,0
200,0.5,4,16,305.94818174773434,200.16545974857192,0.008124951571672558,218,1143,1105,0
200,0.5,4,17,306.0380527063319,217.34500369175066,0.007500460330286268,238,981,963,0
200,0.5,4,18,305.9373963091491,194.48730613941035,0.00829712561235776,214,1138,1096,0
200,0.5,4,19,305.2897253303483,105.47649309274513,0.015800979405685128,115,952,811,0
200,0.5,4,20,305.76486053658476,169.8424065410046,0.009841415510381611,186,1174,1104,0
200,0.5,6,1,320.392685872465,236.61637004204695,0.006607155981529771,257,1083,1084,0
200,0.5,6,2,320.8062219166501,346.9988281186318,0.00442945847508892,380,1203,1327,0
200,0.5,6,3,320.1800677576744,187.72926899431758,0.008193007750461202,208,901,853,0
200,0.5,6,4,320.1432619200985,182.60710583409352,0.008612636258464458,201,1039,984,0
200,0.5,6,5,320.75767430091497,331.04187546663366,0.004646499573445251,363,1100,1207,0
200,0.5,6,6,320.33523375948033,221.99561300486627,0.007113535253205976,245,1039,1028,0
200,0.5,6,7,320.14605335714106,188.19756263491306,0.008375058920255926,207,1065,1016,0
200,0.5,6,8,320.68018573693894,308.67794519064313,0.0050369632476403425,342,1172,1258,0
200,0.5,6,9,320.1745012439367,185.11693748735905,0.008161223966732835,201,1018,963,0
200,0.5,6,10,320.2401094106291,205.86065316325244,0.007718698455422969,224,922,890,0
200,0.5,6,11,320.25132340008446,200.9688734524203,0.007601670701939766,222,1019,985,0
200,0.5,6,12,320.4617928356241,246.0775346736987,0.0062540225027212975,271,976,991,0
200,0.5,6,13,320.0199925713442,161.59741857579996,0.009726267159829313,176,926,846,0
200,0.5,6,14,320.2386977530068,204.231627660898,0.007755648466053677,222,907,873,0
200,0.5,6,15,320.079610583095,170.89172132353687,0.008749918215969946,185,1001,930,0
200,0.5,6,16,320.05864910490254,171.48469136439343,0.00929585944893576,188,1064,996,0
200,0.5,6,17,320.30679430056244,223.39971488650423,0.00731106839254779,244,1221,1209,0
200,0.5,6,18,320.1954555552249,196.90513807204167,0.008128652013478925,214,925,883,0
200,0.5,6,19,320.4671524192601,255.06967917130686,0.0062190418764233,278,1081,1103,0
200,0.5,6,20,320.2232600969613,190.76564998339737,0.007917450015023794,210,1005,959,0
200,0.5,8,1,326.11259430115814,297.75009955286555,0.005419341639262865,328,1056,1128,0
200,0.5,8,2,325.903393440038,238.4211161134137,0.006701180374609515,263,966,973,0
200,0.5,8,3,325.8264273579648,229.72263106497505,0.007303839946060865,251,1039,1034,0
200,0.5,8,4,325.85358886890276,229.92869792441272,0.006979920119750773,251,1016,1011,0
200,0.5,8,5,325.5456937456402,174.36626224793488,0.009462822128353348,193,919,856,0
200,0.5,8,6,325.67104170784654,199.2760524308231,0.008345700574739559,218,873,835,0
200,0.5,8,7,325.6343308500905,183.35067397111666,0.008837882459958833,202,814,760,0
200,0.5,8,8,325.8549313523652,226.3137919260961,0.0071090603102547615,251,949,944,0
200,0.5,8,9,325.8664533651334,224.85728896908435,0.006940054310657151,246,939,929,0
200,0.5,8,10,325.8177392806672,213.60746379474904,0.007333901294021159,240,992,976,0
200,0.5,8,11,326.0431209594585,281.1318239138114,0.005874661560969272,309,1047,1100,0
200,0.5,8,12,325.7212067370054,204.79824862515483,0.00811892894930745,224,884,852,0
200,0.5,8,13,325.9344176519992,246.36401035279152,0.006373981786072748,270,1017,1031,0
200,0.5,8,14,325.3167124753376,136.85082882728145,0.01204737654159436,151,812,707,0
200,0.5,8,15,325.47910650502763,162.90517822375486,0.010114186357795086,182,859,785,0
200,0.5,8,16,325.89025154648857,235.31340158897663,0.006842715645961572,259,959,962,0
200,0.5,8,17,326.0018932705967,256.01909850342196,0.006116443612738619,282,937,963,0
200,0.5,8,18,325.801017165668,222.3559380478207,0.0074323870905388,244,951,939,0
200,0.5,8,19,325.8125697841071,224.94071579525513,0.00735762821378351,248,1000,992,0
200,0.5,8,20,326.0311756803127,268.13379221269673,0.0059046610708783104,295,1020,1059,0
200,0.5,10,1,328.6410479028204,271.16421025573544,0.005882245093135912,299,748,791,0
200,0.5,10,2,328.19367562270554,175.01771826573304,0.009165166601576888,193,774,711,0
200,0.5,10,3,328.34975143760784,199.70269212851633,0.007877243225032006,220,803,767,0
200,0.5,10,4,328.3643741609842,207.89740380405615,0.007764351983117455,226,732,702,0
200,0.5,10,5,328.1929990277426,168.51160978339772,0.009223055412246484,186,690,620,0
200,0.5,10,6,328.2882213399866,195.26686866214837,0.008215444414075273,212,637,593,0
200,0.5,10,7,328.2354351792651,184.59350382859716,0.008720870655953929,200,657,601,0
200,0.5,10,8,328.4099746822245,216.2928359926254,0.007367328993151278,238,761,743,0
200,0.5,10,9,328.66581915977525,280.96082438140917,0.005725210032119269,313,838,895,0
200,0.5,10,10,328.3898266236487,211.3565548886593,0.007377381768948336,231,723,698,0
200,0.5,10,11,328.4734424959668,229.35620228111915,0.006923601330027475,254,809,807,0
200,0.5,10,12,328.3768010184628,205.02085821015763,0.007673792396856734,226,753,723,0
200,0.5,10,13,328.24104428643517,178.2827959922512,0.008758296283380663,197,676,617,0
200,0.5,10,14,328.16170614761603,172.86662720360664,0.009203687304622694,192,686,622,0
200,0.5,10,15,328.5752860822722,248.85207926776272,0.006272884423642973,274,662,680,0
200,0.5,10,16,328.601438338615,263.76587506400335,0.006080817385369849,287,761,792,0
200,0.5,10,17,328.8082966029704,329.5774493498153,0.004955773498832236,361,887,992,0
200,0.5,10,18,328.3724200859869,205.0560844051193,0.007619076617790924,223,742,709,0
200,0.5,10,19,328.80776620784803,320.7317526742373,0.004911144817925095,348,789,881,0
200,0.5,10,20,328.57020500978916,247.92802029391456,0.006215548612302251,272,730,746,0
200,0.5,12,1,329.82423422523954,155.7924831826529,0.010184039919269871,169,630,543,0
200,0.5,12,2,330.16213129255374,216.52716587368775,0.007210895497959486,236,675,655,0
200,0.5,12,3,330.09679805895104,208.44153211020475,0.007582975107823876,227,621,592,0
200,0.5,12,4,330.10930635743824,208.35555335971844,0.007582868079599589,228,676,648,0
200,0.5,12,5,329.57055685894863,120.84645639486013,0.01310843739381318,133,552,429,0
200,0.5,12,6,329.6035566313865,124.7292942582805,0.012625455065303553,137,611,492,0
200,0.5,12,7,329.7547640187587,148.56168072424833,0.010715459025351976,161,591,496,0
200,0.5,12,8,329.89208330875005,167.90714846913627,0.009523589972107362,184,639,567,0
200,0.5,12,9,329.9355182416875,167.78928200865818,0.00877459450038049,183,603,530,0
200,0.5,12,10,329.4926824315347,108.69602309490358,0.014011311226490875,119,561,424,0
200,0.5,12,11,330.0386177387458,194.4400267226653,0.008228919723952838,215,608,567,0
200,0.5,12,12,329.824532627319,157.9866592341525,0.010090112322534235,174,635,553,0
200,0.5,12,13,329.9430095493671,173.2604018133065,0.00901882025964506,190,639,573,0
200,0.5,12,14,330.21931167452254,234.26273149623322,0.006724487382529288,254,674,672,0
200,0.5,12,15,329.942275471545,175.9467090651293,0.009064440836714883,193,676,613,0
200,0.5,12,16,330.0892610343034,194.63608063467814,0.007775199701338661,213,620,577,0
200,0.5,12,17,329.6923411490738,144.2994041988288,0.01144566446914206,158,643,545,0
200,0.5,12,18,329.8524537375709,163.8928006647907,0.009909372276372667,179,644,567,0
200,0.5,12,19,329.9866518699683,179.3697900395735,0.00845035513648534,196,593,533,0
200,0.5,12,20,329.6929823108386,133.4628633476975,0.011605640411932568,146,524,414,0
200,0.5,14,1,330.9434803789844,185.11030095134927,0.009216000987307144,202,597,543,0
200,0.5,14,2,330.57587304174825,120.95780698812516,0.01336720924943705,133,596,473,0
200,0.5,14,3,331.25805666609904,249.81636610180814,0.006777282227227108,273,619,636,0
200,0.5,14,4,330.8188714275552,161.1117759524827,0.010153666103058394,176,630,550,0
200,0.5,14,5,330.8851223155658,162.48296954181532,0.009843941855519747,181,612,537,0
200,0.5,14,6,331.0140876300924,198.73276292495302,0.008406394469456584,215,634,593,0
200,0.5,14,7,331.1555329353733,209.41554401850246,0.007287537101460313,230,646,620,0
200,0.5,14,8,330.7660343353725,144.88626745091977,0.011058754590333515,161,560,465,0
200,0.5,14,9,330.90315631180175,173.77822961186985,0.009645578374970725,190,587,521,0
200,0.5,14,10,330.89166495654837,178.1665304769852,0.009649601516137076,197,599,540,0
200,0.5,14,11,330.8514611983617,158.7974612070843,0.010168459462548237,179,640,563,0
200,0.5,14,12,330.7510891466773,156.98588005812638,0.011152768933722202,172,602,518,0
200,0.5,14,13,331.09359427398704,200.46300199778238,0.007920326760935592,224,672,640,0
200,0.5,14,14,330.80037069289733,150.67367661373606,0.010516804459278372,167,691,602,0
200,0.5,14,15,330.9297610775217,171.1578866958033,0.00929613746239039,191,606,541,0
200,0.5,14,16,330.5088124226286,121.24859541249099,0.01408680835255382,134,562,440,0
200,0.5,14,17,330.9427432428973,172.92089364605488,0.009100073637614593,193,619,556,0
200,0.5,14,18,330.80921591564334,162.99365964082037,0.010511652384555752,181,611,536,0
200,0.5,14,19,330.4218460447185,117.46838015636428,0.015025667453350123,130,543,417,0
200,0.5,14,20,330.95022967876724,176.38568956424825,0.009290242093942634,196,640,580,0
200,0.5,16,1,331.6773742487378,259.6636969840018,0.006146230272513833,284,575,603,0
200,0.5,16,2,331.7294695220243,280.81156194247546,0.005892676122520748,307,611,662,0
200,0.5,16,3,331.50013152872873,216.22544230717227,0.007469884175521353,235,549,528,0
200,0.5,16,4,331.4763898444631,211.7862223126409,0.007519421092239655,232,529,505,0
200,0.5,16,5,331.736733812964,273.27228715787595,0.0058839335344955486,299,576,619,0
200,0.5,16,6,331.56510628612324,225.9413385353569,0.006949038199237541,247,549,540,0
200,0.5,16,7,331.52609813091686,217.43232759005738,0.00723394556923578,240,523,507,0
200,0.5,16,8,331.6530648643443,257.30431157015255,0.006402294567766582,286,595,625,0
200,0.5,16,9,331.3931012702451,187.65563268410554,0.008291054006385284,209,592,545,0
200,0.5,16,10,331.438193834406,203.00389404550913,0.007943544038768404,222,536,502,0
200,0.5,16,11,331.2965259580335,176.80253745761073,0.00906878980130291,196,501,441,0
200,0.5,16,12,331.7663283317575,283.6854830807371,0.005691005182363063,312,595,651,0
200,0.5,16,13,331.73846071018596,264.79958057815406,0.005863102745751994,290,551,585,0
200,0.5,16,14,331.6480268506084,245.60938451461985,0.006404321188869189,269,549,562,0
200,0.5,16,15,331.58341031958633,242.1652386969063,0.006807935324479034,262,566,572,0
200,0.5,16,16,331.120971720959,146.31372659175727,0.010892936355830246,161,472,377,0
200,0.5,16,17,331.6065091706467,236.12524790043665,0.006689728306943113,260,551,555,0
200,0.5,16,18,331.54867075283346,227.24598355695662,0.0070886738027225405,250,577,571,0
200,0.5,16,19,331.57531387577205,229.3791951179315,0.00689770778395123,252,546,542,0
200,0.5,16,20,331.6811039764576,265.15491473761705,0.0061958758074440335,294,605,643,0
200,0.5,18,1,331.7556385121546,161.61755841481065,0.009711896965007127,179,540,463,0
200,0.5,18,2,331.9038065841476,191.2156229469547,0.008874183835797852,210,483,437,0
200,0.5,18,3,332.2507877313854,265.16868502122054,0.0060794610432856515,289,568,601,0
200,0.5,18,4,331.9231623790704,188.07704200536242,0.008779432826507293,209,525,478,0
200,0.5,18,5,331.7194350633598,153.88126624206035,0.010762667935456367,170,502,416,0
200,0.5,18,6,332.1035552406669,228.07856002873658,0.0073447577322914665,249,506,499,0
200,0.5,18,7,331.966290282227,194.81313792428034,0.008360358156464059,215,489,448,0
200,0.5,18,8,332.1452457526563,230.59247440202805,0.00703350920087792,252,549,545,0
200,0.5,18,9,332.3069828088937,273.887310233485,0.005954067137555782,303,491,538,0
200,0.5,18,10,331.7558241124876,159.59458326744124,0.01037385469311525,177,470,391,0
200,0.5,18,11,331.86696481043475,175.53938843280127,0.009210246510271641,192,490,426,0
200,0.5,18,12,332.06397791592866,216.56170068709997,0.007580938308559915,238,547,529,0
200,0.5,18,13,331.80354085046946,165.82311444198137,0.009815100358953988,182,464,390,0
200,0.5,18,14,332.2995347850663,274.05271998343187,0.005965958989935409,303,578,625,0
200,0.5,18,15,332.2424806639848,257.16615147108666,0.006303949301664484,283,514,541,0
200,0.5,18,16,332.08387202864697,208.25183188748488,0.007401446222316766,231,493,468,0
200,0.5,18,17,332.0105194295395,207.15403252413608,0.008043620279799218,228,522,494,0
200,0.5,18,18,332.20295309383044,252.72246741807774,0.006544311847931445,276,539,559,0
200,0.5,18,19,332.18168913144257,243.10331446705138,0.006776273663714757,264,490,498,0
200,0.5,18,20,331.9955379951745,197.66849132801275,0.007928002823258024,217,494,455,0
200,0.5,20,1,332.2630925791248,201.80898313923583,0.008576677432227831,221,508,473,0
200,0.5,20,2,332.2186877335221,181.79798126641137,0.008865521779934462,202,476,422,0
200,0.5,20,3,332.22646196364883,182.2584684476365,0.008876539173525239,202,521,467,0
200,0.5,20,4,332.16890869017044,174.2128404088735,0.009334043924729354,191,467,402,0
200,0.5,20,5,332.17273955970086,181.09838803542024,0.00920519432114617,198,480,422,0
200,0.5,20,6,332.22087763121357,185.71356872511177,0.008676903589717363,201,474,419,0
200,0.5,20,7,332.28461233675074,191.2881616453295,0.008361164700932261,210,476,430,0
200,0.5,20,8,331.86393569764755,131.30691501873162,0.012564464802570171,144,447,335,0
200,0.5,20,9,332.35702261153403,213.79719395025066,0.007651771050495604,232,533,509,0
200,0.5,20,10,332.12488808531606,171.48416143450706,0.00979802935912773,191,468,403,0
200,0.5,20,11,332.39274071721417,221.31667458463593,0.007203758657356102,243,520,507,0
200,0.5,20,12,332.6422682310505,270.0413126556013,0.005857905126596063,294,518,556,0
200,0.5,20,13,332.3823399081151,218.5266473678558,0.007594351184750559,242,479,465,0
200,0.5,20,14,332.64545712652597,286.3750602221218,0.005686657330869608,315,511,570,0
200,0.5,20,15,332.30273495713664,197.39757714188116,0.008185441077630064,218,510,472,0
200,0.5,20,16,332.3890448067531,214.52041153243687,0.007461018720763298,236,528,508,0
200,0.5,20,17,332.3924568763281,218.01826653642476,0.0074261888144827185,238,464,446,0
200,0.5,20,18,332.44263641425437,239.1873854261479,0.006767333436837308,265,527,536,0
200,0.5,20,19,332.13961345221094,172.43573130078903,0.009542720289385968,189,478,411,0
200,0.5,20,20,332.68045027765487,290.63045007389877,0.0055457455821714486,321,544,609,0
200,0.5,22,1,332.54335875512874,172.63533041834253,0.009207869128818855,189,465,398,0
200,0.5,22,2,332.5829037460091,192.07990590050196,0.008851465400647853,213,493,450,0
200,0.5,22,3,332.7753730989187,217.90116665208728,0.007394086032550994,239,504,487,0
200,0.5,22,4,332.71376955426825,209.017869281672,0.00806466065285279,230,487,461,0
200,0.5,22,5,332.62036651904486,196.06858259173634,0.008862101843364811,214,478,436,0
200,0.5,22,6,332.6389222588793,192.5808022173356,0.008641411179980137,215,448,407,0
200,0.5,22,7,332.4069142978469,156.99944573220304,0.01096121153465372,174,445,363,0
200,0.5,22,8,332.6821561538385,205.45922413461741,0.008266050950696312,227,460,431,0
200,0.5,22,9,332.5790351617528,182.01564137282386,0.009172297092360216,202,471,417,0
200,0.5,22,10,332.5861115186834,185.61158261804587,0.00877781312439606,203,492,439,0
200,0.5,22,11,332.51785295363675,172.96775022747903,0.009655538077071651,191,476,411,0
200,0.5,22,12,332.516907208191,169.0589823991454,0.009542655194229824,185,484,413,0
200,0.5,22,13,332.7573593341124,223.92762787620896,0.007506664448389517,247,456,447,0
200,0.5,22,14,332.7924178975234,222.04977929267594,0.007417650871375482,244,503,491,0
200,0.5,22,15,332.76269990101486,223.41924899215712,0.0076161571879318395,249,489,482,0
200,0.5,22,16,332.6280700219852,193.15040494381822,0.008640488107243268,211,494,449,0
200,0.5,22,17,332.5557945019581,178.0937894255774,0.009221024883290175,196,516,456,0
200,0.5,22,18,332.6844434407554,200.36566754435782,0.008242173004681478,219,513,476,0
200,0.5,22,19,332.6213569707666,194.51480884015288,0.008564067576881513,213,486,443,0
200,0.5,22,20,332.5288796669393,172.45194529257319,0.00943129238952604,188,482,414,0
200,0.5,24,1,332.70552723524327,190.3398512849736,0.008822403255990298,208,452,404,0
200,0.5,24,2,332.72040863950383,183.5395360733813,0.008697224610695529,200,424,368,0
200,0.5,24,3,332.9330615981505,227.19105449086513,0.007117817854621574,248,490,482,0
200,0.5,24,4,332.74089584870467,191.75833532224016,0.00857763563749407,210,452,406,0
200,0.5,24,5,332.84939391019986,204.59551338055013,0.007686498443481961,224,464,432,0
200,0.5,24,6,333.0912130004989,264.38224449688676,0.0060762799490607445,290,464,498,0
200,0.5,24,7,332.8006940606578,208.17991879611913,0.00794643615029231,226,445,415,0
200,0.5,24,8,332.6902614992286,179.39810038785785,0.009082661766703283,198,417,359,0
200,0.5,24,9,332.83641526650354,201.20565455449088,0.007690924994587481,221,458,423,0
200,0.5,24,10,332.64251895775385,172.90026019808684,0.009329688472807634,192,442,378,0
200,0.5,24,11,332.6870671824225,187.04782971015055,0.008974166006116596,204,467,415,0
200,0.5,24,12,332.76131021851285,189.07753992783145,0.008377651102028096,208,465,417,0
200,0.5,24,13,332.8570051340206,211.12876002696567,0.007663562326664896,231,439,414,0
200,0.5,24,14,332.62481869360806,172.4979488541491,0.009700748174006207,188,455,387,0
200,0.5,24,15,332.6572226383906,177.48827565932018,0.009293953894973653,195,446,385,0
200,0.5,24,16,332.6693957742086,180.02504014995748,0.009056248323497365,197,473,414,0
200,0.5,24,17,332.77919546675264,190.60135648991363,0.008323194614220287,208,462,414,0
200,0.5,24,18,332.33045091057477,126.77126311315976,0.012777730071745985,139,399,282,0
200,0.5,24,19,332.6120713970445,170.92046533101248,0.009580296292210428,188,461,393,0
200,0.5,24,20,332.83936230313424,208.4630287190675,0.007691658096134302,225,414,383,0
200,0.5,26,1,332.9355713519263,209.21357497792488,0.007861661559765996,228,431,403,0
200,0.5,26,2,332.92550499207687,204.36034607105617,0.008026767871991542,223,421,388,0
200,0.5,26,3,332.9906134401718,227.16219372335672,0.007566368045600983,250,444,438,0
200,0.5,26,4,332.9280472268571,204.59153707529757,0.007767840752184645,223,430,397,0
200,0.5,26,5,332.9142565090742,210.98726391154042,0.0080127282075537,231,425,400,0
200,0.5,26,6,332.911548853894,200.0253017223087,0.008146977576639337,219,435,398,0
200,0.5,26,7,333.00020125483087,222.42126604525637,0.007468446446721347,244,427,415,0
200,0.5,26,8,332.82937926870284,184.9188630551352,0.008763139928260938,206,442,392,0
200,0.5,26,9,332.9826211915775,225.1531358698351,0.0075855659248027256,247,433,424,0
200,0.5,26,10,333.01981193928196,224.64953102050268,0.007272658049147717,247,444,435,0
200,0.5,26,11,333.0158366250702,216.53409758065052,0.007265054677431207,238,462,444,0
200,0.5,26,12,333.1010222675602,256.0595336120631,0.006645502580752107,282,476,502,0
200,0.5,26,13,332.9294637769744,206.75775570112262,0.008039459052198036,228,418,390,0
200,0.5,26,14,333.1248459375378,249.60880586991348,0.006409958063567783,276,466,486,0
200,0.5,26,15,333.16299424880384,259.0081682116076,0.006197256861083974,285,467,496,0
200,0.5,26,16,333.1397715511097,253.0779341998756,0.00651093194146262,280,476,500,0
200,0.5,26,17,333.0956007163105,243.6727936092536,0.006680729150761577,268,446,458,0
200,0.5,26,18,332.87332490155273,199.70218125927445,0.008130321685239078,218,416,378,0
200,0.5,26,19,332.947520205119,220.04760962537864,0.007526558063195094,239,465,448,0
200,0.5,26,20,332.9960789837349,220.44744364479607,0.007490405075257795,243,481,468,0
200,0.5,28,1,332.99249725466825,194.31129678700952,0.008232833052182479,213,412,369,0
200,0.5,28,2,332.83340102217284,159.6580639189241,0.009643193030813898,175,434,353,0
200,0.5,28,3,333.035255937533,193.09750545176703,0.007931259074943117,212,432,388,0
200,0.5,28,4,333.11433072130865,223.6191652776384,0.007158857719053702,242,450,436,0
200,0.5,28,5,332.834067570509,164.44250057036396,0.0095068415354291,180,420,344,0
200,0.5,28,6,333.1904488919905,233.32068996813442,0.006695257275026019,252,432,428,0
200,0.5,28,7,332.8543715782431,164.95963218129646,0.009558829732726745,181,407,332,0
200,0.5,28,8,333.2885885457021,273.0626374541598,0.006045807686852613,298,459,501,0
200,0.5,28,9,333.22837834237913,248.14429749182358,0.006565339222021652,271,413,428,0
200,0.5,28,10,332.9235604421895,181.35013112037367,0.008795830634817023,200,424,368,0
200,0.5,28,11,332.9793761161493,196.66192424328042,0.008077035229431116,215,424,383,0
200,0.5,28,12,333.0972049688709,218.5708742391411,0.00747367307757041,236,432,412,0
200,0.5,28,13,333.02712114533176,199.52519099966636,0.008039168638301085,218,452,414,0
200,0.5,28,14,332.8927632077102,182.69903390731412,0.009076234830895593,195,409,348,0
200,0.5,28,15,333.11324140971476,217.26927408937274,0.0071017159783636355,236,429,409,0
200,0.5,28,16,333.0168160076347,196.4976456884317,0.007951838673155917,215,467,426,0
200,0.5,28,17,332.9481851714888,179.5074745222546,0.008658070401660174,197,426,367,0
200,0.5,28,18,333.2320114869734,254.26424515815307,0.006459128388121762,278,439,461,0
200,0.5,28,19,333.1504708040676,228.48078209516072,0.0068812296759023,250,430,424,0
200,0.5,28,20,333.01328037669555,197.75901349182985,0.008028991480253569,215,421,380,0
200,0.5,30,1,333.16206240101656,194.59516392600779,0.008124787271244145,214,395,353,0
200,0.5,30,2,333.0823294210267,192.59073100654305,0.008535470991019513,208,414,366,0
200,0.5,30,3,333.2836537182213,220.53279432374174,0.007285466080573215,241,417,402,0
200,0.5,30,4,333.12123893009453,188.5669350219872,0.008604566656826105,207,459,410,0
200,0.5,30,5,333.11094508235533,199.24345210364183,0.008469822436494042,215,435,394,0
200,0.5,30,6,333.3115266144161,235.90567721829805,0.006891691172563921,259,446,449,0
200,0.5,30,7,333.27445943466205,217.00373132352468,0.0073314965345269364,241,414,399,0
200,0.5,30,8,333.01861499428486,165.2419699545931,0.009306863540642635,180,439,363,0
200,0.5,30,9,333.09876019003536,181.96392370978836,0.008795574919946295,201,407,352,0
200,0.5,30,10,333.1468570280194,193.6825998678208,0.00814319412205478,213,442,399,0
200,0.5,30,11,333.0103177401442,166.80395088034226,0.009406557978728459,182,388,314,0
200,0.5,30,12,333.294443890186,231.2081175176794,0.006973250833123121,250,413,407,0
200,0.5,30,13,333.2701861333706,218.27425419492076,0.007397351489056905,240,440,424,0
200,0.5,30,14,333.1770518144224,203.15087268495333,0.007856009596810383,224,435,403,0
200,0.5,30,15,333.2352366931341,209.69954138484914,0.007507889198543456,229,421,394,0
200,0.5,30,16,333.2684510330574,227.37235700029998,0.007419298822722403,246,437,427,0
200,0.5,30,17,332.94008992079233,153.84887248891823,0.01019426362908814,168,384,296,0
200,0.5,30,18,333.4074405021069,248.58915900610504,0.006446862012067103,272,424,440,0
200,0.5,30,19,333.0823619084605,185.28648009124132,0.008762967834029722,203,422,369,0
200,0.5,30,20,333.07386449135373,181.31966789209443,0.008982834024263841,198,385,327,0
200,0.5,32,1,333.47942285141266,254.09345029336131,0.006278385417862796,275,420,439,0
200,0.5,32,2,333.16515681065647,196.15711347290784,0.008587287828113365,215,406,365,0
200,0.5,32,3,333.34630322966586,225.73239198851803,0.0073029421629697625,246,417,407,0
200,0.5,32,4,333.3502548751365,222.01913079858366,0.0071576967962399705,244,419,407,0
200,0.5,32,5,333.0995758385905,170.98100187847538,0.009315874065142825,188,401,333,0
200,0.5,32,6,333.3170369295806,221.80815420285842,0.007425036981795256,242,426,412,0
200,0.5,32,7,333.19126206796227,199.14779899634593,0.008377046835837211,218,393,355,0
200,0.5,32,8,333.25039040168826,207.210950613794,0.007918861268506255,227,421,392,0
200,0.5,32,9,333.3351302658709,224.29460912751665,0.007308340827172748,248,416,408,0
200,0.5,32,10,332.97452565122984,156.83118011316424,0.010374935405540006,173,361,278,0
200,0.5,32,11,333.3775175769672,232.41983382375722,0.006893661439194611,256,433,433,0
200,0.5,32,12,333.1373081978756,183.09013090317194,0.008946759333095123,203,440,387,0
200,0.5,32,13,333.1182555086446,180.16426265464685,0.00869484453140114,198,413,355,0
200,0.5,32,14,333.05372159439236,175.5804827739996,0.009720988194961823,191,422,357,0
200,0.5,32,15,333.290968153442,205.7135250508354,0.007606268208217289,224,424,392,0
200,0.5,32,16,333.41872196495535,242.5584972081046,0.006773367447765232,268,409,421,0
200,0.5,32,17,333.0872067514358,168.7218388654193,0.009433085723543075,183,389,316,0
200,0.5,32,18,333.33106010620037,228.8893395834831,0.007363944893970059,247,383,374,0
200,0.5,32,19,333.19579925038545,192.58335879469496,0.008458144484311404,211,410,365,0
200,0.5,32,20,333.3141292162831,216.7034997089838,0.007418387951657774,242,413,399,0
