model,ensemble,w,L,block_id,logZ,ESS,max_weight_fraction,population_final,population_max,overflow,status,valid_roots,roots
DJ,finite_absorbing,0.0,12.0,0,354.56084305686807,263.07985650302413,0.0049921918165561855,290,384,0,OK,384,384
DJ,finite_absorbing,0.0,12.0,1,354.5350158554817,261.8219305585917,0.0051228055937751,289,390,0,OK,384,384
DJ,finite_absorbing,0.0,12.0,2,354.46314469475635,236.44439663347828,0.005300536526772838,259,384,0,OK,384,384
DJ,finite_absorbing,0.0,12.0,3,354.5516420861298,264.9296314065812,0.00485161022754764,296,386,0,OK,384,384
DJ,finite_absorbing,0.0,12.0,4,354.553499304941,251.3284705328127,0.005028988181144394,279,388,0,OK,384,384
DJ,finite_absorbing,0.0,12.0,5,354.44569496432644,235.38639499368105,0.005393841163135507,260,384,0,OK,384,384
DJ,finite_absorbing,0.0,12.0,6,354.6012081817025,279.52175179414,0.004794694194002311,312,384,0,OK,384,384
DJ,finite_absorbing,0.0,12.0,7,354.3588581507249,220.11157098707315,0.006109591792802366,245,384,0,OK,384,384
DJ,finite_absorbing,0.0,12.0,8,354.51909941709533,254.05331863681724,0.005204994757659917,283,389,0,OK,384,384
DJ,finite_absorbing,0.0,12.0,9,354.5407903694945,248.1325634179029,0.005093309126932718,271,384,0,OK,384,384
DJ,finite_absorbing,0.0,12.0,10,354.569928869397,262.97122247703896,0.004763696165425019,290,414,0,OK,384,384
DJ,finite_absorbing,0.0,12.0,11,354.6012022211324,280.2665392208523,0.004794722773197613,310,410,0,OK,384,384
DJ,finite_absorbing,0.0,12.0,12,354.57468142970885,281.9228329589003,0.004741110125362429,314,384,0,OK,384,384
DJ,finite_absorbing,0.0,12.0,13,354.5787531192654,268.81121582034314,0.004721845044109561,301,400,0,OK,384,384
DJ,finite_absorbing,0.0,12.0,14,354.4472486424529,238.66907181948724,0.005385467376871663,263,385,0,OK,384,384
DJ,finite_absorbing,0.0,12.0,15,354.6174010072624,274.7079062412637,0.004717679770672566,303,391,0,OK,384,384
DJ,finite_absorbing,0.0,12.0,16,354.5805362977189,268.91155767701594,0.004894841102491301,300,388,0,OK,384,384
DJ,finite_absorbing,0.0,12.0,17,354.55374677892763,267.4208454716113,0.005027743791373791,295,397,0,OK,384,384
DJ,finite_absorbing,0.0,12.0,18,354.5728759116062,263.9941758269851,0.0049324814610709694,294,385,0,OK,384,384
DJ,finite_absorbing,0.0,12.0,19,354.58619338607247,265.74559666636463,0.00486722873035072,294,384,0,OK,384,384
DJ,finite_absorbing,0.0,12.0,20,354.4823096165799,246.1891389348824,0.005400051526168714,270,384,0,OK,384,384
DJ,finite_absorbing,0.0,12.0,21,354.48039693961323,240.02901674880346,0.005410389964236565,265,384,0,OK,384,384
DJ,finite_absorbing,0.0,12.0,22,354.62991829287154,279.58253341419197,0.004486327546875281,308,396,0,OK,384,384
DJ,finite_absorbing,0.0,12.0,23,354.55160296115343,261.71605770905376,0.005038533919780512,289,384,0,OK,384,384
DJ,finite_absorbing,0.0,12.0,24,354.5619606168612,264.5412675634392,0.004801806132753948,294,400,0,OK,384,384
DJ,finite_absorbing,0.0,12.0,25,354.59315109335813,274.2845639258087,0.004833481515315721,302,384,0,OK,384,384
DJ,finite_absorbing,0.0,12.0,26,354.6029904531904,272.6741546178378,0.0047861563578777445,301,384,0,OK,384,384
DJ,finite_absorbing,0.0,12.0,27,354.5874224683846,274.1677027284602,0.004861250180426874,301,395,0,OK,384,384
DJ,finite_absorbing,0.0,12.0,28,354.51589190337495,251.93755291611936,0.005221716653278091,276,384,0,OK,384,384
DJ,finite_absorbing,0.0,12.0,29,354.52439336288637,254.42849852897845,0.004985628026712856,282,413,0,OK,384,384
DJ,finite_absorbing,0.0,12.0,30,354.53780690905353,253.69793232037668,0.005108527503650647,280,384,0,OK,384,384
DJ,finite_absorbing,0.0,12.0,31,354.3774425478073,221.59091572195453,0.0059970972720943885,249,384,0,OK,384,384
DJ,finite_absorbing,0.0,12.0,32,354.5140256790931,248.12276868263555,0.005231470646427055,274,384,0,OK,384,384
DJ,finite_absorbing,0.0,12.0,33,354.4023935031082,232.4495185316875,0.005632532923325653,257,384,0,OK,384,384
DJ,finite_absorbing,0.0,12.0,34,354.54855025660794,253.51966555474166,0.004866633792460562,280,384,0,OK,384,384
DJ,finite_absorbing,0.0,12.0,35,354.4236181615784,226.23878977271121,0.005514244096272978,251,384,0,OK,384,384
DJ,finite_absorbing,0.0,12.0,36,354.5582957383784,268.563136182471,0.004819436455490607,298,390,0,OK,384,384
DJ,finite_absorbing,0.0,12.0,37,354.5767220856409,265.9360335337508,0.004731445015796455,298,389,0,OK,384,384
DJ,finite_absorbing,0.0,12.0,38,354.3479331618884,216.3745087931059,0.006176704952669586,241,384,0,OK,384,384
DJ,finite_absorbing,0.0,12.0,39,354.5268154882983,255.10654775672828,0.005173393971967855,283,388,0,OK,384,384
DJ,finite_absorbing,0.0,14.0,0,355.1514915515443,330.4428745775409,0.005137000372802585,351,384,0,OK,384,384
DJ,finite_absorbing,0.0,14.0,1,355.14460201860004,327.7745074206173,0.0051725141021362695,349,385,0,OK,384,384
DJ,finite_absorbing,0.0,14.0,2,355.159333193697,336.01560662743526,0.005096875382659358,358,408,0,OK,384,384
DJ,finite_absorbing,0.0,14.0,3,355.0900253853534,320.90991433682467,0.005462658031462789,339,384,0,OK,384,384
DJ,finite_absorbing,0.0,14.0,4,355.13971841731666,337.8693630265221,0.00519783638027206,354,384,0,OK,384,384
DJ,finite_absorbing,0.0,14.0,5,354.9120885689743,264.02602915997403,0.006526509755691759,280,384,0,OK,384,384
DJ,finite_absorbing,0.0,14.0,6,355.15538958618737,338.5532853884463,0.005117015144250535,360,400,0,OK,384,384
DJ,finite_absorbing,0.0,14.0,7,355.02129048586255,300.2662578830871,0.0058513382147348785,319,384,0,OK,384,384
DJ,finite_absorbing,0.0,14.0,8,355.0908418531978,327.0493240316024,0.005264467367956099,341,397,0,OK,384,384
DJ,finite_absorbing,0.0,14.0,9,355.1652537294376,347.13781257559737,0.005066788303490881,365,384,0,OK,384,384
DJ,finite_absorbing,0.0,14.0,10,355.10096170535917,323.97568158259577,0.005403242142926058,341,401,0,OK,384,384
DJ,finite_absorbing,0.0,14.0,11,355.27058375562996,381.04574301173596,0.0045602485105614154,400,417,0,OK,384,384
DJ,finite_absorbing,0.0,14.0,12,355.15647953726295,338.9164298508724,0.005111440886476295,356,404,0,OK,384,384
DJ,finite_absorbing,0.0,14.0,13,355.2038534243254,361.1471555868727,0.004874938316168442,377,391,0,OK,384,384
DJ,finite_absorbing,0.0,14.0,14,355.02633270566696,294.2256797151866,0.00582190873860133,312,384,0,OK,384,384
DJ,finite_absorbing,0.0,14.0,15,355.1951217143305,359.0248356985715,0.0049176912452441515,377,389,0,OK,384,384
DJ,finite_absorbing,0.0,14.0,16,355.1912262991195,362.9478572383127,0.004761656109356217,382,386,0,OK,384,384
DJ,finite_absorbing,0.0,14.0,17,355.2314843913688,357.08142297837156,0.004742082969553361,377,386,0,OK,384,384
DJ,finite_absorbing,0.0,14.0,18,355.08437483860524,309.5853867888524,0.005493612408253825,326,384,0,OK,384,384
DJ,finite_absorbing,0.0,14.0,19,354.99315728942685,288.84108762929384,0.006018292529853831,305,384,0,OK,384,384
DJ,finite_absorbing,0.0,14.0,20,355.15139220162797,336.00331601696183,0.005137510758712921,357,387,0,OK,384,384
DJ,finite_absorbing,0.0,14.0,21,355.1963080771455,354.43855209686353,0.004911860538566066,374,418,0,OK,384,384
DJ,finite_absorbing,0.0,14.0,22,355.148328225893,335.74040701751943,0.005153276107004319,355,384,0,OK,384,384
DJ,finite_absorbing,0.0,14.0,23,355.0708981342354,310.8522110274717,0.005568149326485983,328,384,0,OK,384,384
DJ,finite_absorbing,0.0,14.0,24,355.14523091400844,328.1954229840453,0.005169262154442395,349,384,0,OK,384,384
DJ,finite_absorbing,0.0,14.0,25,355.16569586534115,341.20361256410206,0.005064548589631719,362,384,0,OK,384,384
DJ,finite_absorbing,0.0,14.0,26,355.0522049465418,301.9590067954513,0.005673214731171508,319,384,0,OK,384,384
DJ,finite_absorbing,0.0,14.0,27,355.0787168923532,315.95219191615774,0.005524783069799715,333,384,0,OK,384,384
DJ,finite_absorbing,0.0,14.0,28,354.96456324193747,281.3749737621168,0.006192863828005564,299,384,0,OK,384,384
DJ,finite_absorbing,0.0,14.0,29,355.0939802640369,331.91845126342565,0.0054410965462915,346,384,0,OK,384,384
DJ,finite_absorbing,0.0,14.0,30,355.08616961422246,316.7144554757336,0.0054837614494279985,332,384,0,OK,384,384
DJ,finite_absorbing,0.0,14.0,31,355.071649076252,309.44224459233845,0.005563969538787093,327,384,0,OK,384,384
DJ,finite_absorbing,0.0,14.0,32,355.08294476083927,311.8557182097644,0.005501474321447964,331,384,0,OK,384,384
DJ,finite_absorbing,0.0,14.0,33,355.1096176674316,329.2088024479694,0.005356673721875886,348,384,0,OK,384,384
DJ,finite_absorbing,0.0,14.0,34,355.1338342262603,330.7910107438579,0.005228511603542725,351,384,0,OK,384,384
DJ,finite_absorbing,0.0,14.0,35,355.1274463324302,331.11874380746707,0.0052620176832601905,351,384,0,OK,384,384
DJ,finite_absorbing,0.0,14.0,36,355.10482368830327,322.09154273620504,0.005382415156546276,342,388,0,OK,384,384
DJ,finite_absorbing,0.0,14.0,37,355.1280275220519,322.79215639353004,0.00525896034172754,344,384,0,OK,384,384
DJ,finite_absorbing,0.0,14.0,38,355.1028269957077,321.14074041466836,0.005393172921436326,341,384,0,OK,384,384
DJ,finite_absorbing,0.0,14.0,39,355.0603268128868,300.80953937288433,0.005627324249818882,321,384,0,OK,384,384
DJ,finite_absorbing,0.0,16.0,0,355.54990869903514,288.84955090159,0.004966400290968997,299,400,0,OK,384,384
DJ,finite_absorbing,0.0,16.0,1,355.5611050968788,294.6587689197691,0.004911104631214398,308,400,0,OK,384,384
DJ,finite_absorbing,0.0,16.0,2,355.49835907349484,287.38395656548374,0.005229129997110418,306,391,0,OK,384,384
DJ,finite_absorbing,0.0,16.0,3,355.532286527171,287.55188409756977,0.005054694735472492,300,384,0,OK,384,384
DJ,finite_absorbing,0.0,16.0,4,355.48798735667145,276.6785097537618,0.005283647282885644,292,385,0,OK,384,384
DJ,finite_absorbing,0.0,16.0,5,355.60899117212165,314.207459105776,0.004681473061186008,327,393,0,OK,384,384
DJ,finite_absorbing,0.0,16.0,6,355.4988535359991,286.16527810725387,0.005226545027535098,300,387,0,OK,384,384
DJ,finite_absorbing,0.0,16.0,7,355.5485668280503,290.8776240945089,0.004973069032713576,305,387,0,OK,384,384
DJ,finite_absorbing,0.0,16.0,8,355.554142031065,292.1319365489092,0.00494542030849213,306,390,0,OK,384,384
DJ,finite_absorbing,0.0,16.0,9,355.48074886562125,271.4712431149888,0.005322031671383374,284,384,0,OK,384,384
DJ,finite_absorbing,0.0,16.0,10,355.5533107041225,295.7454457255911,0.004949533279011438,312,395,0,OK,384,384
DJ,finite_absorbing,0.0,16.0,11,355.38332791897403,252.7227052258146,0.00586660481378358,267,384,0,OK,384,384
DJ,finite_absorbing,0.0,16.0,12,355.5646983121136,297.7211816787971,0.004893489641411384,313,388,0,OK,384,384
DJ,finite_absorbing,0.0,16.0,13,355.5670793138071,300.41596182470505,0.004881852094295675,313,402,0,OK,384,384
DJ,finite_absorbing,0.0,16.0,14,355.52413626681283,288.7354468310451,0.005096060154082825,304,384,0,OK,384,384
DJ,finite_absorbing,0.0,16.0,15,355.511943238185,286.8645724920511,0.0051585769212682715,301,393,0,OK,384,384
DJ,finite_absorbing,0.0,16.0,16,355.5183327160655,288.03856281264365,0.005125721384774932,303,384,0,OK,384,384
DJ,finite_absorbing,0.0,16.0,17,355.5058533599473,284.4365540968106,0.005190087878157448,298,384,0,OK,384,384
DJ,finite_absorbing,0.0,16.0,18,355.45611568441484,270.48135194598154,0.005454758269701276,282,384,0,OK,384,384
DJ,finite_absorbing,0.0,16.0,19,355.6481145764428,324.83072876295955,0.004501854453872338,341,433,0,OK,384,384
DJ,finite_absorbing,0.0,16.0,20,355.4513370134193,268.3122637020559,0.005480887145761172,282,387,0,OK,384,384
DJ,finite_absorbing,0.0,16.0,21,355.4848509290296,281.318642215374,0.00530024507555495,296,384,0,OK,384,384
DJ,finite_absorbing,0.0,16.0,22,355.47297114963845,274.34375789783763,0.005363586312794408,289,384,0,OK,384,384
DJ,finite_absorbing,0.0,16.0,23,355.4727826367164,279.62739995977336,0.005364597513432521,295,384,0,OK,384,384
DJ,finite_absorbing,0.0,16.0,24,355.4553672856947,270.1708304607173,0.005458842131797093,283,384,0,OK,384,384
DJ,finite_absorbing,0.0,16.0,25,355.57129286606715,303.4818054315673,0.004861325430824141,317,401,0,OK,384,384
DJ,finite_absorbing,0.0,16.0,26,355.3677016593552,251.10498559583502,0.005958997902845618,261,384,0,OK,384,384
DJ,finite_absorbing,0.0,16.0,27,355.4711275188825,274.57160312015634,0.0053734839064334995,288,395,0,OK,384,384
DJ,finite_absorbing,0.0,16.0,28,355.4738674527073,278.21727482252174,0.0053587810677220935,291,384,0,OK,384,384
DJ,finite_absorbing,0.0,16.0,29,355.49148916426685,278.47182258332083,0.005265177324693146,289,384,0,OK,384,384
DJ,finite_absorbing,0.0,16.0,30,355.596423747198,304.40817288966156,0.004740678372326464,320,392,0,OK,384,384
DJ,finite_absorbing,0.0,16.0,31,355.6450930015947,322.4035347010393,0.004515477715547396,338,414,0,OK,384,384
DJ,finite_absorbing,0.0,16.0,32,355.4916973502803,278.99089052859495,0.005264081302508374,293,384,0,OK,384,384
DJ,finite_absorbing,0.0,16.0,33,355.6155340166658,314.60367244596773,0.004650942896682366,331,411,0,OK,384,384
DJ,finite_absorbing,0.0,16.0,34,355.58490439846923,309.13119545576905,0.004795603644028161,324,402,0,OK,384,384
DJ,finite_absorbing,0.0,16.0,35,355.48638125615224,277.3108400201992,0.00529214016991961,294,386,0,OK,384,384
DJ,finite_absorbing,0.0,16.0,36,355.50887174172533,285.3868118418361,0.005174445830191793,299,389,0,OK,384,384
DJ,finite_absorbing,0.0,16.0,37,355.3719536346055,249.72360113437995,0.005933714182215795,264,384,0,OK,384,384
DJ,finite_absorbing,0.0,16.0,38,355.4870376115057,275.3670144730049,0.005288667785071839,289,384,0,OK,384,384
DJ,finite_absorbing,0.0,16.0,39,355.53790027939186,290.9741492521005,0.005026398430209779,306,392,0,OK,384,384
DJ,finite_absorbing,0.0,18.0,0,355.82042981981454,360.41480804578123,0.004547127551167911,369,393,0,OK,384,384
DJ,finite_absorbing,0.0,18.0,1,355.7881032272835,348.6885252054489,0.004696522394127419,359,384,0,OK,384,384
DJ,finite_absorbing,0.0,18.0,2,355.8777718178749,378.91900528923577,0.004293721022094198,388,406,0,OK,384,384
DJ,finite_absorbing,0.0,18.0,3,355.8742141189872,378.452519554215,0.00430902399414065,388,407,0,OK,384,384
DJ,finite_absorbing,0.0,18.0,4,355.8391763708384,363.5653407687727,0.004462678628699973,377,398,0,OK,384,384
DJ,finite_absorbing,0.0,18.0,5,355.8312620611615,359.85216022979364,0.004498137781628762,371,384,0,OK,384,384
DJ,finite_absorbing,0.0,18.0,6,355.76543671225767,346.4867679320678,0.00480419182518593,356,384,0,OK,384,384
DJ,finite_absorbing,0.0,18.0,7,355.8053215937774,356.1035765931413,0.004616348165698201,366,396,0,OK,384,384
DJ,finite_absorbing,0.0,18.0,8,355.843745961352,372.94377299086074,0.004442332536831375,382,398,0,OK,384,384
DJ,finite_absorbing,0.0,18.0,9,355.7293643394276,337.8534095164856,0.004980653994224397,348,384,0,OK,384,384
DJ,finite_absorbing,0.0,18.0,10,355.86537758455154,375.36650859172016,0.00434726956332882,387,400,0,OK,384,384
DJ,finite_absorbing,0.0,18.0,11,355.7604658938334,338.66989272585846,0.00482813204236554,350,384,0,OK,384,384
DJ,finite_absorbing,0.0,18.0,12,355.80612883434,355.64978953233066,0.004612623165895898,365,384,0,OK,384,384
DJ,finite_absorbing,0.0,18.0,13,355.82203073770995,360.20155737332675,0.004539853797193723,371,387,0,OK,384,384
DJ,finite_absorbing,0.0,18.0,14,355.80310864559505,357.41329890985924,0.0046265752167741914,367,393,0,OK,384,384
DJ,finite_absorbing,0.0,18.0,15,355.8562724367315,373.36939079706366,0.0043870328458892665,383,394,0,OK,384,384
DJ,finite_absorbing,0.0,18.0,16,355.7880885652325,352.0286360668723,0.004696591255283123,364,384,0,OK,384,384
DJ,finite_absorbing,0.0,18.0,17,355.8236293361446,357.24816422106574,0.004532602191766554,368,386,0,OK,384,384
DJ,finite_absorbing,0.0,18.0,18,355.74426528695915,338.2713417250896,0.004906987741919379,347,384,0,OK,384,384
DJ,finite_absorbing,0.0,18.0,19,355.7855057304693,346.46720108464507,0.004716401615406471,360,384,0,OK,384,384
DJ,finite_absorbing,0.0,18.0,20,355.7246016198568,331.16887337229593,0.0050044320315926275,342,384,0,OK,384,384
DJ,finite_absorbing,0.0,18.0,21,355.78734141891516,347.11112087941206,0.004700101607353604,358,384,0,OK,384,384
DJ,finite_absorbing,0.0,18.0,22,355.78724986282276,343.8856673703717,0.0047005319499905315,356,384,0,OK,384,384
DJ,finite_absorbing,0.0,18.0,23,355.80293785052754,358.2992418812601,0.004627365480485222,365,384,0,OK,384,384
DJ,finite_absorbing,0.0,18.0,24,355.8274846890764,371.54155457654565,0.0045151610530940025,383,400,0,OK,384,384
DJ,finite_absorbing,0.0,18.0,25,355.7361128967108,334.0993925162514,0.004947154927758354,345,384,0,OK,384,384
DJ,finite_absorbing,0.0,18.0,26,355.80312407478164,356.71199117318616,0.004626503833032685,366,384,0,OK,384,384
DJ,finite_absorbing,0.0,18.0,27,355.79586259661176,350.8679601283686,0.0046602213610081105,363,384,0,OK,384,384
DJ,finite_absorbing,0.0,18.0,28,355.8187124873443,363.3455288953852,0.004554943190062117,373,389,0,OK,384,384
DJ,finite_absorbing,0.0,18.0,29,355.8028221977106,354.8076120072242,0.004627900679286102,366,386,0,OK,384,384
DJ,finite_absorbing,0.0,18.0,30,355.7945530267208,350.85219035310774,0.0046663282444101535,360,384,0,OK,384,384
DJ,finite_absorbing,0.0,18.0,31,355.7907994774839,349.2624014306404,0.00468387645065576,361,384,0,OK,384,384
DJ,finite_absorbing,0.0,18.0,32,355.8167726859745,362.7980820321507,0.0045637874503825625,372,392,0,OK,384,384
DJ,finite_absorbing,0.0,18.0,33,355.74413203526905,335.19696065903514,0.005284076835205963,346,384,0,OK,384,384
DJ,finite_absorbing,0.0,18.0,34,355.76413850137044,338.91266724070334,0.004810432729446076,350,384,0,OK,384,384
DJ,finite_absorbing,0.0,18.0,35,355.6544262174293,305.0556966629633,0.005368235815432424,316,384,0,OK,384,384
DJ,finite_absorbing,0.0,18.0,36,355.78684444506507,352.02888072727734,0.0047024380154640135,363,384,0,OK,384,384
DJ,finite_absorbing,0.0,18.0,37,355.7433940052245,327.6445855814626,0.004911264973777326,336,384,0,OK,384,384
DJ,finite_absorbing,0.0,18.0,38,355.8799340821379,385.52752812754153,0.00428444689274521,393,408,0,OK,384,384
DJ,finite_absorbing,0.0,18.0,39,355.74368478786005,331.9028584512482,0.004909837070819125,341,384,0,OK,384,384
DJ,finite_absorbing,0.0,20.0,0,355.94186590493524,222.53152054900008,0.004832583437417146,235,384,0,OK,384,384
DJ,finite_absorbing,0.0,20.0,1,355.97026634304797,230.1848946384851,0.004697266574923284,245,384,0,OK,384,384
DJ,finite_absorbing,0.0,20.0,2,356.0158848931206,236.3698706826508,0.004487798230501981,249,384,0,OK,384,384
DJ,finite_absorbing,0.0,20.0,3,356.0242278703299,238.9429524665625,0.004450512385894576,252,384,0,OK,384,384
DJ,finite_absorbing,0.0,20.0,4,355.9384236698781,221.01225951675232,0.00484924698901899,235,384,0,OK,384,384
DJ,finite_absorbing,0.0,20.0,5,356.0181063241794,236.57088169791504,0.0044778399610266514,247,384,0,OK,384,384
DJ,finite_absorbing,0.0,20.0,6,356.04810143249705,244.99031333082075,0.004345521046980011,257,384,0,OK,384,384
DJ,finite_absorbing,0.0,20.0,7,355.94034049105875,220.94683771876967,0.004839960752550824,233,384,0,OK,384,384
DJ,finite_absorbing,0.0,20.0,8,355.9972219719089,238.66375637979388,0.004572340100575541,253,384,0,OK,384,384
DJ,finite_absorbing,0.0,20.0,9,356.0150985114781,236.749712019684,0.004491328740627911,250,384,0,OK,384,384
DJ,finite_absorbing,0.0,20.0,10,355.98333015471644,230.548962486917,0.004636301454497186,244,384,0,OK,384,384
DJ,finite_absorbing,0.0,20.0,11,355.96328015763737,230.08844225975625,0.0047301974467897625,245,384,0,OK,384,384
DJ,finite_absorbing,0.0,20.0,12,355.9907896694937,232.3907598697986,0.004601845567158606,245,384,0,OK,384,384
DJ,finite_absorbing,0.0,20.0,13,356.00113090007846,233.76059034729096,0.004554502038121586,247,384,0,OK,384,384
DJ,finite_absorbing,0.0,20.0,14,355.97752949634815,230.72371984846993,0.004663273206659049,245,384,0,OK,384,384
DJ,finite_absorbing,0.0,20.0,15,355.9056193838457,214.41706897255784,0.005010961029374234,227,384,0,OK,384,384
DJ,finite_absorbing,0.0,20.0,16,355.96888987762264,227.48775786261834,0.004703736651854246,241,384,0,OK,384,384
DJ,finite_absorbing,0.0,20.0,17,355.92781657676323,222.020859254069,0.004900957165871968,239,384,0,OK,384,384
DJ,finite_absorbing,0.0,20.0,18,356.0137648391948,236.89953941126257,0.004497322697383157,249,384,0,OK,384,384
DJ,finite_absorbing,0.0,20.0,19,356.016399563687,237.83920974482677,0.0044854890871197815,250,384,0,OK,384,384
DJ,finite_absorbing,0.0,20.0,20,355.9607612307452,224.74695248418553,0.004742127487485914,236,384,0,OK,384,384
DJ,finite_absorbing,0.0,20.0,21,355.9870243944332,233.84075345901726,0.0046192054433495475,247,384,0,OK,384,384
DJ,finite_absorbing,0.0,20.0,22,355.94055010694814,221.66682850913224,0.0048389463261967955,233,384,0,OK,384,384
DJ,finite_absorbing,0.0,20.0,23,355.9928363883791,234.08944114035714,0.004592436515055505,247,384,0,OK,384,384
DJ,finite_absorbing,0.0,20.0,24,355.9041473350052,214.68155168579105,0.0050183428406078085,227,384,0,OK,384,384
DJ,finite_absorbing,0.0,20.0,25,355.9772062580263,229.34734444539723,0.004664780798907519,243,384,0,OK,384,384
DJ,finite_absorbing,0.0,20.0,26,355.96121882645474,228.4043936524686,0.004739958006703832,242,384,0,OK,384,384
DJ,finite_absorbing,0.0,20.0,27,355.88348074559553,210.20082437378747,0.005123133979599122,223,384,0,OK,384,384
DJ,finite_absorbing,0.0,20.0,28,356.008909435925,238.54862339576334,0.004519212110674338,253,384,0,OK,384,384
DJ,finite_absorbing,0.0,20.0,29,355.9904182548345,231.353107446941,0.004603555077510581,243,384,0,OK,384,384
DJ,finite_absorbing,0.0,20.0,30,355.94509812123715,223.43610534609613,0.00481698869881144,238,384,0,OK,384,384
DJ,finite_absorbing,0.0,20.0,31,356.01675465703164,236.27757268582798,0.004483896602554531,246,384,0,OK,384,384
DJ,finite_absorbing,0.0,20.0,32,355.9830242507274,234.52463883082427,0.0046377199345548036,248,384,0,OK,384,384
DJ,finite_absorbing,0.0,20.0,33,356.01595888965477,240.64037478828104,0.0044874661612728465,257,384,0,OK,384,384
DJ,finite_absorbing,0.0,20.0,34,355.9252885041952,221.50668473662907,0.004913362815824723,235,384,0,OK,384,384
DJ,finite_absorbing,0.0,20.0,35,355.9700990931316,228.25759562023714,0.004698052258066179,242,384,0,OK,384,384
DJ,finite_absorbing,0.0,20.0,36,355.97208698089975,230.37125618065355,0.004688722333941563,244,384,0,OK,384,384
DJ,finite_absorbing,0.0,20.0,37,356.00317357459977,236.83993029526584,0.004545208168258116,252,384,0,OK,384,384
DJ,finite_absorbing,0.0,20.0,38,355.97241446385254,231.57331571085965,0.004687187108700677,248,384,0,OK,384,384
DJ,finite_absorbing,0.0,20.0,39,355.97106950757154,226.94721450615035,0.004693495411687718,240,384,0,OK,384,384
DJ,finite_absorbing,0.0,22.0,0,356.10817025319784,258.29608583533707,0.00409217596588089,270,384,0,OK,384,384
DJ,finite_absorbing,0.0,22.0,1,356.1264867110385,263.49221337734207,0.004017904072785462,275,384,0,OK,384,384
DJ,finite_absorbing,0.0,22.0,2,356.1777848090395,275.19978856915696,0.00381699053375516,288,384,0,OK,384,384
DJ,finite_absorbing,0.0,22.0,3,356.09457803440927,254.23161340208586,0.004148177446942678,266,384,0,OK,384,384
DJ,finite_absorbing,0.0,22.0,4,356.1589195196835,268.12583451113403,0.0038896826879953445,278,384,0,OK,384,384
DJ,finite_absorbing,0.0,22.0,5,356.11428053971224,256.06404207383883,0.004067247834832202,264,384,0,OK,384,384
DJ,finite_absorbing,0.0,22.0,6,356.0967513126927,256.4043745831187,0.0041391720920969655,268,384,0,OK,384,384
DJ,finite_absorbing,0.0,22.0,7,356.07487948706586,247.80694969610337,0.004230700641842698,257,384,0,OK,384,384
DJ,finite_absorbing,0.0,22.0,8,356.0887190721238,252.6368926624685,0.004172552799564796,264,384,0,OK,384,384
DJ,finite_absorbing,0.0,22.0,9,356.16051984793364,270.4955134508352,0.0038834628970866795,281,384,0,OK,384,384
DJ,finite_absorbing,0.0,22.0,10,356.0925111863879,251.67657462631516,0.0041567599656165645,260,384,0,OK,384,384
DJ,finite_absorbing,0.0,22.0,11,356.1235561968041,262.30794331069825,0.004029695867435531,274,384,0,OK,384,384
DJ,finite_absorbing,0.0,22.0,12,356.11616590047134,258.92777047751275,0.004059586829515719,268,384,0,OK,384,384
DJ,finite_absorbing,0.0,22.0,13,356.1215987674521,260.4542768248556,0.00403759143739534,270,384,0,OK,384,384
DJ,finite_absorbing,0.0,22.0,14,356.0663782070269,248.08517529776785,0.004266820327003554,259,384,0,OK,384,384
DJ,finite_absorbing,0.0,22.0,15,356.1217720909312,260.1631925820109,0.004036891688643353,270,384,0,OK,384,384
DJ,finite_absorbing,0.0,22.0,16,356.0574189916333,245.84092529852177,0.004305219445495607,258,384,0,OK,384,384
DJ,finite_absorbing,0.0,22.0,17,356.0667814295849,250.2971387702677,0.004265100195617907,264,384,0,OK,384,384
DJ,finite_absorbing,0.0,22.0,18,356.1489194554666,269.6556099000014,0.003928774901207783,281,384,0,OK,384,384
DJ,finite_absorbing,0.0,22.0,19,356.1312113697584,266.4702056862585,0.003998965621361638,279,384,0,OK,384,384
DJ,finite_absorbing,0.0,22.0,20,356.1801087533757,273.4307419450886,0.0038081303594865628,284,384,0,OK,384,384
DJ,finite_absorbing,0.0,22.0,21,356.1354820924341,266.90848689143786,0.003981923565053853,280,384,0,OK,384,384
DJ,finite_absorbing,0.0,22.0,22,356.2122570224486,283.02041954194596,0.0036876525132226493,292,384,0,OK,384,384
DJ,finite_absorbing,0.0,22.0,23,356.111879218148,255.77511671708893,0.004077026340734984,264,384,0,OK,384,384
DJ,finite_absorbing,0.0,22.0,24,356.0798801185559,252.88405607917096,0.004209597276042568,266,384,0,OK,384,384
DJ,finite_absorbing,0.0,22.0,25,356.0897913283938,253.625635372737,0.004168081151468558,264,384,0,OK,384,384
DJ,finite_absorbing,0.0,22.0,26,356.0860777568393,251.8927681373429,0.004183588394877142,263,384,0,OK,384,384
DJ,finite_absorbing,0.0,22.0,27,356.1455211395112,265.73354714542336,0.003942148831188991,276,384,0,OK,384,384
DJ,finite_absorbing,0.0,22.0,28,356.1248897520153,259.599474822006,0.004024325627063916,270,384,0,OK,384,384
DJ,finite_absorbing,0.0,22.0,29,356.1699149997453,272.2788208893537,0.0038471480325685246,282,384,0,OK,384,384
DJ,finite_absorbing,0.0,22.0,30,356.1699072889509,271.22333887677223,0.0038471776972501407,280,384,0,OK,384,384
DJ,finite_absorbing,0.0,22.0,31,356.09963653942606,258.2827108378366,0.004127246853903497,271,384,0,OK,384,384
DJ,finite_absorbing,0.0,22.0,32,356.1799377650614,274.0240414540195,0.003808781560949545,283,384,0,OK,384,384
DJ,finite_absorbing,0.0,22.0,33,356.0871412051571,252.4239810178,0.004179141729654702,264,384,0,OK,384,384
DJ,finite_absorbing,0.0,22.0,34,356.1191844590162,260.4515693006575,0.004047351205267478,271,384,0,OK,384,384
DJ,finite_absorbing,0.0,22.0,35,356.0569926121371,244.252808540663,0.00430705549419304,255,384,0,OK,384,384
DJ,finite_absorbing,0.0,22.0,36,356.07950695672406,249.6632744548292,0.004211168430202577,259,384,0,OK,384,384
DJ,finite_absorbing,0.0,22.0,37,356.0988171481646,258.2931453697779,0.004130630069808895,270,384,0,OK,384,384
DJ,finite_absorbing,0.0,22.0,38,356.13973429639947,263.87849096597967,0.0039650275619647225,273,384,0,OK,384,384
DJ,finite_absorbing,0.0,22.0,39,356.119182463796,258.11016822060725,0.004047359280632393,268,384,0,OK,384,384
DJ,finite_absorbing,0.0,24.0,0,356.28763095499755,302.2184908584764,0.003419916541750215,310,384,0,OK,384,384
DJ,finite_absorbing,0.0,24.0,1,356.19963499732603,280.3467547800066,0.0037344931458405325,291,384,0,OK,384,384
DJ,finite_absorbing,0.0,24.0,2,356.2402591515522,290.9747566147343,0.003585822770066973,299,384,0,OK,384,384
DJ,finite_absorbing,0.0,24.0,3,356.20873877882536,280.2179101372173,0.0037006494229030844,287,384,0,OK,384,384
DJ,finite_absorbing,0.0,24.0,4,356.2008005370516,277.77456659414446,0.003730142981361425,285,384,0,OK,384,384
DJ,finite_absorbing,0.0,24.0,5,356.24560915066525,290.9745026748731,0.003566689847622627,299,384,0,OK,384,384
DJ,finite_absorbing,0.0,24.0,6,356.2666229273382,298.67733224387985,0.003492522223861556,307,384,0,OK,384,384
DJ,finite_absorbing,0.0,24.0,7,356.249940337992,290.20228520753545,0.0035512752516048537,297,384,0,OK,384,384
DJ,finite_absorbing,0.0,24.0,8,356.2479296510404,293.7169390273742,0.0035584229378861753,304,384,0,OK,384,384
DJ,finite_absorbing,0.0,24.0,9,356.1713268361867,273.7186047474615,0.0038417203212025193,283,384,0,OK,384,384
DJ,finite_absorbing,0.0,24.0,10,356.1781089317483,271.98401512174644,0.0038157535609203885,279,384,0,OK,384,384
DJ,finite_absorbing,0.0,24.0,11,356.2225186694306,283.48253186778925,0.0036500046199988536,292,384,0,OK,384,384
DJ,finite_absorbing,0.0,24.0,12,356.23202984033867,284.71735761862146,0.0036154533741104655,291,384,0,OK,384,384
DJ,finite_absorbing,0.0,24.0,13,356.1744002841053,271.7977926894714,0.003829931119905874,280,384,0,OK,384,384
DJ,finite_absorbing,0.0,24.0,14,356.20467789281145,276.99494899749834,0.0037157078930585715,283,384,0,OK,384,384
DJ,finite_absorbing,0.0,24.0,15,356.20631832668795,279.985811090717,0.0037096175167512283,287,384,0,OK,384,384
DJ,finite_absorbing,0.0,24.0,16,356.2722204021681,299.41444574496285,0.0034730275300497333,308,384,0,OK,384,384
DJ,finite_absorbing,0.0,24.0,17,356.1767713565175,272.2282500198565,0.003820860833289196,280,384,0,OK,384,384
DJ,finite_absorbing,0.0,24.0,18,356.2465094780351,293.17668814464656,0.0035634801042597067,303,384,0,OK,384,384
DJ,finite_absorbing,0.0,24.0,19,356.23620596919204,289.59728640657056,0.003600386257963627,299,384,0,OK,384,384
DJ,finite_absorbing,0.0,24.0,20,356.20275002885523,280.1108729605179,0.003722878181827221,289,384,0,OK,384,384
DJ,finite_absorbing,0.0,24.0,21,356.2928536667308,306.99794726572657,0.0034021018644567517,316,384,0,OK,384,384
DJ,finite_absorbing,0.0,24.0,22,356.2430327267789,289.5493830824359,0.0035758910004864133,298,384,0,OK,384,384
DJ,finite_absorbing,0.0,24.0,23,356.2553607908428,293.36150133826925,0.0035320778079658815,301,384,0,OK,384,384
DJ,finite_absorbing,0.0,24.0,24,356.2097429341426,278.6181540408364,0.003696935261217713,284,384,0,OK,384,384
DJ,finite_absorbing,0.0,24.0,25,356.21777923957006,283.31747339938755,0.0036673446192833094,291,384,0,OK,384,384
DJ,finite_absorbing,0.0,24.0,26,356.21110111237306,279.99401319640174,0.003691917572455538,287,384,0,OK,384,384
DJ,finite_absorbing,0.0,24.0,27,356.2316199392356,288.2974229677546,0.003616935656210405,298,384,0,OK,384,384
DJ,finite_absorbing,0.0,24.0,28,356.2438703390594,290.48432785317976,0.003572897044332911,298,384,0,OK,384,384
DJ,finite_absorbing,0.0,24.0,29,356.1777176137695,271.680207212577,0.00381724702608204,280,384,0,OK,384,384
DJ,finite_absorbing,0.0,24.0,30,356.2508095347329,290.7541410869296,0.0035481898358407575,297,384,0,OK,384,384
DJ,finite_absorbing,0.0,24.0,31,356.20918834270867,280.0669249553736,0.0036989861184865856,288,384,0,OK,384,384
DJ,finite_absorbing,0.0,24.0,32,356.22012617843717,282.0190593275806,0.003658747677851343,289,384,0,OK,384,384
DJ,finite_absorbing,0.0,24.0,33,356.2678895942092,294.3084355361359,0.003488101162261659,300,384,0,OK,384,384
DJ,finite_absorbing,0.0,24.0,34,356.1985973598518,273.4860678638617,0.003738370207020093,278,384,0,OK,384,384
DJ,finite_absorbing,0.0,24.0,35,356.2107005217968,281.0267965409411,0.0036933968161090964,289,384,0,OK,384,384
DJ,finite_absorbing,0.0,24.0,36,356.2201953787443,283.3789817892947,0.003658494500148525,290,384,0,OK,384,384
DJ,finite_absorbing,0.0,24.0,37,356.24144392399705,291.27382456983753,0.0035815769017474883,300,384,0,OK,384,384
DJ,finite_absorbing,0.0,24.0,38,356.30676671777326,310.11170411237777,0.0033550960032908803,319,384,0,OK,384,384
DJ,finite_absorbing,0.0,24.0,39,356.12996598074244,260.5862869210463,0.004003948991694857,269,384,0,OK,384,384
DJ,unconfined,0.0,inf,0,356.5601343763829,4096.0,0.000244140625,4096,4096,0,OK,4096,4096
DJ,unconfined,0.0,inf,1,356.5601343763829,4096.0,0.000244140625,4096,4096,0,OK,4096,4096
DJ,unconfined,0.0,inf,2,356.5601343763829,4096.0,0.000244140625,4096,4096,0,OK,4096,4096
DJ,unconfined,0.0,inf,3,356.5601343763829,4096.0,0.000244140625,4096,4096,0,OK,4096,4096
DJ,unconfined,0.0,inf,4,356.5601343763829,4096.0,0.000244140625,4096,4096,0,OK,4096,4096
DJ,unconfined,0.0,inf,5,356.5601343763829,4096.0,0.000244140625,4096,4096,0,OK,4096,4096
DJ,unconfined,0.0,inf,6,356.5601343763829,4096.0,0.000244140625,4096,4096,0,OK,4096,4096
DJ,unconfined,0.0,inf,7,356.5601343763829,4096.0,0.000244140625,4096,4096,0,OK,4096,4096
DJ,unconfined,0.0,inf,8,356.5601343763829,4096.0,0.000244140625,4096,4096,0,OK,4096,4096
DJ,unconfined,0.0,inf,9,356.5601343763829,4096.0,0.000244140625,4096,4096,0,OK,4096,4096
DJ,unconfined,0.0,inf,10,356.5601343763829,4096.0,0.000244140625,4096,4096,0,OK,4096,4096
DJ,unconfined,0.0,inf,11,356.5601343763829,4096.0,0.000244140625,4096,4096,0,OK,4096,4096
DJ,unconfined,0.0,inf,12,356.5601343763829,4096.0,0.000244140625,4096,4096,0,OK,4096,4096
DJ,unconfined,0.0,inf,13,356.5601343763829,4096.0,0.000244140625,4096,4096,0,OK,4096,4096
DJ,unconfined,0.0,inf,14,356.5601343763829,4096.0,0.000244140625,4096,4096,0,OK,4096,4096
DJ,unconfined,0.0,inf,15,356.5601343763829,4096.0,0.000244140625,4096,4096,0,OK,4096,4096
DJ,unconfined,0.0,inf,16,356.5601343763829,4096.0,0.000244140625,4096,4096,0,OK,4096,4096
DJ,unconfined,0.0,inf,17,356.5601343763829,4096.0,0.000244140625,4096,4096,0,OK,4096,4096
DJ,unconfined,0.0,inf,18,356.5601343763829,4096.0,0.000244140625,4096,4096,0,OK,4096,4096
DJ,unconfined,0.0,inf,19,356.5601343763829,4096.0,0.000244140625,4096,4096,0,OK,4096,4096
DJ,unconfined,0.0,inf,20,356.5601343763829,4096.0,0.000244140625,4096,4096,0,OK,4096,4096
DJ,unconfined,0.0,inf,21,356.5601343763829,4096.0,0.000244140625,4096,4096,0,OK,4096,4096
DJ,unconfined,0.0,inf,22,356.5601343763829,4096.0,0.000244140625,4096,4096,0,OK,4096,4096
DJ,unconfined,0.0,inf,23,356.5601343763829,4096.0,0.000244140625,4096,4096,0,OK,4096,4096
DJ,unconfined,0.0,inf,24,356.5601343763829,4096.0,0.000244140625,4096,4096,0,OK,4096,4096
DJ,unconfined,0.0,inf,25,356.5601343763829,4096.0,0.000244140625,4096,4096,0,OK,4096,4096
DJ,unconfined,0.0,inf,26,356.5601343763829,4096.0,0.000244140625,4096,4096,0,OK,4096,4096
DJ,unconfined,0.0,inf,27,356.5601343763829,4096.0,0.000244140625,4096,4096,0,OK,4096,4096
DJ,unconfined,0.0,inf,28,356.5601343763829,4096.0,0.000244140625,4096,4096,0,OK,4096,4096
DJ,unconfined,0.0,inf,29,356.5601343763829,4096.0,0.000244140625,4096,4096,0,OK,4096,4096
DJ,unconfined,0.0,inf,30,356.5601343763829,4096.0,0.000244140625,4096,4096,0,OK,4096,4096
DJ,unconfined,0.0,inf,31,356.5601343763829,4096.0,0.000244140625,4096,4096,0,OK,4096,4096
DJ,unconfined,0.0,inf,32,356.5601343763829,4096.0,0.000244140625,4096,4096,0,OK,4096,4096
DJ,unconfined,0.0,inf,33,356.5601343763829,4096.0,0.000244140625,4096,4096,0,OK,4096,4096
DJ,unconfined,0.0,inf,34,356.5601343763829,4096.0,0.000244140625,4096,4096,0,OK,4096,4096
DJ,unconfined,0.0,inf,35,356.5601343763829,4096.0,0.000244140625,4096,4096,0,OK,4096,4096
DJ,unconfined,0.0,inf,36,356.5601343763829,4096.0,0.000244140625,4096,4096,0,OK,4096,4096
DJ,unconfined,0.0,inf,37,356.5601343763829,4096.0,0.000244140625,4096,4096,0,OK,4096,4096
DJ,unconfined,0.0,inf,38,356.5601343763829,4096.0,0.000244140625,4096,4096,0,OK,4096,4096
DJ,unconfined,0.0,inf,39,356.5601343763829,4096.0,0.000244140625,4096,4096,0,OK,4096,4096
DJ,finite_absorbing,0.3,14.0,0,337.91365212357766,340.524496291093,0.004804053666164758,373,413,0,OK,384,384
DJ,finite_absorbing,0.3,14.0,1,337.9799057492468,361.69672666821464,0.004457051059362655,394,401,0,OK,384,384
DJ,finite_absorbing,0.3,14.0,2,337.9786356358561,356.2325901494286,0.00452988873277074,392,416,0,OK,384,384
DJ,finite_absorbing,0.3,14.0,3,337.86724581409675,311.06973387963404,0.005064402145476571,343,384,0,OK,384,384
DJ,finite_absorbing,0.3,14.0,4,337.88727441871447,325.5071279127885,0.004968063688314101,357,388,0,OK,384,384
DJ,finite_absorbing,0.3,14.0,5,337.8411865745347,315.30869084641677,0.005172809791512658,348,384,0,OK,384,384
DJ,finite_absorbing,0.3,14.0,6,338.06727070471777,386.58467488563497,0.004152404597751591,424,424,0,OK,384,384
DJ,finite_absorbing,0.3,14.0,7,337.8792824308583,327.6312293604955,0.004966556259819832,359,384,0,OK,384,384
DJ,finite_absorbing,0.3,14.0,8,337.9821230540712,360.63887088470216,0.0044857163346504894,396,404,0,OK,384,384
DJ,finite_absorbing,0.3,14.0,9,337.78196810572604,283.6916497875148,0.00550703085587667,311,384,0,OK,384,384
DJ,finite_absorbing,0.3,14.0,10,337.82455180076164,310.27416632678796,0.005190608161611778,340,384,0,OK,384,384
DJ,finite_absorbing,0.3,14.0,11,337.8841656294779,319.9747345971594,0.004934975915364797,350,384,0,OK,384,384
DJ,finite_absorbing,0.3,14.0,12,337.67918435923775,268.10712293419004,0.006048731322850821,294,384,0,OK,384,384
DJ,finite_absorbing,0.3,14.0,13,337.8489285069027,310.2935390911629,0.0051306381755840255,342,391,0,OK,384,384
DJ,finite_absorbing,0.3,14.0,14,337.9246372007646,333.24228055470866,0.004747160631482642,367,406,0,OK,384,384
DJ,finite_absorbing,0.3,14.0,15,338.01570859075616,372.7224719707782,0.004340304167430315,410,411,0,OK,384,384
DJ,finite_absorbing,0.3,14.0,16,337.85759701225174,321.68626355443473,0.005103477138769499,353,384,0,OK,384,384
DJ,finite_absorbing,0.3,14.0,17,337.8881925681924,326.94727192725657,0.004952635198627802,357,408,0,OK,384,384
DJ,finite_absorbing,0.3,14.0,18,337.6767472528215,265.79487474246395,0.006093009106387305,292,384,0,OK,384,384
DJ,finite_absorbing,0.3,14.0,19,337.9227455506724,338.61311662352034,0.004737838467058258,373,392,0,OK,384,384
DJ,finite_absorbing,0.3,14.0,20,337.7482581394072,282.9793051171762,0.00571071247015653,311,384,0,OK,384,384
DJ,finite_absorbing,0.3,14.0,21,337.82447864083144,307.9632246583527,0.00519521860389877,339,384,0,OK,384,384
DJ,finite_absorbing,0.3,14.0,22,337.92206665462624,329.89854867911816,0.00478845646451343,360,390,0,OK,384,384
DJ,finite_absorbing,0.3,14.0,23,337.830272167381,314.61823198459723,0.005255807983886108,345,384,0,OK,384,384
DJ,finite_absorbing,0.3,14.0,24,337.85890513675025,310.80644012325604,0.005083730934826711,343,384,0,OK,384,384
DJ,finite_absorbing,0.3,14.0,25,337.8790035341274,321.8930388528795,0.004967573705376112,354,384,0,OK,384,384
DJ,finite_absorbing,0.3,14.0,26,337.90046650741965,340.80797168180385,0.004890467706619904,375,388,0,OK,384,384
DJ,finite_absorbing,0.3,14.0,27,337.6856546901112,267.02093657653666,0.006068869894932883,295,384,0,OK,384,384
DJ,finite_absorbing,0.3,14.0,28,337.7604705365194,289.706987817813,0.005601295109338249,317,384,0,OK,384,384
DJ,finite_absorbing,0.3,14.0,29,338.126185421601,405.03039335180154,0.0038409105198660763,444,445,0,OK,384,384
DJ,finite_absorbing,0.3,14.0,30,337.5749801724375,232.49305888119176,0.006654440664511774,255,384,0,OK,384,384
DJ,finite_absorbing,0.3,14.0,31,338.1015272241249,388.38259802777975,0.003983732788379134,426,449,0,OK,384,384
DJ,finite_absorbing,0.3,14.0,32,337.77772606421195,297.83446393543875,0.005322548993645791,327,384,0,OK,384,384
DJ,finite_absorbing,0.3,14.0,33,337.98683725106645,364.4028284806401,0.0044288936263184985,397,397,0,OK,384,384
DJ,finite_absorbing,0.3,14.0,34,337.88891995151977,327.6341410650908,0.004921591362911088,357,391,0,OK,384,384
DJ,finite_absorbing,0.3,14.0,35,337.8421204303306,310.00426718707007,0.005133771572524291,341,384,0,OK,384,384
DJ,finite_absorbing,0.3,14.0,36,337.94835224349976,349.5166139396902,0.004664869625890785,381,406,0,OK,384,384
DJ,finite_absorbing,0.3,14.0,37,337.7964292284003,305.0272147961407,0.005255321244329344,331,385,0,OK,384,384
DJ,finite_absorbing,0.3,14.0,38,337.94101324645567,340.4627533863088,0.004697849726776207,374,384,0,OK,384,384
DJ,finite_absorbing,0.3,14.0,39,338.1375584098056,420.16464765128165,0.003845101827762455,462,462,0,OK,384,384
DJ,finite_absorbing,0.3,16.0,0,338.5033317463498,329.4761707733854,0.004801783036406054,362,384,0,OK,384,384
DJ,finite_absorbing,0.3,16.0,1,338.17920660286575,244.19904930921965,0.006630983987384031,266,384,0,OK,384,384
DJ,finite_absorbing,0.3,16.0,2,338.08254453555736,228.58208044251617,0.007069312476700876,251,384,0,OK,384,384
DJ,finite_absorbing,0.3,16.0,3,338.2395703220504,258.08671474793897,0.006086066895493937,282,384,0,OK,384,384
DJ,finite_absorbing,0.3,16.0,4,338.42042378818905,311.75570095393795,0.005131699490091542,340,384,0,OK,384,384
DJ,finite_absorbing,0.3,16.0,5,338.3908048333537,295.57930732019304,0.005420322603416144,322,384,0,OK,384,384
DJ,finite_absorbing,0.3,16.0,6,338.53341454402533,348.8547313514985,0.004706993350023756,383,391,0,OK,384,384
DJ,finite_absorbing,0.3,16.0,7,338.61428395782866,387.024122391587,0.004294681427330617,427,451,0,OK,384,384
DJ,finite_absorbing,0.3,16.0,8,338.49230406499544,326.61981912471117,0.004876209181591258,361,384,0,OK,384,384
DJ,finite_absorbing,0.3,16.0,9,338.49541140710016,328.847016632451,0.0048885823713185035,362,384,0,OK,384,384
DJ,finite_absorbing,0.3,16.0,10,338.3317827173322,277.7388361194381,0.005667137801149155,305,384,0,OK,384,384
DJ,finite_absorbing,0.3,16.0,11,338.2270781103173,258.79863567256405,0.0061384990768055215,281,384,0,OK,384,384
DJ,finite_absorbing,0.3,16.0,12,338.48265776447687,337.6200687563691,0.0047960182839230005,370,403,0,OK,384,384
DJ,finite_absorbing,0.3,16.0,13,338.5296754473931,336.76276562663776,0.004682736308340434,370,384,0,OK,384,384
DJ,finite_absorbing,0.3,16.0,14,338.4304804360788,311.8675928194653,0.005184782844727133,341,384,0,OK,384,384
DJ,finite_absorbing,0.3,16.0,15,338.3183002592678,283.55726863756183,0.005824990065165642,308,384,0,OK,384,384
DJ,finite_absorbing,0.3,16.0,16,338.2317396945326,252.34135830195453,0.006149474631727666,274,384,0,OK,384,384
DJ,finite_absorbing,0.3,16.0,17,338.33684234570563,294.97243913479105,0.005716267266244616,323,384,0,OK,384,384
DJ,finite_absorbing,0.3,16.0,18,338.27952186765043,262.98423164406455,0.0060599127527031175,289,384,0,OK,384,384
DJ,finite_absorbing,0.3,16.0,19,338.4865922437514,324.9241677892755,0.004891202801026323,355,384,0,OK,384,384
DJ,finite_absorbing,0.3,16.0,20,338.18811392689076,237.63713362290662,0.006601024133432079,259,384,0,OK,384,384
DJ,finite_absorbing,0.3,16.0,21,338.54795092448614,352.0065715003298,0.0046166719244918565,385,409,0,OK,384,384
DJ,finite_absorbing,0.3,16.0,22,338.57679879577853,363.8573109426057,0.0044870374902529,400,423,0,OK,384,384
DJ,finite_absorbing,0.3,16.0,23,338.50936518947833,337.7204417027226,0.004816078338999407,369,384,0,OK,384,384
DJ,finite_absorbing,0.3,16.0,24,338.3842254533927,292.2124304819786,0.005353962445292271,321,384,0,OK,384,384
DJ,finite_absorbing,0.3,16.0,25,338.14650289532165,246.7179798497663,0.006882661342303828,267,384,0,OK,384,384
DJ,finite_absorbing,0.3,16.0,26,338.5877719481942,353.3437489415853,0.004433804698812032,383,384,0,OK,384,384
DJ,finite_absorbing,0.3,16.0,27,338.4229690874953,299.16519344492525,0.005229524213415865,330,384,0,OK,384,384
DJ,finite_absorbing,0.3,16.0,28,338.51712639868526,339.5874801934424,0.004743146862049779,374,384,0,OK,384,384
DJ,finite_absorbing,0.3,16.0,29,338.458126785436,316.2018011113031,0.005035670162277856,345,384,0,OK,384,384
DJ,finite_absorbing,0.3,16.0,30,338.591916978686,368.69071929745866,0.004381970738469244,401,401,0,OK,384,384
DJ,finite_absorbing,0.3,16.0,31,338.32202934800347,284.84483300281363,0.005792468085342317,310,384,0,OK,384,384
DJ,finite_absorbing,0.3,16.0,32,338.31024431266445,271.8121177324299,0.005872102333623109,301,384,0,OK,384,384
DJ,finite_absorbing,0.3,16.0,33,338.28448371550894,262.1857779332847,0.006026797158316215,288,384,0,OK,384,384
DJ,finite_absorbing,0.3,16.0,34,338.3702288394192,285.43179236209517,0.0055198635276304505,313,384,0,OK,384,384
DJ,finite_absorbing,0.3,16.0,35,338.42015799639245,305.62491669853785,0.005241266738100037,333,384,0,OK,384,384
DJ,finite_absorbing,0.3,16.0,36,338.2426836772545,255.1597743284522,0.00628286688028078,281,384,0,OK,384,384
DJ,finite_absorbing,0.3,16.0,37,338.310064870036,269.72414994725546,0.00587366984460021,295,384,0,OK,384,384
DJ,finite_absorbing,0.3,16.0,38,338.3100248444791,275.2783919142053,0.005820050887864006,305,384,0,OK,384,384
DJ,finite_absorbing,0.3,16.0,39,338.5752686720979,359.5179868268945,0.0045094779575238705,395,405,0,OK,384,384
DJ,finite_absorbing,0.3,18.0,0,338.9086665885961,338.66363134110895,0.004847002980756642,371,399,0,OK,384,384
DJ,finite_absorbing,0.3,18.0,1,338.93060775581586,329.42291574061676,0.004839026735387925,361,384,0,OK,384,384
DJ,finite_absorbing,0.3,18.0,2,338.71433539549236,275.5704364337446,0.005975148865345025,302,384,0,OK,384,384
DJ,finite_absorbing,0.3,18.0,3,338.85078382531145,310.9383816893987,0.005250933291485509,338,384,0,OK,384,384
DJ,finite_absorbing,0.3,18.0,4,338.66308058379377,252.57721929621175,0.00629095711920001,279,384,0,OK,384,384
DJ,finite_absorbing,0.3,18.0,5,338.7567276064736,282.18297224363494,0.005765195283345136,308,384,0,OK,384,384
DJ,finite_absorbing,0.3,18.0,6,338.6324858042874,255.82083285946638,0.006513180974403926,284,384,0,OK,384,384
DJ,finite_absorbing,0.3,18.0,7,338.8397446425366,304.19697529234736,0.005316221219467245,331,384,0,OK,384,384
DJ,finite_absorbing,0.3,18.0,8,338.90649257754154,318.6052124653121,0.004972793954590533,354,384,0,OK,384,384
DJ,finite_absorbing,0.3,18.0,9,339.06111591649125,373.2521434110901,0.004209025737279455,408,421,0,OK,384,384
DJ,finite_absorbing,0.3,18.0,10,338.8598087912388,321.23880015263325,0.005175548104009303,351,384,0,OK,384,384
DJ,finite_absorbing,0.3,18.0,11,338.88040001278694,315.95826728451823,0.0049962840759900096,346,384,0,OK,384,384
DJ,finite_absorbing,0.3,18.0,12,338.8568469004291,317.0145411033885,0.0051992360080381885,347,384,0,OK,384,384
DJ,finite_absorbing,0.3,18.0,13,338.7311560058956,276.04368293198536,0.005884418646730017,300,384,0,OK,384,384
DJ,finite_absorbing,0.3,18.0,14,338.8350694831423,303.78742612999844,0.005293897417883587,334,384,0,OK,384,384
DJ,finite_absorbing,0.3,18.0,15,338.6736467747133,259.4273732079195,0.006249530352169866,285,384,0,OK,384,384
DJ,finite_absorbing,0.3,18.0,16,338.81876810448085,298.3812694575217,0.0054197634337538915,328,384,0,OK,384,384
DJ,finite_absorbing,0.3,18.0,17,338.82475661865914,294.1729172088827,0.005383065393467057,323,384,0,OK,384,384
DJ,finite_absorbing,0.3,18.0,18,338.78580406017227,287.4386796893332,0.005539176964356823,314,384,0,OK,384,384
DJ,finite_absorbing,0.3,18.0,19,338.8168885236802,300.5123124809221,0.0053964226579539375,328,384,0,OK,384,384
DJ,finite_absorbing,0.3,18.0,20,338.8092880474408,298.743106896756,0.0053316288779528525,325,384,0,OK,384,384
DJ,finite_absorbing,0.3,18.0,21,338.7554276428049,285.87204834964604,0.0057563852225106455,310,384,0,OK,384,384
DJ,finite_absorbing,0.3,18.0,22,338.72431841721703,272.6477164031266,0.005904330961988682,300,384,0,OK,384,384
DJ,finite_absorbing,0.3,18.0,23,338.86904157052237,309.3320056686518,0.0051383954210799925,340,384,0,OK,384,384
DJ,finite_absorbing,0.3,18.0,24,338.9792180130839,350.2410578617605,0.0045354767316570024,381,386,0,OK,384,384
DJ,finite_absorbing,0.3,18.0,25,338.6733828753506,265.00100695294907,0.006226944445548783,291,384,0,OK,384,384
DJ,finite_absorbing,0.3,18.0,26,338.794934457627,301.11791092040653,0.005513466856481923,330,384,0,OK,384,384
DJ,finite_absorbing,0.3,18.0,27,338.8837505837801,325.04526655673544,0.0050867035699941115,356,384,0,OK,384,384
DJ,finite_absorbing,0.3,18.0,28,338.865329231852,315.695136625374,0.005136431171549798,346,384,0,OK,384,384
DJ,finite_absorbing,0.3,18.0,29,338.9424146660877,340.0482480252018,0.004748215581399255,370,384,0,OK,384,384
DJ,finite_absorbing,0.3,18.0,30,338.6934238535415,267.80112883060457,0.006109767237482683,291,384,0,OK,384,384
DJ,finite_absorbing,0.3,18.0,31,338.76101256673445,282.1497431238043,0.005751859504343477,308,384,0,OK,384,384
DJ,finite_absorbing,0.3,18.0,32,338.95009400944497,336.63803192408466,0.004721649077444436,369,411,0,OK,384,384
DJ,finite_absorbing,0.3,18.0,33,338.8505587408343,316.3128522875982,0.005046067607347096,345,384,0,OK,384,384
DJ,finite_absorbing,0.3,18.0,34,338.99425387464584,352.8169142260257,0.004530729167627584,385,385,0,OK,384,384
DJ,finite_absorbing,0.3,18.0,35,338.5315880175328,230.4378703739558,0.007191500264029238,253,384,0,OK,384,384
DJ,finite_absorbing,0.3,18.0,36,338.9059010796802,321.4259115160904,0.004959931752051275,352,384,0,OK,384,384
DJ,finite_absorbing,0.3,18.0,37,338.6246308201559,239.73196827974303,0.006543708859199808,261,384,0,OK,384,384
DJ,finite_absorbing,0.3,18.0,38,338.6610932459172,258.4537720720302,0.006291914714271403,282,384,0,OK,384,384
DJ,finite_absorbing,0.3,18.0,39,338.9171981584058,325.7124174231995,0.004878411395064983,359,384,0,OK,384,384
DJ,finite_absorbing,0.3,20.0,0,339.1081268329661,302.01421692395036,0.005445310772790452,332,384,0,OK,384,384
DJ,finite_absorbing,0.3,20.0,1,339.1701342558912,319.9449188269722,0.0049930720721403895,349,384,0,OK,384,384
DJ,finite_absorbing,0.3,20.0,2,338.9471790902973,250.82839608739172,0.006378386165629997,276,384,0,OK,384,384
DJ,finite_absorbing,0.3,20.0,3,339.0693221368333,285.6057717911697,0.005700307675573555,312,384,0,OK,384,384
DJ,finite_absorbing,0.3,20.0,4,339.20726371113926,337.4145461191073,0.004836883618475028,369,388,0,OK,384,384
DJ,finite_absorbing,0.3,20.0,5,339.22148047499,334.4853543762194,0.004786317959263357,366,384,0,OK,384,384
DJ,finite_absorbing,0.3,20.0,6,339.1514660816133,309.4679036381859,0.005252791801988606,341,384,0,OK,384,384
DJ,finite_absorbing,0.3,20.0,7,339.26547475925486,350.04430867390096,0.004643860532497868,388,393,0,OK,384,384
DJ,finite_absorbing,0.3,20.0,8,339.0804475416775,287.4460780870074,0.005642377429338508,314,384,0,OK,384,384
DJ,finite_absorbing,0.3,20.0,9,339.10277950160116,300.988358080716,0.005498928911442618,329,384,0,OK,384,384
DJ,finite_absorbing,0.3,20.0,10,339.00986347633017,271.0979692677456,0.00604535779204424,296,384,0,OK,384,384
DJ,finite_absorbing,0.3,20.0,11,338.92117332667993,244.06562709111265,0.006582694506307297,266,384,0,OK,384,384
DJ,finite_absorbing,0.3,20.0,12,339.1800185595299,325.6723373586081,0.0051097562588189715,358,384,0,OK,384,384
DJ,finite_absorbing,0.3,20.0,13,339.0068188939489,271.65756053835423,0.00598851302703915,294,384,0,OK,384,384
DJ,finite_absorbing,0.3,20.0,14,339.1102410466812,296.92811973132797,0.005470084940361096,326,384,0,OK,384,384
DJ,finite_absorbing,0.3,20.0,15,339.3433123285143,378.36378908501695,0.004333495473569284,411,411,0,OK,384,384
DJ,finite_absorbing,0.3,20.0,16,339.2923068445007,364.3005550428615,0.0044226547063472,400,415,0,OK,384,384
DJ,finite_absorbing,0.3,20.0,17,339.2705549690222,338.6746896923235,0.004631920032499589,373,384,0,OK,384,384
DJ,finite_absorbing,0.3,20.0,18,339.01161645186096,265.8107268072333,0.0060009137032996296,293,384,0,OK,384,384
DJ,finite_absorbing,0.3,20.0,19,339.20322736855246,329.7254385405459,0.004976392182135109,361,384,0,OK,384,384
DJ,finite_absorbing,0.3,20.0,20,339.1035459597229,302.8355773056981,0.005502839777207235,333,384,0,OK,384,384
DJ,finite_absorbing,0.3,20.0,21,339.11559965281305,300.3948493677309,0.00544678797936466,327,384,0,OK,384,384
DJ,finite_absorbing,0.3,20.0,22,339.1024044908626,304.43376951051727,0.0055121483424753846,332,384,0,OK,384,384
DJ,finite_absorbing,0.3,20.0,23,339.1446267437356,304.5331127013487,0.0052433728399913235,332,384,0,OK,384,384
DJ,finite_absorbing,0.3,20.0,24,339.2607324320084,334.8787706587098,0.0046704851614069245,368,385,0,OK,384,384
DJ,finite_absorbing,0.3,20.0,25,339.2714133817213,351.27196383916817,0.00465634505275281,386,397,0,OK,384,384
DJ,finite_absorbing,0.3,20.0,26,339.1675018285884,318.9045373062817,0.005163011062856657,348,384,0,OK,384,384
DJ,finite_absorbing,0.3,20.0,27,339.19674292936986,330.4314710492977,0.0050253313040584495,363,384,0,OK,384,384
DJ,finite_absorbing,0.3,20.0,28,339.0126181556975,268.84102413585174,0.005996681861254953,294,384,0,OK,384,384
DJ,finite_absorbing,0.3,20.0,29,339.1786207037416,319.31331991413896,0.004960666815404202,348,384,0,OK,384,384
DJ,finite_absorbing,0.3,20.0,30,339.1719074758438,304.16149076263935,0.005097874478304116,338,384,0,OK,384,384
DJ,finite_absorbing,0.3,20.0,31,338.9306754662223,251.89891548429395,0.006461551438224671,276,384,0,OK,384,384
DJ,finite_absorbing,0.3,20.0,32,339.061211880407,281.7358168792374,0.005638103375933411,311,384,0,OK,384,384
DJ,finite_absorbing,0.3,20.0,33,338.9935985858668,268.2477307780043,0.006051563415408472,296,384,0,OK,384,384
DJ,finite_absorbing,0.3,20.0,34,339.0965561577204,288.6502369011327,0.005541104974918581,320,384,0,OK,384,384
DJ,finite_absorbing,0.3,20.0,35,339.23915791417653,334.60485168039804,0.004774453052574975,365,384,0,OK,384,384
DJ,finite_absorbing,0.3,20.0,36,339.05101372352794,281.20762558772384,0.0057698022947410225,308,384,0,OK,384,384
DJ,finite_absorbing,0.3,20.0,37,339.0585627629294,291.4718934018422,0.005630190939709814,318,387,0,OK,384,384
DJ,finite_absorbing,0.3,20.0,38,339.2497154640161,337.7181098759219,0.004742540668996934,369,384,0,OK,384,384
DJ,finite_absorbing,0.3,20.0,39,339.0620835031206,285.9120029236647,0.0057485014396632264,314,384,0,OK,384,384
DJ,finite_absorbing,0.3,22.0,0,339.37736438154406,329.71899764821495,0.004959560742351162,360,384,0,OK,384,384
DJ,finite_absorbing,0.3,22.0,1,339.4464454884675,353.08221874550514,0.0045713486580241545,386,393,0,OK,384,384
DJ,finite_absorbing,0.3,22.0,2,339.39943277524657,334.8422594881597,0.004846764285484988,362,384,0,OK,384,384
DJ,finite_absorbing,0.3,22.0,3,339.55779021387303,395.4906218365359,0.004138173593507466,434,442,0,OK,384,384
DJ,finite_absorbing,0.3,22.0,4,339.33690546492016,319.97785388143967,0.00516722738944112,347,384,0,OK,384,384
DJ,finite_absorbing,0.3,22.0,5,339.223179937237,280.27761685012996,0.0057832605280017865,309,384,0,OK,384,384
DJ,finite_absorbing,0.3,22.0,6,339.4406403628935,351.78337447378897,0.004634349618434064,382,406,0,OK,384,384
DJ,finite_absorbing,0.3,22.0,7,339.22298384748456,288.1357710293966,0.005729685764503679,318,384,0,OK,384,384
DJ,finite_absorbing,0.3,22.0,8,339.3993365498833,333.09703511372464,0.004839082257853163,364,384,0,OK,384,384
DJ,finite_absorbing,0.3,22.0,9,339.4078796237439,339.2817500640769,0.0047664615443509745,370,384,0,OK,384,384
DJ,finite_absorbing,0.3,22.0,10,339.36331914773945,327.4445365445714,0.005034113524830245,359,384,0,OK,384,384
DJ,finite_absorbing,0.3,22.0,11,339.24042487579607,290.9607049638995,0.0056460403812392595,319,384,0,OK,384,384
DJ,finite_absorbing,0.3,22.0,12,339.4402596468285,351.80321384759685,0.004661191900607456,387,390,0,OK,384,384
DJ,finite_absorbing,0.3,22.0,13,339.3425146850224,319.7821974611115,0.005121069930575008,351,384,0,OK,384,384
DJ,finite_absorbing,0.3,22.0,14,339.4340738770509,343.85404391848687,0.004680417729827115,376,384,0,OK,384,384
DJ,finite_absorbing,0.3,22.0,15,339.30536502427566,315.1962322074729,0.0052309202180212885,345,384,0,OK,384,384
DJ,finite_absorbing,0.3,22.0,16,339.48990992736,358.0995191651654,0.004427747000760247,394,396,0,OK,384,384
DJ,finite_absorbing,0.3,22.0,17,339.4860216040171,366.3656490322298,0.004328591083741975,404,416,0,OK,384,384
DJ,finite_absorbing,0.3,22.0,18,339.314558663267,306.7243189967175,0.005283095734504543,339,384,0,OK,384,384
DJ,finite_absorbing,0.3,22.0,19,339.2304996922622,286.16035876845456,0.005679772524162828,315,384,0,OK,384,384
DJ,finite_absorbing,0.3,22.0,20,339.4665428702732,360.4500198567406,0.004502229792960002,393,409,0,OK,384,384
DJ,finite_absorbing,0.3,22.0,21,339.2946682473269,301.5518226831492,0.005304811883730435,330,384,0,OK,384,384
DJ,finite_absorbing,0.3,22.0,22,339.41564513940216,334.0609392296945,0.004775929903949027,368,386,0,OK,384,384
DJ,finite_absorbing,0.3,22.0,23,339.3234622001931,302.35334046458723,0.005155293729736253,332,384,0,OK,384,384
DJ,finite_absorbing,0.3,22.0,24,339.45230581723143,361.0024882902627,0.004600794147714289,397,403,0,OK,384,384
DJ,finite_absorbing,0.3,22.0,25,339.3780540871316,327.3363474275607,0.004936393748612798,361,384,0,OK,384,384
DJ,finite_absorbing,0.3,22.0,26,339.2093357341565,282.9473785410895,0.005763690471344102,309,384,0,OK,384,384
DJ,finite_absorbing,0.3,22.0,27,339.2386943838893,292.01618792858596,0.005699108692525804,321,384,0,OK,384,384
DJ,finite_absorbing,0.3,22.0,28,339.3346903156944,319.0678590910978,0.005089830583002587,349,384,0,OK,384,384
DJ,finite_absorbing,0.3,22.0,29,339.3517021621719,324.3421688475215,0.005078433626087046,358,384,0,OK,384,384
DJ,finite_absorbing,0.3,22.0,30,339.3224431789224,319.92376679301526,0.00523142218022569,349,384,0,OK,384,384
DJ,finite_absorbing,0.3,22.0,31,339.41756263056806,333.51746523425226,0.004689510504986179,362,391,0,OK,384,384
DJ,finite_absorbing,0.3,22.0,32,339.47814925683167,362.9875698032827,0.004450900072793615,401,405,0,OK,384,384
DJ,finite_absorbing,0.3,22.0,33,339.2928850047035,306.3428337118659,0.005331884314291721,332,384,0,OK,384,384
DJ,finite_absorbing,0.3,22.0,34,339.3123600623787,310.39513304267166,0.005252595614294282,339,384,0,OK,384,384
DJ,finite_absorbing,0.3,22.0,35,339.35052788740575,324.98820981707075,0.005086706231070324,357,384,0,OK,384,384
DJ,finite_absorbing,0.3,22.0,36,339.49870803309153,375.6727513864528,0.004356334762348765,412,421,0,OK,384,384
DJ,finite_absorbing,0.3,22.0,37,339.50668528181745,372.2132116430933,0.004267595114103888,404,408,0,OK,384,384
DJ,finite_absorbing,0.3,22.0,38,339.2887434911238,310.47910318893236,0.005321468156117274,340,384,0,OK,384,384
DJ,finite_absorbing,0.3,22.0,39,339.32640009726,308.0647319070992,0.005207742752006985,340,384,0,OK,384,384
DJ,finite_absorbing,0.3,24.0,0,339.5060279678419,322.4620651712205,0.00505994767087563,351,384,0,OK,384,384
DJ,finite_absorbing,0.3,24.0,1,339.3725484865862,281.6578693216051,0.005723095609402508,308,384,0,OK,384,384
DJ,finite_absorbing,0.3,24.0,2,339.5464424030505,329.41183639490436,0.004836142446747236,363,384,0,OK,384,384
DJ,finite_absorbing,0.3,24.0,3,339.6200493801928,360.75568779120255,0.0044871875660303755,394,394,0,OK,384,384
DJ,finite_absorbing,0.3,24.0,4,339.34549024837764,284.77775599191193,0.0058431238054780016,311,384,0,OK,384,384
DJ,finite_absorbing,0.3,24.0,5,339.49595048215,306.6108757388166,0.0051141251609840175,338,384,0,OK,384,384
DJ,finite_absorbing,0.3,24.0,6,339.4950595888158,311.1540936799685,0.005088900696362775,341,384,0,OK,384,384
DJ,finite_absorbing,0.3,24.0,7,339.52014618803867,320.72046025588514,0.004952752140708911,353,384,0,OK,384,384
DJ,finite_absorbing,0.3,24.0,8,339.5597625765939,345.18582168237066,0.00479020717741468,379,398,0,OK,384,384
DJ,finite_absorbing,0.3,24.0,9,339.4964668469693,319.43517857057174,0.005073488144381403,353,384,0,OK,384,384
DJ,finite_absorbing,0.3,24.0,10,339.4447623767208,302.9331645012034,0.005349029589742987,330,384,0,OK,384,384
DJ,finite_absorbing,0.3,24.0,11,339.5351570481184,333.6724539452314,0.0049176850673752735,365,384,0,OK,384,384
DJ,finite_absorbing,0.3,24.0,12,339.43257617867147,296.70949843821006,0.0053926065799306255,325,384,0,OK,384,384
DJ,finite_absorbing,0.3,24.0,13,339.48476964609273,309.65985611837846,0.005171000922483952,339,384,0,OK,384,384
DJ,finite_absorbing,0.3,24.0,14,339.3962822487838,285.0582795435971,0.00563555063334264,313,384,0,OK,384,384
DJ,finite_absorbing,0.3,24.0,15,339.5612470286966,331.8209139606622,0.004783187319471651,366,384,0,OK,384,384
DJ,finite_absorbing,0.3,24.0,16,339.5778474900138,343.37011411507444,0.0047016191151524655,376,384,0,OK,384,384
DJ,finite_absorbing,0.3,24.0,17,339.43434786113573,301.13174386724535,0.005360395212063609,332,384,0,OK,384,384
DJ,finite_absorbing,0.3,24.0,18,339.4369703979619,305.91176166550855,0.005348401563831332,333,384,0,OK,384,384
DJ,finite_absorbing,0.3,24.0,19,339.4455499825962,301.4778641857953,0.0053745426448859775,332,384,0,OK,384,384
DJ,finite_absorbing,0.3,24.0,20,339.47463784637006,310.8349415910577,0.005205396389222824,335,384,0,OK,384,384
DJ,finite_absorbing,0.3,24.0,21,339.5189678466165,320.67152289973507,0.005000394507578554,354,384,0,OK,384,384
DJ,finite_absorbing,0.3,24.0,22,339.4318700852628,300.0078051717281,0.005435796245208512,328,384,0,OK,384,384
DJ,finite_absorbing,0.3,24.0,23,339.6602035887837,381.3798567775074,0.004311877809288465,413,413,0,OK,384,384
DJ,finite_absorbing,0.3,24.0,24,339.50956792850553,322.93506739363494,0.005031467011811173,352,384,0,OK,384,384
DJ,finite_absorbing,0.3,24.0,25,339.5378647153158,328.9293177838529,0.004891811667138681,358,395,0,OK,384,384
DJ,finite_absorbing,0.3,24.0,26,339.6138788816767,355.79548910181126,0.004532645090948968,388,405,0,OK,384,384
DJ,finite_absorbing,0.3,24.0,27,339.6534472164564,367.5722396155167,0.004352846463833694,400,403,0,OK,384,384
DJ,finite_absorbing,0.3,24.0,28,339.4298809542294,301.09333982225945,0.005448477841755195,328,384,0,OK,384,384
DJ,finite_absorbing,0.3,24.0,29,339.60897628460145,351.5863316581434,0.004553375808097369,386,387,0,OK,384,384
DJ,finite_absorbing,0.3,24.0,30,339.346389363851,270.54274533236713,0.005925220651345822,294,384,0,OK,384,384
DJ,finite_absorbing,0.3,24.0,31,339.44484788815146,299.6255435145597,0.005358096534332183,326,384,0,OK,384,384
DJ,finite_absorbing,0.3,24.0,32,339.45544519366206,301.37653373138085,0.005326101597355046,328,384,0,OK,384,384
DJ,finite_absorbing,0.3,24.0,33,339.7222553614523,394.19064921658344,0.004074037272004422,430,432,0,OK,384,384
DJ,finite_absorbing,0.3,24.0,34,339.4666857886968,305.68507383031755,0.005192284951440675,338,384,0,OK,384,384
DJ,finite_absorbing,0.3,24.0,35,339.30534089675945,256.602787180534,0.006057781595586983,282,384,0,OK,384,384
DJ,finite_absorbing,0.3,24.0,36,339.5308785068355,331.7455545811772,0.004916319684875119,365,384,0,OK,384,384
DJ,finite_absorbing,0.3,24.0,37,339.3916552437661,283.64409071834814,0.005642833010974064,313,384,0,OK,384,384
DJ,finite_absorbing,0.3,24.0,38,339.37361153646816,284.08861982084346,0.005773132590135517,310,384,0,OK,384,384
DJ,finite_absorbing,0.3,24.0,39,339.5726248499339,347.14309097284263,0.004731844377522436,377,389,0,OK,384,384
DJ,finite_absorbing,0.3,26.0,0,339.71559643972375,325.8097252610543,0.004826785850028924,355,384,0,OK,384,384
DJ,finite_absorbing,0.3,26.0,1,339.59674028463735,294.9542279695058,0.005466222428301812,327,384,0,OK,384,384
DJ,finite_absorbing,0.3,26.0,2,339.6827123323457,323.3582138201728,0.005020785072537435,356,384,0,OK,384,384
DJ,finite_absorbing,0.3,26.0,3,339.4839609562864,262.54522483807796,0.006079130143350398,288,384,0,OK,384,384
DJ,finite_absorbing,0.3,26.0,4,339.5990118868743,301.4430489297438,0.005416781762682726,327,384,0,OK,384,384
DJ,finite_absorbing,0.3,26.0,5,339.4678338869867,269.76895275746926,0.0061961258772786475,292,384,0,OK,384,384
DJ,finite_absorbing,0.3,26.0,6,339.6171389344969,305.3857961859156,0.0053522029777718074,333,384,0,OK,384,384
DJ,finite_absorbing,0.3,26.0,7,339.68696182925737,325.0774571766803,0.00499360490105498,358,384,0,OK,384,384
DJ,finite_absorbing,0.3,26.0,8,339.651913521809,314.8678741451499,0.005170331617952476,344,384,0,OK,384,384
DJ,finite_absorbing,0.3,26.0,9,339.57430563476527,294.7407497293069,0.005595597154764043,325,384,0,OK,384,384
DJ,finite_absorbing,0.3,26.0,10,339.4885213623533,277.34289040689566,0.0059953703064036445,306,384,0,OK,384,384
DJ,finite_absorbing,0.3,26.0,11,339.8037586254439,351.36597869815745,0.0044095893904603795,384,384,0,OK,384,384
DJ,finite_absorbing,0.3,26.0,12,339.64800029678673,318.5729389375015,0.005132652303548882,347,384,0,OK,384,384
DJ,finite_absorbing,0.3,26.0,13,339.75771649679024,340.4379360317948,0.004643234983576337,373,384,0,OK,384,384
DJ,finite_absorbing,0.3,26.0,14,339.7925328426651,360.45714273041966,0.004494181985341969,392,393,0,OK,384,384
DJ,finite_absorbing,0.3,26.0,15,339.81088200431753,372.27192536621214,0.004414123395558145,410,423,0,OK,384,384
DJ,finite_absorbing,0.3,26.0,16,339.44730785638194,265.1528212722623,0.006187411563640245,290,384,0,OK,384,384
DJ,finite_absorbing,0.3,26.0,17,339.6855449575747,339.3559635238966,0.004920792654941425,370,384,0,OK,384,384
DJ,finite_absorbing,0.3,26.0,18,339.4970197634729,270.36775799232316,0.006049463143358765,298,384,0,OK,384,384
DJ,finite_absorbing,0.3,26.0,19,339.6392698458563,319.3936520010892,0.005121409682127403,346,384,0,OK,384,384
DJ,finite_absorbing,0.3,26.0,20,339.6181195818906,307.8129345626321,0.005305904210683087,337,384,0,OK,384,384
DJ,finite_absorbing,0.3,26.0,21,339.83573732772305,379.01625949436504,0.004216528835811091,414,414,0,OK,384,384
DJ,finite_absorbing,0.3,26.0,22,339.43613635892865,251.12733732772543,0.006326623886216356,273,384,0,OK,384,384
DJ,finite_absorbing,0.3,26.0,23,339.52569163079846,278.4145893034731,0.005764702358348339,305,384,0,OK,384,384
DJ,finite_absorbing,0.3,26.0,24,339.5264857040598,278.5382946724656,0.005819547857490475,308,384,0,OK,384,384
DJ,finite_absorbing,0.3,26.0,25,339.7957102959397,357.51212900553196,0.004479803662640178,389,395,0,OK,384,384
DJ,finite_absorbing,0.3,26.0,26,339.6274380390495,310.7059704665155,0.005120922990854042,340,384,0,OK,384,384
DJ,finite_absorbing,0.3,26.0,27,339.51885736749085,271.995122309907,0.005868485838884201,303,384,0,OK,384,384
DJ,finite_absorbing,0.3,26.0,28,339.54584011306656,288.2630211437415,0.00572398689918195,315,384,0,OK,384,384
DJ,finite_absorbing,0.3,26.0,29,339.7637876722357,347.72013540961103,0.0046312698381919815,380,392,0,OK,384,384
DJ,finite_absorbing,0.3,26.0,30,339.69987222443103,326.1086932465,0.0049243536055234615,355,384,0,OK,384,384
DJ,finite_absorbing,0.3,26.0,31,339.6063235774187,311.15164290970955,0.005369146405029474,342,384,0,OK,384,384
DJ,finite_absorbing,0.3,26.0,32,339.7466141514115,341.09508333507483,0.00468889893787578,377,384,0,OK,384,384
DJ,finite_absorbing,0.3,26.0,33,339.7503632195235,341.3289795264049,0.004673454673714592,376,384,0,OK,384,384
DJ,finite_absorbing,0.3,26.0,34,339.65469510696926,316.18019494096467,0.005102412291485752,346,384,0,OK,384,384
DJ,finite_absorbing,0.3,26.0,35,339.6135417244558,309.49923368592823,0.0053621359496193195,340,384,0,OK,384,384
DJ,finite_absorbing,0.3,26.0,36,339.6602942090318,313.38708823386673,0.0050581696860513455,344,384,0,OK,384,384
DJ,finite_absorbing,0.3,26.0,37,339.70482963694724,338.63941876595317,0.0048954904494006145,370,384,0,OK,384,384
DJ,finite_absorbing,0.3,26.0,38,339.7164815816422,344.3723856054589,0.004725852585012145,375,387,0,OK,384,384
DJ,finite_absorbing,0.3,26.0,39,339.6835207839189,328.93447104595424,0.005016056482065993,359,384,0,OK,384,384
DJ,unconfined,0.3,inf,0,340.16580517334415,561.9429343085903,0.016401630387326303,4096,4096,0,OK,4096,4096
DJ,unconfined,0.3,inf,1,340.22172281156526,686.430551888405,0.009879039073132373,4096,4096,0,OK,4096,4096
DJ,unconfined,0.3,inf,2,340.2975669791858,555.5889685213745,0.012595413181897167,4096,4096,0,OK,4096,4096
DJ,unconfined,0.3,inf,3,340.2177720773859,650.0191545677741,0.008613161744741334,4096,4096,0,OK,4096,4096
DJ,unconfined,0.3,inf,4,340.2306478339121,650.5450001457652,0.009174636131227548,4096,4096,0,OK,4096,4096
DJ,unconfined,0.3,inf,5,340.265473393809,603.0494444442294,0.014747708410759761,4096,4096,0,OK,4096,4096
DJ,unconfined,0.3,inf,6,340.22051689842834,611.3374097463832,0.009950014943071196,4096,4096,0,OK,4096,4096
DJ,unconfined,0.3,inf,7,340.2220663743766,605.8336621532214,0.01236544560640015,4096,4096,0,OK,4096,4096
DJ,unconfined,0.3,inf,8,340.205055710495,659.0347580446769,0.008909963115876534,4096,4096,0,OK,4096,4096
DJ,unconfined,0.3,inf,9,340.305692246721,642.6469818988946,0.00956722819854449,4096,4096,0,OK,4096,4096
DJ,unconfined,0.3,inf,10,340.21139360390526,630.9036240719917,0.010799683504883719,4096,4096,0,OK,4096,4096
DJ,unconfined,0.3,inf,11,340.2705643975028,612.1158798708883,0.010494082923173368,4096,4096,0,OK,4096,4096
DJ,unconfined,0.3,inf,12,340.15391180155905,630.7678955185781,0.010165874315880702,4096,4096,0,OK,4096,4096
DJ,unconfined,0.3,inf,13,340.2126466433284,682.6268149600481,0.008372773687742367,4096,4096,0,OK,4096,4096
DJ,unconfined,0.3,inf,14,340.1655773983346,659.2001768089963,0.007677822533272093,4096,4096,0,OK,4096,4096
DJ,unconfined,0.3,inf,15,340.2054475650149,740.6321592882215,0.00708691224513687,4096,4096,0,OK,4096,4096
DJ,unconfined,0.3,inf,16,340.2235021694331,713.0312618749839,0.00951042808460162,4096,4096,0,OK,4096,4096
DJ,unconfined,0.3,inf,17,340.21160183004406,479.4132617767047,0.026334157172595532,4096,4096,0,OK,4096,4096
DJ,unconfined,0.3,inf,18,340.2079068825809,648.99754920947,0.013114810529367742,4096,4096,0,OK,4096,4096
DJ,unconfined,0.3,inf,19,340.2257495569294,512.8557920602835,0.013644856706443229,4096,4096,0,OK,4096,4096
DJ,unconfined,0.3,inf,20,340.2259139232839,557.4726453143209,0.015139261653304871,4096,4096,0,OK,4096,4096
DJ,unconfined,0.3,inf,21,340.2598656258432,554.7660380713216,0.010449849861267627,4096,4096,0,OK,4096,4096
DJ,unconfined,0.3,inf,22,340.18555678332456,563.0757728069304,0.013856156111329159,4096,4096,0,OK,4096,4096
DJ,unconfined,0.3,inf,23,340.2902498541846,629.5405036996267,0.012193039541113842,4096,4096,0,OK,4096,4096
DJ,unconfined,0.3,inf,24,340.2357635055858,614.8361926418561,0.011432829969815452,4096,4096,0,OK,4096,4096
DJ,unconfined,0.3,inf,25,340.24756005897495,725.1351471092341,0.008193186614109891,4096,4096,0,OK,4096,4096
DJ,unconfined,0.3,inf,26,340.2102437039289,679.4823533637853,0.00741303356428043,4096,4096,0,OK,4096,4096
DJ,unconfined,0.3,inf,27,340.229095855702,625.9745278904956,0.011005409657727592,4096,4096,0,OK,4096,4096
DJ,unconfined,0.3,inf,28,340.21698963813157,645.5901551852576,0.007706503199554145,4096,4096,0,OK,4096,4096
DJ,unconfined,0.3,inf,29,340.1983015504262,604.9064608654048,0.016620452778650048,4096,4096,0,OK,4096,4096
DJ,unconfined,0.3,inf,30,340.2397113217683,670.3093837785362,0.007727267724547612,4096,4096,0,OK,4096,4096
DJ,unconfined,0.3,inf,31,340.19922353929206,744.0833133702946,0.0064129635099053365,4096,4096,0,OK,4096,4096
DJ,unconfined,0.3,inf,32,340.2046041451857,678.8145429221225,0.008430842580637265,4096,4096,0,OK,4096,4096
DJ,unconfined,0.3,inf,33,340.24585570325974,634.3881527495158,0.013301033952283783,4096,4096,0,OK,4096,4096
DJ,unconfined,0.3,inf,34,340.14182406926943,684.4748810767671,0.008590522236939725,4096,4096,0,OK,4096,4096
DJ,unconfined,0.3,inf,35,340.21245592493653,688.5081414744213,0.009588684923910623,4096,4096,0,OK,4096,4096
DJ,unconfined,0.3,inf,36,340.21172185035783,716.6588427738216,0.008795725570809695,4096,4096,0,OK,4096,4096
DJ,unconfined,0.3,inf,37,340.18168848445646,487.04045773854364,0.014455859496164122,4096,4096,0,OK,4096,4096
DJ,unconfined,0.3,inf,38,340.1499143611464,725.5035232467213,0.006902773867935941,4096,4096,0,OK,4096,4096
DJ,unconfined,0.3,inf,39,340.18789340911104,554.315721121249,0.01824378223182262,4096,4096,0,OK,4096,4096
DJ,finite_absorbing,0.5,16.0,0,331.8627672839915,435.1737787686443,0.0036823246983229297,476,485,0,OK,384,384
DJ,finite_absorbing,0.5,16.0,1,331.5342834319925,307.4419476588919,0.005124971033154585,339,384,0,OK,384,384
DJ,finite_absorbing,0.5,16.0,2,331.47849524236244,289.2282990171798,0.00544131928687388,315,384,0,OK,384,384
DJ,finite_absorbing,0.5,16.0,3,331.56141784773143,331.89343635167745,0.004995987367962313,364,384,0,OK,384,384
DJ,finite_absorbing,0.5,16.0,4,331.57302087255493,322.3673923154025,0.00498539094365976,354,384,0,OK,384,384
DJ,finite_absorbing,0.5,16.0,5,331.51292836878997,302.49430159806815,0.0052454109066830314,333,384,0,OK,384,384
DJ,finite_absorbing,0.5,16.0,6,331.62140789056633,340.57620861580904,0.004724063957853186,370,384,0,OK,384,384
DJ,finite_absorbing,0.5,16.0,7,331.6116528062126,329.29403110955917,0.004755058961882186,358,384,0,OK,384,384
DJ,finite_absorbing,0.5,16.0,8,331.5025175246348,301.0033138959332,0.005335160143169065,331,384,0,OK,384,384
DJ,finite_absorbing,0.5,16.0,9,331.71109855740457,367.20010094787165,0.004284414869583965,403,436,0,OK,384,384
DJ,finite_absorbing,0.5,16.0,10,331.6591830528558,346.4711359251501,0.004575566763743129,381,394,0,OK,384,384
DJ,finite_absorbing,0.5,16.0,11,331.584114460418,328.1112023869518,0.004872655602436484,358,384,0,OK,384,384
DJ,finite_absorbing,0.5,16.0,12,331.5438582682113,324.28935738129366,0.005094224284084772,356,396,0,OK,384,384
DJ,finite_absorbing,0.5,16.0,13,331.61095780452945,336.29010395551757,0.004786298991486401,367,392,0,OK,384,384
DJ,finite_absorbing,0.5,16.0,14,331.5931327234065,334.83688389438487,0.004889790768379707,365,384,0,OK,384,384
DJ,finite_absorbing,0.5,16.0,15,331.76070872939687,389.99026974105965,0.004122837457834135,428,428,0,OK,384,384
DJ,finite_absorbing,0.5,16.0,16,331.4358297318764,284.9144742445079,0.0057024005930449255,312,384,0,OK,384,384
DJ,finite_absorbing,0.5,16.0,17,331.53159025643413,317.5910572677661,0.005165907337940872,348,398,0,OK,384,384
DJ,finite_absorbing,0.5,16.0,18,331.66139730708795,363.62103135496915,0.004475902573993031,397,421,0,OK,384,384
DJ,finite_absorbing,0.5,16.0,19,331.810592036842,408.541819502343,0.003916488754444738,449,449,0,OK,384,384
DJ,finite_absorbing,0.5,16.0,20,331.50187130479344,308.06460582134275,0.0053570272893878074,338,400,0,OK,384,384
DJ,finite_absorbing,0.5,16.0,21,331.6748189257282,356.48115751275066,0.004506015569740111,394,436,0,OK,384,384
DJ,finite_absorbing,0.5,16.0,22,331.4504096742006,289.26252392028266,0.00559030443743266,318,384,0,OK,384,384
DJ,finite_absorbing,0.5,16.0,23,331.49680593393475,298.8974719689633,0.005392806740513872,324,384,0,OK,384,384
DJ,finite_absorbing,0.5,16.0,24,331.7062786785035,372.06339558386367,0.004368779011611329,406,409,0,OK,384,384
DJ,finite_absorbing,0.5,16.0,25,331.37337849638004,262.8609070523624,0.006069397391669594,284,384,0,OK,384,384
DJ,finite_absorbing,0.5,16.0,26,331.58137138168274,326.0522013300707,0.004949212392225996,356,384,0,OK,384,384
DJ,finite_absorbing,0.5,16.0,27,331.592579109395,324.5854734321772,0.004773621710826889,355,384,0,OK,384,384
DJ,finite_absorbing,0.5,16.0,28,331.63135920825505,341.10869265575224,0.004714760159706478,374,384,0,OK,384,384
DJ,finite_absorbing,0.5,16.0,29,331.4577957880647,288.9509402599633,0.005561883614472178,314,384,0,OK,384,384
DJ,finite_absorbing,0.5,16.0,30,331.63303970609047,354.48143387287405,0.004680951246190569,392,392,0,OK,384,384
DJ,finite_absorbing,0.5,16.0,31,331.7513646618027,383.7410177152315,0.004136585416947166,421,431,0,OK,384,384
DJ,finite_absorbing,0.5,16.0,32,331.6978529855257,370.7322025632422,0.004381837179021602,405,417,0,OK,384,384
DJ,finite_absorbing,0.5,16.0,33,331.5836472045772,329.42260225902874,0.004791310365444223,363,395,0,OK,384,384
DJ,finite_absorbing,0.5,16.0,34,331.6773323941961,360.05490033828994,0.004499776910881725,397,407,0,OK,384,384
DJ,finite_absorbing,0.5,16.0,35,331.5213753516786,311.711051046602,0.00518833088385812,342,384,0,OK,384,384
DJ,finite_absorbing,0.5,16.0,36,331.43697171663297,286.32528540563095,0.005644884951975649,312,384,0,OK,384,384
DJ,finite_absorbing,0.5,16.0,37,331.38274018973044,276.36692904457163,0.00593527820511534,303,384,0,OK,384,384
DJ,finite_absorbing,0.5,16.0,38,331.5278005713223,303.0664922643983,0.005188634632463858,336,393,0,OK,384,384
DJ,finite_absorbing,0.5,16.0,39,331.54909694146676,322.25744417399744,0.005097774761057334,352,384,0,OK,384,384
DJ,finite_absorbing,0.5,18.0,0,331.93810761902165,293.55426008172674,0.005469476736913327,324,384,0,OK,384,384
DJ,finite_absorbing,0.5,18.0,1,332.1019028181888,351.36028455239494,0.004650799925100724,384,396,0,OK,384,384
DJ,finite_absorbing,0.5,18.0,2,331.94579067401725,291.7037911286906,0.005400411103826378,322,384,0,OK,384,384
DJ,finite_absorbing,0.5,18.0,3,332.0296987547437,344.2530058499681,0.004976198680350862,378,395,0,OK,384,384
DJ,finite_absorbing,0.5,18.0,4,332.0483177648196,340.9519334373276,0.004877285212002724,373,385,0,OK,384,384
DJ,finite_absorbing,0.5,18.0,5,331.93456255169554,299.2704300030058,0.005291129901714663,325,384,0,OK,384,384
DJ,finite_absorbing,0.5,18.0,6,332.0030972032595,308.661147759876,0.005123432914583963,342,384,0,OK,384,384
DJ,finite_absorbing,0.5,18.0,7,332.06518156675565,333.30900260263576,0.0047653763531475815,366,384,0,OK,384,384
DJ,finite_absorbing,0.5,18.0,8,332.1454716214038,368.6028747946717,0.004415857184072789,407,409,0,OK,384,384
DJ,finite_absorbing,0.5,18.0,9,332.2653185890008,401.9061980109101,0.003921701008436867,441,455,0,OK,384,384
DJ,finite_absorbing,0.5,18.0,10,332.1176911869741,362.2148509666674,0.004499088108547366,395,399,0,OK,384,384
DJ,finite_absorbing,0.5,18.0,11,332.1942112299089,387.4096201283804,0.0042094573369543,424,428,0,OK,384,384
DJ,finite_absorbing,0.5,18.0,12,332.03607115464155,342.4234758683328,0.004792951725160653,377,401,0,OK,384,384
DJ,finite_absorbing,0.5,18.0,13,332.16414704589357,373.87537991140994,0.004306879847780339,410,422,0,OK,384,384
DJ,finite_absorbing,0.5,18.0,14,331.91419501847014,294.39272738637845,0.005595832850444836,325,384,0,OK,384,384
DJ,finite_absorbing,0.5,18.0,15,332.2289318739847,398.0944363810919,0.004000438774764504,435,441,0,OK,384,384
DJ,finite_absorbing,0.5,18.0,16,332.0438559050209,329.9076130176068,0.0048458583513521485,362,390,0,OK,384,384
DJ,finite_absorbing,0.5,18.0,17,332.0432581888836,332.18608009386116,0.004825888098228536,364,384,0,OK,384,384
DJ,finite_absorbing,0.5,18.0,18,331.91793862360305,300.1686992565376,0.005579299597038722,330,384,0,OK,384,384
DJ,finite_absorbing,0.5,18.0,19,332.058678046012,327.1964438060289,0.004847213362207252,359,384,0,OK,384,384
DJ,finite_absorbing,0.5,18.0,20,331.83691645729346,269.35979661102624,0.006032089348590953,298,384,0,OK,384,384
DJ,finite_absorbing,0.5,18.0,21,332.0719807460219,349.94477078848206,0.004780597798545641,386,412,0,OK,384,384
DJ,finite_absorbing,0.5,18.0,22,331.87874180697094,275.530374974925,0.005743430780366841,303,384,0,OK,384,384
DJ,finite_absorbing,0.5,18.0,23,332.1501732365967,358.4153019029909,0.004371120471943562,395,399,0,OK,384,384
DJ,finite_absorbing,0.5,18.0,24,332.00519561925125,330.1399562229455,0.004954140976607179,357,384,0,OK,384,384
DJ,finite_absorbing,0.5,18.0,25,331.8373747788691,263.99142246945036,0.005976460377847355,290,384,0,OK,384,384
DJ,finite_absorbing,0.5,18.0,26,332.09928008046404,358.6832234170854,0.004643357031459164,391,402,0,OK,384,384
DJ,finite_absorbing,0.5,18.0,27,332.0097956734082,328.1785351483748,0.005073829380657933,360,384,0,OK,384,384
DJ,finite_absorbing,0.5,18.0,28,332.19461682995455,382.2951552758187,0.004230311588138455,423,432,0,OK,384,384
DJ,finite_absorbing,0.5,18.0,29,332.26043712887383,412.27028279299645,0.003928096835043097,448,449,0,OK,384,384
DJ,finite_absorbing,0.5,18.0,30,331.8682048765421,280.80292154994197,0.005860742491437439,307,384,0,OK,384,384
DJ,finite_absorbing,0.5,18.0,31,331.7884008985079,261.4209050331649,0.006129381295927061,289,384,0,OK,384,384
DJ,finite_absorbing,0.5,18.0,32,332.12652305903714,352.89826220065373,0.004435702288818709,389,392,0,OK,384,384
DJ,finite_absorbing,0.5,18.0,33,331.9155458018811,291.13304492301245,0.005429976447900416,319,384,0,OK,384,384
DJ,finite_absorbing,0.5,18.0,34,332.0419655821094,324.3189545442239,0.004932107598443311,361,384,0,OK,384,384
DJ,finite_absorbing,0.5,18.0,35,332.1108362527207,350.0730271368643,0.0046030707425138385,382,389,0,OK,384,384
DJ,finite_absorbing,0.5,18.0,36,332.05388646327685,338.20381100903336,0.004847739611402948,370,384,0,OK,384,384
DJ,finite_absorbing,0.5,18.0,37,332.03615641975017,334.66886534518807,0.004938306386481004,365,384,0,OK,384,384
DJ,finite_absorbing,0.5,18.0,38,331.9226185731081,283.25399851604016,0.005541897728780009,310,384,0,OK,384,384
DJ,finite_absorbing,0.5,18.0,39,332.1443801980749,373.46476913310784,0.0043852664561083885,408,428,0,OK,384,384
DJ,finite_absorbing,0.5,20.0,0,332.29832057471884,281.0703670885974,0.005976460830748608,304,384,0,OK,384,384
DJ,finite_absorbing,0.5,20.0,1,332.29474507672074,271.73436900953857,0.005964815914218989,299,384,0,OK,384,384
DJ,finite_absorbing,0.5,20.0,2,332.4040267419993,308.1807416192181,0.005369395345922427,339,384,0,OK,384,384
DJ,finite_absorbing,0.5,20.0,3,332.4649566113649,319.7728143778577,0.0051015725767489285,353,386,0,OK,384,384
DJ,finite_absorbing,0.5,20.0,4,332.2454031371186,257.61795546672266,0.0063510173054221325,284,384,0,OK,384,384
DJ,finite_absorbing,0.5,20.0,5,332.3453069548593,297.2169820613842,0.005702684926093569,326,384,0,OK,384,384
DJ,finite_absorbing,0.5,20.0,6,332.6229929201541,365.42146655718545,0.004301877317469184,403,450,0,OK,384,384
DJ,finite_absorbing,0.5,20.0,7,332.2019792687219,249.46992207811041,0.006603648675584271,276,384,0,OK,384,384
DJ,finite_absorbing,0.5,20.0,8,332.3840261018986,293.69065456805026,0.005508071004623616,326,384,0,OK,384,384
DJ,finite_absorbing,0.5,20.0,9,332.55498136877225,350.98068319944724,0.004590303824992109,386,420,0,OK,384,384
DJ,finite_absorbing,0.5,20.0,10,332.3191890702317,280.62886395077595,0.00587221314631851,308,384,0,OK,384,384
DJ,finite_absorbing,0.5,20.0,11,332.43521839136247,313.49896824529253,0.005233676941517557,343,390,0,OK,384,384
DJ,finite_absorbing,0.5,20.0,12,332.40659214545116,310.7889936473852,0.005226628094156119,339,393,0,OK,384,384
DJ,finite_absorbing,0.5,20.0,13,332.4535750797472,326.3440058172656,0.005128411917983215,358,384,0,OK,384,384
DJ,finite_absorbing,0.5,20.0,14,332.4257936549183,312.1502957277466,0.005280753107237569,344,396,0,OK,384,384
DJ,finite_absorbing,0.5,20.0,15,332.23347371294466,254.2683680853199,0.006329740850949721,280,384,0,OK,384,384
DJ,finite_absorbing,0.5,20.0,16,332.5958449156758,367.8860102629763,0.0043954071614657675,404,427,0,OK,384,384
DJ,finite_absorbing,0.5,20.0,17,332.55121766878585,348.70258528002876,0.004668565279105728,383,390,0,OK,384,384
DJ,finite_absorbing,0.5,20.0,18,332.3057538348707,270.0996656481364,0.005957605000895897,297,384,0,OK,384,384
DJ,finite_absorbing,0.5,20.0,19,332.4911768904788,336.732915623179,0.004922853471211906,371,421,0,OK,384,384
DJ,finite_absorbing,0.5,20.0,20,332.2051257888342,242.67174199925628,0.006605595504541988,268,384,0,OK,384,384
DJ,finite_absorbing,0.5,20.0,21,332.43327788450455,320.16357265726583,0.005256188280238426,355,412,0,OK,384,384
DJ,finite_absorbing,0.5,20.0,22,332.4346349523519,309.1911172640807,0.005234521716204883,342,384,0,OK,384,384
DJ,finite_absorbing,0.5,20.0,23,332.4723391554981,327.7213536566996,0.00501546491623261,361,417,0,OK,384,384
DJ,finite_absorbing,0.5,20.0,24,332.2975612610397,272.19363021248233,0.005800765781757923,297,384,0,OK,384,384
DJ,finite_absorbing,0.5,20.0,25,332.29320173867694,267.63964506210147,0.0060461925892931825,292,384,0,OK,384,384
DJ,finite_absorbing,0.5,20.0,26,332.31787778652966,281.80873495180606,0.005868201093510986,310,384,0,OK,384,384
DJ,finite_absorbing,0.5,20.0,27,332.25659364178296,267.1766465823833,0.006272092459373076,293,384,0,OK,384,384
DJ,finite_absorbing,0.5,20.0,28,332.22946030665497,265.89725659357555,0.0063520183971690685,292,390,0,OK,384,384
DJ,finite_absorbing,0.5,20.0,29,332.2925987139825,276.91578799244024,0.005947415082146316,304,384,0,OK,384,384
DJ,finite_absorbing,0.5,20.0,30,332.4062629467415,305.2253670095274,0.005400151541431358,336,384,0,OK,384,384
DJ,finite_absorbing,0.5,20.0,31,332.442239145081,311.84033275658356,0.005202179146616342,343,384,0,OK,384,384
DJ,finite_absorbing,0.5,20.0,32,332.451753503863,320.5691071245302,0.005122732228907059,354,385,0,OK,384,384
DJ,finite_absorbing,0.5,20.0,33,332.48218189918174,326.98653572272286,0.004934104940754246,358,388,0,OK,384,384
DJ,finite_absorbing,0.5,20.0,34,332.36364685044714,286.3615348711114,0.005592528687275202,315,384,0,OK,384,384
DJ,finite_absorbing,0.5,20.0,35,332.39372056121573,299.33902961978623,0.005464411490396632,329,399,0,OK,384,384
DJ,finite_absorbing,0.5,20.0,36,332.4491147007154,317.0957938007472,0.005105049876630417,350,391,0,OK,384,384
DJ,finite_absorbing,0.5,20.0,37,332.4523559889839,321.3743438160125,0.0049562033177991596,351,387,0,OK,384,384
DJ,finite_absorbing,0.5,20.0,38,332.10950496285335,236.0708380433886,0.006990263495455045,256,384,0,OK,384,384
DJ,finite_absorbing,0.5,20.0,39,332.18659778121844,250.22472072785348,0.0067007969149732345,276,384,0,OK,384,384
DJ,finite_absorbing,0.5,22.0,0,332.62205176178435,297.6316590775484,0.005290659682789773,327,384,0,OK,384,384
DJ,finite_absorbing,0.5,22.0,1,332.71008636107047,335.0911406496089,0.004900974936853608,367,400,0,OK,384,384
DJ,finite_absorbing,0.5,22.0,2,332.492988188509,266.8429610198507,0.0061128168933027695,297,384,0,OK,384,384
DJ,finite_absorbing,0.5,22.0,3,332.4703309323726,257.33931818523877,0.0062400013032561765,286,384,0,OK,384,384
DJ,finite_absorbing,0.5,22.0,4,332.55254230423515,278.1643280141987,0.0057495986342347245,306,384,0,OK,384,384
DJ,finite_absorbing,0.5,22.0,5,332.67852990786554,322.7902077345394,0.005049814147978274,352,384,0,OK,384,384
DJ,finite_absorbing,0.5,22.0,6,332.60921114679894,308.8333838548837,0.005430254796275303,339,384,0,OK,384,384
DJ,finite_absorbing,0.5,22.0,7,332.5068348834498,270.411952349351,0.005869112444167472,299,384,0,OK,384,384
DJ,finite_absorbing,0.5,22.0,8,332.5911739709715,292.4916137321174,0.005418140067550743,321,384,0,OK,384,384
DJ,finite_absorbing,0.5,22.0,9,332.81534361997404,377.86282124899094,0.004356742130054796,414,420,0,OK,384,384
DJ,finite_absorbing,0.5,22.0,10,332.61153456109037,297.1815653746,0.005428438664497521,329,384,0,OK,384,384
DJ,finite_absorbing,0.5,22.0,11,332.56972013583436,289.8911445823557,0.005614080883689206,319,384,0,OK,384,384
DJ,finite_absorbing,0.5,22.0,12,332.67959550901736,330.5869707605906,0.00501863120413151,360,386,0,OK,384,384
DJ,finite_absorbing,0.5,22.0,13,332.79724229835074,366.63825946497155,0.004472519938285288,400,400,0,OK,384,384
DJ,finite_absorbing,0.5,22.0,14,332.45198169276017,259.09056981510344,0.006314348894106908,285,384,0,OK,384,384
DJ,finite_absorbing,0.5,22.0,15,332.60852100023686,300.4704902248675,0.00539677063841027,331,384,0,OK,384,384
DJ,finite_absorbing,0.5,22.0,16,332.5975448354431,299.0217848155684,0.005473321217354885,326,384,0,OK,384,384
DJ,finite_absorbing,0.5,22.0,17,332.60286326185263,289.82792558209104,0.005472352466423799,320,384,0,OK,384,384
DJ,finite_absorbing,0.5,22.0,18,332.607720825759,299.9572339862691,0.0053904542473594465,329,384,0,OK,384,384
DJ,finite_absorbing,0.5,22.0,19,332.6670389028188,313.697556669147,0.005117606678998678,347,384,0,OK,384,384
DJ,finite_absorbing,0.5,22.0,20,332.7647730542286,346.2745376439456,0.004628309569337323,380,417,0,OK,384,384
DJ,finite_absorbing,0.5,22.0,21,332.6719392722945,326.4635075909376,0.005098674723659918,357,384,0,OK,384,384
DJ,finite_absorbing,0.5,22.0,22,332.5628320087478,279.9649660550826,0.005618424126164769,304,384,0,OK,384,384
DJ,finite_absorbing,0.5,22.0,23,332.4867959416212,270.4579761629547,0.006121460786478047,296,384,0,OK,384,384
DJ,finite_absorbing,0.5,22.0,24,332.58456832582687,287.9581231619515,0.0055343684410040965,317,384,0,OK,384,384
DJ,finite_absorbing,0.5,22.0,25,332.59879730372825,288.45935253245233,0.0054937691498931455,314,384,0,OK,384,384
DJ,finite_absorbing,0.5,22.0,26,332.4477138409636,257.2955498709492,0.006235760023298659,280,384,0,OK,384,384
DJ,finite_absorbing,0.5,22.0,27,332.63752592633267,319.2180937612309,0.00520974367435671,352,407,0,OK,384,384
DJ,finite_absorbing,0.5,22.0,28,332.7532025817122,337.0137869109186,0.004715077263825887,371,395,0,OK,384,384
DJ,finite_absorbing,0.5,22.0,29,332.8661910040416,382.1032649510047,0.004205135881421339,417,418,0,OK,384,384
DJ,finite_absorbing,0.5,22.0,30,332.63508070641626,303.38778895198385,0.005297292097230297,335,384,0,OK,384,384
DJ,finite_absorbing,0.5,22.0,31,332.5012097417614,274.83110011787835,0.005867924511939615,299,384,0,OK,384,384
DJ,finite_absorbing,0.5,22.0,32,332.53303964080686,290.80560259001544,0.005774400306334001,320,384,0,OK,384,384
DJ,finite_absorbing,0.5,22.0,33,332.4891502142447,271.0901786574238,0.00611788394136,299,384,0,OK,384,384
DJ,finite_absorbing,0.5,22.0,34,332.49285517282954,265.47578750000713,0.005979947044154312,293,384,0,OK,384,384
DJ,finite_absorbing,0.5,22.0,35,332.6223355695972,301.6253395458301,0.0052414592070448626,331,384,0,OK,384,384
DJ,finite_absorbing,0.5,22.0,36,332.574312105457,289.96865644779626,0.005613402999983787,316,384,0,OK,384,384
DJ,finite_absorbing,0.5,22.0,37,332.42560635487524,256.2328966951789,0.006424014655054395,282,384,0,OK,384,384
DJ,finite_absorbing,0.5,22.0,38,332.73045025851167,340.07066137009406,0.004823428452320587,375,384,0,OK,384,384
DJ,finite_absorbing,0.5,22.0,39,332.7922334430162,357.22135678516537,0.004499271433404562,391,391,0,OK,384,384
DJ,finite_absorbing,0.5,24.0,0,332.9393644888709,369.37523881656614,0.004455010818272457,401,405,0,OK,384,384
DJ,finite_absorbing,0.5,24.0,1,332.57950559760485,251.15439775490952,0.00638499073078738,278,384,0,OK,384,384
DJ,finite_absorbing,0.5,24.0,2,332.8779602875441,336.329800476781,0.004725024527243328,367,384,0,OK,384,384
DJ,finite_absorbing,0.5,24.0,3,332.77541030221164,320.04383300182775,0.00527122899974588,350,384,0,OK,384,384
DJ,finite_absorbing,0.5,24.0,4,332.9027562605342,368.0613818702273,0.004590023390368782,398,407,0,OK,384,384
DJ,finite_absorbing,0.5,24.0,5,332.76607144622034,310.5157343510034,0.005230935014494434,338,384,0,OK,384,384
DJ,finite_absorbing,0.5,24.0,6,332.78268976696313,319.5073670607353,0.005230980788344341,348,384,0,OK,384,384
DJ,finite_absorbing,0.5,24.0,7,332.7875751990673,309.1716518406365,0.005197087172964024,338,384,0,OK,384,384
DJ,finite_absorbing,0.5,24.0,8,332.77534939277774,312.9072301741092,0.005247299657851521,348,384,0,OK,384,384
DJ,finite_absorbing,0.5,24.0,9,332.69507604735287,289.2083611124469,0.005685660391148341,320,384,0,OK,384,384
DJ,finite_absorbing,0.5,24.0,10,332.77163731754246,317.69797758785705,0.005271988953479596,350,384,0,OK,384,384
DJ,finite_absorbing,0.5,24.0,11,332.6561855955921,277.82786851097234,0.00596001125783667,307,384,0,OK,384,384
DJ,finite_absorbing,0.5,24.0,12,332.6198537869798,258.72568592678425,0.006182241067024926,286,384,0,OK,384,384
DJ,finite_absorbing,0.5,24.0,13,332.6035107468506,256.37501380708204,0.0061891460043911025,281,384,0,OK,384,384
DJ,finite_absorbing,0.5,24.0,14,332.7387348291108,302.7319467496061,0.005466284565745815,336,384,0,OK,384,384
DJ,finite_absorbing,0.5,24.0,15,332.85847070756154,336.1666004362001,0.00486326976848139,366,388,0,OK,384,384
DJ,finite_absorbing,0.5,24.0,16,332.87803265693543,344.28243973632215,0.004721361540119213,377,395,0,OK,384,384
DJ,finite_absorbing,0.5,24.0,17,332.7302424609988,299.01983204991126,0.0054814380730171955,327,384,0,OK,384,384
DJ,finite_absorbing,0.5,24.0,18,332.80051027919245,315.97944657368,0.005127314740307728,347,384,0,OK,384,384
DJ,finite_absorbing,0.5,24.0,19,332.7966818971056,308.280451063046,0.005108260097859702,337,384,0,OK,384,384
DJ,finite_absorbing,0.5,24.0,20,332.90065372875716,342.2647394537192,0.004665297236280607,377,384,0,OK,384,384
DJ,finite_absorbing,0.5,24.0,21,332.7468533158885,294.87985267076186,0.005364345654339724,326,384,0,OK,384,384
DJ,finite_absorbing,0.5,24.0,22,333.0518574647673,422.5338595894069,0.003917436839549994,462,465,0,OK,384,384
DJ,finite_absorbing,0.5,24.0,23,332.95113838783385,362.030128006133,0.004371583039374456,395,397,0,OK,384,384
DJ,finite_absorbing,0.5,24.0,24,332.7748407010684,308.68288769879257,0.005250688705317101,336,384,0,OK,384,384
DJ,finite_absorbing,0.5,24.0,25,332.76711308408494,297.4927672040514,0.005327973952313599,328,384,0,OK,384,384
DJ,finite_absorbing,0.5,24.0,26,332.69955183229104,293.06406171107534,0.0055148990809370585,322,384,0,OK,384,384
DJ,finite_absorbing,0.5,24.0,27,332.7335283318531,293.41590855547014,0.005482680581979381,322,384,0,OK,384,384
DJ,finite_absorbing,0.5,24.0,28,332.67791901758443,286.7240531380281,0.00577695439406599,314,384,0,OK,384,384
DJ,finite_absorbing,0.5,24.0,29,332.90485714342407,353.46053200886064,0.004642268640575176,384,384,0,OK,384,384
DJ,finite_absorbing,0.5,24.0,30,332.7959614797719,314.72104974716603,0.005140846490471048,341,384,0,OK,384,384
DJ,finite_absorbing,0.5,24.0,31,332.9214793775624,366.47798377804907,0.004551786723642446,398,405,0,OK,384,384
DJ,finite_absorbing,0.5,24.0,32,332.8453878858572,329.7900833617968,0.004925471269379132,365,384,0,OK,384,384
DJ,finite_absorbing,0.5,24.0,33,332.79571226879517,330.55456970953486,0.005110759158077172,362,384,0,OK,384,384
DJ,finite_absorbing,0.5,24.0,34,332.66966746938004,279.36704389171706,0.005883826666195231,309,384,0,OK,384,384
DJ,finite_absorbing,0.5,24.0,35,332.9733082611328,379.5474328292308,0.00432342325450283,414,421,0,OK,384,384
DJ,finite_absorbing,0.5,24.0,36,332.9597115345776,361.29312755414094,0.004334241608927219,396,396,0,OK,384,384
DJ,finite_absorbing,0.5,24.0,37,332.67015467637236,278.9990726403215,0.005876891177738468,308,384,0,OK,384,384
DJ,finite_absorbing,0.5,24.0,38,332.84216394242424,324.6327301150204,0.004935325899748845,356,384,0,OK,384,384
DJ,finite_absorbing,0.5,24.0,39,332.90522052987694,348.81915536361834,0.004630280114533359,381,384,0,OK,384,384
DJ,finite_absorbing,0.5,26.0,0,332.9745747264712,341.93089327093884,0.004665999131327886,373,384,0,OK,384,384
DJ,finite_absorbing,0.5,26.0,1,332.97297131552034,342.0636540623492,0.004808185898096139,373,388,0,OK,384,384
DJ,finite_absorbing,0.5,26.0,2,332.8941076783267,314.089926624919,0.005186324752494143,343,384,0,OK,384,384
DJ,finite_absorbing,0.5,26.0,3,332.92621829524415,316.4524873241916,0.004968923288191775,349,384,0,OK,384,384
DJ,finite_absorbing,0.5,26.0,4,333.14597121559694,403.90033932169075,0.004079763451700114,443,455,0,OK,384,384
DJ,finite_absorbing,0.5,26.0,5,333.2794510694391,451.5520798733828,0.003503596490937733,488,488,0,OK,384,384
DJ,finite_absorbing,0.5,26.0,6,332.98468426866253,340.99899862656116,0.004780810797126786,377,389,0,OK,384,384
DJ,finite_absorbing,0.5,26.0,7,332.9884989095097,337.1714237057673,0.004775422595215172,370,384,0,OK,384,384
DJ,finite_absorbing,0.5,26.0,8,333.04278411971643,360.1574783874497,0.004410595094260564,390,399,0,OK,384,384
DJ,finite_absorbing,0.5,26.0,9,332.77875015913384,279.984104399386,0.005829140865673616,309,388,0,OK,384,384
DJ,finite_absorbing,0.5,26.0,10,332.77508561966,283.990944003896,0.0058416645098571685,310,384,0,OK,384,384
DJ,finite_absorbing,0.5,26.0,11,332.98504112703876,348.56213397977444,0.00472767947134202,382,392,0,OK,384,384
DJ,finite_absorbing,0.5,26.0,12,332.89146467667246,311.8387904835839,0.0051444055501468095,341,384,0,OK,384,384
DJ,finite_absorbing,0.5,26.0,13,332.8542530736738,300.03815269913196,0.005231508002818074,325,384,0,OK,384,384
DJ,finite_absorbing,0.5,26.0,14,332.8725227680694,316.4262748256209,0.005338239774085642,348,384,0,OK,384,384
DJ,finite_absorbing,0.5,26.0,15,332.79600214291594,289.51234956939294,0.005685151981103932,316,384,0,OK,384,384
DJ,finite_absorbing,0.5,26.0,16,332.88503014341654,297.13461220408703,0.005252073062474011,329,384,0,OK,384,384
DJ,finite_absorbing,0.5,26.0,17,332.89947040963034,311.0903813250843,0.0051633744055106,340,384,0,OK,384,384
DJ,finite_absorbing,0.5,26.0,18,332.76701164576326,273.4273737652083,0.005932354874683394,302,384,0,OK,384,384
DJ,finite_absorbing,0.5,26.0,19,332.866299505376,313.6392395175033,0.005269048283004536,345,384,0,OK,384,384
DJ,finite_absorbing,0.5,26.0,20,332.7431201550374,264.99713835941657,0.006037546806841607,291,384,0,OK,384,384
DJ,finite_absorbing,0.5,26.0,21,333.0291348470242,354.31220889039236,0.004495451384624863,388,395,0,OK,384,384
DJ,finite_absorbing,0.5,26.0,22,332.844307715282,299.08521378658423,0.005411424237677653,328,384,0,OK,384,384
DJ,finite_absorbing,0.5,26.0,23,333.03251859689334,357.25281057338185,0.004529280980767259,390,390,0,OK,384,384
DJ,finite_absorbing,0.5,26.0,24,332.80879253747474,282.4446294850166,0.005531747151851176,310,384,0,OK,384,384
DJ,finite_absorbing,0.5,26.0,25,332.88392008199696,299.3887844604761,0.005268865332242608,331,384,0,OK,384,384
DJ,finite_absorbing,0.5,26.0,26,333.1174036086201,374.6487913749521,0.004186298926349826,410,424,0,OK,384,384
DJ,finite_absorbing,0.5,26.0,27,333.05348757149744,352.83237047635737,0.004457928527787669,389,392,0,OK,384,384
DJ,finite_absorbing,0.5,26.0,28,333.07977223367175,375.05014274102876,0.004300612778603831,408,408,0,OK,384,384
DJ,finite_absorbing,0.5,26.0,29,332.8700190856773,303.4204179707294,0.005270032961149245,334,384,0,OK,384,384
DJ,finite_absorbing,0.5,26.0,30,332.9691682842395,336.8503845050202,0.004840858684872552,370,385,0,OK,384,384
DJ,finite_absorbing,0.5,26.0,31,332.96951731512695,338.95346164790624,0.004825035553385363,368,384,0,OK,384,384
DJ,finite_absorbing,0.5,26.0,32,332.9059683927343,331.2675891147496,0.005176522780464095,358,384,0,OK,384,384
DJ,finite_absorbing,0.5,26.0,33,333.0323433737096,358.9546565909538,0.004565862082306058,391,430,0,OK,384,384
DJ,finite_absorbing,0.5,26.0,34,332.91407251384453,326.7013205656517,0.005129327862240968,355,384,0,OK,384,384
DJ,finite_absorbing,0.5,26.0,35,332.96353249123956,329.5693689097543,0.004876888611928246,364,384,0,OK,384,384
DJ,finite_absorbing,0.5,26.0,36,332.7168874588799,266.5034518664964,0.00588510381636537,291,384,0,OK,384,384
DJ,finite_absorbing,0.5,26.0,37,332.8971551264744,306.6470184013682,0.005160091073006667,338,384,0,OK,384,384
DJ,finite_absorbing,0.5,26.0,38,333.033748499343,355.3676885149171,0.004504537248144132,390,402,0,OK,384,384
DJ,finite_absorbing,0.5,26.0,39,333.0367040013759,363.7690651453572,0.004543390210573443,396,397,0,OK,384,384
DJ,finite_absorbing,0.5,28.0,0,333.0143111828659,311.5237522354485,0.005096363007764314,336,384,0,OK,384,384
DJ,finite_absorbing,0.5,28.0,1,333.1397382111339,344.7846995853118,0.004699515264786527,379,384,0,OK,384,384
DJ,finite_absorbing,0.5,28.0,2,332.85303631285063,256.6581426572361,0.006199683760293113,282,384,0,OK,384,384
DJ,finite_absorbing,0.5,28.0,3,332.92978042756585,283.11464174621375,0.005788144718275219,307,384,0,OK,384,384
DJ,finite_absorbing,0.5,28.0,4,333.07494396827354,328.1222933758739,0.004970013102278226,361,384,0,OK,384,384
DJ,finite_absorbing,0.5,28.0,5,333.0987571546222,341.8382029687512,0.00472430291775371,372,386,0,OK,384,384
DJ,finite_absorbing,0.5,28.0,6,333.0963024140399,334.4332417048516,0.004905130857568411,366,384,0,OK,384,384
DJ,finite_absorbing,0.5,28.0,7,332.9109680539313,286.076484402277,0.005750670646152053,314,384,0,OK,384,384
DJ,finite_absorbing,0.5,28.0,8,333.14086074047634,353.52740930715544,0.004691720448999902,389,389,0,OK,384,384
DJ,finite_absorbing,0.5,28.0,9,333.2518730242085,399.3809700476007,0.004143081626918201,434,443,0,OK,384,384
DJ,finite_absorbing,0.5,28.0,10,333.0444492759583,318.9857910597522,0.005055556176691096,348,384,0,OK,384,384
DJ,finite_absorbing,0.5,28.0,11,332.9567918909035,290.7893605701316,0.005599209174914078,318,384,0,OK,384,384
DJ,finite_absorbing,0.5,28.0,12,333.13169918563784,342.43632858898496,0.0046610057761094096,376,392,0,OK,384,384
DJ,finite_absorbing,0.5,28.0,13,333.03372415965754,313.35030815175105,0.005182416475707567,344,384,0,OK,384,384
DJ,finite_absorbing,0.5,28.0,14,333.01321998367166,302.7355152067331,0.005325439192214161,334,388,0,OK,384,384
DJ,finite_absorbing,0.5,28.0,15,333.09035354834873,325.25477319671796,0.004931189067090541,357,389,0,OK,384,384
DJ,finite_absorbing,0.5,28.0,16,333.0346569220165,310.2187816638894,0.005160566192173566,341,384,0,OK,384,384
DJ,finite_absorbing,0.5,28.0,17,332.8783024037617,269.8842961804543,0.006035876072402198,298,384,0,OK,384,384
DJ,finite_absorbing,0.5,28.0,18,333.3005593556616,402.8908775281424,0.0039953055603826676,439,449,0,OK,384,384
DJ,finite_absorbing,0.5,28.0,19,333.0162941808993,305.87789181944095,0.0052845080439371485,332,384,0,OK,384,384
DJ,finite_absorbing,0.5,28.0,20,333.10058797879697,330.57624553039096,0.004888920008185786,366,394,0,OK,384,384
DJ,finite_absorbing,0.5,28.0,21,333.13119733626826,340.6881108129766,0.004704735939615291,376,397,0,OK,384,384
DJ,finite_absorbing,0.5,28.0,22,333.2411387227747,383.46570154549016,0.004201996913199937,421,422,0,OK,384,384
DJ,finite_absorbing,0.5,28.0,23,332.9392651862684,287.3147597349474,0.005702544972368162,316,384,0,OK,384,384
DJ,finite_absorbing,0.5,28.0,24,333.0759907430814,330.3430836031081,0.004885287531465749,365,389,0,OK,384,384
DJ,finite_absorbing,0.5,28.0,25,333.15758894511595,346.6002184801148,0.004584219041040684,378,384,0,OK,384,384
DJ,finite_absorbing,0.5,28.0,26,332.8381336567451,256.8345638153873,0.006355078556362818,282,384,0,OK,384,384
DJ,finite_absorbing,0.5,28.0,27,333.06310343748413,318.79435738225,0.005033720603669887,351,384,0,OK,384,384
DJ,finite_absorbing,0.5,28.0,28,333.0620672001721,318.44525596250304,0.005054671879885325,348,384,0,OK,384,384
DJ,finite_absorbing,0.5,28.0,29,333.01489131460585,308.3428091717204,0.005299438818497425,338,384,0,OK,384,384
DJ,finite_absorbing,0.5,28.0,30,333.3287843752002,408.25294297082917,0.0038884688122872257,448,449,0,OK,384,384
DJ,finite_absorbing,0.5,28.0,31,333.0741281276895,323.7393580171904,0.004950828982503363,355,384,0,OK,384,384
DJ,finite_absorbing,0.5,28.0,32,332.974029058694,293.40384533407405,0.0055116650498655525,321,384,0,OK,384,384
DJ,finite_absorbing,0.5,28.0,33,333.1423551239552,348.0892335775594,0.00461036649308151,377,384,0,OK,384,384
DJ,finite_absorbing,0.5,28.0,34,332.9364047576637,286.9433329333013,0.005664777240835235,317,384,0,OK,384,384
DJ,finite_absorbing,0.5,28.0,35,333.08184118789535,331.25366347141915,0.004957938506089078,363,397,0,OK,384,384
DJ,finite_absorbing,0.5,28.0,36,333.1371371727115,342.1626480090679,0.004701994904251182,376,392,0,OK,384,384
DJ,finite_absorbing,0.5,28.0,37,333.11980981635696,344.81923183987624,0.004769882830006316,379,414,0,OK,384,384
DJ,finite_absorbing,0.5,28.0,38,333.2086266871739,365.3593967009577,0.004386795063561394,400,412,0,OK,384,384
DJ,finite_absorbing,0.5,28.0,39,333.08031423651505,329.0938627275521,0.004987290919281808,362,384,0,OK,384,384
DJ,unconfined,0.5,inf,0,333.61697467462284,282.2457375529468,0.017805736512881774,4096,4096,0,OK,4096,4096
DJ,unconfined,0.5,inf,1,333.5915762924767,300.31670335823077,0.02162447066572168,4096,4096,0,OK,4096,4096
DJ,unconfined,0.5,inf,2,333.69548498052706,238.2180680007561,0.023288801978525734,4096,4096,0,OK,4096,4096
DJ,unconfined,0.5,inf,3,333.6230002478861,350.29811772145723,0.016234780270581988,4096,4096,0,OK,4096,4096
DJ,unconfined,0.5,inf,4,333.6497180578158,180.29622296041865,0.05517082607933485,4096,4096,0,OK,4096,4096
DJ,unconfined,0.5,inf,5,333.5320418648792,369.0126295192039,0.01412379029880279,4096,4096,0,OK,4096,4096
DJ,unconfined,0.5,inf,6,333.5514552350394,212.6603383801553,0.036218512783536556,4096,4096,0,OK,4096,4096
DJ,unconfined,0.5,inf,7,333.5186779722468,319.70749553272145,0.015780500829551077,4096,4096,0,OK,4096,4096
DJ,unconfined,0.5,inf,8,333.6779315306352,120.29725252086016,0.07157353238627581,4096,4096,0,OK,4096,4096
DJ,unconfined,0.5,inf,9,333.66288385208765,274.39040589831876,0.024355888997700675,4096,4096,0,OK,4096,4096
DJ,unconfined,0.5,inf,10,333.530321350839,328.90915670551874,0.02141425677611984,4096,4096,0,OK,4096,4096
DJ,unconfined,0.5,inf,11,333.56917981762194,271.75401101364224,0.027805901130314014,4096,4096,0,OK,4096,4096
DJ,unconfined,0.5,inf,12,333.5763847838299,315.6202155045922,0.023133544788503796,4096,4096,0,OK,4096,4096
DJ,unconfined,0.5,inf,13,333.61445913380976,186.02561260766663,0.05083113610200701,4096,4096,0,OK,4096,4096
DJ,unconfined,0.5,inf,14,333.5776440226127,317.5257484241632,0.016546132678955067,4096,4096,0,OK,4096,4096
DJ,unconfined,0.5,inf,15,333.58991919529456,276.6678178261204,0.032596292100163196,4096,4096,0,OK,4096,4096
DJ,unconfined,0.5,inf,16,333.63737533826475,261.3371441181829,0.027985551507850433,4096,4096,0,OK,4096,4096
DJ,unconfined,0.5,inf,17,333.6792576325705,310.6147080961646,0.016994600606743557,4096,4096,0,OK,4096,4096
DJ,unconfined,0.5,inf,18,333.7024813275373,319.5091071184066,0.0273144858048356,4096,4096,0,OK,4096,4096
DJ,unconfined,0.5,inf,19,333.5815577845997,303.92569165185137,0.020664327077880167,4096,4096,0,OK,4096,4096
DJ,unconfined,0.5,inf,20,333.5929545182827,308.699060691263,0.01665011153241425,4096,4096,0,OK,4096,4096
DJ,unconfined,0.5,inf,21,333.6946837171233,276.39126973346504,0.01921137045712138,4096,4096,0,OK,4096,4096
DJ,unconfined,0.5,inf,22,333.619862836829,286.2042872034284,0.0197093641387136,4096,4096,0,OK,4096,4096
DJ,unconfined,0.5,inf,23,333.54967243431815,386.9005942370148,0.01428486533943389,4096,4096,0,OK,4096,4096
DJ,unconfined,0.5,inf,24,333.7586886466822,182.01027367686768,0.03364269368735863,4096,4096,0,OK,4096,4096
DJ,unconfined,0.5,inf,25,333.6888495975228,225.25673381504956,0.031218829739088846,4096,4096,0,OK,4096,4096
DJ,unconfined,0.5,inf,26,333.6170472208634,318.01865460810575,0.017930698765770275,4096,4096,0,OK,4096,4096
DJ,unconfined,0.5,inf,27,333.70046052985305,197.1167873237715,0.04852516071759032,4096,4096,0,OK,4096,4096
DJ,unconfined,0.5,inf,28,333.5446746205195,293.0251621914405,0.019110932455596717,4096,4096,0,OK,4096,4096
DJ,unconfined,0.5,inf,29,333.6503496038651,219.69482228596,0.027709582406934368,4096,4096,0,OK,4096,4096
DJ,unconfined,0.5,inf,30,333.61640944930514,303.14445697848095,0.025058315714509304,4096,4096,0,OK,4096,4096
DJ,unconfined,0.5,inf,31,333.59336254964495,360.16813939754167,0.0143233620577351,4096,4096,0,OK,4096,4096
DJ,unconfined,0.5,inf,32,333.5552755975365,311.0465298582039,0.016263726616433674,4096,4096,0,OK,4096,4096
DJ,unconfined,0.5,inf,33,333.5872191754797,285.36034521961443,0.028941837671361135,4096,4096,0,OK,4096,4096
DJ,unconfined,0.5,inf,34,333.60836154687604,297.4560112068946,0.022247884901598174,4096,4096,0,OK,4096,4096
DJ,unconfined,0.5,inf,35,333.6388427567898,262.6910915600938,0.0254613894461103,4096,4096,0,OK,4096,4096
DJ,unconfined,0.5,inf,36,333.6955534062917,260.38977447556755,0.032866926296175686,4096,4096,0,OK,4096,4096
DJ,unconfined,0.5,inf,37,333.5467102336247,349.63984969581645,0.015123725618222754,4096,4096,0,OK,4096,4096
DJ,unconfined,0.5,inf,38,333.51806983032964,376.439058110849,0.013322217222562546,4096,4096,0,OK,4096,4096
DJ,unconfined,0.5,inf,39,333.54317603240787,308.9546973053842,0.019433090322332987,4096,4096,0,OK,4096,4096
