boundary,w,L,block_id,logZ,ESS,max_weight_fraction,population_final,population_max,prune_deaths,clone_events,overflow
absorbing,0.3,8,0,333.21674960445216,446.7481345885079,0.0036377742324585805,494,508,1276,1386,0
absorbing,0.3,8,1,332.6609109764859,260.92929607690803,0.006324927670252371,288,384,1020,924,0
absorbing,0.3,8,2,333.00017416642646,358.1153130789048,0.004533412062150821,397,403,1085,1098,0
absorbing,0.3,8,3,332.8780288020297,323.97165587343835,0.005111151344467064,357,386,1131,1104,0
absorbing,0.3,8,4,333.2374303016922,457.18919327788547,0.003579753759778735,503,503,1164,1283,0
absorbing,0.3,8,5,333.31296699252596,495.1772094947035,0.003313455091038683,546,547,1256,1418,0
absorbing,0.3,8,6,333.15244914475244,404.59938832810013,0.0038905205064771217,444,445,1157,1217,0
absorbing,0.3,8,7,332.88169679119505,327.9495594792866,0.005052236044698174,360,395,1215,1191,0
absorbing,0.3,8,8,333.0173714113205,378.85692942416836,0.004461510345536133,419,419,1153,1188,0
absorbing,0.3,8,9,333.1689578359218,423.3909544919752,0.003824117345070962,465,480,1164,1245,0
absorbing,0.3,8,10,332.86254769792356,314.78066215534557,0.005209734556991715,349,384,1116,1081,0
absorbing,0.3,8,11,332.90644354157524,335.5538963486464,0.004938529208963688,370,384,1084,1070,0
absorbing,0.3,8,12,332.99846202315,363.5102750149484,0.004544536587397706,401,416,1051,1068,0
absorbing,0.3,8,13,333.15605507165503,425.4686847229297,0.0038885344813587297,468,471,1163,1247,0
absorbing,0.3,8,14,332.77322611912024,296.20994691094177,0.005542866747110664,325,392,1205,1146,0
absorbing,0.3,8,15,332.6566652435369,255.21650515483842,0.006396965287183215,284,384,997,897,0
absorbing,0.3,8,16,333.1447679345997,422.25268827487963,0.003930025745301832,466,482,1232,1314,0
absorbing,0.3,8,17,332.81656157976204,300.7789475648967,0.005385769437193617,332,384,964,912,0
absorbing,0.3,8,18,332.8578640751776,311.5553496776398,0.005234456377335661,345,384,1081,1042,0
absorbing,0.3,8,19,333.08585587842657,390.2225866579392,0.004170137476181101,432,439,1081,1129,0
absorbing,0.3,8,20,333.0231212151058,359.32098937993993,0.004412558121342855,393,401,1164,1173,0
absorbing,0.3,8,21,333.17318993940535,425.20221503496066,0.003749094662101261,466,466,1182,1264,0
absorbing,0.3,8,22,333.02967339763234,376.0251025856893,0.004385132893806238,414,429,1191,1221,0
absorbing,0.3,8,23,333.19378069201866,430.937759040921,0.0036804365270670697,473,485,1220,1309,0
absorbing,0.3,8,24,332.8274543092498,307.6568611714243,0.005237247857837736,339,384,1095,1050,0
absorbing,0.3,8,25,333.19160727698346,433.07788158560544,0.003750282878813883,476,478,1210,1302,0
absorbing,0.3,8,26,332.81987684933495,296.6076080999274,0.005417679065092075,329,384,1098,1043,0
absorbing,0.3,8,27,333.0778526616098,383.43451704355,0.00417487187241987,427,449,1114,1157,0
absorbing,0.3,8,28,333.1155354819966,421.7935637854123,0.004035133339941604,470,484,1297,1383,0
absorbing,0.3,8,29,332.8382468226613,306.48925761413255,0.005317274410169072,336,384,1064,1016,0
absorbing,0.3,8,30,332.7423577077614,284.2543900352377,0.005874438480170504,313,384,1127,1056,0
absorbing,0.3,8,31,333.2270368802693,452.3442023273014,0.0036077504770831246,495,495,1191,1302,0
absorbing,0.3,8,32,332.40339606635763,204.73921761988896,0.008238378242807903,229,384,1020,865,0
absorbing,0.3,8,33,333.1702150397068,422.7350664267117,0.0038134049365878106,471,481,1321,1408,0
absorbing,0.3,8,34,333.06320592342837,380.9389761025895,0.004249355708309414,418,434,1206,1240,0
absorbing,0.3,8,35,332.87604746323115,317.92825892327676,0.005142329500994021,350,384,1096,1062,0
absorbing,0.3,8,36,332.72332442887677,271.0070608306589,0.005906316741653642,298,384,1068,982,0
absorbing,0.3,8,37,333.0808622502061,394.5342117915112,0.004152833216601782,432,447,1253,1301,0
absorbing,0.3,8,38,333.3632218706524,525.0285051320418,0.0031560871298006742,576,594,1337,1529,0
absorbing,0.3,8,39,333.2180291764934,431.2945300100394,0.0036531037435276336,478,494,1298,1392,0
reflecting,0.3,8,0,337.9188024346455,325.6033153774091,0.005125391453582761,354,384,612,582,0
reflecting,0.3,8,1,337.91332531048374,312.89828228644603,0.005223676434350974,345,384,561,522,0
reflecting,0.3,8,2,338.0704182832939,368.4510290031513,0.004435589488870222,404,414,572,592,0
reflecting,0.3,8,3,337.7747309501028,280.08360532075034,0.005985757183404935,305,384,543,464,0
reflecting,0.3,8,4,337.9276750660241,324.4975843305502,0.004965536973131488,353,384,555,524,0
reflecting,0.3,8,5,337.7389202355052,263.4731359363871,0.006227374802791244,290,384,550,456,0
reflecting,0.3,8,6,337.8810805996854,300.7200088411666,0.00533258153067468,328,384,569,513,0
reflecting,0.3,8,7,337.9521687912941,331.0731021509456,0.005024145692127799,364,392,569,549,0
reflecting,0.3,8,8,337.89581524786803,304.9777634674414,0.005319628832102637,334,384,567,517,0
reflecting,0.3,8,9,337.8443724617932,289.3616466540331,0.005574052690136799,320,384,542,478,0
reflecting,0.3,8,10,337.6978738371264,246.84231037447063,0.0064476705379323505,270,384,537,423,0
reflecting,0.3,8,11,337.8450353125881,299.93692765646773,0.0054310263665091054,326,384,573,515,0
reflecting,0.3,8,12,337.67996413070426,247.20907226184664,0.006613914521114637,272,384,539,427,0
reflecting,0.3,8,13,337.7712426459517,273.00483126145144,0.006011624723843262,300,384,551,467,0
reflecting,0.3,8,14,337.97716460112923,324.33993024867675,0.0048714086350528955,354,384,556,526,0
reflecting,0.3,8,15,337.92870073196775,314.10437267251314,0.005142051015830994,343,384,569,528,0
reflecting,0.3,8,16,337.8235348537335,291.66033722318696,0.005551581955622788,317,384,515,448,0
reflecting,0.3,8,17,337.86836851747347,302.39893840820196,0.005438788794026942,332,384,541,489,0
reflecting,0.3,8,18,337.86367679127454,301.6340743808545,0.005490407363797307,329,384,568,513,0
reflecting,0.3,8,19,337.76760076795927,270.3527687143615,0.005894940258053609,295,384,564,475,0
reflecting,0.3,8,20,337.9639009439795,322.46218998154563,0.004975153580255517,354,384,575,545,0
reflecting,0.3,8,21,337.9190359822929,323.204438516302,0.00490984238682979,353,384,549,518,0
reflecting,0.3,8,22,337.77059237026515,271.15752765354296,0.006041101071553235,296,384,538,450,0
reflecting,0.3,8,23,337.97562773860903,328.8719631854969,0.004819797194914605,359,384,542,517,0
reflecting,0.3,8,24,337.9487844791489,327.00516733676506,0.005018536088048426,356,384,558,530,0
reflecting,0.3,8,25,337.9519727686313,333.6461276936439,0.004991094458691016,365,384,566,547,0
reflecting,0.3,8,26,337.68744593018044,249.56536018318113,0.0065068829686910565,276,384,554,446,0
reflecting,0.3,8,27,337.7253741796905,270.4772448275249,0.006280358632074609,296,384,553,465,0
reflecting,0.3,8,28,337.9037352423202,307.56624617850815,0.005204269850883728,338,384,580,534,0
reflecting,0.3,8,29,337.88187577027685,308.67432600471864,0.005378884703749483,337,384,548,501,0
reflecting,0.3,8,30,338.0691946273659,373.2391782507096,0.0044127813606657535,407,407,559,582,0
reflecting,0.3,8,31,337.89110616703147,303.13934515864105,0.005354858978048169,333,384,534,483,0
reflecting,0.3,8,32,338.0016099147293,345.5795461787655,0.004749303939784025,378,384,521,515,0
reflecting,0.3,8,33,337.9911584516246,341.3253519547061,0.004829800784399074,375,388,597,588,0
reflecting,0.3,8,34,337.8396045871849,292.2359521125658,0.005528696475054557,321,384,584,521,0
reflecting,0.3,8,35,337.7655998434788,271.1717635755279,0.005984180687713893,302,384,554,472,0
reflecting,0.3,8,36,337.9921444867642,342.92700706855754,0.004820600359408278,374,384,576,566,0
reflecting,0.3,8,37,338.063984893314,360.50850405885825,0.004506645751816986,391,408,579,586,0
reflecting,0.3,8,38,338.0251152689612,346.32102134624097,0.004684842942801525,378,389,584,578,0
reflecting,0.3,8,39,338.11389624389784,377.0499599772983,0.004284853872290894,414,417,548,578,0
absorbing,0.3,10,0,335.36849155251423,253.2051809439627,0.006486654995164672,282,384,836,734,0
absorbing,0.3,10,1,335.54889402593307,304.67736525416456,0.005332590228094939,336,384,983,935,0
absorbing,0.3,10,2,335.42169326646507,267.2530185421173,0.006159158634805761,298,384,923,837,0
absorbing,0.3,10,3,335.2428946579111,227.72764829823757,0.007389961279839365,252,384,912,780,0
absorbing,0.3,10,4,335.34573292481053,247.06254103381747,0.006567032385058809,270,384,857,743,0
absorbing,0.3,10,5,335.5734174855068,298.62739444843,0.00527999393489594,328,384,972,916,0
absorbing,0.3,10,6,335.58860770544334,312.7013771000432,0.005224736596161126,345,384,923,884,0
absorbing,0.3,10,7,335.5762538825054,307.3496502728632,0.005291555257899419,338,384,949,903,0
absorbing,0.3,10,8,335.4808301473697,284.47951588564564,0.005782517399647625,311,384,938,865,0
absorbing,0.3,10,9,335.33546395799704,241.0941777782155,0.0065900463314880415,265,384,909,790,0
absorbing,0.3,10,10,335.3548250379697,251.0916611375227,0.006572578902446725,278,384,939,833,0
absorbing,0.3,10,11,335.50907319200877,290.90928665392477,0.005636624793407236,322,384,913,851,0
absorbing,0.3,10,12,335.6620387538396,336.5572009906578,0.004857046485730272,370,391,934,920,0
absorbing,0.3,10,13,335.6490803315487,332.63508060021775,0.0049254736267642955,369,396,954,939,0
absorbing,0.3,10,14,335.67029461659,340.9212281010783,0.004749491180709891,379,420,960,955,0
absorbing,0.3,10,15,335.5634617920057,305.2317698505783,0.005313563765351978,340,384,979,935,0
absorbing,0.3,10,16,335.58560226394985,326.5127213006785,0.005221842789410251,361,394,970,947,0
absorbing,0.3,10,17,335.4708944098858,275.7139463182157,0.005871295385461887,302,384,855,773,0
absorbing,0.3,10,18,335.45073765498745,274.36739406242697,0.006006098379203899,303,384,909,828,0
absorbing,0.3,10,19,335.77099478721203,378.51756942796527,0.004357433092583677,416,416,922,954,0
absorbing,0.3,10,20,335.5977280294707,305.5264771725759,0.005076055559191698,335,384,900,851,0
absorbing,0.3,10,21,335.7057355550129,348.61043538455243,0.0046489841860121285,383,390,934,933,0
absorbing,0.3,10,22,335.50849202542037,291.019404376219,0.005543555562655838,317,384,845,778,0
absorbing,0.3,10,23,335.5948467317909,302.9598271208607,0.0051913842121693345,334,384,946,896,0
absorbing,0.3,10,24,335.5222696627614,288.6096987666848,0.005580097347280821,318,384,850,784,0
absorbing,0.3,10,25,335.4922041394876,285.22662828240584,0.005755513108680918,312,384,882,810,0
absorbing,0.3,10,26,335.4923692858069,282.5594565556331,0.0056076515006033105,312,384,986,914,0
absorbing,0.3,10,27,335.61619235945125,319.1820929573443,0.005048961605537617,353,384,983,952,0
absorbing,0.3,10,28,335.5340016561025,301.7476771986707,0.005509974009792174,334,384,911,861,0
absorbing,0.3,10,29,335.6138752607268,330.0506776125484,0.005086231928773054,363,384,932,911,0
absorbing,0.3,10,30,335.6057690119962,316.7098289807929,0.005111895153443426,344,384,910,870,0
absorbing,0.3,10,31,335.3856384704586,252.8074110930386,0.006336996102680524,279,384,889,784,0
absorbing,0.3,10,32,335.4777349178051,283.97524568296234,0.005721126497760256,312,384,942,870,0
absorbing,0.3,10,33,335.25138763528116,228.33834564437194,0.007296087547261078,257,384,914,787,0
absorbing,0.3,10,34,335.3939383319113,265.86449109405413,0.00619725231895956,291,384,833,740,0
absorbing,0.3,10,35,335.7321080015087,355.25994494732834,0.004506485406711886,392,425,1026,1034,0
absorbing,0.3,10,36,335.6612203122151,335.3539031202528,0.00485184890652273,369,384,957,942,0
absorbing,0.3,10,37,335.4557238550511,272.1054726022617,0.005872457649193837,303,384,946,865,0
absorbing,0.3,10,38,335.51070237111236,288.56947717595887,0.005614915667390984,320,384,930,866,0
absorbing,0.3,10,39,335.24876448029534,222.66035789576918,0.007287196475753523,245,384,862,723,0
reflecting,0.3,10,0,338.7758052702109,384.0313668542089,0.0042825761443405904,423,426,538,577,0
reflecting,0.3,10,1,338.49692013302183,300.13023704158707,0.005635299266253874,325,384,547,488,0
reflecting,0.3,10,2,338.5646698506385,298.82070917284994,0.005318731170342907,326,384,520,462,0
reflecting,0.3,10,3,338.63873494167325,324.07666864195073,0.004826526134914638,355,384,509,480,0
reflecting,0.3,10,4,338.5891734371985,313.3925278815435,0.0050672570267186485,340,384,516,472,0
reflecting,0.3,10,5,338.66335884751095,341.1593422112681,0.004789244035411345,371,384,514,501,0
reflecting,0.3,10,6,338.6417690803438,335.2366849270177,0.004942967848985267,368,384,516,500,0
reflecting,0.3,10,7,338.41724966407503,264.51080421459915,0.006178960286840985,290,384,508,414,0
reflecting,0.3,10,8,338.572961855455,311.7092620355968,0.005269130633526073,342,384,543,501,0
reflecting,0.3,10,9,338.6578932666597,333.5642574094864,0.004794366545091987,363,384,517,496,0
reflecting,0.3,10,10,338.74244987695715,363.11161147262334,0.004438591618668787,398,404,529,543,0
reflecting,0.3,10,11,338.39180290012354,266.8038696111114,0.005938132801361761,293,384,512,421,0
reflecting,0.3,10,12,338.4781672059354,286.10125935339846,0.005804391466170292,315,384,523,454,0
reflecting,0.3,10,13,338.5690381563939,316.2349386688759,0.005281686971537206,347,384,498,461,0
reflecting,0.3,10,14,338.5707779515249,312.42554431562354,0.005228357795526297,341,384,507,464,0
reflecting,0.3,10,15,338.6761220958853,352.54516042168115,0.004775720863969682,388,410,523,527,0
reflecting,0.3,10,16,338.6326579616803,331.8666864312418,0.00499503456643551,362,384,518,496,0
reflecting,0.3,10,17,338.612252694516,325.24059579820175,0.005050491893256043,358,419,565,539,0
reflecting,0.3,10,18,338.57283953415543,307.0515629592997,0.005263595482925736,336,384,519,471,0
reflecting,0.3,10,19,338.6023760141562,328.9165272037959,0.005148520641068514,362,384,534,512,0
reflecting,0.3,10,20,338.48447456236045,282.4866376897755,0.0056852769990295236,310,384,499,425,0
reflecting,0.3,10,21,338.6519301045592,344.73434881950357,0.004878732164309064,377,384,502,495,0
reflecting,0.3,10,22,338.4924756134465,287.6964084404028,0.005732882760437587,318,384,519,453,0
reflecting,0.3,10,23,338.68775999818143,350.4138644986993,0.004687266405300308,384,385,521,521,0
reflecting,0.3,10,24,338.63846621288656,323.97050886221507,0.004847298117843044,358,393,540,514,0
reflecting,0.3,10,25,338.5993382777471,323.27431474057073,0.005170196982940759,352,390,527,495,0
reflecting,0.3,10,26,338.66320712122024,334.9424005162157,0.0048181617305214945,367,384,532,515,0
reflecting,0.3,10,27,338.5163327125689,290.843599500327,0.005609759294716419,320,384,506,442,0
reflecting,0.3,10,28,338.7117599347939,358.3684747389972,0.004600151168367422,392,392,508,516,0
reflecting,0.3,10,29,338.5853795706378,320.11368279272074,0.005232877528440138,348,384,535,499,0
reflecting,0.3,10,30,338.519230239332,291.2685992539449,0.005603759031081651,320,384,504,440,0
reflecting,0.3,10,31,338.69440020308895,352.6306622093975,0.004697277449033104,385,385,511,512,0
reflecting,0.3,10,32,338.4273038791077,265.58270054889664,0.0060568600850049335,293,384,528,437,0
reflecting,0.3,10,33,338.61793476492704,330.2421180973509,0.005045093854478762,362,384,508,486,0
reflecting,0.3,10,34,338.67568975033936,347.19672824537133,0.004731169315774105,382,384,493,491,0
reflecting,0.3,10,35,338.5402323012683,308.52638252238347,0.005477867096026964,338,384,532,486,0
reflecting,0.3,10,36,338.5981328737317,312.8543526717444,0.005142333424018838,346,384,501,463,0
reflecting,0.3,10,37,338.6844381187636,343.19961389893183,0.004606993647520708,377,388,497,490,0
reflecting,0.3,10,38,338.64440818481,338.6886295550555,0.004930098756665666,370,384,538,524,0
reflecting,0.3,10,39,338.6323460758593,335.1145413860883,0.004992615754026744,370,384,512,498,0
absorbing,0.3,12,0,336.98435605462464,317.2150834436091,0.00486485826399232,348,421,895,859,0
absorbing,0.3,12,1,336.72686458393986,248.54540994778867,0.006478763118262366,270,384,731,617,0
absorbing,0.3,12,2,336.9322296865944,303.32601465583565,0.005304762841173889,332,384,794,742,0
absorbing,0.3,12,3,336.94105972365173,304.54863968116126,0.005266104398306568,334,384,805,755,0
absorbing,0.3,12,4,337.1655383966473,379.6345500015688,0.004180129506432323,414,420,814,844,0
absorbing,0.3,12,5,336.8575909263848,286.77555245632703,0.005659712837616395,316,384,767,699,0
absorbing,0.3,12,6,336.94773512756706,304.63643962634916,0.005225424033535454,335,384,780,731,0
absorbing,0.3,12,7,336.9016562538926,290.63461693913933,0.005456800810158222,316,384,755,687,0
absorbing,0.3,12,8,337.07166153930746,344.0427012897452,0.004568827033018672,372,384,809,797,0
absorbing,0.3,12,9,337.02432446920625,319.0642483427625,0.004808609829878838,347,384,777,740,0
absorbing,0.3,12,10,336.9497499662409,308.39196326090774,0.005212565668871999,335,384,849,800,0
absorbing,0.3,12,11,337.340796884456,452.0198407763299,0.003473384311516653,495,495,892,1003,0
absorbing,0.3,12,12,336.900218328486,291.13940264562564,0.005364956701935625,321,384,779,716,0
absorbing,0.3,12,13,337.1538386066798,382.24012726047926,0.004246746994157022,416,416,863,895,0
absorbing,0.3,12,14,337.02595875412356,336.9686950164904,0.0048274739453906534,372,384,796,784,0
absorbing,0.3,12,15,337.05223604758874,358.0586699652228,0.004704417136168565,392,401,822,830,0
absorbing,0.3,12,16,337.0370406350853,341.47415516303505,0.004749644298295599,376,386,827,819,0
absorbing,0.3,12,17,336.94644944635684,306.58097804637447,0.005223199692058111,336,384,805,757,0
absorbing,0.3,12,18,336.8825044483418,285.976261475476,0.005532980838560037,314,384,800,730,0
absorbing,0.3,12,19,337.03278354045835,340.38885721214234,0.00480239475311233,370,384,826,812,0
absorbing,0.3,12,20,336.7841945578847,260.7578819428141,0.0061299656092309186,288,384,820,724,0
absorbing,0.3,12,21,336.77380041156215,257.75391964660406,0.00615993442238951,281,384,775,672,0
absorbing,0.3,12,22,336.95219273529466,312.68154310884665,0.0049591462055632194,342,384,736,694,0
absorbing,0.3,12,23,337.17295336821843,380.28093900115203,0.004164922590142512,414,414,832,862,0
absorbing,0.3,12,24,337.1009784477062,358.2913578401232,0.004437058939227815,391,401,870,877,0
absorbing,0.3,12,25,336.9081258440456,289.79489835383896,0.005379551168731065,316,384,810,742,0
absorbing,0.3,12,26,336.88830536369,291.51563323783944,0.0055108023772538015,319,384,817,752,0
absorbing,0.3,12,27,336.9648943833834,310.32243724816925,0.005122119816098085,339,384,765,720,0
absorbing,0.3,12,28,337.12148970843623,362.775794741647,0.004374421157267216,399,420,854,869,0
absorbing,0.3,12,29,337.0328245484598,337.52733987082905,0.004791809947294361,369,412,834,819,0
absorbing,0.3,12,30,336.9335741277988,297.8132981216506,0.005291016023946187,328,384,839,783,0
absorbing,0.3,12,31,336.7763748169108,262.3183275084708,0.006176620611979798,285,384,780,681,0
absorbing,0.3,12,32,336.778856036675,257.4732828008625,0.006152101181455978,285,384,803,704,0
absorbing,0.3,12,33,336.8661938744969,290.2747245697189,0.005650824911792118,318,384,784,718,0
absorbing,0.3,12,34,336.89363402915717,284.39764167305117,0.005217676427263011,314,384,736,666,0
absorbing,0.3,12,35,336.99776498305204,321.854451810633,0.0049792771168995584,350,384,775,741,0
absorbing,0.3,12,36,336.83965330374843,280.39264625590266,0.005765545106446706,304,384,808,728,0
absorbing,0.3,12,37,336.97567014776195,316.82117397025127,0.005075323822396277,348,384,793,757,0
absorbing,0.3,12,38,336.9855162324559,316.34523861552395,0.005003537207300506,343,384,810,769,0
absorbing,0.3,12,39,337.1103021069636,363.26849101040534,0.004442489314286999,396,417,826,838,0
reflecting,0.3,12,0,338.9665226871311,299.31165399292604,0.0054589399256531005,331,384,503,450,0
reflecting,0.3,12,1,338.9145618299411,285.784215555292,0.005654664007129081,312,384,452,380,0
reflecting,0.3,12,2,338.8704374468157,274.12033843926724,0.005809032401354905,295,384,486,397,0
reflecting,0.3,12,3,338.971812212582,301.08882709006946,0.005354647820175745,331,384,512,459,0
reflecting,0.3,12,4,338.8496771083966,263.0156329464375,0.006061104893589922,290,384,489,395,0
reflecting,0.3,12,5,339.03563899751765,319.1947735724999,0.005015671072729009,351,384,502,469,0
reflecting,0.3,12,6,338.9723842196174,309.0237126297465,0.005215684965370847,340,384,468,424,0
reflecting,0.3,12,7,338.92243832608455,286.18469872493984,0.005594494602236169,312,384,464,392,0
reflecting,0.3,12,8,338.7911272676096,249.9284405760291,0.006496464409604849,277,384,453,346,0
reflecting,0.3,12,9,338.9442085917292,292.6154181665542,0.005595062029733187,325,384,529,470,0
reflecting,0.3,12,10,339.09530791353325,353.70826200843226,0.0048068724813713284,387,415,508,511,0
reflecting,0.3,12,11,338.9602124562809,302.25980350332424,0.0054929150753375774,330,384,484,430,0
reflecting,0.3,12,12,338.86958172450824,281.76958839125496,0.005963116028466909,310,384,458,384,0
reflecting,0.3,12,13,338.70392012676297,236.4894682654678,0.006888904508125966,260,384,477,353,0
reflecting,0.3,12,14,338.85152218803955,270.00057455735634,0.0060574026977874874,296,384,513,425,0
reflecting,0.3,12,15,338.89240025264485,288.1212933632187,0.00587652363886769,315,384,483,414,0
reflecting,0.3,12,16,339.0215726550215,321.80054823235025,0.005077217506299883,352,384,451,419,0
reflecting,0.3,12,17,338.93627548257945,281.84456142128454,0.005414713217153868,309,384,502,427,0
reflecting,0.3,12,18,338.92987307916167,295.15248399604366,0.005616489717133305,321,384,478,415,0
reflecting,0.3,12,19,338.74135788578405,248.60180795890835,0.006701676664488865,271,384,491,378,0
reflecting,0.3,12,20,338.9875946513213,306.4994272360937,0.005353369419250377,339,384,487,442,0
reflecting,0.3,12,21,339.114547041271,351.7207417556894,0.004687642529274273,388,395,505,509,0
reflecting,0.3,12,22,338.9789913552947,300.3195178785891,0.005295576115464939,329,384,527,472,0
reflecting,0.3,12,23,339.0948533518175,345.4456937807766,0.004781995620658842,378,393,521,515,0
reflecting,0.3,12,24,338.9568876033771,295.03194702750875,0.005447864433999552,324,390,497,437,0
reflecting,0.3,12,25,339.1632232669252,364.8314005255615,0.004416220373494743,399,401,508,523,0
reflecting,0.3,12,26,339.0297716875443,331.2242391658125,0.00505520872393092,364,384,490,470,0
reflecting,0.3,12,27,339.13344511018374,357.54377580178357,0.004522294197874043,396,417,499,511,0
reflecting,0.3,12,28,338.9271832700452,292.1754343689064,0.005681922077784028,319,384,475,410,0
reflecting,0.3,12,29,338.9437656575064,298.18371771142097,0.00554479430655184,329,384,508,453,0
reflecting,0.3,12,30,338.9029674878933,275.46088300086313,0.005769705796079736,306,384,499,421,0
reflecting,0.3,12,31,338.9258692774515,287.00029703233474,0.005655737745311708,318,384,508,442,0
reflecting,0.3,12,32,339.1739019366774,375.9362459931279,0.004387403549977126,414,419,496,526,0
reflecting,0.3,12,33,338.91257655393093,288.8003106588089,0.005575742330261633,313,384,479,408,0
reflecting,0.3,12,34,339.0147694257456,319.6107084658566,0.0052015303826854885,352,384,483,451,0
reflecting,0.3,12,35,338.83152320664533,264.88848249126306,0.006235119375242911,291,384,515,422,0
reflecting,0.3,12,36,339.0662326002768,326.59378425688976,0.00494918647779059,357,384,493,466,0
reflecting,0.3,12,37,339.04846531574896,327.6841619035195,0.005020096633643912,361,384,500,477,0
reflecting,0.3,12,38,339.0996597267888,342.5494664849117,0.004787933674059934,373,384,512,501,0
reflecting,0.3,12,39,338.8827500621995,275.2397696597872,0.005948471574890011,305,384,498,419,0
absorbing,0.3,14,0,337.7643833257468,278.06325501644176,0.005834627353131965,308,384,671,595,0
absorbing,0.3,14,1,337.95324841259344,329.900990256223,0.0047832487446420584,365,384,692,673,0
absorbing,0.3,14,2,337.8623930434994,298.4103216781522,0.005312231259879443,331,384,738,685,0
absorbing,0.3,14,3,337.80372556645796,284.16766297608285,0.005635542762303824,313,384,673,602,0
absorbing,0.3,14,4,337.79497820065086,291.1601454014039,0.005654868619288476,318,384,696,630,0
absorbing,0.3,14,5,337.77404788655696,281.1540515880528,0.0057305350919078304,307,384,676,599,0
absorbing,0.3,14,6,338.05693652421604,369.2480658609494,0.004254521730167496,402,415,721,739,0
absorbing,0.3,14,7,337.94945446481296,339.8014296730973,0.004863423562963753,370,384,703,689,0
absorbing,0.3,14,8,337.9306165935953,321.4364545396827,0.004867847654402083,355,384,692,663,0
absorbing,0.3,14,9,337.65618149063437,252.34312436144845,0.00651315089574091,276,384,673,565,0
absorbing,0.3,14,10,337.92262594250326,323.25397002992025,0.004993248470314994,351,384,697,664,0
absorbing,0.3,14,11,337.6912937975912,257.34427944720795,0.006195316692347986,284,384,655,555,0
absorbing,0.3,14,12,337.9654863650174,337.7847945150993,0.0047839262772630875,370,394,749,735,0
absorbing,0.3,14,13,337.8298577974983,293.9868793848786,0.005485260225541432,323,384,672,611,0
absorbing,0.3,14,14,337.82434652469726,291.44716303735925,0.005435651640928036,319,384,660,595,0
absorbing,0.3,14,15,337.89889195062796,314.90772553069587,0.005076315672005929,346,384,682,644,0
absorbing,0.3,14,16,337.8507632708409,301.5327165139444,0.005323808130457304,329,384,696,641,0
absorbing,0.3,14,17,337.9850289122897,342.65762947606913,0.004700978509564187,373,399,728,717,0
absorbing,0.3,14,18,337.7613676625027,287.03308918339064,0.005878357434260243,314,384,633,563,0
absorbing,0.3,14,19,337.9202265026478,334.7488935936127,0.004904394663693213,367,385,730,713,0
absorbing,0.3,14,20,337.85162678294114,298.9163754011309,0.005356877157455078,329,384,669,614,0
absorbing,0.3,14,21,337.65445340729883,253.9917061061046,0.006476287074679555,282,384,636,534,0
absorbing,0.3,14,22,337.6530550299773,254.45590219987827,0.006310939629620525,280,384,633,529,0
absorbing,0.3,14,23,337.7206114201243,268.3825180542133,0.006061332562048448,296,384,701,613,0
absorbing,0.3,14,24,337.99451642604464,352.7892308063755,0.004572684393078847,387,393,704,707,0
absorbing,0.3,14,25,337.8274090388962,290.41507317731896,0.005424909230453771,318,384,681,615,0
absorbing,0.3,14,26,337.7749048245386,278.87440171873277,0.005754824541969427,305,384,676,597,0
absorbing,0.3,14,27,337.8888283924841,317.8159301212785,0.005171938577250128,349,384,687,652,0
absorbing,0.3,14,28,337.95467719089186,335.07232736289814,0.004820273799108724,367,388,765,748,0
absorbing,0.3,14,29,337.79747832194084,283.8526671607408,0.005604913362167799,310,384,711,637,0
absorbing,0.3,14,30,337.65048311700144,237.73738725116561,0.006492753965772729,264,384,663,543,0
absorbing,0.3,14,31,337.7864755924135,288.21605610353265,0.005614161382467462,315,384,668,599,0
absorbing,0.3,14,32,337.78306543070363,283.9944044714464,0.005727498228208299,306,384,717,639,0
absorbing,0.3,14,33,337.71471967849817,269.20615463911327,0.005910573452813138,294,384,658,568,0
absorbing,0.3,14,34,338.0111407169072,353.1384095057936,0.004573602015646577,384,384,689,689,0
absorbing,0.3,14,35,337.7713787146798,279.36714769565344,0.005811065235101295,306,384,670,592,0
absorbing,0.3,14,36,337.82784617765,288.21854726921526,0.005476893170752218,314,384,695,625,0
absorbing,0.3,14,37,337.96879721262565,336.39135715504545,0.004778905962995091,365,389,713,694,0
absorbing,0.3,14,38,337.91303078889206,329.5949250272708,0.005032033554116857,361,384,722,699,0
absorbing,0.3,14,39,337.95141610393506,335.1678116186618,0.004835991382444134,365,385,752,733,0
reflecting,0.3,14,0,339.4127611770708,363.52732917449106,0.004476054542098473,401,410,492,509,0
reflecting,0.3,14,1,339.09179331317256,262.3805671003402,0.006177451424212003,287,384,460,363,0
reflecting,0.3,14,2,339.17301578083885,286.2559042720905,0.00574086455917197,317,384,475,408,0
reflecting,0.3,14,3,339.2593739571796,316.4243459414091,0.005221123253239065,345,384,484,445,0
reflecting,0.3,14,4,339.25095730276286,309.96650344371193,0.005307545631937973,341,384,465,422,0
reflecting,0.3,14,5,339.27180307139196,319.3550508477014,0.005207583774095168,352,384,498,466,0
reflecting,0.3,14,6,339.2536216781779,307.8465772787908,0.0052386138800778045,335,384,487,438,0
reflecting,0.3,14,7,339.24815294468607,309.6750003115165,0.0052543392001938635,340,384,460,416,0
reflecting,0.3,14,8,339.43460773277457,366.8130291644815,0.004409690134833322,401,405,490,507,0
reflecting,0.3,14,9,339.37851717777943,345.79806530455016,0.004633678471698513,377,390,470,463,0
reflecting,0.3,14,10,339.30072534125037,322.49348701692475,0.005017251293547463,352,384,486,454,0
reflecting,0.3,14,11,339.33095886839146,339.73813495867375,0.004888707296480344,372,384,466,454,0
reflecting,0.3,14,12,339.24347523454134,302.5391315882475,0.005344248811127155,332,384,459,407,0
reflecting,0.3,14,13,339.3498877757335,344.93155597166725,0.0047578445745525295,376,388,473,465,0
reflecting,0.3,14,14,339.305213944207,328.9292494599397,0.005032189521043494,358,384,472,446,0
reflecting,0.3,14,15,339.2701004943372,318.93732923131756,0.005187361598806342,351,384,471,438,0
reflecting,0.3,14,16,339.23794525038863,296.05991724717677,0.005380204117237893,328,384,478,422,0
reflecting,0.3,14,17,339.2555700759031,310.46483495502537,0.005262107258927187,342,384,468,426,0
reflecting,0.3,14,18,339.19500134985407,303.4406589021268,0.005526542570334979,334,384,469,419,0
reflecting,0.3,14,19,339.35428725689667,346.8429733335284,0.004789486992865411,377,386,497,490,0
reflecting,0.3,14,20,339.186024261495,293.80951749852466,0.005642302197857973,320,384,480,416,0
reflecting,0.3,14,21,339.26489280846386,326.149370962611,0.005167349761429871,353,384,480,449,0
reflecting,0.3,14,22,339.15734286125945,279.19574061091936,0.0057975114024055845,305,384,444,365,0
reflecting,0.3,14,23,339.2519047948401,311.8751714047487,0.005296933176092716,341,384,433,390,0
reflecting,0.3,14,24,339.3062329088204,328.92856538221076,0.004977418347766659,362,384,473,451,0
reflecting,0.3,14,25,339.31434940816104,342.5604524216144,0.0049306824713772545,373,384,482,471,0
reflecting,0.3,14,26,339.31778168158144,323.1539298730228,0.004896965449283622,354,384,471,441,0
reflecting,0.3,14,27,339.49323729921207,393.182660939852,0.004153267600306127,432,439,502,550,0
reflecting,0.3,14,28,339.29943478954135,342.7326970004632,0.005033575937094749,372,384,480,468,0
reflecting,0.3,14,29,339.28104611131045,317.4841000960112,0.0050706529726065866,345,384,505,466,0
reflecting,0.3,14,30,339.2214460944113,304.6305725087373,0.005349856454858189,331,384,451,398,0
reflecting,0.3,14,31,339.20758174653207,294.62724805138504,0.005414748819541593,322,384,452,390,0
reflecting,0.3,14,32,339.31056070198076,329.36855119322365,0.004968856346824044,361,384,487,464,0
reflecting,0.3,14,33,339.1326445498935,268.20323911043903,0.0058893535103057264,293,384,466,375,0
reflecting,0.3,14,34,339.2715112437056,314.1174504306015,0.005062435881807791,342,384,467,425,0
reflecting,0.3,14,35,339.2207024901954,294.0161407950272,0.0054805239368666174,322,384,494,432,0
reflecting,0.3,14,36,339.2836429892223,327.3937367963279,0.0051339173095794775,358,384,464,438,0
reflecting,0.3,14,37,339.308097666029,326.60079536769416,0.004980537172192995,357,384,445,418,0
reflecting,0.3,14,38,339.42921518204406,371.45084454596537,0.004443810095227768,404,413,468,488,0
reflecting,0.3,14,39,339.31498142634007,343.79561785470594,0.0049647257850869335,375,384,484,475,0
absorbing,0.3,16,0,338.2732464778861,259.9253699686153,0.006181825978499641,288,384,608,512,0
absorbing,0.3,16,1,338.2794094859876,264.59629859612676,0.006009672987743281,291,384,623,530,0
absorbing,0.3,16,2,338.43405663722126,305.8279098176967,0.005265260473238726,336,384,625,577,0
absorbing,0.3,16,3,338.3303043305138,282.76431989632044,0.005816664591038663,312,384,619,547,0
absorbing,0.3,16,4,338.43056873337883,306.85105732190044,0.005295730915935192,339,384,626,581,0
absorbing,0.3,16,5,338.5075681958599,332.9555333465598,0.004858867562241325,363,384,618,597,0
absorbing,0.3,16,6,338.61049707794643,359.10509446227127,0.00436661714436285,393,396,648,657,0
absorbing,0.3,16,7,338.3365520558865,285.94010676376706,0.005709897745252749,311,384,660,587,0
absorbing,0.3,16,8,338.48716956590334,324.01674352898414,0.004989431572204322,353,384,574,543,0
absorbing,0.3,16,9,338.35463343386823,285.1608791443739,0.005456149795480276,310,384,612,538,0
absorbing,0.3,16,10,338.37410358255295,293.1782198371277,0.005513136426494621,320,384,645,581,0
absorbing,0.3,16,11,338.3781289689322,286.257978037409,0.005498621444002275,311,384,629,556,0
absorbing,0.3,16,12,338.4602227999079,316.39297734950975,0.0050488798368789785,345,384,635,596,0
absorbing,0.3,16,13,338.3761536944189,295.79871600032845,0.005499757967241777,324,384,633,573,0
absorbing,0.3,16,14,338.49177166242504,321.215155869393,0.004971357234206522,352,384,664,632,0
absorbing,0.3,16,15,338.4301187401243,311.0033450423792,0.005201618269885119,341,384,658,615,0
absorbing,0.3,16,16,338.5013608798646,335.1095965024722,0.004910305201433942,368,384,631,615,0
absorbing,0.3,16,17,338.56094877598355,347.24703649543807,0.00462651454293688,381,389,664,661,0
absorbing,0.3,16,18,338.25551380145015,253.41799874334362,0.006288822748203977,276,384,569,461,0
absorbing,0.3,16,19,338.3208712507976,278.508118654123,0.005806702165904814,307,384,586,509,0
absorbing,0.3,16,20,338.59619853339734,356.74563447413044,0.004444684902892895,391,395,649,656,0
absorbing,0.3,16,21,338.53339851669153,338.60690882513035,0.004697838667560176,372,398,649,637,0
absorbing,0.3,16,22,338.5673644004842,344.7157217252359,0.004580598426563374,375,390,672,663,0
absorbing,0.3,16,23,338.48222197243945,319.768833325768,0.005019769604964918,349,384,638,603,0
absorbing,0.3,16,24,338.45687135875545,320.6929523788226,0.005046566894147625,350,385,649,615,0
absorbing,0.3,16,25,338.26836656622976,255.50729344203762,0.006070038769836858,280,384,642,538,0
absorbing,0.3,16,26,338.4146745088686,304.05156309767096,0.005359020632496602,330,384,610,556,0
absorbing,0.3,16,27,338.4325228143255,298.8260878472292,0.00527222008011426,328,384,611,555,0
absorbing,0.3,16,28,338.47226773735787,327.6602660335815,0.005054988434594866,361,385,635,612,0
absorbing,0.3,16,29,338.6001816442581,358.0643841621337,0.004468382132291174,393,399,636,645,0
absorbing,0.3,16,30,338.3923337264795,305.3879372178175,0.005494467918836058,333,384,626,575,0
absorbing,0.3,16,31,338.3661803655214,280.68382584227066,0.005597246532630975,310,384,614,540,0
absorbing,0.3,16,32,338.3760339396242,290.10564267757536,0.005462634664896902,318,384,620,554,0
absorbing,0.3,16,33,338.19698696306943,241.944777766782,0.006671673014491249,266,384,597,479,0
absorbing,0.3,16,34,338.4360707593375,305.8218595054636,0.005224213509246054,337,384,614,567,0
absorbing,0.3,16,35,338.5411458881076,336.41895947835155,0.004731454513953913,372,405,666,654,0
absorbing,0.3,16,36,338.56080391378833,344.7500672303443,0.004649590440552287,379,392,632,627,0
absorbing,0.3,16,37,338.41520251825335,294.9545865723751,0.005305207629016686,323,384,643,582,0
absorbing,0.3,16,38,338.4022858657845,298.87486296202235,0.005412163665584806,327,384,606,549,0
absorbing,0.3,16,39,338.2919558123146,260.82595898699435,0.006040844172428587,288,384,646,550,0
reflecting,0.3,16,0,339.45492866436047,333.58838744772424,0.005008820164316324,367,384,459,442,0
reflecting,0.3,16,1,339.42163148775967,318.2155166172683,0.005200515452921244,347,384,447,410,0
reflecting,0.3,16,2,339.54120392517126,353.14531731731694,0.004639037265920323,388,393,459,463,0
reflecting,0.3,16,3,339.46378397366425,334.213180844913,0.0050208708940149335,366,384,448,430,0
reflecting,0.3,16,4,339.1738866236168,245.93857172460523,0.006755441363004079,270,384,446,332,0
reflecting,0.3,16,5,339.54255551332193,353.08712673048313,0.00464041886495098,387,398,449,452,0
reflecting,0.3,16,6,339.38829871598216,297.94080105766403,0.005397531589576163,328,384,478,422,0
reflecting,0.3,16,7,339.37231245707113,298.14123625224755,0.00545248698895104,326,384,461,403,0
reflecting,0.3,16,8,339.37805139084804,297.1851385796668,0.005455241598634084,325,384,467,408,0
reflecting,0.3,16,9,339.5093600435515,333.5187601399354,0.004779493923187448,367,384,470,453,0
reflecting,0.3,16,10,339.4611964048484,321.9640797872026,0.005062162984930225,351,384,448,415,0
reflecting,0.3,16,11,339.3671422847778,286.27650363793947,0.005476339500315081,315,384,461,392,0
reflecting,0.3,16,12,339.37786794972465,306.1617783378384,0.005461666808469839,335,386,487,438,0
reflecting,0.3,16,13,339.4238436915546,315.1072367183359,0.0051713592447237885,347,384,499,462,0
reflecting,0.3,16,14,339.4507959810993,328.1839891897742,0.005076597163877753,358,384,464,438,0
reflecting,0.3,16,15,339.5430590272148,348.7751624617077,0.004533242521314942,379,384,448,443,0
reflecting,0.3,16,16,339.45058167022194,325.92618246956187,0.005116931688593185,355,384,478,449,0
reflecting,0.3,16,17,339.33736675886473,282.86088548219385,0.005701364774706986,308,384,471,395,0
reflecting,0.3,16,18,339.5257926319281,334.3063961408885,0.004729197024590674,367,392,480,463,0
reflecting,0.3,16,19,339.3391418985468,293.10134042789224,0.005649863281534297,323,384,474,413,0
reflecting,0.3,16,20,339.38546124093284,301.13422552616584,0.005431791379135445,331,384,462,409,0
reflecting,0.3,16,21,339.42178432984736,311.63635632885666,0.00520751865473313,342,384,475,433,0
reflecting,0.3,16,22,339.35162692099186,299.85706631725805,0.0055694370195335345,328,384,454,398,0
reflecting,0.3,16,23,339.5095586391428,345.02976720181914,0.004792191462210258,377,395,473,466,0
reflecting,0.3,16,24,339.3532357706219,298.9036520040702,0.0055570128707473875,333,384,441,390,0
reflecting,0.3,16,25,339.4802669264258,329.206006209318,0.0049609203153215395,365,391,465,446,0
reflecting,0.3,16,26,339.33510122744815,292.43336897667007,0.00574747506749993,322,384,465,403,0
reflecting,0.3,16,27,339.24175335256507,261.88765416563473,0.00630992231768606,289,384,455,360,0
reflecting,0.3,16,28,339.460084630817,323.49181393274637,0.0050383271066758335,357,384,483,456,0
reflecting,0.3,16,29,339.53431035681416,348.56444392727883,0.004661306673497236,380,386,449,445,0
reflecting,0.3,16,30,339.431495108296,316.9660044951004,0.005183117476334153,349,384,471,436,0
reflecting,0.3,16,31,339.4677630997946,318.8536010578363,0.004977385613530422,349,384,479,444,0
reflecting,0.3,16,32,339.5042681340363,337.4373502192291,0.00481584510474857,367,384,467,450,0
reflecting,0.3,16,33,339.4608468943263,319.0938703081615,0.005072435530444342,348,384,482,446,0
reflecting,0.3,16,34,339.38928606711414,308.5763773115426,0.005325807775815865,341,384,459,416,0
reflecting,0.3,16,35,339.4863542071976,335.05406149324864,0.00485898794987462,363,384,475,454,0
reflecting,0.3,16,36,339.50230796068143,331.4237327995205,0.004848247327598954,361,384,462,439,0
reflecting,0.3,16,37,339.3959273764823,305.7571842060905,0.005385283545805267,336,384,450,402,0
reflecting,0.3,16,38,339.4080899604507,304.5855319658188,0.005341230942754901,336,384,465,417,0
reflecting,0.3,16,39,339.3777209314015,292.94784965410497,0.005427586961363621,320,384,467,403,0
absorbing,0.3,18,0,339.0439692592501,387.8879288831957,0.004088101213210448,428,445,580,624,0
absorbing,0.3,18,1,339.0705858064251,395.15101915968364,0.003962106691628841,431,433,581,628,0
absorbing,0.3,18,2,338.89374633544656,335.0087491712225,0.004784640884803684,367,384,588,571,0
absorbing,0.3,18,3,338.78419798324245,306.47487642943526,0.0051563158096666626,335,384,637,588,0
absorbing,0.3,18,4,338.9760864852686,366.13005131773474,0.004345535145589432,400,414,634,650,0
absorbing,0.3,18,5,338.8185102460845,311.6160044842795,0.005115574354502709,341,384,611,568,0
absorbing,0.3,18,6,338.78535922450317,301.122465047502,0.005334188013281073,329,384,569,514,0
absorbing,0.3,18,7,338.93078686874526,354.58829408361606,0.004605840949403749,390,395,576,582,0
absorbing,0.3,18,8,338.88214439267125,344.960957850544,0.004726809645751505,375,398,623,614,0
absorbing,0.3,18,9,338.5713233112852,256.56505090671146,0.006606025448456157,280,384,538,434,0
absorbing,0.3,18,10,338.7405260965463,297.5576940297755,0.005515817710311874,327,384,637,580,0
absorbing,0.3,18,11,338.8909450446378,332.1588954997732,0.0046898964164636394,366,384,570,552,0
absorbing,0.3,18,12,338.7914289562508,305.6290356432492,0.005275874996778109,338,384,581,535,0
absorbing,0.3,18,13,338.72361102133004,288.14159191403195,0.005638127593683001,314,384,602,532,0
absorbing,0.3,18,14,338.8795698309049,334.654688995049,0.004835373975426889,362,384,575,553,0
absorbing,0.3,18,15,338.77218613971866,316.70485375866235,0.005326999375195618,343,384,577,536,0
absorbing,0.3,18,16,338.8656302182912,337.42068797042157,0.004882790324392774,366,384,602,584,0
absorbing,0.3,18,17,338.813131891247,310.26631280097826,0.005156676870595987,337,384,566,519,0
absorbing,0.3,18,18,338.8204477328412,315.06407612319254,0.005131136978993398,342,384,596,554,0
absorbing,0.3,18,19,338.7179016529332,291.2671023550824,0.005663163789677585,314,384,594,524,0
absorbing,0.3,18,20,338.73918154838105,297.0084122050178,0.005508901944288256,324,384,572,512,0
absorbing,0.3,18,21,338.86711796680805,320.9062092754429,0.004886549247251832,350,384,564,530,0
absorbing,0.3,18,22,338.7406395254583,294.4345279908971,0.005577647374989036,321,384,573,510,0
absorbing,0.3,18,23,338.81225902161486,308.01313799185726,0.00518463964578793,339,384,599,554,0
absorbing,0.3,18,24,338.83109280208737,322.29110781173245,0.005090006179295542,350,384,602,568,0
absorbing,0.3,18,25,338.763163674651,294.23607052565103,0.0054051829475090475,321,384,601,538,0
absorbing,0.3,18,26,338.8262788177836,313.25125550409564,0.005119965654384557,343,384,574,533,0
absorbing,0.3,18,27,338.75473647717786,305.30836231015616,0.005480295853764812,335,384,577,528,0
absorbing,0.3,18,28,338.8546313247378,328.7115916592891,0.004939499891699948,358,384,536,510,0
absorbing,0.3,18,29,338.9103986642351,341.1429667895985,0.004703129144751068,370,384,614,600,0
absorbing,0.3,18,30,338.8672159769376,320.66146871133674,0.004917413838697682,351,384,577,544,0
absorbing,0.3,18,31,338.73624632373867,294.10426066018425,0.005598640123922123,326,384,603,545,0
absorbing,0.3,18,32,338.8479958984709,325.52700326400947,0.004969397785646725,358,384,573,547,0
absorbing,0.3,18,33,338.9360396430025,347.0601880043719,0.004543676035859431,378,384,591,585,0
absorbing,0.3,18,34,339.04391441895325,395.2102313293348,0.004095931033612786,432,437,633,681,0
absorbing,0.3,18,35,338.95044420695086,360.985765204097,0.004499237214275111,398,402,591,605,0
absorbing,0.3,18,36,338.7838935730164,301.9421832423775,0.00524798248915528,331,384,540,487,0
absorbing,0.3,18,37,338.8021567697463,318.5880001450701,0.005161118330727822,349,384,598,563,0
absorbing,0.3,18,38,338.84632027914483,323.3236348006918,0.0050178255253562785,355,384,573,544,0
absorbing,0.3,18,39,338.815503641877,312.7206195729056,0.005170039267214829,342,384,596,554,0
reflecting,0.3,18,0,339.5565678332097,314.71061763175896,0.005212689798556911,346,384,435,397,0
reflecting,0.3,18,1,339.60682374371936,335.2415246456045,0.0048441463662629095,365,384,428,409,0
reflecting,0.3,18,2,339.6477559387559,333.0600870311684,0.004754645285106295,365,384,444,425,0
reflecting,0.3,18,3,339.6296184893733,338.74992337696955,0.004819218219236371,368,384,433,417,0
reflecting,0.3,18,4,339.73416312769126,384.85662871576693,0.004331049602353102,419,419,451,486,0
reflecting,0.3,18,5,339.6758317320644,356.3860711835072,0.004570778014265097,386,386,443,445,0
reflecting,0.3,18,6,339.59928997189746,323.3459100183162,0.004899728909663435,351,384,460,427,0
reflecting,0.3,18,7,339.5277876305823,305.87205541788853,0.005357816847514643,335,384,456,407,0
reflecting,0.3,18,8,339.65675863476264,356.93531588898685,0.00468564355165324,390,391,452,458,0
reflecting,0.3,18,9,339.58617923897356,324.26228679414737,0.004935706875136647,355,384,459,430,0
reflecting,0.3,18,10,339.44837634111434,275.39055527578853,0.005760916607254518,303,384,480,399,0
reflecting,0.3,18,11,339.33116989398,255.66460019555697,0.006484159190056499,281,384,440,337,0
reflecting,0.3,18,12,339.545421860974,308.3517841938338,0.005220441573488491,337,384,443,396,0
reflecting,0.3,18,13,339.66667438796577,348.490770821294,0.004596334987779446,384,396,463,463,0
reflecting,0.3,18,14,339.62914537878,346.4058132629478,0.004849334137975743,376,384,459,451,0
reflecting,0.3,18,15,339.4540916623088,289.48925405234365,0.00562846989876664,318,384,443,377,0
reflecting,0.3,18,16,339.52042016730934,311.50730703514876,0.00527074917646996,339,384,480,435,0
reflecting,0.3,18,17,339.47131472938014,288.5090192892797,0.00557676061336171,315,384,428,359,0
reflecting,0.3,18,18,339.7054102339678,361.55863637323415,0.004422220055667732,395,395,415,426,0
reflecting,0.3,18,19,339.71915551791886,366.43876648187336,0.004413115770328039,400,400,470,486,0
reflecting,0.3,18,20,339.47406498314973,287.61745482364756,0.005653246526990029,316,384,455,387,0
reflecting,0.3,18,21,339.6821679820499,350.5426187390871,0.004586563065096423,381,384,446,443,0
reflecting,0.3,18,22,339.64709162081846,339.5087401102841,0.004746340469791426,374,388,463,453,0
reflecting,0.3,18,23,339.63570361325327,331.5090196946338,0.004754929658927629,364,384,447,427,0
reflecting,0.3,18,24,339.51352801403465,304.8473435514793,0.0053589568833480134,334,384,469,419,0
reflecting,0.3,18,25,339.52591738926935,310.02234468272854,0.005329065744309559,338,384,424,378,0
reflecting,0.3,18,26,339.5643212705449,325.4115056190252,0.005157846642998759,358,384,480,454,0
reflecting,0.3,18,27,339.5186435921879,305.3580873921159,0.005326114135503292,335,384,488,439,0
reflecting,0.3,18,28,339.4403060143224,281.5518729698438,0.005816496140822856,306,384,422,344,0
reflecting,0.3,18,29,339.5581762906824,321.30791349340575,0.005183256971299672,353,384,437,406,0
reflecting,0.3,18,30,339.701819043902,366.98229369940515,0.004494505771422455,401,401,437,454,0
reflecting,0.3,18,31,339.6591872936182,350.8584171274549,0.004703533259296025,383,392,442,441,0
reflecting,0.3,18,32,339.69715471010653,358.87913320684265,0.004524961251015986,398,415,474,488,0
reflecting,0.3,18,33,339.569556811786,311.89827215330655,0.0051214892456971275,343,384,465,424,0
reflecting,0.3,18,34,339.5001206202209,297.1469504297956,0.005421534220094769,327,384,439,382,0
reflecting,0.3,18,35,339.6161939303495,340.6993376666933,0.004842727967395648,369,384,452,437,0
reflecting,0.3,18,36,339.45566841422993,282.26311509861375,0.005738903268694905,311,384,451,378,0
reflecting,0.3,18,37,339.6892881308224,362.3013619967127,0.0045459998848553385,398,407,466,480,0
reflecting,0.3,18,38,339.71910379618964,367.3095429566943,0.004333324048202653,403,407,467,486,0
reflecting,0.3,18,39,339.5392055434657,303.956501023064,0.0052560344434539235,334,384,460,410,0
absorbing,0.3,20,0,339.0747523473484,292.8141638687104,0.005418616253245609,319,384,547,482,0
absorbing,0.3,20,1,339.11284480356215,314.2104827996478,0.005112284134038371,346,384,537,499,0
absorbing,0.3,20,2,339.052667905012,291.3284993136033,0.005525628120342981,318,384,547,481,0
absorbing,0.3,20,3,339.1405365035788,325.6078090513231,0.005072345220468776,355,384,526,497,0
absorbing,0.3,20,4,339.1043491468862,309.06484289460775,0.005258892468636979,336,384,512,464,0
absorbing,0.3,20,5,339.1956784986463,340.6844537097006,0.0047965869054294235,365,384,511,492,0
absorbing,0.3,20,6,339.18655482140997,322.456568597436,0.004787537662949969,354,384,500,470,0
absorbing,0.3,20,7,339.031048011367,289.43885197292684,0.005627376344363038,321,384,542,479,0
absorbing,0.3,20,8,338.9556860529666,258.40287935785,0.00609902449154152,281,384,526,423,0
absorbing,0.3,20,9,339.156142202983,320.235440579558,0.004995804626837143,350,384,580,546,0
absorbing,0.3,20,10,338.99905572543565,277.0881391261353,0.00584902654190897,304,384,521,441,0
absorbing,0.3,20,11,339.31101371242346,375.7068816473672,0.004276680528219773,415,415,562,593,0
absorbing,0.3,20,12,339.06713889780775,298.7215019915178,0.005468367778983525,330,384,547,493,0
absorbing,0.3,20,13,339.19038663376654,333.13298153853617,0.0047827365178352964,366,399,536,518,0
absorbing,0.3,20,14,339.15828888114197,326.9723784359671,0.004953844940234411,358,384,553,527,0
absorbing,0.3,20,15,339.3157193325291,373.5425795938405,0.004210193309625799,408,413,557,581,0
absorbing,0.3,20,16,339.1676662553404,330.291907607623,0.0049343370088045175,360,384,543,519,0
absorbing,0.3,20,17,339.131008204566,313.8945073003948,0.0050862707359815625,344,384,544,504,0
absorbing,0.3,20,18,339.1521352645565,319.6809174118015,0.004966464461110282,347,384,545,508,0
absorbing,0.3,20,19,339.06314771671026,297.4973554286903,0.00548240664045565,328,384,566,510,0
absorbing,0.3,20,20,339.06477004110417,293.23106604679003,0.005474907277073546,320,384,558,494,0
absorbing,0.3,20,21,339.2121042337783,338.79024128439323,0.004721033947653542,372,384,537,525,0
absorbing,0.3,20,22,339.158320351577,324.7076003273714,0.004978921674105519,355,384,560,531,0
absorbing,0.3,20,23,339.18276761240605,325.749760318124,0.0047948532400661275,361,384,533,510,0
absorbing,0.3,20,24,338.95025843731787,258.27392744475884,0.006148152304614919,285,384,522,423,0
absorbing,0.3,20,25,339.095173973103,309.16396168245456,0.005303595241894782,336,384,527,479,0
absorbing,0.3,20,26,339.2098974599392,331.7757001168748,0.0047398721828916315,366,384,579,561,0
absorbing,0.3,20,27,339.11093237931016,304.9494362922038,0.005238348708021415,336,384,551,503,0
absorbing,0.3,20,28,339.1305749080355,312.70488986478455,0.005106681672423683,343,384,558,517,0
absorbing,0.3,20,29,339.074710356834,297.03121303771206,0.0053717862854823295,322,384,529,467,0
absorbing,0.3,20,30,339.14572213656686,318.78863420350876,0.00497203940239297,347,384,496,459,0
absorbing,0.3,20,31,339.06947422634204,301.5306828452454,0.005348886404695572,333,384,571,520,0
absorbing,0.3,20,32,339.17108032909834,318.24526730587553,0.004930879139976544,347,385,558,521,0
absorbing,0.3,20,33,339.1328885790777,311.5158021171651,0.005108993550377997,341,384,518,475,0
absorbing,0.3,20,34,339.2792003021065,369.94085022376095,0.004316884780624625,407,428,538,561,0
absorbing,0.3,20,35,339.2865746763881,369.81249490331714,0.004300050082225954,403,404,565,584,0
absorbing,0.3,20,36,339.228471983145,351.98227414630685,0.004643275680740542,383,384,552,551,0
absorbing,0.3,20,37,338.9834461351396,266.689829802072,0.005943498754917941,290,384,530,436,0
absorbing,0.3,20,38,339.2552885025999,358.06393573031994,0.004524763228738575,392,414,581,589,0
absorbing,0.3,20,39,338.9941480173285,273.6269005950089,0.005886371031160197,302,384,522,440,0
reflecting,0.3,20,0,339.91179520667714,382.272062274537,0.004268165315750216,420,420,424,460,0
reflecting,0.3,20,1,339.748163896458,329.7579968794866,0.004996373453939964,361,384,439,416,0
reflecting,0.3,20,2,339.65927396190807,312.80719660252504,0.005300955636577353,339,384,453,408,0
reflecting,0.3,20,3,339.6880927699453,312.7278444294867,0.005327062287472181,341,384,431,388,0
reflecting,0.3,20,4,339.628835059542,286.8298613946816,0.005646424571807296,313,384,431,360,0
reflecting,0.3,20,5,339.61493983937424,288.4373205362895,0.005633851587661805,317,384,424,357,0
reflecting,0.3,20,6,339.68731488291934,314.80501696365553,0.005321614644814338,342,384,429,387,0
reflecting,0.3,20,7,339.7635427616159,333.370125765197,0.004953392161076816,366,384,448,430,0
reflecting,0.3,20,8,339.5976087341337,290.0306590316034,0.00577334845705798,317,384,442,375,0
reflecting,0.3,20,9,339.7239896807639,308.24184954735904,0.005143643012334393,338,384,443,397,0
reflecting,0.3,20,10,339.7820287580518,343.2213781956369,0.004836975760231623,374,384,425,415,0
reflecting,0.3,20,11,339.57475444936745,275.80242795823347,0.005918129813244456,305,384,441,362,0
reflecting,0.3,20,12,339.7235618524511,317.96398698523234,0.005021911661824692,350,384,449,415,0
reflecting,0.3,20,13,339.73731407307923,328.85292471276887,0.0050217805907737,360,384,452,428,0
reflecting,0.3,20,14,339.65003603061234,291.5772690992925,0.005515274124954403,321,384,417,354,0
reflecting,0.3,20,15,339.65685041982994,303.34265470397395,0.005451539368631241,330,384,415,361,0
reflecting,0.3,20,16,339.850002912682,358.81407536442777,0.004497907482058291,393,395,443,452,0
reflecting,0.3,20,17,339.71757203319413,321.09987267010524,0.005156063439105116,350,389,467,433,0
reflecting,0.3,20,18,339.72280797986804,324.1534721987112,0.00514255853299937,355,384,443,414,0
reflecting,0.3,20,19,339.59955885997124,276.8269259851404,0.005662901778309169,305,384,448,369,0
reflecting,0.3,20,20,339.7673931694633,328.3168297118118,0.004913584437819648,361,384,457,434,0
reflecting,0.3,20,21,339.7303496935568,316.6936555245798,0.005074741228926165,348,384,461,425,0
reflecting,0.3,20,22,339.6902715110479,301.335499691652,0.005320153480865744,331,384,446,393,0
reflecting,0.3,20,23,339.5929076964754,285.0353955938716,0.005798044485210203,312,384,457,385,0
reflecting,0.3,20,24,339.6727831121614,304.02578344917356,0.005262027811552344,335,384,435,386,0
reflecting,0.3,20,25,339.6168062843011,297.39615015948624,0.005685532517305041,324,384,436,376,0
reflecting,0.3,20,26,339.70072284282935,321.99305781359107,0.005080425538475773,352,384,436,404,0
reflecting,0.3,20,27,339.6957270420605,305.831823722941,0.005285303311500714,336,384,474,426,0
reflecting,0.3,20,28,339.67129414268067,299.2849686323373,0.005343749584923616,328,384,419,363,0
reflecting,0.3,20,29,339.69927187535063,305.68215204411155,0.005165874909349002,335,384,432,383,0
reflecting,0.3,20,30,339.5617116077014,268.01768078395605,0.006038126165423829,294,384,460,370,0
reflecting,0.3,20,31,339.7056463955669,313.8420911494041,0.005164761393559701,346,384,436,398,0
reflecting,0.3,20,32,339.7411388193974,326.9633769824291,0.005049125993289993,357,384,442,415,0
reflecting,0.3,20,33,339.90899867646397,381.10412448250713,0.004134641033920141,416,416,423,455,0
reflecting,0.3,20,34,339.6310980431497,293.087546621346,0.005653182938557744,318,384,435,369,0
reflecting,0.3,20,35,339.58864899879876,280.6764378191497,0.00582986114640735,308,384,459,383,0
reflecting,0.3,20,36,339.5182996363163,266.5856589142971,0.006300972607125966,291,384,448,355,0
reflecting,0.3,20,37,339.6216300772532,283.8378182089756,0.0057020653654805895,312,384,430,358,0
reflecting,0.3,20,38,339.8233810665774,353.60008729409475,0.0046532685295106345,388,392,440,444,0
reflecting,0.3,20,39,339.78123716263593,338.84302399182616,0.004816116725365169,374,391,464,454,0
absorbing,0.3,22,0,339.35260244300815,325.51070746514245,0.005114472767964896,356,384,535,507,0
absorbing,0.3,22,1,339.5019704184415,369.8156373023947,0.0044155608011948195,405,410,536,557,0
absorbing,0.3,22,2,339.4081911632908,328.3139892927918,0.004831653205286425,361,384,511,488,0
absorbing,0.3,22,3,339.3779667159761,324.3598638700867,0.004975070083505693,353,384,516,485,0
absorbing,0.3,22,4,339.402831347014,335.9042024352484,0.004841467534818079,368,384,479,463,0
absorbing,0.3,22,5,339.27329086365427,287.1159263665388,0.005522621015674723,317,384,504,437,0
absorbing,0.3,22,6,339.3826418320952,328.7189651110666,0.004951967581653413,358,384,509,483,0
absorbing,0.3,22,7,339.41828991871165,336.98369269297467,0.00478963914108362,370,384,482,468,0
absorbing,0.3,22,8,339.2676832663583,290.8430359312657,0.005382039107983702,316,384,530,462,0
absorbing,0.3,22,9,339.32858889769193,313.4379714264449,0.005181536522107683,343,384,493,452,0
absorbing,0.3,22,10,339.26609463993196,289.9185967854419,0.0054489826534157805,318,384,501,435,0
absorbing,0.3,22,11,339.1564852926351,259.84571891530334,0.006068166883098196,285,384,496,397,0
absorbing,0.3,22,12,339.374943193818,323.6201700699455,0.0049851819063655755,358,384,509,483,0
absorbing,0.3,22,13,339.199034076797,275.99390999704684,0.0058912117286808825,302,384,450,368,0
absorbing,0.3,22,14,339.1533838078199,258.684708007097,0.006071238463736231,283,384,479,378,0
absorbing,0.3,22,15,339.1951300650166,266.5297423699078,0.005911383832140374,293,384,519,428,0
absorbing,0.3,22,16,339.4334276476897,342.19459772308994,0.004687213597149695,377,384,500,493,0
absorbing,0.3,22,17,339.30805390316124,300.7379904328089,0.0052895862056164065,330,384,535,481,0
absorbing,0.3,22,18,339.4514123194495,348.5255737473258,0.004592528202367035,381,384,527,524,0
absorbing,0.3,22,19,339.21437066727634,275.02184889588943,0.005849218753895008,302,384,523,441,0
absorbing,0.3,22,20,339.3836876338098,326.66527953165297,0.0048946938885384185,356,384,507,479,0
absorbing,0.3,22,21,338.92544992251476,203.91737632478973,0.007849381013034125,225,384,499,340,0
absorbing,0.3,22,22,339.45315671166935,346.90739593894205,0.00463660452908739,381,384,520,517,0
absorbing,0.3,22,23,339.1649668350695,269.3033449543068,0.006110371363067897,295,384,513,424,0
absorbing,0.3,22,24,339.47241600945716,351.94385329455287,0.004444751904982534,386,389,517,519,0
absorbing,0.3,22,25,339.3833372625823,313.2561832339565,0.004955392787935492,347,384,505,468,0
absorbing,0.3,22,26,339.3685082263746,323.14246472195543,0.00504626288542945,355,387,527,498,0
absorbing,0.3,22,27,339.433313606513,347.28235432540976,0.0047089980305881065,378,384,516,510,0
absorbing,0.3,22,28,339.1819671273789,265.74311187483,0.006043619553501012,292,384,559,467,0
absorbing,0.3,22,29,339.4181990029085,336.57613758233737,0.0047978427540449385,368,384,512,496,0
absorbing,0.3,22,30,339.4302483551689,339.95612510230023,0.004716117573039636,376,405,541,533,0
absorbing,0.3,22,31,339.3486674303273,312.9770518920772,0.005117569068665731,342,384,495,453,0
absorbing,0.3,22,32,339.4010730206487,337.0923910339497,0.004804668034190479,370,384,511,497,0
absorbing,0.3,22,33,339.2763021469341,292.5450001358147,0.005442339323006622,319,384,505,440,0
absorbing,0.3,22,34,339.30811975804295,305.44597253898075,0.00533071334169774,337,384,514,467,0
absorbing,0.3,22,35,339.4078121550964,337.3849345198065,0.004841176445630134,372,384,519,507,0
absorbing,0.3,22,36,339.2395314303204,293.3510364938588,0.005597352111778791,319,384,506,441,0
absorbing,0.3,22,37,339.40932361042314,337.0658137185052,0.00484030972196644,371,384,496,483,0
absorbing,0.3,22,38,339.30342270539035,300.9470717030496,0.005376524923665834,329,384,515,460,0
absorbing,0.3,22,39,339.3981615376991,339.6226553652934,0.004876973051637147,371,384,498,485,0
reflecting,0.3,22,0,339.73225755238707,294.21502416044177,0.005590615049680613,323,384,421,360,0
reflecting,0.3,22,1,339.7942954840997,303.625375036197,0.005320741929906106,333,384,420,369,0
reflecting,0.3,22,2,339.9896539874645,371.52968829132067,0.004337935284575683,405,411,434,455,0
reflecting,0.3,22,3,339.87498240832355,327.11774140603757,0.004870360553805096,357,384,420,393,0
reflecting,0.3,22,4,339.7351654033803,293.4311674587813,0.005579331996198194,325,384,424,365,0
reflecting,0.3,22,5,339.7691740019894,301.0483362238598,0.005407117362731287,332,384,440,388,0
reflecting,0.3,22,6,339.75786670661677,298.49381978567834,0.0054574013560972565,328,384,419,363,0
reflecting,0.3,22,7,339.7898345602575,307.5741479295141,0.005190429126666719,337,384,439,392,0
reflecting,0.3,22,8,339.8522581693061,325.4674125148978,0.005005826549196543,356,384,443,415,0
reflecting,0.3,22,9,339.7031198753248,280.77856183023374,0.005798994774682798,307,384,446,369,0
reflecting,0.3,22,10,339.75576032514,296.51320799623113,0.005520591813229291,327,384,441,384,0
reflecting,0.3,22,11,339.515481525573,238.64954465905453,0.006862257901403091,260,384,424,300,0
reflecting,0.3,22,12,339.8497804360618,329.3230625677977,0.004955646660276008,363,391,454,433,0
reflecting,0.3,22,13,339.8818088895347,330.83842625232967,0.00475466839358243,362,384,450,428,0
reflecting,0.3,22,14,339.7930511133116,310.4633058516527,0.005305874302896984,343,384,457,416,0
reflecting,0.3,22,15,339.7606371315668,303.52001035511165,0.005358928485190864,333,384,435,384,0
reflecting,0.3,22,16,339.60844302851103,263.2878717856496,0.006319209144284122,289,384,433,338,0
reflecting,0.3,22,17,339.78057735888126,307.77171876428895,0.005356966841411289,339,384,455,410,0
reflecting,0.3,22,18,339.9155546114438,344.5931741906313,0.004699524027768479,380,391,431,427,0
reflecting,0.3,22,19,339.81726593019346,312.0535437924506,0.005069406876799755,343,384,421,380,0
reflecting,0.3,22,20,339.85682844229433,325.1594397085092,0.004995021358655053,355,384,428,399,0
reflecting,0.3,22,21,339.76612296468,303.44459790341267,0.0054522549235730385,334,384,453,403,0
reflecting,0.3,22,22,339.73288261874103,285.08113602589845,0.005632745283380393,313,384,440,369,0
reflecting,0.3,22,23,339.84300537484904,323.4957598056602,0.005054614819871187,351,384,428,395,0
reflecting,0.3,22,24,339.84918242797954,328.9476302526767,0.004965489294028007,359,384,427,402,0
reflecting,0.3,22,25,339.8428002512396,325.5468459566187,0.005073521856867372,359,387,456,431,0
reflecting,0.3,22,26,339.78295292231303,305.3977503465778,0.0053715113614621,335,384,439,390,0
reflecting,0.3,22,27,339.95409236173623,357.69721842182116,0.004537728709942792,393,400,436,445,0
reflecting,0.3,22,28,339.8021546120605,319.66040089251226,0.005252580306779018,348,388,446,410,0
reflecting,0.3,22,29,339.9514552340951,367.16364796747945,0.004536349083142407,401,405,454,471,0
reflecting,0.3,22,30,339.70681993323007,282.53254032614353,0.005731468982670732,308,384,413,337,0
reflecting,0.3,22,31,339.7485318579038,291.21700025043305,0.005566576568977503,317,384,450,383,0
reflecting,0.3,22,32,339.7197358002354,292.5254949983926,0.00571243397586035,321,384,447,384,0
reflecting,0.3,22,33,339.88262530476703,339.2775331218183,0.004858273693635347,375,400,461,452,0
reflecting,0.3,22,34,339.7006833996657,283.2128803903949,0.005713212642414789,313,384,434,363,0
reflecting,0.3,22,35,339.63881836532255,265.56390408286603,0.006164715760485913,291,384,435,342,0
reflecting,0.3,22,36,339.7248499066915,295.9432121185504,0.005705230598342712,326,384,436,378,0
reflecting,0.3,22,37,339.9104116917762,342.51712739662264,0.004734471638055334,377,391,456,449,0
reflecting,0.3,22,38,339.78358515378306,315.0928238517725,0.005274047054582805,343,387,451,410,0
reflecting,0.3,22,39,339.75119288309935,301.00170333911046,0.005537240814395784,329,384,442,387,0
absorbing,0.3,24,0,339.60504848288025,338.8093495514052,0.0047277534789225565,371,384,473,460,0
absorbing,0.3,24,1,339.2623250724778,243.66577019566398,0.006478631710443856,265,384,506,387,0
absorbing,0.3,24,2,339.3495629053245,259.9948722265829,0.0060819297608238785,288,384,486,390,0
absorbing,0.3,24,3,339.46216086675355,298.5238399477917,0.005496129689187106,328,384,488,432,0
absorbing,0.3,24,4,339.5098980729081,312.12895653865183,0.005236787754938478,345,384,502,463,0
absorbing,0.3,24,5,339.48394580284145,296.83576422428365,0.005347858254745766,328,384,491,435,0
absorbing,0.3,24,6,339.56331431892204,332.89584222824396,0.004843676165463575,366,384,463,445,0
absorbing,0.3,24,7,339.56428763506216,319.3924374394787,0.004913408669500819,350,384,517,483,0
absorbing,0.3,24,8,339.4143019577836,283.62385331043185,0.005717177225835533,313,384,494,423,0
absorbing,0.3,24,9,339.3752167598018,268.7333317509796,0.005910761438827003,295,384,483,394,0
absorbing,0.3,24,10,339.3694025229259,267.3240112774666,0.006007994480050864,296,384,484,396,0
absorbing,0.3,24,11,339.56626636125935,341.8830181118746,0.004781186856972663,371,384,503,490,0
absorbing,0.3,24,12,339.54683759189777,313.85265242107806,0.004956455244972043,344,384,518,478,0
absorbing,0.3,24,13,339.5266679183602,319.10445861753755,0.005122096313690431,351,384,495,462,0
absorbing,0.3,24,14,339.61199954277237,332.56153282280815,0.004739168939555805,367,384,496,479,0
absorbing,0.3,24,15,339.47728471000204,305.8734778851376,0.00541972406552213,337,384,490,443,0
absorbing,0.3,24,16,339.532574972046,318.6277543355506,0.005100144289542929,352,384,476,444,0
absorbing,0.3,24,17,339.59558449801455,349.92026459333584,0.00477298517076365,381,386,497,494,0
absorbing,0.3,24,18,339.56227877809664,324.2416837300439,0.004950490578933515,357,384,517,490,0
absorbing,0.3,24,19,339.3662393270553,271.818194275925,0.005970133421602477,298,384,482,396,0
absorbing,0.3,24,20,339.59647684718726,344.55864739001265,0.004793024347920732,375,384,516,507,0
absorbing,0.3,24,21,339.2789602571137,257.27793908744064,0.006510543274688156,282,384,517,415,0
absorbing,0.3,24,22,339.69795988944605,371.8235968724371,0.004314511340740375,405,407,507,528,0
absorbing,0.3,24,23,339.6113865126427,341.3005855368262,0.0046989813591308445,375,384,485,476,0
absorbing,0.3,24,24,339.54383776568255,320.86487116429265,0.0050724331436702045,347,384,484,447,0
absorbing,0.3,24,25,339.31764906224373,253.08479240419823,0.006351396331902148,278,384,493,387,0
absorbing,0.3,24,26,339.4160199216935,281.2739779225903,0.005709736884159187,310,384,481,407,0
absorbing,0.3,24,27,339.57334993135214,328.90409182104537,0.004891428004812472,359,384,498,473,0
absorbing,0.3,24,28,339.53113122639155,318.3029899289154,0.005038501113641854,347,384,480,443,0
absorbing,0.3,24,29,339.6374041217051,354.3370223615718,0.004583065346116708,390,391,505,511,0
absorbing,0.3,24,30,339.57794524873543,346.6745049872105,0.004857174249557512,375,384,500,491,0
absorbing,0.3,24,31,339.43334562655696,278.7294097118036,0.005608330176675153,308,384,505,429,0
absorbing,0.3,24,32,339.51748583195314,320.1213926153106,0.00502309608622215,353,384,493,462,0
absorbing,0.3,24,33,339.5076037356223,307.4805968952404,0.005225135838394084,338,384,501,455,0
absorbing,0.3,24,34,339.63059334719514,348.8791191724964,0.004586769871774705,383,395,494,493,0
absorbing,0.3,24,35,339.57124457571484,328.8916715884856,0.0049328744455017885,362,384,483,461,0
absorbing,0.3,24,36,339.5563433545921,324.50172945344394,0.004956178787629822,352,384,490,458,0
absorbing,0.3,24,37,339.64481598365813,351.3250621183499,0.004541785220339228,386,389,491,493,0
absorbing,0.3,24,38,339.5168205985472,318.81081520560815,0.005210851443941149,348,384,484,448,0
absorbing,0.3,24,39,339.5477117705663,307.375141312793,0.005047318738542515,337,384,490,443,0
reflecting,0.3,24,0,340.04657624052044,364.1717084243235,0.004383646419635274,397,407,454,467,0
reflecting,0.3,24,1,339.81006535724066,290.7319391271629,0.005563492785760225,320,384,439,375,0
reflecting,0.3,24,2,339.8568121000159,319.4907802209087,0.005183578979361861,351,384,444,411,0
reflecting,0.3,24,3,339.8048603914016,302.71838748851565,0.005581578533823188,334,384,413,363,0
reflecting,0.3,24,4,339.881468939908,316.21445760403554,0.00516402475274187,348,384,433,397,0
reflecting,0.3,24,5,339.62990259032705,253.66445107089518,0.006305970723089631,279,384,464,359,0
reflecting,0.3,24,6,339.9609717448171,340.78306150478187,0.0048047661574703365,375,391,441,432,0
reflecting,0.3,24,7,339.92464295492886,317.7624292944315,0.004977526826250855,349,384,424,389,0
reflecting,0.3,24,8,339.82690429801585,305.50723348151905,0.005441958038021748,336,384,410,362,0
reflecting,0.3,24,9,339.8113361169818,300.42588636717903,0.005571622988978603,327,384,433,376,0
reflecting,0.3,24,10,339.67457036025723,260.86841269782303,0.0063091899001108615,284,384,439,339,0
reflecting,0.3,24,11,339.8842200616979,313.39194529856616,0.005155300019801424,343,384,435,394,0
reflecting,0.3,24,12,339.90735141232346,324.98721823543116,0.0050642729528002275,360,384,413,389,0
reflecting,0.3,24,13,339.8448695564237,306.1644554620604,0.005370417345241315,334,384,406,356,0
reflecting,0.3,24,14,339.8634018629724,314.9081023437083,0.005202618125586168,344,384,438,398,0
reflecting,0.3,24,15,339.9421964104338,342.4230306341791,0.004760993174722075,373,384,408,397,0
reflecting,0.3,24,16,339.83678277739307,309.34403434364447,0.005228145196037801,341,384,450,407,0
reflecting,0.3,24,17,339.8511802159811,314.312686927663,0.005314036262636912,345,384,444,405,0
reflecting,0.3,24,18,339.9394273434793,337.48588539186505,0.004693684568456003,366,384,404,386,0
reflecting,0.3,24,19,339.7570568315712,278.9796368359018,0.005856348614284584,306,384,412,334,0
reflecting,0.3,24,20,339.7364781995272,283.0743697694721,0.005930435607100918,310,384,435,361,0
reflecting,0.3,24,21,340.03772668571185,364.1460733991842,0.0043960152413896015,400,416,455,471,0
reflecting,0.3,24,22,339.78968489988875,284.1063692578629,0.005685678324048085,312,384,447,375,0
reflecting,0.3,24,23,339.72289242770483,279.5588531068262,0.0060581190884979605,304,384,416,336,0
reflecting,0.3,24,24,339.8577053872235,310.01005900485166,0.005171205807955298,333,384,417,366,0
reflecting,0.3,24,25,339.92799677040676,338.29497993546374,0.004930604589333072,372,384,435,423,0
reflecting,0.3,24,26,339.89931566088643,327.95080830688954,0.004892992913238088,358,384,413,387,0
reflecting,0.3,24,27,339.9318914578649,324.2235497168207,0.004910266447548009,357,384,412,385,0
reflecting,0.3,24,28,339.8676765464242,308.70552697554643,0.005208153109577839,338,384,435,389,0
reflecting,0.3,24,29,339.9499972803042,352.9460709116205,0.004787614853975069,385,385,422,423,0
reflecting,0.3,24,30,339.94612406885085,336.2482862856139,0.004872724481775324,368,385,464,448,0
reflecting,0.3,24,31,339.77450930571246,284.5469740129916,0.005783541029852361,314,384,428,358,0
reflecting,0.3,24,32,339.70491273520236,269.10320557539507,0.006135180365578464,296,384,452,364,0
reflecting,0.3,24,33,339.8275403216838,300.92608739430403,0.005488814290487106,330,384,416,362,0
reflecting,0.3,24,34,339.6911543805119,266.0769153590331,0.006188711109018509,290,384,423,329,0
reflecting,0.3,24,35,339.92768139477664,323.156986124014,0.004954964381949249,352,384,435,403,0
reflecting,0.3,24,36,339.8337860322404,289.60205734742755,0.005435584983616677,316,384,450,382,0
reflecting,0.3,24,37,339.8112194612251,299.6792669149719,0.005490886655854984,329,384,417,362,0
reflecting,0.3,24,38,339.7710230712764,291.6671353540004,0.005712588611218211,320,384,422,358,0
reflecting,0.3,24,39,339.79135214339914,294.4366515498071,0.005669207046902418,326,384,449,391,0
absorbing,0.3,26,0,339.57309380965694,283.4114096027563,0.005691930232194207,313,384,462,391,0
absorbing,0.3,26,1,339.69702979168704,320.245983875399,0.005002732446489952,350,384,478,444,0
absorbing,0.3,26,2,339.6459234855091,305.82032655850963,0.00528325121315466,336,384,482,434,0
absorbing,0.3,26,3,339.7194924550528,323.57163705299394,0.0048604182826186984,351,384,502,469,0
absorbing,0.3,26,4,339.54225511981025,272.7248038882732,0.005740628711713715,301,384,480,397,0
absorbing,0.3,26,5,339.6232763088236,298.3896121857471,0.005357358641852019,326,384,467,409,0
absorbing,0.3,26,6,339.6271369387154,300.85065119552866,0.005382726020568605,327,384,479,422,0
absorbing,0.3,26,7,339.69720703238886,317.7525383063756,0.005054907660107018,348,384,478,442,0
absorbing,0.3,26,8,339.72167778267584,329.5275896652907,0.004861891746812798,359,384,503,478,0
absorbing,0.3,26,9,339.5730159097704,282.7260101547467,0.005724451582926111,308,384,483,407,0
absorbing,0.3,26,10,339.52268671254103,271.1029172528111,0.0060180940790528084,298,384,461,375,0
absorbing,0.3,26,11,339.71026535190987,322.74611325756524,0.004982716623390814,354,384,475,445,0
absorbing,0.3,26,12,339.57460494818923,286.7635161145344,0.005592742339519476,316,384,475,407,0
absorbing,0.3,26,13,339.74113059834457,337.5537363665767,0.004833812276881875,367,412,510,493,0
absorbing,0.3,26,14,339.7801212525015,349.4443287157631,0.004568428477029586,380,384,477,473,0
absorbing,0.3,26,15,339.61381307785246,294.5613390888375,0.005311935918439782,319,384,448,383,0
absorbing,0.3,26,16,339.7489354618282,334.70005347653887,0.004671343141244187,369,397,489,474,0
absorbing,0.3,26,17,339.6093466000128,294.49707987120706,0.005477339093088828,325,384,455,396,0
absorbing,0.3,26,18,339.57540657960436,286.707787529845,0.005705579825545314,314,384,458,388,0
absorbing,0.3,26,19,339.71978357832495,332.7061324983041,0.004873403127208703,361,384,482,459,0
absorbing,0.3,26,20,339.66814738089414,314.34702129549066,0.005178455774666728,344,384,465,425,0
absorbing,0.3,26,21,339.7724047827334,349.87532664901556,0.004673669514872601,380,384,477,473,0
absorbing,0.3,26,22,339.67580183351856,319.26370557144185,0.005021235414979327,346,384,485,447,0
absorbing,0.3,26,23,339.53192988980925,278.17172816548776,0.00589966560081092,305,384,472,393,0
absorbing,0.3,26,24,339.60288126215863,291.9162293747645,0.005547866465103346,320,384,477,413,0
absorbing,0.3,26,25,339.7425316837298,329.18447900063666,0.00481072563430274,356,384,462,434,0
absorbing,0.3,26,26,339.5119317180636,273.5204870729689,0.006064129798707912,301,384,466,383,0
absorbing,0.3,26,27,339.71153032049085,328.4639101408379,0.0049800618725802225,358,384,473,447,0
absorbing,0.3,26,28,339.5840434270748,296.7344096278257,0.005654612617742735,326,384,480,422,0
absorbing,0.3,26,29,339.68439719532665,313.08805887712106,0.005060451653255543,344,384,475,435,0
absorbing,0.3,26,30,339.77059596638543,345.8914364690787,0.004698973122725189,374,389,499,489,0
absorbing,0.3,26,31,339.44914643811467,253.89639146800232,0.006429003833922275,280,384,486,382,0
absorbing,0.3,26,32,339.68961329826857,311.4026763411821,0.0050896185256870275,343,384,491,450,0
absorbing,0.3,26,33,339.59929688022777,292.60032253139883,0.0055759997081281055,321,384,494,431,0
absorbing,0.3,26,34,339.7038517247355,330.7971778092701,0.005012639403608387,362,384,481,459,0
absorbing,0.3,26,35,339.66041808177175,308.85321334625894,0.005227493355545964,337,384,501,454,0
absorbing,0.3,26,36,339.66159307939375,312.61770640117027,0.00515645048502501,343,384,470,429,0
absorbing,0.3,26,37,339.6551291644058,311.0694576948001,0.005268514777644747,340,384,498,454,0
absorbing,0.3,26,38,339.55931302070724,282.2392016674897,0.00563487817829377,307,384,451,374,0
absorbing,0.3,26,39,339.6165341704312,296.6430107367153,0.0054009595850361995,323,384,450,389,0
reflecting,0.3,26,0,339.762884909648,278.7008143866498,0.005946152846978263,304,384,445,365,0
reflecting,0.3,26,1,339.9274393389686,330.52294767705223,0.0051056333208824535,360,384,452,428,0
reflecting,0.3,26,2,340.0365111204432,350.4553355698091,0.004580562342081977,383,384,406,405,0
reflecting,0.3,26,3,339.8574837808045,300.8982539641229,0.0055214102795218874,329,384,413,358,0
reflecting,0.3,26,4,340.0647250281619,359.7009556416578,0.004413224586635773,391,395,396,403,0
reflecting,0.3,26,5,339.86555680812046,303.626450918198,0.005476794193442655,331,384,434,381,0
reflecting,0.3,26,6,339.93364346538726,321.82649821836253,0.0050631978088270585,350,384,452,418,0
reflecting,0.3,26,7,339.93736887726055,313.91388333986305,0.005096700476681903,347,384,434,397,0
reflecting,0.3,26,8,339.9309415031819,319.59993584509533,0.005025625318079376,349,384,438,403,0
reflecting,0.3,26,9,339.9563012172021,325.86687194399747,0.004911564728759163,359,384,417,392,0
reflecting,0.3,26,10,339.9793951804754,340.4476913153831,0.004882579983611267,374,384,389,379,0
reflecting,0.3,26,11,339.9347326062352,326.985486037612,0.00510642020522107,357,384,446,419,0
reflecting,0.3,26,12,339.82746206038723,301.22791515730813,0.0055955468411699166,329,384,427,372,0
reflecting,0.3,26,13,339.9766892089443,332.4428044918871,0.004800044121232259,365,384,408,389,0
reflecting,0.3,26,14,339.94139281220464,317.8850917309212,0.005064188859189034,351,384,425,392,0
reflecting,0.3,26,15,339.98169928175224,346.3710594415506,0.0048432579406305545,379,384,416,411,0
reflecting,0.3,26,16,339.95896813816057,335.7811708016326,0.0049181895100055125,366,384,422,404,0
reflecting,0.3,26,17,340.15599998533116,405.6895124265995,0.004076429728745021,441,441,413,470,0
reflecting,0.3,26,18,339.98661330757506,337.36769384005015,0.004805652856432734,369,384,424,409,0
reflecting,0.3,26,19,339.9147129675735,306.7917064016409,0.005181300512986981,336,384,421,373,0
reflecting,0.3,26,20,339.9617389502057,339.15399827090647,0.004868974853105211,372,387,431,419,0
reflecting,0.3,26,21,339.97435192092973,343.2044819954285,0.0048147392933364265,376,384,425,417,0
reflecting,0.3,26,22,340.0443189292357,354.7670137313964,0.004508987045490944,391,401,422,429,0
reflecting,0.3,26,23,339.7854392140055,282.3420902861697,0.005897393152846814,309,384,443,368,0
reflecting,0.3,26,24,339.93491802638573,317.52945246680525,0.005088453247706742,345,384,420,381,0
reflecting,0.3,26,25,339.9642365886657,322.19276058768827,0.004934835136741596,354,384,433,403,0
reflecting,0.3,26,26,340.0805863223034,370.86617815061567,0.004389397226469747,407,408,423,446,0
reflecting,0.3,26,27,339.92735649469415,316.21785186043775,0.005107659619400239,348,384,442,406,0
reflecting,0.3,26,28,339.9262806713323,325.5166729177462,0.0051482708701237985,357,384,424,397,0
reflecting,0.3,26,29,339.9905176354324,344.2416315713891,0.004678186620207757,375,384,420,411,0
reflecting,0.3,26,30,339.9626131717842,332.50630088540606,0.004961336320595592,366,384,418,400,0
reflecting,0.3,26,31,340.1128452016899,378.27569501939223,0.004274565177949084,413,416,396,425,0
reflecting,0.3,26,32,339.83957207287773,297.31101900580546,0.00556394603231247,326,384,432,374,0
reflecting,0.3,26,33,339.91810933803583,323.03191309258335,0.005106870740997511,353,384,422,391,0
reflecting,0.3,26,34,339.9817461214972,342.10765577086323,0.004847764054761647,376,393,429,421,0
reflecting,0.3,26,35,339.96566488741286,328.9859399518679,0.0049442074723004695,361,384,453,430,0
reflecting,0.3,26,36,340.1232829433496,388.7417456960306,0.0042195075096859175,427,432,422,465,0
reflecting,0.3,26,37,339.7864435462728,280.81050169238983,0.005910749487493503,311,384,438,365,0
reflecting,0.3,26,38,340.0085793964409,338.1957321720509,0.004743985808223421,369,384,422,407,0
reflecting,0.3,26,39,339.8366906502853,299.09718000494547,0.0052777068328933655,327,384,433,376,0
absorbing,0.3,28,0,339.7064302634339,303.8057681339945,0.005389671850196691,334,384,454,404,0
absorbing,0.3,28,1,339.67392446596216,293.21605751466274,0.005610867167347447,320,384,470,406,0
absorbing,0.3,28,2,339.6993913423146,302.82430586294515,0.005252492023546854,330,384,453,399,0
absorbing,0.3,28,3,339.71536848440775,305.7526665851152,0.005345558616272355,336,384,447,399,0
absorbing,0.3,28,4,339.74759775964714,306.9166014406287,0.0051564074387206536,335,395,470,421,0
absorbing,0.3,28,5,339.83093153646763,342.94860224202813,0.004797105699224113,379,415,479,474,0
absorbing,0.3,28,6,339.72998245423497,308.98710166002775,0.005277649517424138,339,384,451,406,0
absorbing,0.3,28,7,339.94624665986896,385.1672632979652,0.004278203104781371,424,436,481,521,0
absorbing,0.3,28,8,339.8844875063598,366.3755472491667,0.004416428451514828,400,400,446,462,0
absorbing,0.3,28,9,339.6116916516975,270.17768175131084,0.005881654699427574,298,384,470,384,0
absorbing,0.3,28,10,339.57280353497896,268.59332953345705,0.006155577533111827,293,384,465,374,0
absorbing,0.3,28,11,339.8134501511852,331.629110103237,0.0048074245188816506,362,384,467,445,0
absorbing,0.3,28,12,339.81147258680744,338.6859159246753,0.004891451166857656,369,387,480,465,0
absorbing,0.3,28,13,339.7492519525769,305.1467372508865,0.005171678749205206,336,384,468,420,0
absorbing,0.3,28,14,339.7312223787901,316.35848732608963,0.005233893773297989,345,384,472,433,0
absorbing,0.3,28,15,339.79585349878994,323.136232335861,0.004919739049083176,353,384,475,444,0
absorbing,0.3,28,16,339.77611518951977,320.0807233019191,0.005079346561973204,351,384,450,417,0
absorbing,0.3,28,17,339.6583845741303,291.36684949273405,0.005663547831715261,317,384,461,394,0
absorbing,0.3,28,18,339.7841802040038,318.2343049631522,0.005019011090746619,350,384,436,402,0
absorbing,0.3,28,19,339.8348065572448,346.5595576030997,0.004789323149589693,377,387,457,450,0
absorbing,0.3,28,20,339.88677815668717,367.82983974014405,0.0044693432593470705,400,409,480,496,0
absorbing,0.3,28,21,339.6485116937395,287.5963304037307,0.005705136078727382,314,384,480,410,0
absorbing,0.3,28,22,339.9470215481249,377.3502533945599,0.004280806535829787,411,411,485,512,0
absorbing,0.3,28,23,339.7914402548618,338.7372149709168,0.00498447088636694,368,384,476,460,0
absorbing,0.3,28,24,339.66405007683596,291.6283097644306,0.005635970617612665,320,384,472,408,0
absorbing,0.3,28,25,339.76189804865754,318.9218285532738,0.00510295681095377,344,384,467,427,0
absorbing,0.3,28,26,339.8281372427039,331.34183562959544,0.0047696940422387825,366,384,455,437,0
absorbing,0.3,28,27,339.7037105138274,292.085362319155,0.00533605358920947,321,384,474,411,0
absorbing,0.3,28,28,339.6417741295378,290.9253546431636,0.005721464457652339,317,384,481,414,0
absorbing,0.3,28,29,339.78257796986486,329.6302176415259,0.004924730155324337,360,384,490,466,0
absorbing,0.3,28,30,339.7576303514393,319.82433806653063,0.005130037772045479,348,384,496,460,0
absorbing,0.3,28,31,339.7430805373191,309.46885139832096,0.0052030374879841555,337,388,478,431,0
absorbing,0.3,28,32,339.79111460425395,340.4677400194706,0.004924709354172977,372,384,443,431,0
absorbing,0.3,28,33,339.62670120127234,276.5653361109165,0.005873351999777285,306,384,443,365,0
absorbing,0.3,28,34,339.7699507655327,319.6030100542596,0.004976544624888311,350,384,479,445,0
absorbing,0.3,28,35,339.5762900677907,265.67402862054547,0.006024456356210929,293,384,459,368,0
absorbing,0.3,28,36,339.6579903181924,279.93903443578495,0.005714672600659882,311,384,464,391,0
absorbing,0.3,28,37,339.6920106383082,305.3232455655232,0.00544792993425602,337,384,484,437,0
absorbing,0.3,28,38,339.69870215459486,299.12119383788405,0.005396981015970235,327,384,470,413,0
absorbing,0.3,28,39,339.7513919975506,311.3309645354992,0.005155299489124993,338,384,486,440,0
reflecting,0.3,28,0,339.88129473907213,285.15589123827345,0.005789954631079958,312,384,421,349,0
reflecting,0.3,28,1,339.93484567703604,302.97888189516937,0.005443326708370891,332,384,405,353,0
reflecting,0.3,28,2,339.87729717217354,277.8063227689595,0.005730866089575017,302,384,454,372,0
reflecting,0.3,28,3,339.94321917666696,303.02252489072646,0.005407517938665246,333,384,426,375,0
reflecting,0.3,28,4,340.12185503115694,365.45056120575674,0.004499248910019236,395,395,415,426,0
reflecting,0.3,28,5,340.0938930614154,355.74919746868005,0.004525529353333524,389,397,421,426,0
reflecting,0.3,28,6,339.96710305208853,311.2217616203205,0.00529270686037195,342,384,427,385,0
reflecting,0.3,28,7,339.95430547926,305.4534049902307,0.005361508898612882,334,384,432,382,0
reflecting,0.3,28,8,339.75908551550657,256.42503411680724,0.006469921389896673,281,384,409,306,0
reflecting,0.3,28,9,339.9746741038604,314.75588480027983,0.0051351600486226725,342,384,418,376,0
reflecting,0.3,28,10,339.9337729606857,297.0665842656629,0.005478937610477081,328,384,427,371,0
reflecting,0.3,28,11,339.93727336513933,300.5679350555274,0.005400425490940182,330,384,385,331,0
reflecting,0.3,28,12,339.9454916676315,297.7955071730174,0.005428511277157849,326,384,410,352,0
reflecting,0.3,28,13,340.1094406030702,347.3531799342245,0.0045781072956175995,383,395,426,425,0
reflecting,0.3,28,14,340.0341739119007,322.53853552238274,0.004957464687312474,354,384,434,404,0
reflecting,0.3,28,15,340.15209715467455,369.48232876887954,0.004411045464515716,401,405,415,432,0
reflecting,0.3,28,16,340.06249213747617,327.38500615869685,0.00477834610309551,360,384,427,403,0
reflecting,0.3,28,17,340.06655450706893,339.6097858671308,0.00480837936762294,372,384,418,406,0
reflecting,0.3,28,18,339.9335227856978,300.4850585591461,0.005500319551090091,329,384,408,353,0
reflecting,0.3,28,19,340.02414063247244,322.80248666283876,0.00498067839350047,351,384,398,365,0
reflecting,0.3,28,20,340.06380685248195,334.14261693581665,0.004799542641027092,366,384,405,387,0
reflecting,0.3,28,21,339.9941541024492,312.893732798221,0.005156591381828802,344,384,437,397,0
reflecting,0.3,28,22,340.06296358519,334.67323033710693,0.004823010409966836,366,401,447,429,0
reflecting,0.3,28,23,340.1234188061914,355.35441931504266,0.004484758730867505,392,406,432,440,0
reflecting,0.3,28,24,340.1675437756231,369.37297374449923,0.004351842458812523,404,404,400,420,0
reflecting,0.3,28,25,340.0078585344423,313.5828926416963,0.005104214849917406,348,384,423,387,0
reflecting,0.3,28,26,340.07361678259895,338.498363091976,0.004760946958385456,371,384,421,408,0
reflecting,0.3,28,27,339.95008000351515,305.63280920163385,0.005416284071511007,336,384,416,368,0
reflecting,0.3,28,28,339.94383298670476,309.50815113869544,0.005432995597953264,341,384,407,364,0
reflecting,0.3,28,29,339.8072066521325,260.7779089763766,0.006229370893296094,286,384,414,316,0
reflecting,0.3,28,30,340.12094008074524,347.8211820940873,0.004498826679993098,383,387,426,425,0
reflecting,0.3,28,31,340.0397622127119,336.9285796701935,0.0049330912809439275,374,384,403,393,0
reflecting,0.3,28,32,339.7857661276557,258.9143617759116,0.006337782742933465,286,384,426,328,0
reflecting,0.3,28,33,339.9082115797947,296.4001682182384,0.005558323777279573,326,384,426,368,0
reflecting,0.3,28,34,340.0394836531329,320.1120243194369,0.004913580843226187,347,384,406,369,0
reflecting,0.3,28,35,339.88888149654554,287.4020035231067,0.005712395032997661,315,384,444,375,0
reflecting,0.3,28,36,339.93423296642146,291.09456370522514,0.005485506088281656,318,384,432,366,0
reflecting,0.3,28,37,339.9384459925808,299.3174401956752,0.0053930729947518005,330,384,456,402,0
reflecting,0.3,28,38,340.02584915120514,327.3901996056762,0.004854808869033564,359,384,409,384,0
reflecting,0.3,28,39,340.03169637656225,329.95278882831417,0.004969071939666817,359,384,432,407,0
absorbing,0.3,30,0,339.9186230419194,322.4606329292044,0.005068899086585113,353,384,478,447,0
absorbing,0.3,30,1,339.73152430485294,273.8555685351881,0.0060652993495885895,299,384,462,377,0
absorbing,0.3,30,2,339.8336335197206,303.2131178250336,0.005486324440010566,327,384,409,352,0
absorbing,0.3,30,3,339.9745709774791,346.8828289046142,0.004705774302615874,379,384,456,451,0
absorbing,0.3,30,4,339.80164724147994,284.27009275857074,0.0056835370182401635,311,384,432,359,0
absorbing,0.3,30,5,339.86415102162124,299.48271080184173,0.00536426841660522,330,384,458,404,0
absorbing,0.3,30,6,339.80128487255536,289.5829932748289,0.005586073721456041,317,384,452,385,0
absorbing,0.3,30,7,339.8597164376875,308.28880122704953,0.005365043426118893,338,384,457,411,0
absorbing,0.3,30,8,339.85149795677853,307.0426885038426,0.005425749333570816,336,384,427,379,0
absorbing,0.3,30,9,339.7901623381989,283.4634423397601,0.005730258668056411,308,384,466,390,0
absorbing,0.3,30,10,339.8690328425349,298.8809492310713,0.00524665431340074,327,384,445,388,0
absorbing,0.3,30,11,339.9046558570979,312.1227528103036,0.005136152641207661,341,384,430,387,0
absorbing,0.3,30,12,339.9890526655932,351.4157971174565,0.004567017714918101,381,384,434,431,0
absorbing,0.3,30,13,339.85204101160457,304.8168359059832,0.005349964388745774,333,384,439,388,0
absorbing,0.3,30,14,339.94834098773185,332.70326621292776,0.004891731461512225,365,384,456,437,0
absorbing,0.3,30,15,339.7540421338089,271.77248495094426,0.005926724463710774,298,384,435,349,0
absorbing,0.3,30,16,339.7257447987666,263.8938012902503,0.006156732811819394,288,384,425,329,0
absorbing,0.3,30,17,339.7340350627239,265.9176993371111,0.006076502059950433,290,384,442,348,0
absorbing,0.3,30,18,339.9844095554921,338.7373750541741,0.004696694492070633,373,394,444,433,0
absorbing,0.3,30,19,339.81163306613854,301.53866809951444,0.005524530845652931,329,384,466,411,0
absorbing,0.3,30,20,339.7482738531739,277.73926652985216,0.005897354408213329,304,384,428,348,0
absorbing,0.3,30,21,339.92129677852296,320.91992033773005,0.005062140335114063,349,384,440,405,0
absorbing,0.3,30,22,339.8917174104782,317.48120407693534,0.0051651379113204325,344,384,437,397,0
absorbing,0.3,30,23,339.9281694443238,328.7148255632049,0.005023853783990703,359,384,440,415,0
absorbing,0.3,30,24,339.957842656683,335.8928547426763,0.0048696334063222475,368,384,450,434,0
absorbing,0.3,30,25,339.87877426396307,310.00914146789944,0.005254618001553702,340,384,448,404,0
absorbing,0.3,30,26,339.9246537274779,316.7764855123545,0.00502927894257071,346,384,467,429,0
absorbing,0.3,30,27,339.7918064370841,281.44551853577315,0.005653007084368349,308,384,435,359,0
absorbing,0.3,30,28,339.88218867375883,316.13700924370454,0.005115194505899024,345,384,423,384,0
absorbing,0.3,30,29,339.9547104419981,329.6420808496698,0.00489378045545554,363,390,481,460,0
absorbing,0.3,30,30,339.79260454289107,275.9399557067049,0.0057521069414925045,306,384,445,367,0
absorbing,0.3,30,31,339.78645645617445,278.82693413079664,0.005702186456596517,305,384,434,355,0
absorbing,0.3,30,32,339.8755611135523,303.53931566549613,0.005273520170722951,332,384,432,380,0
absorbing,0.3,30,33,339.88563718940816,313.9466110858847,0.005172708677018141,347,384,453,416,0
absorbing,0.3,30,34,339.77063530687406,282.7014037305418,0.0058559214331742595,308,384,441,365,0
absorbing,0.3,30,35,340.03061840020536,350.1637481791575,0.004496573099497108,382,384,431,429,0
absorbing,0.3,30,36,339.94657236138084,326.27607680864816,0.004914664187696656,361,390,463,440,0
absorbing,0.3,30,37,339.92069450211613,328.12495756938245,0.0049485763301364205,361,396,456,433,0
absorbing,0.3,30,38,339.92998290742577,327.78023121652274,0.004976934784306726,361,384,463,440,0
absorbing,0.3,30,39,339.9172018850452,330.0859913327645,0.0050058582129692,359,384,463,438,0
reflecting,0.3,30,0,340.0676982016327,325.0677143965444,0.005026627317630373,361,384,396,373,0
reflecting,0.3,30,1,340.08970970334826,331.01700963898907,0.004908520151673558,362,384,419,397,0
reflecting,0.3,30,2,340.08586363818165,339.0882381624514,0.004899564225044269,373,384,402,391,0
reflecting,0.3,30,3,340.07953374727396,329.8377334580309,0.004987514477075825,363,391,432,411,0
reflecting,0.3,30,4,340.0813798561501,329.9822931705103,0.00494931009431757,363,384,412,391,0
reflecting,0.3,30,5,339.99386193308123,312.8851761834042,0.005341510543389285,345,386,434,395,0
reflecting,0.3,30,6,340.0104102217529,310.782855075043,0.0053449596459415995,341,384,428,385,0
reflecting,0.3,30,7,339.93437962052434,293.11209833807425,0.005745828832195013,320,384,423,359,0
reflecting,0.3,30,8,339.92574081882276,289.1188825705006,0.005831836040034091,315,384,407,338,0
reflecting,0.3,30,9,339.85964517340665,262.273028776429,0.006238465814821787,289,384,407,312,0
reflecting,0.3,30,10,340.06046969800985,331.15836153667715,0.004893557788186583,361,384,429,406,0
reflecting,0.3,30,11,340.00040730236157,303.8558552863715,0.005375153711256329,332,384,408,356,0
reflecting,0.3,30,12,340.148614508834,341.9164368961299,0.0046756284682935405,375,384,405,396,0
reflecting,0.3,30,13,339.9049388854148,281.644458982132,0.005952999565648693,308,384,403,327,0
reflecting,0.3,30,14,340.19339500107776,364.3544108436686,0.004425463662489131,398,400,434,448,0
reflecting,0.3,30,15,339.9382680195284,282.48695648730154,0.005738035975701417,310,384,434,360,0
reflecting,0.3,30,16,340.08923290627433,333.2421276683554,0.00493009634124476,368,393,428,412,0
reflecting,0.3,30,17,340.0289818662995,313.7829507380655,0.005228934019272026,344,384,420,380,0
reflecting,0.3,30,18,339.90866603271667,280.1388980728977,0.005898115360968888,311,384,444,371,0
reflecting,0.3,30,19,340.11614878940907,347.60836318711836,0.004793416567527514,383,394,402,401,0
reflecting,0.3,30,20,339.99807763711306,310.3997127376424,0.005353714443875148,339,384,427,382,0
reflecting,0.3,30,21,339.98469527144806,299.0100357726393,0.005437922045919224,331,384,415,362,0
reflecting,0.3,30,22,340.0090209567564,312.93498619317916,0.005349835662590151,346,384,399,361,0
reflecting,0.3,30,23,340.07835744161537,334.81167121407844,0.004964113353707587,367,384,396,379,0
reflecting,0.3,30,24,340.0628049002492,319.03587772674086,0.005092185412719657,353,384,432,401,0
reflecting,0.3,30,25,340.1463020619784,350.30990888833117,0.004685450883278946,383,390,408,407,0
reflecting,0.3,30,26,339.9949790165076,313.0528079649196,0.0054200270526608635,343,384,420,379,0
reflecting,0.3,30,27,340.0688282567431,326.01793584728017,0.00506452384454236,359,384,417,392,0
reflecting,0.3,30,28,339.948342302245,290.8024689796056,0.0056923801651542014,319,384,410,345,0
reflecting,0.3,30,29,340.04406701697025,319.3120633350625,0.0051597822607576515,350,384,414,380,0
reflecting,0.3,30,30,340.11328119237123,354.00354270519153,0.004706595871412194,382,406,443,441,0
reflecting,0.3,30,31,339.8281155970807,259.1427688274206,0.006233115949974055,281,384,420,317,0
reflecting,0.3,30,32,340.073616814356,329.31681686305757,0.005015950919391552,360,384,431,407,0
reflecting,0.3,30,33,340.0448022724159,321.8947904567627,0.005174465237131538,352,384,396,364,0
reflecting,0.3,30,34,339.9126374088066,281.8119470500599,0.005738583414769551,308,384,409,333,0
reflecting,0.3,30,35,339.9974187269413,315.758190919987,0.005318670238378173,344,384,420,380,0
reflecting,0.3,30,36,340.0032802433294,306.9410518709959,0.005294637238981393,335,384,404,355,0
reflecting,0.3,30,37,340.0102615216423,315.65199581490486,0.00533702164205177,346,384,400,362,0
reflecting,0.3,30,38,340.0842916223988,330.2059526492552,0.004930365214680092,364,384,420,400,0
reflecting,0.3,30,39,340.1095760026814,338.05996237882175,0.004843554541262627,372,387,435,423,0
absorbing,0.3,32,0,339.89016192798624,299.72763146470703,0.00544424895407697,329,384,453,398,0
absorbing,0.3,32,1,339.92112707696674,306.82977388714016,0.005338904891158894,334,384,441,391,0
absorbing,0.3,32,2,340.0591901959577,354.3887574589034,0.00469243468865413,388,430,473,477,0
absorbing,0.3,32,3,339.9683594948739,322.73478115490474,0.005069713784917965,355,384,434,405,0
absorbing,0.3,32,4,339.84054909319207,282.39862127452255,0.005757965485633575,310,384,437,363,0
absorbing,0.3,32,5,339.9041130816021,301.2109414398413,0.005362691525182975,330,384,430,376,0
absorbing,0.3,32,6,339.86604136343936,292.25712696232364,0.0056534673853786774,323,384,411,350,0
absorbing,0.3,32,7,339.88394954984136,294.25796673733186,0.005497110863136415,323,384,455,394,0
absorbing,0.3,32,8,340.04402128465995,350.8699579434247,0.004724123338104812,387,390,446,449,0
absorbing,0.3,32,9,339.8042797701232,277.98850741739534,0.006075615010909852,303,384,466,385,0
absorbing,0.3,32,10,339.8686182505821,294.3569378871128,0.005677912400841735,324,384,465,405,0
absorbing,0.3,32,11,339.8197168019969,281.8229511630513,0.005886705533203069,307,384,437,360,0
absorbing,0.3,32,12,339.9361988070638,304.93034695458056,0.005200449254685844,333,384,436,385,0
absorbing,0.3,32,13,339.76405488041763,258.88087675505363,0.006254179251461895,285,384,467,368,0
absorbing,0.3,32,14,339.92136585755685,314.1510720997049,0.005382930844245469,341,384,426,383,0
absorbing,0.3,32,15,339.96918217006385,321.45412869547994,0.005092273147084206,352,384,441,409,0
absorbing,0.3,32,16,339.6204245322442,232.96275957223241,0.007304458337088473,253,384,466,335,0
absorbing,0.3,32,17,340.059375669082,348.0060839408201,0.0045461770404140395,380,398,434,430,0
absorbing,0.3,32,18,339.99924830295527,320.53214592078183,0.004951398663056213,353,384,418,387,0
absorbing,0.3,32,19,339.77422509175403,275.9792647603359,0.006129351960682101,303,384,458,377,0
absorbing,0.3,32,20,340.1039686906428,363.39748469510596,0.004445714228647211,398,399,410,424,0
absorbing,0.3,32,21,339.98365644322814,326.29418886371616,0.0050744196045838024,357,384,448,421,0
absorbing,0.3,32,22,339.8890725675655,292.2100975792564,0.005561401767560698,323,384,468,407,0
absorbing,0.3,32,23,339.8561290779259,293.35706671602986,0.005739880493559559,321,384,434,371,0
absorbing,0.3,32,24,340.0076543299764,335.5227966825663,0.004925210631540009,367,384,455,438,0
absorbing,0.3,32,25,339.735863721486,256.06943290925824,0.006361615017181056,278,384,450,344,0
absorbing,0.3,32,26,339.61303201168636,222.1989797062729,0.007306400614898903,245,384,416,277,0
absorbing,0.3,32,27,339.9752044560633,317.74966121374115,0.005094996743804887,348,384,440,404,0
absorbing,0.3,32,28,339.94899116721587,319.2762242958242,0.005222938919715928,351,384,416,383,0
absorbing,0.3,32,29,339.97609135919896,323.9953596827594,0.005116142300776312,354,384,458,428,0
absorbing,0.3,32,30,339.93547933067543,299.187579484865,0.005224635962291359,328,384,447,391,0
absorbing,0.3,32,31,339.8533208736321,290.4116237351316,0.005746473167894887,320,384,443,379,0
absorbing,0.3,32,32,339.9623698344079,318.72015341335714,0.005145497527261826,351,384,409,376,0
absorbing,0.3,32,33,339.86757543146086,290.4612453240223,0.005622833904614757,317,384,418,351,0
absorbing,0.3,32,34,339.8700018626908,281.47578711540456,0.0056876846352033154,309,384,430,355,0
absorbing,0.3,32,35,339.84805369596376,289.96964536874333,0.005767271608693916,318,384,454,388,0
absorbing,0.3,32,36,339.99653235545424,346.69762651307366,0.004974374344297979,380,384,450,446,0
absorbing,0.3,32,37,339.93950288949895,309.6298216396442,0.005286750203979653,341,384,445,402,0
absorbing,0.3,32,38,339.9472211137939,315.14483475819185,0.005230120960244499,345,384,451,412,0
absorbing,0.3,32,39,339.9630498018255,324.62664291655534,0.005058379273675654,358,384,438,412,0
reflecting,0.3,32,0,340.1448708032744,323.0643917860819,0.004865174505839585,355,384,416,387,0
reflecting,0.3,32,1,339.9812112587286,287.38370039840476,0.005734065751223969,315,384,398,329,0
reflecting,0.3,32,2,340.0471930210973,306.3080441113392,0.0053275851638000206,334,384,389,339,0
reflecting,0.3,32,3,340.0665280402444,308.32313336634115,0.0052876713391360915,338,384,418,372,0
reflecting,0.3,32,4,339.86071178195976,257.51751724674193,0.006258195471345636,281,384,413,310,0
reflecting,0.3,32,5,340.12088613644255,325.63004496615696,0.005002222747688508,361,384,426,403,0
reflecting,0.3,32,6,339.8762931869526,254.90546192159724,0.006352342685968938,281,384,422,319,0
reflecting,0.3,32,7,340.0916015822936,314.3720564470098,0.00507160721304113,342,384,394,352,0
reflecting,0.3,32,8,340.06696210735873,308.8728480997321,0.005269607200461868,339,384,391,346,0
reflecting,0.3,32,9,340.0769997505562,314.3876235632374,0.005193464764924749,347,384,408,371,0
reflecting,0.3,32,10,340.18312690390155,350.4423167180495,0.004619848250458762,385,388,419,420,0
reflecting,0.3,32,11,340.2273631586155,358.3600176365742,0.004462766006196573,389,392,416,421,0
reflecting,0.3,32,12,339.9716059529571,290.0227165554974,0.005661409017152487,320,384,457,393,0
reflecting,0.3,32,13,340.0506604304286,294.2374125804486,0.0053558285047329915,322,384,389,327,0
reflecting,0.3,32,14,340.17125926521794,342.8648216334483,0.004711386446864105,376,389,420,412,0
reflecting,0.3,32,15,340.04524854726003,312.49417016920324,0.005343444440546787,344,384,424,384,0
reflecting,0.3,32,16,340.0795362934006,322.9140163792054,0.00517081468676044,351,384,424,391,0
reflecting,0.3,32,17,340.1678073966219,347.30128145875904,0.00466730672542437,379,398,429,424,0
reflecting,0.3,32,18,340.057970203565,316.247079828371,0.00534318749719302,346,384,398,360,0
reflecting,0.3,32,19,340.02976470872744,303.064655573705,0.005461843333189162,333,386,444,393,0
reflecting,0.3,32,20,339.94997502969886,281.21552606220655,0.005558424419234691,306,384,415,337,0
reflecting,0.3,32,21,340.1661763782563,350.4505925947107,0.004676988343013598,380,387,409,405,0
reflecting,0.3,32,22,340.2129675547916,349.2591502151154,0.004544578046734793,381,387,433,430,0
reflecting,0.3,32,23,340.1215328039059,335.7769548973455,0.0049754280732161255,369,384,403,388,0
reflecting,0.3,32,24,340.0457684814354,321.5273821716138,0.00532903543068346,351,384,411,378,0
reflecting,0.3,32,25,340.00530728574086,293.4698771484643,0.005630671093915651,320,384,404,340,0
reflecting,0.3,32,26,339.86099435467463,258.8942111611431,0.006503957996948201,282,384,395,293,0
reflecting,0.3,32,27,340.1429349387004,332.8949746026535,0.004883222025428825,365,384,400,381,0
reflecting,0.3,32,28,340.10900087018155,320.86503416976973,0.004974430428700696,354,384,401,371,0
reflecting,0.3,32,29,340.2035263560979,348.9799557476597,0.004619063790057347,382,385,395,393,0
reflecting,0.3,32,30,340.1226129594915,335.0425920822825,0.005007552959919607,364,384,396,376,0
reflecting,0.3,32,31,340.10601790084047,328.7605918750089,0.00505837766348442,359,384,439,414,0
reflecting,0.3,32,32,340.0394848200284,300.8612076327659,0.005415985347734202,329,384,408,353,0
reflecting,0.3,32,33,339.8228101362473,250.57297166325577,0.006677693428627545,273,384,392,281,0
reflecting,0.3,32,34,340.2280173421436,368.270763244584,0.004479232590753019,401,404,412,429,0
reflecting,0.3,32,35,340.1065993591213,321.72907746117744,0.005087259829537647,353,384,384,353,0
reflecting,0.3,32,36,340.036388485747,304.9531037601683,0.005447846905704964,333,384,388,337,0
reflecting,0.3,32,37,339.9529306991898,280.7727080920387,0.0058590568806876605,310,384,400,326,0
reflecting,0.3,32,38,340.0781532636022,315.0709539827467,0.0052380528366785094,347,384,409,372,0
reflecting,0.3,32,39,340.06501280412425,315.9495247884797,0.005272492484012592,348,384,412,376,0
absorbing,0.3,34,0,340.00087903232685,332.7076321232695,0.00501466217825734,366,384,427,409,0
absorbing,0.3,34,1,339.8973258766311,293.79444475432524,0.005477814847935749,322,384,439,377,0
absorbing,0.3,34,2,339.9583116027857,315.713922788775,0.005195951145498755,349,384,438,403,0
absorbing,0.3,34,3,339.72208738128006,251.06784991465813,0.0065850173847189775,274,384,433,323,0
absorbing,0.3,34,4,339.91629383902807,305.4823500516476,0.005387200631744386,335,384,441,392,0
absorbing,0.3,34,5,339.9884197701149,323.12720620245005,0.0050934610280897056,354,384,427,397,0
absorbing,0.3,34,6,340.03271967928265,338.37516667764885,0.004842443024357171,370,384,421,407,0
absorbing,0.3,34,7,339.9519626155551,312.6054542898386,0.005283675732314241,343,384,449,408,0
absorbing,0.3,34,8,340.11380900534573,369.1606566990157,0.0044339634015409975,401,402,439,456,0
absorbing,0.3,34,9,339.8934022831796,292.02130586172785,0.005594115645377571,318,384,435,369,0
absorbing,0.3,34,10,340.17739185081655,378.01430250128,0.004161765095382221,416,418,439,471,0
absorbing,0.3,34,11,339.77490498238967,265.910698609873,0.006187585394690992,292,384,438,346,0
absorbing,0.3,34,12,340.1346902934316,381.35528510890015,0.004310596244209747,416,425,463,495,0
absorbing,0.3,34,13,339.882132803655,296.60353762452337,0.005529155047344521,322,384,437,375,0
absorbing,0.3,34,14,340.2034497886609,397.16487282179816,0.004060203309058162,436,454,471,523,0
absorbing,0.3,34,15,340.01066013583903,336.20814895610397,0.004955807941881047,365,386,454,435,0
absorbing,0.3,34,16,340.1005376601764,359.4933079794091,0.004495502896170553,395,395,424,435,0
absorbing,0.3,34,17,339.85929812722685,281.2396752638334,0.0057690494101759505,309,384,431,356,0
absorbing,0.3,34,18,340.028057150083,343.03738268625983,0.004842387781424557,374,384,430,420,0
absorbing,0.3,34,19,340.0974303377898,361.3851578729055,0.004546825248349269,393,397,455,464,0
absorbing,0.3,34,20,339.82045041472594,277.5771251324611,0.005899875416329717,305,384,448,369,0
absorbing,0.3,34,21,339.8470432303591,286.62679347307875,0.00562885689759505,316,384,451,383,0
absorbing,0.3,34,22,340.05344644176284,346.5808608671027,0.004749250367708015,380,423,473,469,0
absorbing,0.3,34,23,340.00434463414695,330.52647733086087,0.004898796729148476,362,384,421,399,0
absorbing,0.3,34,24,340.1097801020719,358.69745098104136,0.00446975138563498,397,404,428,441,0
absorbing,0.3,34,25,339.7882669288917,269.08914770503264,0.006104086105971167,294,384,424,334,0
absorbing,0.3,34,26,340.01147800987576,331.4556039132506,0.0049698165084482845,363,384,457,436,0
absorbing,0.3,34,27,340.016339875508,335.67930567498576,0.004926538764078862,367,384,450,433,0
absorbing,0.3,34,28,339.93165577612456,302.6301501518856,0.005355217903347443,331,384,431,378,0
absorbing,0.3,34,29,339.8563117159004,285.67308176516417,0.0057593588277992285,315,384,436,367,0
absorbing,0.3,34,30,340.06155433666703,353.4434985007758,0.004732440427626977,387,396,436,439,0
absorbing,0.3,34,31,339.90015231452367,297.5728756335039,0.005408575434483664,328,384,417,361,0
absorbing,0.3,34,32,339.90382068265984,296.7522429098055,0.005503996599408405,326,384,420,362,0
absorbing,0.3,34,33,339.92723547113144,301.89583158917617,0.005395572033661808,333,384,433,382,0
absorbing,0.3,34,34,339.97172849771215,312.20128006978666,0.005125388854414703,343,384,448,407,0
absorbing,0.3,34,35,339.8649875601422,284.19164099695644,0.00568880055190508,313,384,438,367,0
absorbing,0.3,34,36,340.04400251197546,343.34392174752105,0.004731235842996072,374,384,444,434,0
absorbing,0.3,34,37,339.96236412719156,307.1470876327716,0.005180425338529265,335,384,460,411,0
absorbing,0.3,34,38,340.0491141677325,341.4840203534635,0.004797609070113626,374,384,430,420,0
absorbing,0.3,34,39,340.02029845907816,326.1115171726249,0.004936096728141611,361,389,439,416,0
reflecting,0.3,34,0,340.14759540509334,324.30330270320144,0.005009979495283589,356,384,408,380,0
reflecting,0.3,34,1,340.0830218810369,300.3250814564973,0.005266656207645407,329,384,395,340,0
reflecting,0.3,34,2,340.16485091099844,325.5761694968765,0.004843998407415335,359,384,380,355,0
reflecting,0.3,34,3,340.09101425203664,308.0189286967468,0.0052553328650402735,337,384,425,378,0
reflecting,0.3,34,4,340.01564136539133,289.1999066751558,0.005748805935498646,317,384,415,348,0
reflecting,0.3,34,5,340.2184117496125,346.65534837492027,0.004692864321208066,380,399,421,417,0
reflecting,0.3,34,6,340.04094545751565,293.62546205592696,0.0055830095674047455,322,387,433,371,0
reflecting,0.3,34,7,340.1459476792348,322.93077260061096,0.005023308351218265,354,384,406,376,0
reflecting,0.3,34,8,340.0883950371105,305.4958502479981,0.005312829042032798,333,384,418,367,0
reflecting,0.3,34,9,340.17282319600764,330.11340523626825,0.0049063585828812645,358,384,376,350,0
reflecting,0.3,34,10,340.213689439223,349.04128068793324,0.004702694508745868,382,390,419,417,0
reflecting,0.3,34,11,339.9926712521257,289.71257537195817,0.005830409170506605,321,384,410,347,0
reflecting,0.3,34,12,339.97096786940716,279.2502287848957,0.005963214117196057,308,384,425,349,0
reflecting,0.3,34,13,340.0347526081472,298.86907609757964,0.0053880063557442326,326,384,405,347,0
reflecting,0.3,34,14,340.1809301934223,337.2654127088629,0.004857562807363668,370,389,417,403,0
reflecting,0.3,34,15,340.0626140818177,286.72818888090904,0.005410723791367274,313,384,409,338,0
reflecting,0.3,34,16,340.35689295552766,395.3037782819735,0.00406705622505048,435,436,421,472,0
reflecting,0.3,34,17,340.0171316359633,287.21266005986956,0.005620022473196114,314,384,412,342,0
reflecting,0.3,34,18,340.05873228594197,292.07029642500197,0.005500346018868987,322,384,387,325,0
reflecting,0.3,34,19,340.06165342721425,302.3687172583879,0.005355235978195097,331,384,409,356,0
reflecting,0.3,34,20,340.20231366768826,339.59495562642246,0.004741731601824557,373,384,424,413,0
reflecting,0.3,34,21,340.1463600783718,331.0136051715857,0.005038990197875475,362,384,439,417,0
reflecting,0.3,34,22,340.1614303691224,335.9700825179799,0.004908603881805284,368,384,413,397,0
reflecting,0.3,34,23,340.1450852354717,326.7963733756681,0.004988770145809118,359,384,383,358,0
reflecting,0.3,34,24,340.014091342908,289.37979354064737,0.005727178492092623,316,384,437,369,0
reflecting,0.3,34,25,340.02014039192244,296.5963753193013,0.005384894097819557,323,384,420,359,0
reflecting,0.3,34,26,340.0474579419591,295.69915299594334,0.005536383266113738,326,384,419,361,0
reflecting,0.3,34,27,340.20030391032674,336.8749053264536,0.004771506876493862,369,384,407,392,0
reflecting,0.3,34,28,340.02394665211045,294.5020800404434,0.005627644997610178,323,384,419,358,0
reflecting,0.3,34,29,340.1377555141361,331.68472918544325,0.004953666425905337,363,384,417,396,0
reflecting,0.3,34,30,340.0648870489656,302.2767581037745,0.0054605171007368475,333,384,418,367,0
reflecting,0.3,34,31,340.04557064977087,291.6468103375655,0.00551477619587989,320,384,429,365,0
reflecting,0.3,34,32,340.0105465618856,291.65899737122754,0.0057458449235461865,319,384,409,344,0
reflecting,0.3,34,33,340.1099156004891,317.3333586162155,0.005220940432556769,348,384,396,360,0
reflecting,0.3,34,34,339.9919385767062,276.43705107472135,0.005863826517957693,303,384,417,336,0
reflecting,0.3,34,35,340.1566837594531,328.0470331630032,0.004921350881013803,358,384,411,385,0
reflecting,0.3,34,36,340.1065915574302,309.75562139005154,0.005079646705179168,342,384,439,397,0
reflecting,0.3,34,37,340.1012107612636,320.40383414575484,0.0051562439640493425,350,384,403,369,0
reflecting,0.3,34,38,340.1019516987214,316.37957198325586,0.005228455929830652,348,384,391,355,0
reflecting,0.3,34,39,340.1175604520273,319.74136134740206,0.005041955555033738,349,384,411,376,0
absorbing,0.3,36,0,339.9934024661059,311.261550477969,0.005272088052165604,340,384,429,385,0
absorbing,0.3,36,1,339.89904181577316,282.54280099232335,0.005837770747802948,310,384,440,366,0
absorbing,0.3,36,2,339.9862924683668,309.0957721289042,0.005326138366510876,340,384,417,373,0
absorbing,0.3,36,3,340.0447591082872,327.81083408280824,0.004890881384122602,355,384,430,401,0
absorbing,0.3,36,4,339.95051570880764,293.1099809243085,0.0054866330133882275,321,384,445,382,0
absorbing,0.3,36,5,339.9320391629902,291.86721450236405,0.005534873593815051,319,384,424,359,0
absorbing,0.3,36,6,340.01464426832206,316.1987759700402,0.0051966822139292304,349,384,435,400,0
absorbing,0.3,36,7,339.87315424483376,281.6722186251339,0.005893180682706113,310,384,437,363,0
absorbing,0.3,36,8,340.0274433171192,325.9282218554763,0.005126206055402736,356,384,418,390,0
absorbing,0.3,36,9,339.9595365832961,304.62676875921517,0.00544848391976836,333,384,426,375,0
absorbing,0.3,36,10,340.0197741919165,319.0372262250317,0.0051784283602916625,345,384,411,372,0
absorbing,0.3,36,11,340.09983587671394,340.9727255032407,0.004759845679204118,376,384,402,394,0
absorbing,0.3,36,12,339.94184580997234,295.2052313268438,0.005528660254591458,326,384,399,341,0
absorbing,0.3,36,13,340.0833110716842,348.3130404432014,0.004810608907975903,380,397,445,441,0
absorbing,0.3,36,14,339.91110440920545,281.2338566116905,0.005700908496598555,308,384,434,358,0
absorbing,0.3,36,15,340.07695158038524,336.9665117033018,0.00479288880456471,364,384,438,418,0
absorbing,0.3,36,16,339.9826037510449,304.0577653232041,0.005375746842656458,336,384,461,413,0
absorbing,0.3,36,17,339.9765767082354,305.46123256500147,0.00538276021109452,333,384,439,388,0
absorbing,0.3,36,18,339.9220613169047,281.4516509717364,0.0056774009074349865,310,384,455,381,0
absorbing,0.3,36,19,339.892773310366,277.2781413671495,0.00585897792696807,306,384,452,374,0
absorbing,0.3,36,20,339.92512845529274,290.87921239891523,0.005613873844871038,323,384,458,397,0
absorbing,0.3,36,21,339.9067718013528,281.2795787519247,0.005669600835888946,308,384,405,329,0
absorbing,0.3,36,22,339.8722105920609,273.4679810472762,0.005915154741011689,302,384,423,341,0
absorbing,0.3,36,23,339.962792759422,307.6519052948587,0.005440576882853419,336,384,422,374,0
absorbing,0.3,36,24,339.961589589474,294.92509977188274,0.005490015996522835,324,384,425,365,0
absorbing,0.3,36,25,339.9170301596097,285.4901354842827,0.005704511402833218,315,384,440,371,0
absorbing,0.3,36,26,339.9935610516931,317.5515501923734,0.005313110286059481,349,384,431,396,0
absorbing,0.3,36,27,340.1608025935161,363.334039745925,0.004466372725577539,400,403,398,414,0
absorbing,0.3,36,28,340.0370473581127,321.6604978726717,0.005085272844390578,353,384,417,386,0
absorbing,0.3,36,29,340.13021679695794,353.25873802418135,0.004635856822173634,388,395,437,441,0
absorbing,0.3,36,30,340.0123648115302,317.4011309503874,0.0051966326676417965,348,384,410,374,0
absorbing,0.3,36,31,339.9818656020563,299.9379183375467,0.0052523999807785535,332,384,426,374,0
absorbing,0.3,36,32,339.9439218484175,300.1162867327133,0.005538212469848925,326,384,411,353,0
absorbing,0.3,36,33,339.995934494785,311.9640685157017,0.005241401291422555,344,384,457,417,0
absorbing,0.3,36,34,339.9894808166079,318.2649926510087,0.005330356344994434,351,384,441,408,0
absorbing,0.3,36,35,340.0607958125163,333.40325644760173,0.004938057137379174,367,395,442,425,0
absorbing,0.3,36,36,340.05697011483807,325.23000540584076,0.004967208705583212,356,384,405,377,0
absorbing,0.3,36,37,340.0630908571283,339.8971438846102,0.004924769206823178,375,384,410,401,0
absorbing,0.3,36,38,340.10797350224095,349.3071233458613,0.004706094948466479,384,384,402,402,0
absorbing,0.3,36,39,340.1092751281176,344.993954607146,0.004681785034007746,379,384,430,425,0
reflecting,0.3,36,0,340.222834531282,351.9182243432974,0.004718048628562526,384,400,401,401,0
reflecting,0.3,36,1,340.0866392049108,308.24553753964324,0.005391519939335931,336,384,390,342,0
reflecting,0.3,36,2,340.04550378755084,297.27142890516524,0.005579826070829219,325,384,415,356,0
reflecting,0.3,36,3,340.1478082845351,328.107549416743,0.005074004494476646,358,384,417,391,0
reflecting,0.3,36,4,340.1816590259463,332.91271982826703,0.004949883816278961,365,384,408,389,0
reflecting,0.3,36,5,340.22686470357803,345.39319769953966,0.0046525826298987865,377,384,406,399,0
reflecting,0.3,36,6,340.16498338425595,324.1323409751879,0.005037932235299465,355,384,435,406,0
reflecting,0.3,36,7,340.1459607905223,318.1558909290593,0.0050600864161751856,348,384,418,382,0
reflecting,0.3,36,8,340.1068695485564,309.2886751180006,0.00527491357840439,339,384,414,369,0
reflecting,0.3,36,9,340.0560279184943,305.870712040688,0.005560510357855557,334,384,397,347,0
reflecting,0.3,36,10,340.24064450847715,360.57772148236035,0.004624238297618921,391,399,432,439,0
reflecting,0.3,36,11,340.02020328158596,288.6675084029395,0.005783368747913425,319,384,408,343,0
reflecting,0.3,36,12,340.11109563310185,317.51747994287575,0.0052648287302757765,348,384,413,377,0
reflecting,0.3,36,13,340.0641028510669,302.8706771512095,0.005511149076668466,333,384,404,353,0
reflecting,0.3,36,14,340.0421489213991,286.71354106636903,0.005699476239513554,314,384,411,341,0
reflecting,0.3,36,15,340.2284420575311,341.1021787023627,0.004709579536072579,376,387,408,400,0
reflecting,0.3,36,16,340.21262909464195,349.3287544606891,0.00468001481778691,386,391,376,378,0
reflecting,0.3,36,17,340.19062689322476,338.5974339686543,0.004915019609218019,371,384,422,409,0
reflecting,0.3,36,18,340.1908152172912,339.323380736225,0.004882771171395709,372,384,436,424,0
reflecting,0.3,36,19,340.1555410573221,328.48039752767556,0.004964000776974798,357,384,430,403,0
reflecting,0.3,36,20,340.1367897775494,318.0747826335911,0.005186947926554939,352,384,431,399,0
reflecting,0.3,36,21,340.02289519709086,284.11694027694665,0.005653134284764856,311,384,391,318,0
reflecting,0.3,36,22,340.116080584773,312.6158035543824,0.005247271877318275,344,395,439,399,0
reflecting,0.3,36,23,340.11714440503897,310.3431070548935,0.005261397174554251,338,384,418,372,0
reflecting,0.3,36,24,339.9654951639283,270.83504341889466,0.0061291613120979535,295,384,417,328,0
reflecting,0.3,36,25,340.0747971005818,297.2689669468992,0.005478503975686002,325,384,410,351,0
reflecting,0.3,36,26,340.15997417733826,333.4535349729361,0.005033848519487963,363,384,417,396,0
reflecting,0.3,36,27,340.28212445785965,359.67427339127414,0.004428158515920267,393,407,400,409,0
reflecting,0.3,36,28,340.0975276727775,312.3541917590973,0.005338168467375134,340,384,419,375,0
reflecting,0.3,36,29,340.083777994161,304.58143142930896,0.0054479668565905765,333,384,404,353,0
reflecting,0.3,36,30,340.0817144915435,302.61520396208533,0.005403603362302802,332,384,415,363,0
reflecting,0.3,36,31,340.023569853036,278.34673475884637,0.005787698668140563,307,384,396,319,0
reflecting,0.3,36,32,340.1067008860355,316.3316258945636,0.005325470452504285,348,384,423,387,0
reflecting,0.3,36,33,340.17711850898587,327.17714686050306,0.004907746257323587,356,384,391,363,0
reflecting,0.3,36,34,340.0527082781575,295.3656326903217,0.0054555701980356424,324,384,432,372,0
reflecting,0.3,36,35,340.00246964307667,287.765398076677,0.005736829310525794,313,384,417,346,0
reflecting,0.3,36,36,340.24733575009583,367.0353528843073,0.004435561194962035,401,415,413,430,0
reflecting,0.3,36,37,339.98066499053465,277.5289385870513,0.006037504133198384,303,384,387,306,0
reflecting,0.3,36,38,339.9348023514865,266.2533301184333,0.006275982451672847,292,384,415,323,0
reflecting,0.3,36,39,340.0717684548965,295.20730464197356,0.005495812930452198,328,384,386,330,0
absorbing,0.5,8,0,325.95262365357473,326.59192789279365,0.005308641942273691,362,437,1467,1445,0
absorbing,0.5,8,1,325.75284903283585,259.1538565933158,0.006443197675772302,284,384,1325,1225,0
absorbing,0.5,8,2,325.8544226222473,293.72918737195397,0.005698053530440398,326,387,1351,1293,0
absorbing,0.5,8,3,325.4691865001068,198.49902980049382,0.00852842618931297,222,384,1228,1066,0
absorbing,0.5,8,4,325.8285352944326,272.31174459701896,0.006004233162187286,303,394,1366,1285,0
absorbing,0.5,8,5,325.39955979417454,190.4130824834288,0.009258529919819392,210,384,1229,1055,0
absorbing,0.5,8,6,325.5079293821319,204.39975950545485,0.008228815374145111,227,384,1234,1077,0
absorbing,0.5,8,7,325.82653378925517,278.50635086909693,0.006030175501147892,310,400,1382,1308,0
absorbing,0.5,8,8,325.6228793416097,226.7219675029104,0.007361867221834098,251,403,1337,1204,0
absorbing,0.5,8,9,325.7823609931469,258.20592657719527,0.006251185234296457,290,421,1442,1348,0
absorbing,0.5,8,10,325.6972621148785,244.07407134237448,0.006772261969239561,272,427,1445,1333,0
absorbing,0.5,8,11,325.13948652055467,139.4916073301591,0.011697445580286996,158,384,1126,900,0
absorbing,0.5,8,12,325.55827330026506,220.4806077899323,0.007744111433253654,243,384,1267,1126,0
absorbing,0.5,8,13,325.7604883068228,272.3694673945877,0.0064548116265598756,305,398,1378,1299,0
absorbing,0.5,8,14,325.41480364045003,191.2312029357557,0.008995096081191714,213,384,1213,1042,0
absorbing,0.5,8,15,325.5519243668409,215.98974863915168,0.00791216651103608,240,384,1250,1106,0
absorbing,0.5,8,16,325.6016464177059,228.96326980199765,0.00753497235744952,254,384,1231,1101,0
absorbing,0.5,8,17,325.7058983958215,244.399033541447,0.006745628012505623,271,429,1414,1301,0
absorbing,0.5,8,18,325.70327601574036,255.17565799263235,0.00679969630295687,281,384,1279,1176,0
absorbing,0.5,8,19,325.5389489490976,209.75484404606573,0.008003823059797568,234,384,1192,1042,0
absorbing,0.5,8,20,325.778862304497,266.4674262992665,0.006211773459322259,293,386,1329,1238,0
absorbing,0.5,8,21,325.33474870539777,173.45125253838572,0.009780563449494673,194,384,1230,1040,0
absorbing,0.5,8,22,325.5038534836574,210.90450124674564,0.008204337849087884,232,384,1183,1031,0
absorbing,0.5,8,23,325.48072749708433,196.0558039066322,0.008398552396041068,218,384,1207,1041,0
absorbing,0.5,8,24,325.32217087349073,179.458800970137,0.009928422374355043,198,384,1219,1033,0
absorbing,0.5,8,25,325.6057206098651,228.93400030040394,0.0075306996982516744,255,384,1298,1169,0
absorbing,0.5,8,26,326.0210457733364,346.769456295659,0.004898195106127614,387,416,1389,1392,0
absorbing,0.5,8,27,325.6178570693267,231.18265624489712,0.007394701818744713,257,407,1385,1258,0
absorbing,0.5,8,28,325.8201671902502,286.2610028297802,0.0060641416574970936,317,402,1387,1320,0
absorbing,0.5,8,29,325.5385919606262,217.5131821462057,0.007971758279287353,245,384,1249,1110,0
absorbing,0.5,8,30,326.120209320461,373.4989411707932,0.0044625857906484346,413,443,1515,1544,0
absorbing,0.5,8,31,325.5495168367847,209.74535785575333,0.007813730922322678,233,384,1188,1037,0
absorbing,0.5,8,32,325.6804694027295,258.4979918811367,0.0069349216595214055,284,384,1278,1178,0
absorbing,0.5,8,33,325.7631405290301,258.6200567822131,0.0062820381766341875,285,401,1332,1233,0
absorbing,0.5,8,34,325.6816772685421,241.44546492714713,0.006846269882702342,271,407,1419,1306,0
absorbing,0.5,8,35,325.85564428904337,283.26492352024377,0.005802074406947562,312,384,1364,1292,0
absorbing,0.5,8,36,326.0203115505039,348.45804144439273,0.00489522021354961,382,500,1604,1602,0
absorbing,0.5,8,37,325.80827949374776,285.11701141440363,0.00593995075541145,312,390,1336,1264,0
absorbing,0.5,8,38,325.3542035340624,180.31974238821536,0.009587494858055426,200,384,1165,981,0
absorbing,0.5,8,39,325.38492121125523,181.66105719119398,0.009230753395722019,204,384,1230,1050,0
reflecting,0.5,8,0,330.4784218649682,279.8425046823975,0.005897506107326096,305,384,797,718,0
reflecting,0.5,8,1,330.47376936299224,275.7811448185833,0.005915914892946876,306,384,735,657,0
reflecting,0.5,8,2,330.6870266508687,328.74982569534717,0.004789785845234305,360,403,834,810,0
reflecting,0.5,8,3,330.6018972366315,313.9768872420558,0.005213528804346937,343,398,813,772,0
reflecting,0.5,8,4,330.72548110614633,350.3018269856589,0.00461139413300313,384,406,843,843,0
reflecting,0.5,8,5,330.8038282421228,384.59341721505706,0.0042582373154703744,420,423,858,894,0
reflecting,0.5,8,6,330.4860916114126,285.84336223677326,0.00561406617156885,310,384,787,713,0
reflecting,0.5,8,7,330.5675973047862,305.51627633458753,0.0053978505948875264,332,384,810,758,0
reflecting,0.5,8,8,330.68345179441354,346.08753252819537,0.004720828873795083,375,384,739,730,0
reflecting,0.5,8,9,330.68400868419343,340.9916147372302,0.0048075179166923825,373,395,852,841,0
reflecting,0.5,8,10,330.4963387985486,278.19488515067206,0.005811273783537283,307,391,829,752,0
reflecting,0.5,8,11,330.5987893389164,319.04310981050025,0.005125695374626392,347,384,709,672,0
reflecting,0.5,8,12,330.8807463911946,417.4550175622645,0.003909535757206256,459,464,818,893,0
reflecting,0.5,8,13,330.4732532805122,281.8714700899443,0.005726944154934724,311,384,799,726,0
reflecting,0.5,8,14,330.6488595670959,323.40724831904737,0.004857747571837313,354,384,750,720,0
reflecting,0.5,8,15,330.2441110299174,222.01436858885043,0.007215506942747728,242,384,751,609,0
reflecting,0.5,8,16,330.6788730917964,339.7603712071477,0.004787095744742924,373,430,896,885,0
reflecting,0.5,8,17,330.79700342108976,372.2483940429624,0.004292284517714754,410,425,850,876,0
reflecting,0.5,8,18,330.70823818095175,344.7118527775191,0.004697669092753128,376,392,803,795,0
reflecting,0.5,8,19,330.44276558308803,261.63344551220666,0.006033770758918104,289,384,806,711,0
reflecting,0.5,8,20,330.62476540555565,336.17337683284205,0.0050294617069784634,370,384,830,816,0
reflecting,0.5,8,21,330.69471597992685,344.3763779654148,0.004726836645678718,375,416,893,884,0
reflecting,0.5,8,22,330.63059454086675,325.18148392272417,0.0050387744257286045,356,385,846,818,0
reflecting,0.5,8,23,330.64564750984783,319.0579824622385,0.004990056721574062,349,384,755,720,0
reflecting,0.5,8,24,330.6957513748875,338.9252539012217,0.004762433734910718,373,390,793,782,0
reflecting,0.5,8,25,330.5923773316444,304.4037972940288,0.005247945142090178,337,384,835,788,0
reflecting,0.5,8,26,330.7250585559546,348.6195513313627,0.004541688595670203,387,418,828,831,0
reflecting,0.5,8,27,330.5926810055214,324.2690533063131,0.005130440864041084,351,396,829,796,0
reflecting,0.5,8,28,330.4158520247213,255.43181028828434,0.006279379544666748,281,384,782,679,0
reflecting,0.5,8,29,330.73440580020235,359.74355853303535,0.0044850199067123075,393,396,841,850,0
reflecting,0.5,8,30,330.91033702093546,428.1997494289531,0.0037974842152822623,468,468,857,941,0
reflecting,0.5,8,31,330.8582630201873,409.31058242482476,0.003964424292313881,448,459,842,906,0
reflecting,0.5,8,32,330.59057399085594,307.82853864856054,0.0052480108096350404,340,384,759,715,0
reflecting,0.5,8,33,330.52861950412074,285.2580256149058,0.005607156506624587,313,384,798,727,0
reflecting,0.5,8,34,330.52085157543473,288.3765626354203,0.005531844523907765,314,384,779,709,0
reflecting,0.5,8,35,330.6480416837957,334.53555440085506,0.004978322266598219,367,389,851,834,0
reflecting,0.5,8,36,330.6247603542279,316.9602290201584,0.00510397200022708,347,385,801,764,0
reflecting,0.5,8,37,330.518595020439,288.774487636928,0.005668686864494968,317,384,758,691,0
reflecting,0.5,8,38,330.5261151766874,286.77656730978015,0.005630475481951648,315,384,748,679,0
reflecting,0.5,8,39,330.67813602810753,343.6224618740936,0.004833675367352003,380,384,799,795,0
absorbing,0.5,10,0,328.3342326965485,228.0153647650084,0.007109444648978516,251,384,1043,910,0
absorbing,0.5,10,1,328.3285313685053,231.19076438674148,0.007148527223237692,256,384,1110,982,0
absorbing,0.5,10,2,328.5692896267267,300.19906511490024,0.005556037176939713,329,384,1112,1057,0
absorbing,0.5,10,3,328.17167037934524,204.91732050913203,0.008289370115714416,226,384,1102,944,0
absorbing,0.5,10,4,328.70452635470724,339.79123467211633,0.004902875555833118,371,408,1151,1138,0
absorbing,0.5,10,5,328.26774951546133,220.09597818879888,0.007576435178016557,246,411,1209,1071,0
absorbing,0.5,10,6,328.6730796301844,314.070854706603,0.005006518952274418,344,428,1286,1246,0
absorbing,0.5,10,7,328.42604243813304,257.9959705793407,0.006308373785679854,282,384,1086,984,0
absorbing,0.5,10,8,328.6701895182565,325.86981383374217,0.005034854915208111,358,460,1311,1285,0
absorbing,0.5,10,9,328.1459182987264,188.31381135684506,0.008546935615228417,208,384,924,748,0
absorbing,0.5,10,10,328.4126604943087,249.3228369050277,0.006547699709007039,278,384,1111,1005,0
absorbing,0.5,10,11,328.0833822589389,179.374694427186,0.00902094619046034,198,384,1078,892,0
absorbing,0.5,10,12,328.1626205076171,194.4078257993561,0.008419946489843113,214,384,1071,901,0
absorbing,0.5,10,13,328.3949433192057,247.57799950366942,0.006646106649651503,274,413,1230,1120,0
absorbing,0.5,10,14,328.44610845654904,263.04162898911915,0.006196993101218188,289,385,1211,1116,0
absorbing,0.5,10,15,328.4931150121374,267.69127336324254,0.005992066824071175,296,442,1215,1127,0
absorbing,0.5,10,16,328.4149763539544,248.6371548707234,0.006533314004025823,274,384,1143,1033,0
absorbing,0.5,10,17,328.4517231502489,256.95172406659987,0.006306307005783434,284,384,1157,1057,0
absorbing,0.5,10,18,328.3049026795344,223.90754247173763,0.007288337867309587,248,384,1113,977,0
absorbing,0.5,10,19,328.20950883651983,206.07476914373387,0.0080175206974941,230,384,1061,907,0
absorbing,0.5,10,20,328.74864459942813,354.12944627994426,0.004626603413063836,390,467,1300,1306,0
absorbing,0.5,10,21,328.51952049290423,277.11426151657906,0.005880568730925228,306,384,1186,1108,0
absorbing,0.5,10,22,328.4132731582266,254.372891673034,0.006541779915924628,282,384,1121,1019,0
absorbing,0.5,10,23,328.21908374981604,204.07829333541673,0.007804769156660638,225,384,1037,878,0
absorbing,0.5,10,24,328.5661680266446,291.8701798874349,0.005590515439828008,319,384,1180,1115,0
absorbing,0.5,10,25,328.54434750540366,292.42535855219904,0.005730787754101096,322,384,1153,1091,0
absorbing,0.5,10,26,328.38421047103407,247.1051695950248,0.0065167644291401206,274,384,1119,1009,0
absorbing,0.5,10,27,328.3318609862097,233.58965060557836,0.007063600221856793,260,412,1178,1054,0
absorbing,0.5,10,28,328.2584014378407,218.70291384038515,0.007638098900489182,241,385,1173,1030,0
absorbing,0.5,10,29,328.3476357432241,233.62974149027826,0.006922767811519121,257,384,1112,985,0
absorbing,0.5,10,30,328.62726092784766,315.22267561034215,0.0052895308518157436,347,425,1255,1218,0
absorbing,0.5,10,31,328.3326953005208,240.12469322291048,0.007051582278928863,264,384,1119,999,0
absorbing,0.5,10,32,328.2784487162942,218.74136880376764,0.007481242199149558,243,404,1188,1047,0
absorbing,0.5,10,33,328.5206374391196,276.35456207511794,0.005843048768221196,302,414,1223,1141,0
absorbing,0.5,10,34,328.5472826155603,292.8634447483296,0.005662279122283014,320,406,1182,1118,0
absorbing,0.5,10,35,328.3730590513327,238.71567647679632,0.006814960566248811,265,384,1103,984,0
absorbing,0.5,10,36,328.4724549791368,268.0516838334207,0.006107524366296626,296,402,1213,1125,0
absorbing,0.5,10,37,328.2764559928572,210.5456524812876,0.00738838944718849,232,384,991,839,0
absorbing,0.5,10,38,328.50739830028414,271.5517434748235,0.005913499635555703,299,389,1165,1080,0
absorbing,0.5,10,39,328.3103930874852,236.5173888281869,0.007217269220034124,261,434,1279,1156,0
reflecting,0.5,10,0,331.5497571780422,344.7988664134803,0.004530395813559186,378,387,762,756,0
reflecting,0.5,10,1,331.4356225928564,317.48795832551144,0.005215385470917248,348,384,717,681,0
reflecting,0.5,10,2,331.2577779533574,265.7126388475817,0.006260237480539122,293,384,707,616,0
reflecting,0.5,10,3,331.41766332546996,315.52209686497866,0.005241462876584938,347,384,773,736,0
reflecting,0.5,10,4,331.40554700287817,295.8182304726842,0.0052648572633459114,325,384,713,654,0
reflecting,0.5,10,5,331.39193454960497,298.1297577986214,0.00545700523136369,326,384,731,673,0
reflecting,0.5,10,6,331.55667502266755,346.40226114498086,0.004631657818390576,381,397,755,752,0
reflecting,0.5,10,7,331.3143712165261,276.82227344652455,0.005899682796573811,308,384,750,674,0
reflecting,0.5,10,8,331.73561567486104,418.12693898135433,0.0038322554762880577,461,465,801,878,0
reflecting,0.5,10,9,331.3972723525369,301.4549895663172,0.00540602931598631,329,384,749,694,0
reflecting,0.5,10,10,331.29779188327393,278.4587648334743,0.006008537809925645,304,384,731,651,0
reflecting,0.5,10,11,331.2132198423645,248.98836705884344,0.006547553986604982,272,384,687,575,0
reflecting,0.5,10,12,331.12518024385645,230.2906857716232,0.007121142309327417,252,384,657,525,0
reflecting,0.5,10,13,331.3178557105969,268.6899181216235,0.0058821524809615664,293,384,682,591,0
reflecting,0.5,10,14,331.7160780736879,412.3839165372,0.003957904026334495,453,453,771,840,0
reflecting,0.5,10,15,331.4802041009863,331.23796956596914,0.004957037952996476,364,394,785,765,0
reflecting,0.5,10,16,331.27725476927236,257.70326393852656,0.006132854975854392,287,384,698,601,0
reflecting,0.5,10,17,331.3308204328629,285.4160787576868,0.00564652215617852,314,384,698,628,0
reflecting,0.5,10,18,331.4078110936966,293.6591870508426,0.005373857755532648,324,384,739,679,0
reflecting,0.5,10,19,331.5202669889014,335.6850603350592,0.004767276584378417,369,388,777,762,0
reflecting,0.5,10,20,331.56684758159867,349.8262819449483,0.004592323388723228,387,400,727,730,0
reflecting,0.5,10,21,331.60181393433265,373.3763226426818,0.004423767991722027,412,428,798,826,0
reflecting,0.5,10,22,331.5849916066115,354.838216122406,0.004485542032104894,388,397,786,790,0
reflecting,0.5,10,23,331.5346477517298,354.59761576527984,0.004693455438649796,389,411,796,801,0
reflecting,0.5,10,24,331.43944777220776,321.82801586720325,0.0052145634686294375,354,390,781,751,0
reflecting,0.5,10,25,331.4742004747674,325.4419188479617,0.005005746544013184,357,384,738,711,0
reflecting,0.5,10,26,331.4856677358009,328.8841635382504,0.004983474119344964,358,384,720,694,0
reflecting,0.5,10,27,331.5733355332628,362.86868062516135,0.004522386357259458,397,402,785,798,0
reflecting,0.5,10,28,331.57725138759116,347.52687868296704,0.004539434591193162,383,387,741,740,0
reflecting,0.5,10,29,331.48470485665285,327.19338944379354,0.004969959295269004,359,396,767,742,0
reflecting,0.5,10,30,331.4551946110206,322.031207236409,0.005072408046293928,354,384,762,732,0
reflecting,0.5,10,31,331.57064101883435,360.5333861120557,0.004545882134734305,391,398,719,726,0
reflecting,0.5,10,32,331.5816824148821,370.2134534179697,0.004451438721834038,405,418,770,791,0
reflecting,0.5,10,33,331.4030944249363,306.38793931429836,0.005393395541941187,336,384,781,733,0
reflecting,0.5,10,34,331.50880639073574,340.57934951955804,0.0046918466871679505,374,393,755,745,0
reflecting,0.5,10,35,331.12240429271634,235.27297210097717,0.0071566725313555735,258,384,781,655,0
reflecting,0.5,10,36,331.42015597489365,309.38937021287023,0.005249493501225031,339,384,693,648,0
reflecting,0.5,10,37,331.4341654091151,310.0478463641727,0.00521506425258891,336,384,724,676,0
reflecting,0.5,10,38,331.3562409230134,277.7506771873044,0.005624290997809899,305,384,725,646,0
reflecting,0.5,10,39,331.44866182199934,311.79677064575253,0.005136446731401854,342,384,745,703,0
absorbing,0.5,12,0,330.01760439168663,314.64946555801686,0.005103732165968989,346,387,1024,986,0
absorbing,0.5,12,1,330.05551710831946,316.7103606981195,0.004936492145083536,350,384,871,837,0
absorbing,0.5,12,2,329.9055778612793,297.7720235345665,0.005726742231448125,327,384,1025,968,0
absorbing,0.5,12,3,329.9220276743376,282.4367942136745,0.005648151164609951,310,388,1064,990,0
absorbing,0.5,12,4,329.99369313543485,305.0825856016752,0.005109284517798773,333,389,1003,952,0
absorbing,0.5,12,5,329.8018432782877,262.1187910049956,0.006363882966966434,287,384,903,806,0
absorbing,0.5,12,6,329.99101094432575,308.3501274509299,0.005260791955981403,339,384,967,922,0
absorbing,0.5,12,7,330.0919047268985,335.2019144510052,0.004767009226000086,368,384,919,903,0
absorbing,0.5,12,8,330.0835420794145,339.925230944744,0.004802854467427835,373,426,1117,1106,0
absorbing,0.5,12,9,329.97028155060315,295.98779316649296,0.0053660452914937595,325,384,1000,941,0
absorbing,0.5,12,10,329.9633929237332,303.27637957696436,0.005336309226241161,333,384,1005,954,0
absorbing,0.5,12,11,330.2836353344771,417.23820293466616,0.003918811279883568,460,475,1156,1232,0
absorbing,0.5,12,12,330.0005473117818,299.7201931226371,0.00509567763646562,330,384,983,929,0
absorbing,0.5,12,13,329.940340019169,292.55351932862555,0.00553578734693312,325,396,1068,1009,0
absorbing,0.5,12,14,330.14486297886833,364.6104375990106,0.0045225638708824125,400,417,1059,1075,0
absorbing,0.5,12,15,330.0399377453536,331.92696578976916,0.005020254388673159,365,384,971,952,0
absorbing,0.5,12,16,330.17472010910745,356.0576899009025,0.004320435610287171,392,411,1001,1009,0
absorbing,0.5,12,17,330.1270333229646,342.5244638756678,0.0046002988930646405,376,384,990,982,0
absorbing,0.5,12,18,330.01229806014993,323.15437074869516,0.0050349491317430856,357,384,1016,989,0
absorbing,0.5,12,19,330.0370989207839,318.39596211731833,0.005003265565360398,351,384,1013,980,0
absorbing,0.5,12,20,329.6283132430723,211.34401079722988,0.007566332438430047,234,384,848,698,0
absorbing,0.5,12,21,330.0225998847839,313.6808097486266,0.005085019064098181,343,398,1047,1006,0
absorbing,0.5,12,22,329.96229370549963,306.5481113909922,0.005243456050463219,336,396,1051,1003,0
absorbing,0.5,12,23,330.0265523713819,315.2575645694497,0.005060239355049388,347,384,977,940,0
absorbing,0.5,12,24,329.94952313983606,292.52874859668333,0.005488551245346724,321,384,1008,945,0
absorbing,0.5,12,25,330.3221356853226,429.1393303412658,0.0037845639753547296,468,502,1210,1294,0
absorbing,0.5,12,26,329.9319306826754,290.97800684408554,0.00558390439864137,317,384,1009,942,0
absorbing,0.5,12,27,330.0642989395182,331.68551732240996,0.004809443586111772,367,399,1018,1001,0
absorbing,0.5,12,28,330.24236006959876,391.39443311303495,0.0041022415335839465,428,428,1010,1054,0
absorbing,0.5,12,29,330.0995254341801,344.30567639302774,0.0046712895378219505,378,386,1045,1039,0
absorbing,0.5,12,30,329.74492215932185,245.57436465269788,0.006697935253275256,268,384,912,796,0
absorbing,0.5,12,31,330.2044424521106,381.61403872793534,0.0042453417773223095,417,421,1030,1063,0
absorbing,0.5,12,32,329.9124213524749,286.6984406413856,0.005681358765483007,316,384,957,889,0
absorbing,0.5,12,33,329.78969928524145,248.50666789647408,0.006451282163149239,277,384,943,836,0
absorbing,0.5,12,34,330.1941372130968,373.8770597414189,0.0043018331725105455,410,410,944,970,0
absorbing,0.5,12,35,330.13514192482626,363.7795984311591,0.004480959656181692,398,409,1062,1076,0
absorbing,0.5,12,36,329.96851423344606,295.5169365425067,0.005367716536151825,325,384,1012,953,0
absorbing,0.5,12,37,329.743522858732,243.1710885900056,0.006715901843591219,264,384,1019,899,0
absorbing,0.5,12,38,329.84918705679934,265.9565198959697,0.005982318244733774,293,384,921,830,0
absorbing,0.5,12,39,330.05986759723424,324.3990445948337,0.004915603129211144,356,384,1017,989,0
reflecting,0.5,12,0,331.78456366863765,250.2128267994819,0.0065958941353265535,277,384,676,569,0
reflecting,0.5,12,1,332.10066449490904,344.65234122459304,0.004777977903013106,381,384,677,674,0
reflecting,0.5,12,2,332.09977490192983,329.2972141807784,0.004840024325763135,362,386,725,703,0
reflecting,0.5,12,3,332.03142209885135,332.66031029458037,0.005148722449516257,366,384,698,680,0
reflecting,0.5,12,4,331.91654948063683,286.8540015811138,0.005684078834029085,318,384,739,673,0
reflecting,0.5,12,5,332.1284545567377,348.6468849427533,0.004701670353239583,378,384,657,651,0
reflecting,0.5,12,6,332.1964405121707,377.619601226614,0.004370770572955189,418,419,715,749,0
reflecting,0.5,12,7,332.1054114094606,355.82083228023356,0.0047530457978196316,391,408,729,736,0
reflecting,0.5,12,8,332.01253134775357,314.3716642810226,0.0052358841701606465,344,384,689,649,0
reflecting,0.5,12,9,331.9767085217849,316.2507922017464,0.005482024976496593,346,384,680,642,0
reflecting,0.5,12,10,332.10097185093366,344.41806546135814,0.00484362848359638,380,396,705,701,0
reflecting,0.5,12,11,332.1051145751341,342.9735246366624,0.004740308289353424,376,399,699,691,0
reflecting,0.5,12,12,331.977046604955,302.4517974923161,0.005462856223337474,336,384,700,652,0
reflecting,0.5,12,13,332.08812941222186,342.2402044773416,0.004873580741426705,370,405,730,716,0
reflecting,0.5,12,14,332.09392242631225,350.425948057039,0.004697607133692175,381,425,753,750,0
reflecting,0.5,12,15,331.8609596573215,267.6964232523779,0.006117338948881471,294,384,658,568,0
reflecting,0.5,12,16,331.8931612585307,290.18749976554676,0.005955038860160603,319,384,675,610,0
reflecting,0.5,12,17,332.0136171003664,321.9099053022274,0.005264993088109177,353,384,732,701,0
reflecting,0.5,12,18,332.0648587364098,335.00668896398355,0.005011651704341981,365,390,700,681,0
reflecting,0.5,12,19,332.0675126030582,329.30895265278275,0.004974353980906937,365,391,705,686,0
reflecting,0.5,12,20,331.9418995282106,294.79928689563326,0.005678417738390742,323,384,725,664,0
reflecting,0.5,12,21,332.0046469706014,305.19901905289817,0.0052824873860407625,337,384,698,651,0
reflecting,0.5,12,22,332.0593742539662,327.23664576698775,0.005030892528598458,362,430,764,742,0
reflecting,0.5,12,23,331.9195605673952,289.37205878999544,0.0057348989388878195,320,384,652,588,0
reflecting,0.5,12,24,331.9038973175595,281.4974097180411,0.005850341949626812,307,384,715,638,0
reflecting,0.5,12,25,331.9954975587296,302.5763340926555,0.00519230413830822,335,384,696,647,0
reflecting,0.5,12,26,331.9753253275681,302.73635936491,0.005481152468368913,335,384,747,698,0
reflecting,0.5,12,27,331.92752135809985,290.57855100212186,0.005689695387363288,322,384,720,658,0
reflecting,0.5,12,28,331.9766846992176,301.298096470606,0.005483369969365319,334,384,739,689,0
reflecting,0.5,12,29,331.94706221597147,295.3357243761108,0.005544093404891052,320,384,683,619,0
reflecting,0.5,12,30,331.9619814414328,297.66768094519443,0.005556889393659292,327,384,677,620,0
reflecting,0.5,12,31,331.87938784430503,271.3096641826158,0.005992704271145205,300,384,693,609,0
reflecting,0.5,12,32,331.91993275136656,284.2443232336532,0.005756659962237572,312,384,717,645,0
reflecting,0.5,12,33,331.9417125064885,296.40059452894826,0.005613017399263064,327,384,695,638,0
reflecting,0.5,12,34,332.06280446424887,324.4892881119671,0.005011094097880249,360,384,702,678,0
reflecting,0.5,12,35,331.934496797571,290.5936367333433,0.005657639310951268,319,384,718,653,0
reflecting,0.5,12,36,331.96863852214824,304.6650546316034,0.005460999330969515,336,384,676,628,0
reflecting,0.5,12,37,332.2022279117194,373.52635492399037,0.004371583779524318,411,415,685,712,0
reflecting,0.5,12,38,331.9080141022778,284.18751441845137,0.0058382027869518975,312,384,742,670,0
reflecting,0.5,12,39,332.0316502879665,315.10330993383326,0.0051480896789069305,350,385,730,696,0
absorbing,0.5,14,0,330.6094370789737,212.46099162478293,0.0077325307868468685,232,384,826,674,0
absorbing,0.5,14,1,330.74016919361037,241.16930726466325,0.00679699373311499,266,384,857,739,0
absorbing,0.5,14,2,331.136026276892,361.84459572670175,0.004547996490507194,401,418,907,924,0
absorbing,0.5,14,3,330.7699496723933,249.41267003723053,0.006627621841577211,276,384,839,731,0
absorbing,0.5,14,4,331.16428744881466,365.14586568716305,0.0044095974584950496,400,411,939,955,0
absorbing,0.5,14,5,330.7750291495023,253.00170375057886,0.00662998614803023,280,384,900,796,0
absorbing,0.5,14,6,331.1360751949514,347.76391819345326,0.004566361316562053,384,414,924,924,0
absorbing,0.5,14,7,330.93047463428803,288.76029488925576,0.00565487485709974,319,392,937,872,0
absorbing,0.5,14,8,331.2367158443794,391.7145992111339,0.004109047934128412,433,451,953,1002,0
absorbing,0.5,14,9,330.77624498108037,245.3217294683667,0.006549739021427406,274,384,887,777,0
absorbing,0.5,14,10,330.875786163291,281.2264051441994,0.005990298131016282,310,384,866,792,0
absorbing,0.5,14,11,331.1465656661443,362.1715575550479,0.004564049706300093,397,428,963,976,0
absorbing,0.5,14,12,331.02165367900056,312.20122183044276,0.005130669110924139,345,409,978,939,0
absorbing,0.5,14,13,330.85901722580223,275.3998591980266,0.00598864258865363,305,384,885,806,0
absorbing,0.5,14,14,331.1899220840166,365.54769200325967,0.004361659694131365,403,404,907,926,0
absorbing,0.5,14,15,330.8021389168423,250.69421325711724,0.006403002628536597,278,384,774,668,0
absorbing,0.5,14,16,331.1721934590076,370.1786817119415,0.004437814155831391,407,451,981,1004,0
absorbing,0.5,14,17,330.9768686650102,306.02671103883347,0.005399611352314062,338,384,890,844,0
absorbing,0.5,14,18,330.8392577988205,260.05257733192826,0.006060452587198807,286,384,835,737,0
absorbing,0.5,14,19,330.9632914439609,297.06177348720377,0.0054817324328188055,329,384,846,791,0
absorbing,0.5,14,20,330.70530678001535,225.1567769767781,0.007091757589679113,249,384,797,662,0
absorbing,0.5,14,21,331.0389227418753,309.77113366465255,0.005062343411112368,342,384,884,842,0
absorbing,0.5,14,22,330.94236486102034,294.35395719752063,0.00546489856959581,325,384,894,835,0
absorbing,0.5,14,23,331.09290640959824,340.4774024339218,0.0047471053080872724,375,384,875,866,0
absorbing,0.5,14,24,330.97402594656523,306.6878166660619,0.005374584763653791,338,395,954,908,0
absorbing,0.5,14,25,330.7203243798214,246.01214568128583,0.006894637697563307,268,384,850,734,0
absorbing,0.5,14,26,330.8217679789038,261.50558346878626,0.006239290419213051,287,384,759,662,0
absorbing,0.5,14,27,330.820926464167,264.90874689786955,0.006266464693301082,290,384,873,779,0
absorbing,0.5,14,28,330.9291691669499,287.3067307833169,0.005656102763414938,317,402,984,917,0
absorbing,0.5,14,29,330.93454410077237,286.4105871733124,0.005614494292785748,313,384,894,823,0
absorbing,0.5,14,30,330.8816157285152,277.10871826786325,0.00589464234644511,305,384,836,757,0
absorbing,0.5,14,31,330.8091183092565,248.72874437990205,0.006390343428062747,275,384,839,730,0
absorbing,0.5,14,32,331.0418120231276,329.6988915719931,0.00493825347744603,359,384,846,821,0
absorbing,0.5,14,33,330.94869870828,294.21927739905493,0.005485016946973055,325,384,842,783,0
absorbing,0.5,14,34,330.92390046417154,294.51414274602814,0.005694161656061134,324,391,979,919,0
absorbing,0.5,14,35,330.8375399997262,263.14344825263356,0.006093615856888395,287,384,877,780,0
absorbing,0.5,14,36,331.0267633503281,329.4360834841621,0.005038136672427657,363,384,890,869,0
absorbing,0.5,14,37,331.0566838000296,329.1678823647453,0.004818459681851518,359,384,881,856,0
absorbing,0.5,14,38,330.9951383363507,309.46383863108434,0.005135373722668117,344,398,922,882,0
absorbing,0.5,14,39,331.1047053055815,334.1467232474123,0.004752313674153678,368,392,922,906,0
reflecting,0.5,14,0,332.4181373268681,340.2768765112439,0.0048088830614088085,374,384,664,654,0
reflecting,0.5,14,1,332.3043378192075,304.25791812385893,0.0053796723391206025,337,384,686,639,0
reflecting,0.5,14,2,332.36545571156444,325.3720618574716,0.005008192050319465,354,384,680,650,0
reflecting,0.5,14,3,332.1781705470101,268.32580092466003,0.006075156984667829,292,384,663,571,0
reflecting,0.5,14,4,332.42892752239527,353.5006099119793,0.004621054769976747,389,389,634,639,0
reflecting,0.5,14,5,332.2834477838155,305.6325169610548,0.005445439779473603,337,388,686,639,0
reflecting,0.5,14,6,332.0643982971158,239.44710849714178,0.0068284076548793225,265,384,672,553,0
reflecting,0.5,14,7,332.4312148403404,342.9431558017066,0.004732306488948851,376,390,675,667,0
reflecting,0.5,14,8,332.3411657933252,323.7467135795431,0.005125534849303733,357,384,649,622,0
reflecting,0.5,14,9,332.3123052063124,314.5433780909375,0.0053551467150230935,344,384,671,631,0
reflecting,0.5,14,10,332.4451069411587,345.518746658672,0.004677226605601927,381,388,646,643,0
reflecting,0.5,14,11,332.28684749773913,301.49424656741627,0.005475093679982675,332,384,664,612,0
reflecting,0.5,14,12,332.2663094321801,292.2798328396954,0.005525619248085118,322,384,643,581,0
reflecting,0.5,14,13,332.22397330289533,292.61759103621756,0.005742832375045445,322,390,684,622,0
reflecting,0.5,14,14,332.5947047935875,396.4054265803991,0.0040364605457524055,440,457,718,774,0
reflecting,0.5,14,15,332.50359099230434,375.241250232215,0.004403932846613105,411,427,724,751,0
reflecting,0.5,14,16,332.2755572700869,296.60164831351966,0.005502594876900988,324,384,675,615,0
reflecting,0.5,14,17,332.5902719715008,390.9169290205899,0.003993701699702392,429,431,718,763,0
reflecting,0.5,14,18,332.320528852937,310.13513305702736,0.005238844029310812,339,384,678,633,0
reflecting,0.5,14,19,332.3358792993438,321.9429257486085,0.005198909538651468,356,393,686,658,0
reflecting,0.5,14,20,332.49533486368057,383.99491010189143,0.004348039416323473,418,418,676,710,0
reflecting,0.5,14,21,332.31060461897914,307.0890083598845,0.00533627768867214,339,384,678,633,0
reflecting,0.5,14,22,332.3080676995586,309.9933908333982,0.0052902403087727035,343,384,678,637,0
reflecting,0.5,14,23,332.2873355730606,306.56807752698666,0.005477490892240872,336,384,657,609,0
reflecting,0.5,14,24,332.4097193702911,336.0716339644016,0.004850425407272394,368,413,744,728,0
reflecting,0.5,14,25,332.35414625058036,327.256811754448,0.00496297237088151,356,384,690,662,0
reflecting,0.5,14,26,332.44703850123335,353.3234326781788,0.004660379001740532,391,396,692,699,0
reflecting,0.5,14,27,332.3493821240521,313.3307178460577,0.005016042793234843,344,389,704,664,0
reflecting,0.5,14,28,332.1026757678871,243.8854345546206,0.006599328129010195,268,384,668,552,0
reflecting,0.5,14,29,332.5003771344426,374.882092716726,0.004431224369706313,410,410,699,725,0
reflecting,0.5,14,30,332.0814192105176,256.5645869974464,0.0064709646718878544,282,384,645,543,0
reflecting,0.5,14,31,332.28745888878234,300.4805786079042,0.005342995493977602,329,409,718,663,0
reflecting,0.5,14,32,332.4176304825005,333.22242907826853,0.004726827755271904,363,384,710,689,0
reflecting,0.5,14,33,332.21284378113955,281.64256573172554,0.0058422053005155634,308,384,640,564,0
reflecting,0.5,14,34,332.3004277532074,310.28302437980585,0.005373948513829484,341,384,704,661,0
reflecting,0.5,14,35,332.3727331684639,322.9984399748391,0.005008343729635129,355,384,715,686,0
reflecting,0.5,14,36,332.4437621426707,349.7491794597239,0.004591144978414075,381,384,649,646,0
reflecting,0.5,14,37,332.2673459657397,289.2042735920012,0.005587341813698165,317,384,663,596,0
reflecting,0.5,14,38,332.2456876403447,292.48906177672677,0.005648379465915266,320,384,683,619,0
reflecting,0.5,14,39,332.35363392138686,321.26857887076653,0.004999159245039331,350,384,669,635,0
absorbing,0.5,16,0,331.71929109311236,358.723307343835,0.004423255079348785,393,396,833,842,0
absorbing,0.5,16,1,331.64992276096086,332.277635359119,0.004747101833874655,366,384,792,774,0
absorbing,0.5,16,2,331.5670209931977,314.30298657588963,0.005120620249250795,343,384,846,805,0
absorbing,0.5,16,3,331.550464800403,304.1653692928707,0.005194575343104943,330,384,803,749,0
absorbing,0.5,16,4,331.5409825721997,300.20229723866584,0.005294619739648044,329,384,792,737,0
absorbing,0.5,16,5,331.5601867723521,310.06215594162404,0.005125881379318717,340,384,859,815,0
absorbing,0.5,16,6,331.69924918830856,360.2050922597392,0.004477181183649839,401,413,903,920,0
absorbing,0.5,16,7,331.659099340545,344.16524954865685,0.0047061929552146215,374,388,840,830,0
absorbing,0.5,16,8,331.748561077224,373.7099830608573,0.004241852614730361,405,416,877,898,0
absorbing,0.5,16,9,331.71440412508593,353.19082393491846,0.004421270954035536,384,385,856,856,0
absorbing,0.5,16,10,331.6637416971837,344.1202295765917,0.004666680578601584,374,396,867,857,0
absorbing,0.5,16,11,331.4334296764867,282.55159532622827,0.005894809903700731,309,384,762,687,0
absorbing,0.5,16,12,331.5377847971894,313.13735561020394,0.005298345246703023,344,384,754,714,0
absorbing,0.5,16,13,331.605241121011,316.16570032135974,0.004906610552885419,346,384,810,772,0
absorbing,0.5,16,14,331.3461569657927,254.0954179317339,0.0064445416920357775,278,384,799,693,0
absorbing,0.5,16,15,331.5907954669013,330.1417464077133,0.004981867555849859,360,384,811,787,0
absorbing,0.5,16,16,331.6110779277176,323.60058949559675,0.004922379180340378,358,384,860,834,0
absorbing,0.5,16,17,331.6903261153602,353.1382266587576,0.004564916943326203,385,388,829,830,0
absorbing,0.5,16,18,331.45578321731875,286.40582173848236,0.005680772572579417,312,384,815,743,0
absorbing,0.5,16,19,331.6525327082107,349.2349317554149,0.00468890282950635,383,384,831,830,0
absorbing,0.5,16,20,331.7798865345293,389.03396286442927,0.004125358477086397,426,430,833,875,0
absorbing,0.5,16,21,331.6378495481739,345.665820422807,0.004755362051765731,375,384,805,796,0
absorbing,0.5,16,22,331.94664869105907,464.44464320661166,0.0034957452675561393,510,510,859,985,0
absorbing,0.5,16,23,331.6076948071152,315.6560085841276,0.004951154320051379,345,384,821,782,0
absorbing,0.5,16,24,331.56248720086336,308.3194652511825,0.0051596633460584,339,384,800,755,0
absorbing,0.5,16,25,331.5052644652901,298.10794619342545,0.005451192210507204,326,384,813,755,0
absorbing,0.5,16,26,331.81004610459985,384.0186221245108,0.004018767488366581,420,420,784,820,0
absorbing,0.5,16,27,331.489539512937,296.02774191305826,0.0055309626803799455,323,384,787,726,0
absorbing,0.5,16,28,331.3850182043318,265.9273290402768,0.006174199759557053,290,384,794,700,0
absorbing,0.5,16,29,331.47285314508895,288.5874629542514,0.005637040091173055,315,384,767,698,0
absorbing,0.5,16,30,331.48097315638114,291.8509575639191,0.005582067555664606,318,384,813,747,0
absorbing,0.5,16,31,331.77875365128136,386.57331959533303,0.004151225248207625,420,430,889,925,0
absorbing,0.5,16,32,331.63931220044094,348.4634699119922,0.00480749045032811,385,391,803,804,0
absorbing,0.5,16,33,331.7165536775326,359.87053054998444,0.004381300254739467,395,399,855,866,0
absorbing,0.5,16,34,331.4519386751461,290.48566737282135,0.00574295981097324,316,384,815,747,0
absorbing,0.5,16,35,331.4111435798221,266.93659753063537,0.006005344057042699,294,384,770,680,0
absorbing,0.5,16,36,331.65362845216464,342.37854216941787,0.004663711028643725,376,384,791,783,0
absorbing,0.5,16,37,331.64492689568925,335.99985321257844,0.004775759179820916,373,384,796,785,0
absorbing,0.5,16,38,331.7154443105129,352.9875986646352,0.0044494580084426215,384,384,847,847,0
absorbing,0.5,16,39,331.575020207062,316.5035790355345,0.005050656450402817,349,384,782,747,0
reflecting,0.5,16,0,332.78190413646337,378.9509003371324,0.004351867687657233,412,412,620,648,0
reflecting,0.5,16,1,332.4200226869719,257.8985826933154,0.006250006434838159,286,384,689,591,0
reflecting,0.5,16,2,332.6359624881589,325.9490767905497,0.004955670606968232,356,386,718,690,0
reflecting,0.5,16,3,332.6945546731128,347.13673650179385,0.004792631189687166,382,406,666,664,0
reflecting,0.5,16,4,332.58182231998495,304.4570585402723,0.00534941106435899,333,384,642,591,0
reflecting,0.5,16,5,332.54675040316647,297.3038189576844,0.00556125578025061,327,384,630,573,0
reflecting,0.5,16,6,332.67648467517455,336.2990931436751,0.00489491502390826,369,385,643,628,0
reflecting,0.5,16,7,332.618670430934,315.1474996378625,0.005189162407230377,346,384,649,611,0
reflecting,0.5,16,8,332.6274012251221,310.9130848938277,0.0050896666177091526,341,384,660,617,0
reflecting,0.5,16,9,332.6373403924784,328.12236501711243,0.005067218040106059,360,389,689,665,0
reflecting,0.5,16,10,332.7501820456815,369.6362392252179,0.004539411512767352,402,404,674,692,0
reflecting,0.5,16,11,332.6309683551883,320.3674206719811,0.005038090646480931,353,384,650,619,0
reflecting,0.5,16,12,332.5685800006822,308.51134697637946,0.005441255814343365,338,384,668,622,0
reflecting,0.5,16,13,332.41784709435416,255.11300880351575,0.006260154719012533,280,384,651,547,0
reflecting,0.5,16,14,332.526330873457,295.2668107877001,0.00560602987950804,327,384,684,627,0
reflecting,0.5,16,15,332.5723583795248,304.31658373340184,0.0053813118762472585,336,384,680,632,0
reflecting,0.5,16,16,332.6185447008665,318.4598236029494,0.005085744067738063,349,384,613,578,0
reflecting,0.5,16,17,332.8282463441447,389.96087518155906,0.004174869156276445,429,429,701,746,0
reflecting,0.5,16,18,332.4713624413612,276.5972392183499,0.005998921556810805,309,384,669,594,0
reflecting,0.5,16,19,332.52721850233155,294.6047936170351,0.005621677137392618,323,384,676,615,0
reflecting,0.5,16,20,332.64278681407427,326.15513720966436,0.004863655673651459,357,391,670,643,0
reflecting,0.5,16,21,332.75147462766455,355.24043953600716,0.004458035766568674,387,390,665,668,0
reflecting,0.5,16,22,332.7662792305825,373.90540096695963,0.004419697579624319,411,413,657,684,0
reflecting,0.5,16,23,332.6758339992765,330.8908735057376,0.004876693530348188,367,409,703,686,0
reflecting,0.5,16,24,332.5132534219292,289.3714579988117,0.005713190351521718,317,384,663,596,0
reflecting,0.5,16,25,332.65798871626464,345.29263503450017,0.004835822181198729,374,412,725,715,0
reflecting,0.5,16,26,332.6309710235789,316.18532421839603,0.005126595819112978,350,391,686,652,0
reflecting,0.5,16,27,332.4089967230078,260.59464932207675,0.006354447033613019,284,384,612,512,0
reflecting,0.5,16,28,332.5931081219152,314.4976253350459,0.005205289700091677,346,384,684,646,0
reflecting,0.5,16,29,332.78911433605805,378.4789536590447,0.004291253616409693,415,429,703,734,0
reflecting,0.5,16,30,332.6561931939561,326.48596049658613,0.004972164724678865,360,384,655,631,0
reflecting,0.5,16,31,332.5200026376475,291.14289683248364,0.005682015666418608,319,408,746,681,0
reflecting,0.5,16,32,332.59031894448117,306.00925910775726,0.005334248303345282,335,384,630,581,0
reflecting,0.5,16,33,332.6401309290194,321.374940604399,0.005041832309744764,354,384,635,605,0
reflecting,0.5,16,34,332.48624899636354,279.60760113627737,0.005802326015440336,306,384,638,560,0
reflecting,0.5,16,35,332.3797826353905,251.4641366847629,0.006518006943614725,276,384,636,528,0
reflecting,0.5,16,36,332.67841836280724,333.80686094632006,0.00474511794423259,365,387,661,642,0
reflecting,0.5,16,37,332.56886635632134,307.08282435757246,0.0053782571669804165,336,384,670,622,0
reflecting,0.5,16,38,332.6085670793961,328.4012463034188,0.005118884931079572,361,385,683,660,0
reflecting,0.5,16,39,332.40864068766547,264.1015619369045,0.006263462363451465,291,384,664,571,0
absorbing,0.5,18,0,331.83705005454556,240.2766454196425,0.006672044189412098,262,384,770,648,0
absorbing,0.5,18,1,332.1704239701652,338.6840118299947,0.0048132737667761225,373,384,784,773,0
absorbing,0.5,18,2,331.9344701801571,262.5467704811268,0.006100441339725025,289,384,736,641,0
absorbing,0.5,18,3,331.81489975862155,243.69766024647677,0.0066385878648442115,266,384,711,593,0
absorbing,0.5,18,4,332.0778252568315,305.2130279762461,0.005324826971068179,337,384,740,693,0
absorbing,0.5,18,5,331.8888653901436,250.1096256676151,0.0064590160483100605,275,384,717,608,0
absorbing,0.5,18,6,332.2501712197383,360.79594138890786,0.00447730536202305,396,414,778,790,0
absorbing,0.5,18,7,332.04025005995913,305.4533205571287,0.005518949002963431,332,384,770,718,0
absorbing,0.5,18,8,331.8612979410376,246.8703566192974,0.006522332221678054,270,384,752,638,0
absorbing,0.5,18,9,332.06216374026656,309.31015679660135,0.0053929885647025794,340,384,762,718,0
absorbing,0.5,18,10,331.81318769082804,237.47815142026033,0.006782702446234886,262,384,767,645,0
absorbing,0.5,18,11,332.26185996471224,354.6164979064924,0.004451422123178369,388,392,744,748,0
absorbing,0.5,18,12,332.0975774292728,310.41736424782323,0.005243335199402519,339,384,770,725,0
absorbing,0.5,18,13,332.0339266147227,296.64153028284636,0.00557444415800161,323,384,797,736,0
absorbing,0.5,18,14,332.1501056149439,331.7246429852284,0.004965253358478455,365,384,761,742,0
absorbing,0.5,18,15,331.96643947713596,277.7012760629348,0.005951747994904079,305,384,743,664,0
absorbing,0.5,18,16,331.871405301097,252.74530822423338,0.0065348769951284035,277,384,717,610,0
absorbing,0.5,18,17,332.0868067337324,308.1229362828944,0.005305482339000294,339,384,756,711,0
absorbing,0.5,18,18,331.9253568829258,254.7522892846087,0.006182942702517935,278,384,706,600,0
absorbing,0.5,18,19,332.1652978811823,329.94098186693236,0.004859038720728715,363,390,779,758,0
absorbing,0.5,18,20,331.99710944552265,280.9052825415874,0.005738616514508986,306,384,730,652,0
absorbing,0.5,18,21,332.04693299073153,296.68006806125817,0.005521711311468458,325,384,777,718,0
absorbing,0.5,18,22,331.96254010967164,271.41673231980263,0.005915572575418229,299,384,769,684,0
absorbing,0.5,18,23,332.03988235371406,289.9259052252443,0.005534741925232394,321,384,766,703,0
absorbing,0.5,18,24,332.06832264147874,310.7200894564577,0.005211241885839034,336,384,691,643,0
absorbing,0.5,18,25,332.0036387120418,289.2989545753417,0.005712034004379988,317,389,760,693,0
absorbing,0.5,18,26,331.93741334497525,271.1819648031457,0.006110413351486908,299,384,711,626,0
absorbing,0.5,18,27,332.0786208214388,303.3227443163323,0.005331717008581501,334,384,735,685,0
absorbing,0.5,18,28,332.3348635362799,397.8675765680911,0.004131862643008961,437,442,807,860,0
absorbing,0.5,18,29,331.94292650334626,270.04674212288717,0.006109057233266362,294,384,741,651,0
absorbing,0.5,18,30,332.0623292120825,295.1126209301173,0.005395258648132614,326,384,748,690,0
absorbing,0.5,18,31,332.0829428587072,307.7355331113891,0.0052939975239258835,339,384,740,695,0
absorbing,0.5,18,32,331.797267298425,236.5640611483559,0.007049911646595277,261,384,739,616,0
absorbing,0.5,18,33,331.9502874729386,272.7086082986443,0.006032129906689238,300,384,770,686,0
absorbing,0.5,18,34,332.22101310356817,347.17424865422106,0.004639906950603826,381,399,798,795,0
absorbing,0.5,18,35,332.258034166468,374.1836869733294,0.004437417341918435,414,437,799,829,0
absorbing,0.5,18,36,332.24451929446496,355.1900844522584,0.004458281539949297,390,394,766,772,0
absorbing,0.5,18,37,332.19088736409844,345.45901990534054,0.004763403886130754,381,407,834,831,0
absorbing,0.5,18,38,331.92843092568074,261.7092471636638,0.006184206697823884,285,384,770,671,0
absorbing,0.5,18,39,332.0523781820792,302.71360533363617,0.005467594577907818,334,384,788,738,0
reflecting,0.5,18,0,332.80797496372196,318.5706761099864,0.005150214195442467,350,384,616,582,0
reflecting,0.5,18,1,332.90363948118807,346.0847285043378,0.004657595479760088,380,384,663,659,0
reflecting,0.5,18,2,332.8101468498305,316.33066567489067,0.0051339497401576934,347,384,641,604,0
reflecting,0.5,18,3,332.60436783985125,265.76558102438685,0.006310472288652838,289,384,608,513,0
reflecting,0.5,18,4,332.82728286324135,315.5139120811292,0.005042047795118307,345,384,655,616,0
reflecting,0.5,18,5,332.82261628600986,327.72522911414563,0.004948382207202206,361,384,650,627,0
reflecting,0.5,18,6,332.980793335964,382.50339196380804,0.004319834261082176,420,420,621,657,0
reflecting,0.5,18,7,333.02304551197,387.526714139117,0.004144569600105916,424,424,639,679,0
reflecting,0.5,18,8,332.83641147027345,329.0886806087015,0.005000278180176973,362,384,611,589,0
reflecting,0.5,18,9,332.71784541669956,294.8844297246445,0.005592075867854847,325,384,613,554,0
reflecting,0.5,18,10,332.6105837294898,256.900174540184,0.006224358010342416,282,384,584,482,0
reflecting,0.5,18,11,332.7464450059417,291.80693792089323,0.005415543330449339,319,384,618,553,0
reflecting,0.5,18,12,332.69256396468404,292.1504389418454,0.0057525758964555905,322,384,646,584,0
reflecting,0.5,18,13,332.6595735975099,282.20805067204935,0.005844722503374621,311,384,635,562,0
reflecting,0.5,18,14,333.00604751875085,378.40170546302625,0.004173940278618586,413,413,650,679,0
reflecting,0.5,18,15,332.786738036591,306.80427197939696,0.005217550186360572,336,384,640,592,0
reflecting,0.5,18,16,332.79121919926826,317.501007180252,0.005184204336426581,349,384,632,597,0
reflecting,0.5,18,17,333.06696392024907,414.9421015441171,0.003971057930640358,454,457,640,710,0
reflecting,0.5,18,18,332.70344245798987,283.1815572714069,0.005666798552107369,308,384,631,555,0
reflecting,0.5,18,19,332.86625607864516,344.8792419969315,0.004746051036407547,373,384,618,607,0
reflecting,0.5,18,20,332.94853901282676,364.94215481137854,0.004464367221444877,399,399,590,605,0
reflecting,0.5,18,21,332.68747520041734,282.0383765198912,0.005717837982720911,310,384,618,544,0
reflecting,0.5,18,22,332.731054458312,288.5107333065774,0.00551658003330501,316,384,608,540,0
reflecting,0.5,18,23,332.9083807825325,347.97730159116696,0.004657866431144334,384,396,680,680,0
reflecting,0.5,18,24,332.7637710188646,302.0612011806707,0.005300330275531329,334,384,625,575,0
reflecting,0.5,18,25,332.90081493307275,347.5710450378965,0.004658472489448874,381,386,647,644,0
reflecting,0.5,18,26,332.8974547078234,355.5989276762227,0.004655983540033564,390,391,668,674,0
reflecting,0.5,18,27,332.95192116130244,370.15910925812426,0.004453380922484049,405,409,624,645,0
reflecting,0.5,18,28,332.7353333080468,299.22482526980684,0.005529273562446324,332,384,615,563,0
reflecting,0.5,18,29,332.7567544798687,302.0729124794495,0.005353991137762818,333,384,647,596,0
reflecting,0.5,18,30,332.8597171954236,338.6091424230345,0.004883708683126594,372,386,617,605,0
reflecting,0.5,18,31,332.79731717288894,316.78960435618274,0.005161650103117288,350,384,641,607,0
reflecting,0.5,18,32,332.6640761094916,274.7943819995577,0.0058657086101653695,303,384,634,553,0
reflecting,0.5,18,33,332.7409625459605,301.6036642145545,0.005452312018953784,332,384,635,583,0
reflecting,0.5,18,34,332.8383651160796,329.70296614173685,0.004981501156467466,358,384,602,576,0
reflecting,0.5,18,35,332.75767361649145,301.53891272824603,0.005399232194080365,331,384,595,542,0
reflecting,0.5,18,36,332.8293188619305,324.5161637210238,0.004892309906000347,354,384,643,613,0
reflecting,0.5,18,37,332.57251267823455,248.79226377745485,0.006219037466279925,275,384,612,503,0
reflecting,0.5,18,38,332.7319048906008,286.9827762818562,0.005500983658136627,316,384,607,539,0
reflecting,0.5,18,39,332.7224733997845,293.3153607234231,0.0055606227120673455,324,384,633,573,0
absorbing,0.5,20,0,332.3426487287093,306.3269743216771,0.005174213093257105,335,384,692,643,0
absorbing,0.5,20,1,332.4513504797857,360.8370115002771,0.004616384971712836,398,399,748,762,0
absorbing,0.5,20,2,332.4002849849768,341.945907615272,0.0048693451146832045,374,384,717,707,0
absorbing,0.5,20,3,332.2370876354537,287.0801737797525,0.005774642998003181,318,384,707,641,0
absorbing,0.5,20,4,332.3007457441426,294.1226738281857,0.005379002607277413,326,384,746,688,0
absorbing,0.5,20,5,332.175252389004,269.9893279945794,0.006118700160220106,298,384,742,656,0
absorbing,0.5,20,6,332.17816968931754,271.11738719016995,0.006025755461110024,297,384,710,623,0
absorbing,0.5,20,7,332.39811126634504,332.9086418414564,0.0048988283198139315,365,384,786,767,0
absorbing,0.5,20,8,332.5600573661138,390.66131140915684,0.004116331400229929,428,450,773,817,0
absorbing,0.5,20,9,332.28691043067465,310.7502548439044,0.005351592306238752,340,384,735,691,0
absorbing,0.5,20,10,332.2793832418082,290.3317822785418,0.005536133577645635,321,384,726,663,0
absorbing,0.5,20,11,332.35904041866115,321.92641685893364,0.005108140851279226,356,384,716,688,0
absorbing,0.5,20,12,332.3671777608559,322.3542746562384,0.0049820489201398525,351,384,726,693,0
absorbing,0.5,20,13,332.3879873592265,332.7116599123168,0.0049577000494314275,366,384,713,695,0
absorbing,0.5,20,14,332.34092663547233,317.06940820026244,0.005075162972966223,345,384,704,665,0
absorbing,0.5,20,15,332.43784675754574,349.9662712858345,0.004721814885757605,383,388,757,756,0
absorbing,0.5,20,16,332.31123073145284,300.94662413941785,0.005311893755017977,336,384,726,678,0
absorbing,0.5,20,17,332.2772096257041,303.66156516345967,0.005399464195023173,332,384,708,656,0
absorbing,0.5,20,18,332.512557417762,372.78844951943586,0.004363076949584677,410,426,740,766,0
absorbing,0.5,20,19,332.45716680866127,365.49053341879807,0.004574974858392449,405,422,755,776,0
absorbing,0.5,20,20,332.3638628680559,316.1384374319941,0.005033888877389057,348,384,730,694,0
absorbing,0.5,20,21,332.2523391482912,290.12106626750284,0.005636367240672349,318,384,733,667,0
absorbing,0.5,20,22,332.237865679519,290.38121782050683,0.0057300639619726704,318,384,720,654,0
absorbing,0.5,20,23,332.60200187929104,403.0846190423452,0.004004012151667238,442,443,728,786,0
absorbing,0.5,20,24,332.2579985654463,293.3242530372782,0.005608305098122277,326,384,713,655,0
absorbing,0.5,20,25,332.21385019178246,282.8203827440732,0.005787779184408317,312,384,726,654,0
absorbing,0.5,20,26,332.3771401635017,332.2960753016601,0.00501599298643386,362,384,721,699,0
absorbing,0.5,20,27,332.45589701592917,360.1390585968658,0.0046120183079337886,395,408,794,805,0
absorbing,0.5,20,28,332.3413836027039,304.679555527213,0.005115965605847555,335,384,754,705,0
absorbing,0.5,20,29,332.5268469341562,379.8952337769308,0.004277334504453276,421,433,788,825,0
absorbing,0.5,20,30,332.30009167221556,311.5062547461406,0.005272484366509277,343,384,757,716,0
absorbing,0.5,20,31,332.3405035975718,317.5561360074327,0.0051045050848399255,348,384,734,698,0
absorbing,0.5,20,32,332.2773789442924,298.4435884047767,0.005513529087598806,331,384,700,647,0
absorbing,0.5,20,33,332.29762416279095,295.75938221568083,0.005412056647876242,324,384,719,659,0
absorbing,0.5,20,34,332.28234935064376,302.73154571303286,0.00547195859728543,334,384,728,678,0
absorbing,0.5,20,35,332.4818053160111,366.9801154288674,0.004515870720059334,405,447,816,837,0
absorbing,0.5,20,36,332.45331703734297,359.71351872598234,0.004648191705136484,395,427,758,769,0
absorbing,0.5,20,37,332.43867831412115,339.4317775233243,0.004694232001267785,374,388,766,756,0
absorbing,0.5,20,38,332.1043464431937,255.49613373795466,0.006567455510038651,280,384,683,579,0
absorbing,0.5,20,39,332.55052509347587,386.2567870823638,0.004214519801260871,421,428,744,781,0
reflecting,0.5,20,0,332.807807301416,270.00876942126376,0.006079866312522366,300,384,654,570,0
reflecting,0.5,20,1,333.01405976691194,331.43203342516955,0.004869381060111586,366,384,622,604,0
reflecting,0.5,20,2,332.7237965511302,252.30425800714661,0.0064948871500281466,276,384,629,521,0
reflecting,0.5,20,3,333.0341740362777,337.5966011916122,0.004812582771892564,374,404,653,643,0
reflecting,0.5,20,4,332.8389981016083,286.4754326393197,0.005817054511140579,314,384,646,576,0
reflecting,0.5,20,5,332.76924408662063,258.55182248190204,0.006293990423520272,285,384,641,542,0
reflecting,0.5,20,6,333.0357685668395,332.8497366752107,0.004811978103609116,365,394,661,642,0
reflecting,0.5,20,7,333.18855539945895,395.0012418606355,0.00412585273937743,432,445,678,726,0
reflecting,0.5,20,8,333.0071871064895,332.51931051431103,0.004976251402729326,361,388,660,637,0
reflecting,0.5,20,9,332.9437901171562,314.49237321124343,0.005088535119081142,342,384,653,611,0
reflecting,0.5,20,10,332.70864706342087,252.63298722532198,0.006706141419279097,278,384,608,502,0
reflecting,0.5,20,11,332.96423641272315,315.71331215925795,0.005138009675950189,345,384,599,560,0
reflecting,0.5,20,12,332.94556607456747,319.53155849701204,0.005138700317173656,350,384,619,585,0
reflecting,0.5,20,13,332.9098674454126,304.0919799596568,0.005328543587511877,330,384,638,584,0
reflecting,0.5,20,14,332.8306945007192,282.98102308833853,0.005887909377205375,310,384,616,542,0
reflecting,0.5,20,15,332.9731896196744,320.40877632473206,0.005108131826343844,348,384,629,593,0
reflecting,0.5,20,16,332.9335396697892,303.4690380031557,0.005335279998963018,332,384,600,548,0
reflecting,0.5,20,17,332.9351954761069,306.79897881967713,0.005274743615173106,337,394,652,605,0
reflecting,0.5,20,18,332.78386319198944,278.0816733288391,0.00593963258426266,303,384,617,536,0
reflecting,0.5,20,19,333.071558915738,347.4476874856836,0.004605387557783724,380,424,691,687,0
reflecting,0.5,20,20,332.88071842264117,302.21276575805615,0.005549241885637963,329,384,620,565,0
reflecting,0.5,20,21,332.8799365633554,285.0863834297959,0.005502484294803917,309,384,664,589,0
reflecting,0.5,20,22,332.8986942931427,302.2946572452495,0.005528451344136548,333,384,603,552,0
reflecting,0.5,20,23,332.93046098794906,315.5361494781871,0.005366544679852415,345,384,628,589,0
reflecting,0.5,20,24,332.7753226822046,264.6754687461536,0.006222914136901616,290,384,623,529,0
reflecting,0.5,20,25,332.92072257405016,304.23730181731906,0.005411626540778078,333,384,628,577,0
reflecting,0.5,20,26,332.9780692227936,326.6786915615109,0.004952878337753046,357,408,662,635,0
reflecting,0.5,20,27,332.9104117027598,306.9469524046974,0.005400488731067134,336,384,606,558,0
reflecting,0.5,20,28,333.1406176395162,377.3874739212577,0.004363060811727011,414,421,645,675,0
reflecting,0.5,20,29,332.8604002161477,281.07045338019043,0.005731444888683312,310,384,630,556,0
reflecting,0.5,20,30,332.9938900294326,321.42683233146795,0.0050395883985349865,350,384,655,621,0
reflecting,0.5,20,31,333.02082982021903,324.38972510313295,0.004892733167432447,358,384,643,617,0
reflecting,0.5,20,32,332.9106636843065,301.1680929705509,0.005445398323716156,330,384,605,551,0
reflecting,0.5,20,33,332.85031053221127,283.8205278158193,0.005741476008967861,312,384,619,547,0
reflecting,0.5,20,34,332.78360366898363,269.82106110228096,0.006147156060412221,294,384,632,542,0
reflecting,0.5,20,35,332.8817395257022,295.22851961897277,0.005567830423709371,322,384,657,595,0
reflecting,0.5,20,36,332.99208639933215,333.8827091737149,0.0049637873436449145,368,400,678,662,0
reflecting,0.5,20,37,332.92790779646515,308.56747472797446,0.0053449998518857456,339,384,627,582,0
reflecting,0.5,20,38,332.7133582109323,257.0282104041537,0.006527861692124252,283,384,613,512,0
reflecting,0.5,20,39,332.94828853659595,308.35438250566136,0.0052478169993514226,338,384,653,607,0
absorbing,0.5,22,0,332.60989832656196,318.1677226233641,0.00511950828759342,347,388,724,687,0
absorbing,0.5,22,1,332.6933855668864,339.51869945641084,0.004627212552066086,370,409,745,731,0
absorbing,0.5,22,2,332.6570301145476,336.3080191179172,0.004838572668115998,365,384,694,675,0
absorbing,0.5,22,3,332.6922434090999,338.377038360053,0.00478053814448259,371,384,737,724,0
absorbing,0.5,22,4,332.62031899584196,319.7308772742875,0.005002755270934315,348,384,685,649,0
absorbing,0.5,22,5,332.7228363240792,350.75345087226265,0.0046422793887441515,385,400,755,756,0
absorbing,0.5,22,6,332.4488639655667,268.2610713791986,0.006027455278858786,295,384,680,591,0
absorbing,0.5,22,7,332.51643903394626,286.7634224351496,0.005546508212050472,311,384,680,607,0
absorbing,0.5,22,8,332.71489553383503,340.96694119022226,0.00464313212489128,373,384,690,679,0
absorbing,0.5,22,9,332.5291535846175,284.0226508448114,0.005635136775396458,314,384,708,638,0
absorbing,0.5,22,10,332.5927066297558,311.3743436931878,0.005241721785087102,343,384,693,652,0
absorbing,0.5,22,11,332.4994015860648,281.59082863997924,0.005725758966265273,310,384,727,653,0
absorbing,0.5,22,12,332.8877949208384,400.4397697270411,0.003932321166800602,438,440,729,783,0
absorbing,0.5,22,13,332.7561954913369,373.1138993358111,0.0042942655408092206,407,407,744,767,0
absorbing,0.5,22,14,332.53979041315966,289.23316983509466,0.0055230944124160025,318,384,707,641,0
absorbing,0.5,22,15,332.59131020529236,305.4740870145927,0.005225878675318285,334,384,701,651,0
absorbing,0.5,22,16,332.6115715612641,320.9043904603224,0.005180655424371169,353,384,705,674,0
absorbing,0.5,22,17,332.72745544582665,356.4171452379211,0.004598975294019131,392,414,746,754,0
absorbing,0.5,22,18,332.6545708913174,326.15924295574723,0.004972267223920947,359,384,712,687,0
absorbing,0.5,22,19,332.4601626127106,271.412366245067,0.006039343402381949,300,384,688,604,0
absorbing,0.5,22,20,332.7318710309655,351.29211206205315,0.004602157069173813,388,392,695,699,0
absorbing,0.5,22,21,332.35396454367225,238.93561318920348,0.006617035226485189,263,384,649,528,0
absorbing,0.5,22,22,332.44480612457807,269.17092634548027,0.006110965866156061,294,384,640,550,0
absorbing,0.5,22,23,332.5242434200515,286.5239051192147,0.005506224234589777,312,384,668,596,0
absorbing,0.5,22,24,332.5226893349148,284.39219849031497,0.005665745225287804,312,384,709,637,0
absorbing,0.5,22,25,332.57941615789764,297.6656957143514,0.005282669034292068,325,384,704,645,0
absorbing,0.5,22,26,332.61966981242045,313.21761411176567,0.005113072090037539,345,384,672,633,0
absorbing,0.5,22,27,332.69139629228243,331.2485502418035,0.004722987769116284,362,384,665,643,0
absorbing,0.5,22,28,332.5962764936752,309.53571492728975,0.005192288114772176,339,384,700,655,0
absorbing,0.5,22,29,332.387976249481,250.32196652335733,0.006423649209702966,274,384,655,545,0
absorbing,0.5,22,30,332.55285639996924,301.4122604431502,0.005371288479695957,331,402,769,716,0
absorbing,0.5,22,31,332.72700251695716,348.9887553001997,0.004617779827125869,384,395,719,719,0
absorbing,0.5,22,32,332.6969841039257,344.8095439739755,0.0047212496582154815,376,408,796,788,0
absorbing,0.5,22,33,332.6093655144294,314.3491891425686,0.005094536964996008,343,384,709,668,0
absorbing,0.5,22,34,332.6979113018929,341.10175018099716,0.004631846476292571,372,398,728,716,0
absorbing,0.5,22,35,332.6282835624297,322.45622797410186,0.005018823458876228,352,384,696,664,0
absorbing,0.5,22,36,332.80710480726106,380.5460883266326,0.004234052804707032,419,420,714,749,0
absorbing,0.5,22,37,332.4875951284317,277.8052595158806,0.005734762610752071,302,384,685,603,0
absorbing,0.5,22,38,332.5699310824825,299.1034114803161,0.00534279394819119,326,384,711,653,0
absorbing,0.5,22,39,332.75452727305634,357.67374415217387,0.004495271862180917,393,415,760,769,0
reflecting,0.5,22,0,333.1844665474523,364.8757787343738,0.00449653997861195,399,399,605,620,0
reflecting,0.5,22,1,333.20816082401836,381.146755932419,0.004326123665237799,415,415,629,660,0
reflecting,0.5,22,2,332.8204058348431,255.86629710227444,0.006304129234106255,279,384,609,504,0
reflecting,0.5,22,3,333.0194452833675,307.1047673451518,0.005308936192017508,338,384,640,594,0
reflecting,0.5,22,4,333.0689479184805,318.87968552824253,0.005045545182658967,350,384,594,560,0
reflecting,0.5,22,5,332.92438649001497,286.2067922655536,0.0057379623524457125,317,384,587,520,0
reflecting,0.5,22,6,333.1093773501799,346.59427553147447,0.004775452005726711,379,386,572,567,0
reflecting,0.5,22,7,332.81460177308537,257.638546915142,0.006474293580621932,284,384,589,489,0
reflecting,0.5,22,8,333.09581424601623,327.7271955605298,0.004865069726725204,360,384,611,587,0
reflecting,0.5,22,9,333.13362105396624,350.2395723962344,0.004526230421622663,382,406,628,626,0
reflecting,0.5,22,10,333.0729725376757,325.78358962556916,0.00495487058672554,356,384,615,587,0
reflecting,0.5,22,11,332.9619497726846,290.6494390514497,0.005509517174630549,320,384,604,540,0
reflecting,0.5,22,12,333.0624657807684,313.9229423610323,0.0050756332058595,347,386,643,606,0
reflecting,0.5,22,13,332.78433377683257,249.69094364502507,0.006710473777548175,271,384,604,491,0
reflecting,0.5,22,14,333.06413498639273,337.88508351252153,0.005029497718225087,369,400,637,622,0
reflecting,0.5,22,15,333.05729863336575,321.4200565420068,0.005109496507933503,351,384,608,575,0
reflecting,0.5,22,16,333.2912771120625,395.39926475712815,0.004043744501023296,432,432,659,707,0
reflecting,0.5,22,17,332.94384116776916,293.6079256999817,0.005704451033530866,322,384,620,558,0
reflecting,0.5,22,18,333.10169399175004,350.737529686737,0.00479560972884073,384,388,624,624,0
reflecting,0.5,22,19,333.12020048725685,336.5270848670265,0.00466903638226078,366,384,635,617,0
reflecting,0.5,22,20,333.0020737589562,304.72392089485345,0.005385964702080349,336,384,640,592,0
reflecting,0.5,22,21,333.2342602694711,389.33415325754,0.004282270141030226,424,424,654,694,0
reflecting,0.5,22,22,332.85933150193256,268.01349054442915,0.006205481836536764,291,384,605,512,0
reflecting,0.5,22,23,333.01862363102913,305.8864785601335,0.005306266995786193,336,384,618,570,0
reflecting,0.5,22,24,333.0086149195373,298.13264523791054,0.005247834770837507,326,384,623,565,0
reflecting,0.5,22,25,332.9532820834244,299.4979175645904,0.00557441161921596,328,384,551,495,0
reflecting,0.5,22,26,333.0842733304811,333.25276810271265,0.004864500590544573,364,384,626,606,0
reflecting,0.5,22,27,333.1206750160472,341.1234792083251,0.004641055386825268,373,384,616,605,0
reflecting,0.5,22,28,333.11243660753655,343.51308576805513,0.004833911884557609,377,384,647,640,0
reflecting,0.5,22,29,332.96053752534056,293.122865379026,0.005455407101758862,319,384,630,565,0
reflecting,0.5,22,30,332.88769746758175,273.29661266255283,0.005929908778547632,299,384,617,532,0
reflecting,0.5,22,31,333.0397432610238,317.074002378152,0.005100546312463303,348,384,615,579,0
reflecting,0.5,22,32,333.1632446482257,359.2202807840393,0.004576946297125863,394,395,616,626,0
reflecting,0.5,22,33,333.16249670519113,349.15469801905067,0.004582380047668722,382,388,620,618,0
reflecting,0.5,22,34,333.1480484649332,359.13170397819283,0.004583771881957723,395,395,635,646,0
reflecting,0.5,22,35,333.21234157359186,375.2186256124717,0.004212696628483442,408,412,644,668,0
reflecting,0.5,22,36,332.9434666463009,288.56246773139617,0.005666066779193799,320,384,627,563,0
reflecting,0.5,22,37,333.07714008846546,324.39414637386625,0.005012955750615928,356,384,620,592,0
reflecting,0.5,22,38,333.12308493826623,345.61601079744963,0.0046792813442027865,378,384,603,597,0
reflecting,0.5,22,39,333.02110715683415,308.7436619432573,0.005117433449723091,337,384,611,564,0
absorbing,0.5,24,0,332.76523922327885,312.7470715828493,0.005275414343612141,345,384,710,671,0
absorbing,0.5,24,1,332.8356665030346,334.301611661095,0.0049262401968437185,368,389,688,672,0
absorbing,0.5,24,2,332.8017279098609,322.71946624572587,0.005024371394181716,353,384,665,634,0
absorbing,0.5,24,3,332.7160517054492,288.29885584244226,0.00550531002833053,315,384,678,609,0
absorbing,0.5,24,4,332.7671735748792,316.2426153812135,0.005195476482874191,345,384,657,618,0
absorbing,0.5,24,5,332.8786331330847,340.0393121301672,0.004623023529372947,373,396,696,685,0
absorbing,0.5,24,6,332.75653695029337,300.3881125923047,0.005286845596340128,331,384,681,628,0
absorbing,0.5,24,7,332.7741660734898,310.4354619963956,0.005248650061036668,342,384,708,666,0
absorbing,0.5,24,8,332.95353803706377,362.86616093148365,0.004312919473603883,398,413,716,730,0
absorbing,0.5,24,9,332.81695466782645,333.4491804531436,0.005031655393098871,365,390,712,693,0
absorbing,0.5,24,10,332.6307586543403,270.3101983723642,0.005981381207293117,302,384,643,561,0
absorbing,0.5,24,11,333.0208409387258,395.6531341393945,0.004017256554694726,431,449,729,776,0
absorbing,0.5,24,12,332.65912969881333,284.2782287680385,0.005882867763022199,310,384,694,620,0
absorbing,0.5,24,13,332.78510211580794,311.8534383913071,0.0051908289369269715,345,384,696,657,0
absorbing,0.5,24,14,332.62839965452423,262.43708678461536,0.0060262265585067235,293,384,670,579,0
absorbing,0.5,24,15,332.7875745615514,302.54735161878426,0.005174102878135188,329,384,664,609,0
absorbing,0.5,24,16,332.61622102336247,259.88631483745246,0.006103301539109879,288,384,668,572,0
absorbing,0.5,24,17,332.7287785523327,290.461689852034,0.005501837691948762,318,384,639,573,0
absorbing,0.5,24,18,332.81491454227984,320.33426498587374,0.005034803870444471,351,384,703,670,0
absorbing,0.5,24,19,332.8981868957643,352.533309000302,0.004646255461810242,387,389,665,668,0
absorbing,0.5,24,20,332.9573075319598,367.9322755487598,0.004288432975973365,403,441,736,755,0
absorbing,0.5,24,21,333.0738722233884,421.9398201546237,0.0038572510807277855,460,474,723,799,0
absorbing,0.5,24,22,332.80757738175976,328.26702226930075,0.004990189442886037,360,384,682,658,0
absorbing,0.5,24,23,332.5664357102951,251.34336923604354,0.006447701743840929,277,384,645,538,0
absorbing,0.5,24,24,332.6801494930126,288.62358517331677,0.00573879220736457,317,384,662,595,0
absorbing,0.5,24,25,332.75327750878955,305.5423194262883,0.005372024678942163,334,384,680,630,0
absorbing,0.5,24,26,332.66001396444926,284.90040467903896,0.005819147902886059,312,384,634,562,0
absorbing,0.5,24,27,332.84633487059887,326.1262456851252,0.0048742883515673205,356,384,713,685,0
absorbing,0.5,24,28,332.89183208502817,352.3371896465926,0.004659265310989253,387,396,676,679,0
absorbing,0.5,24,29,332.9391440595757,367.9150107106307,0.004431828819358366,403,403,675,694,0
absorbing,0.5,24,30,332.7600369640579,317.46235260183664,0.005255537081137258,349,384,625,590,0
absorbing,0.5,24,31,332.6473096539164,281.26668984269116,0.005965521492868516,306,384,642,564,0
absorbing,0.5,24,32,332.7250476428045,299.28692837377304,0.005478560592152892,324,384,674,614,0
absorbing,0.5,24,33,332.86305331388877,344.8710317785339,0.004765766108156539,379,391,722,717,0
absorbing,0.5,24,34,332.8863147226252,347.46578690462616,0.004702346928286291,384,392,716,716,0
absorbing,0.5,24,35,332.8101349752279,327.2261400511666,0.005057107235576024,362,384,702,680,0
absorbing,0.5,24,36,332.82323515576127,337.42314659147314,0.004983613343300329,368,384,701,685,0
absorbing,0.5,24,37,332.7810608851626,307.1295872520039,0.005086452279962702,338,384,659,613,0
absorbing,0.5,24,38,332.76650395946217,306.8147888528437,0.005301271594790853,335,384,657,608,0
absorbing,0.5,24,39,332.7906753881562,328.91796470870577,0.00508358661211115,358,384,657,631,0
reflecting,0.5,24,0,333.032372589538,283.60781781186193,0.0056716915498711135,313,384,628,557,0
reflecting,0.5,24,1,332.9728848884891,270.2395125734834,0.00594476641804121,300,384,629,545,0
reflecting,0.5,24,2,333.1195987726778,312.2576042615837,0.005168751671996608,343,384,603,562,0
reflecting,0.5,24,3,333.18017833876706,339.60892276031973,0.004867653622592401,370,384,600,586,0
reflecting,0.5,24,4,333.10085394962863,311.0409406539605,0.005272029864346375,343,384,623,582,0
reflecting,0.5,24,5,333.1415301745809,320.27994749098565,0.005093121026089246,352,384,630,598,0
reflecting,0.5,24,6,333.0985073634844,312.2096814889199,0.00530680867308539,345,384,628,589,0
reflecting,0.5,24,7,333.171436386964,328.22951544832625,0.004891793101877191,359,384,608,583,0
reflecting,0.5,24,8,333.13998134079435,320.96762865520515,0.005098688922394936,350,384,608,574,0
reflecting,0.5,24,9,333.2824456877595,373.1206929781025,0.0044055631063893525,406,411,594,616,0
reflecting,0.5,24,10,333.243292042583,348.45676832371555,0.004590787881107173,386,401,632,634,0
reflecting,0.5,24,11,333.13326134564335,326.15548773106974,0.005048780856633815,361,384,603,580,0
reflecting,0.5,24,12,333.00558547477914,283.73706988426164,0.005766483529629985,314,384,607,537,0
reflecting,0.5,24,13,333.17573584091,337.0927925520717,0.00489203732126447,368,384,603,587,0
reflecting,0.5,24,14,333.04804373072574,294.9115399114419,0.005493750873719244,327,384,592,535,0
reflecting,0.5,24,15,333.3361067158611,391.6222023806566,0.004183750867505124,430,441,661,707,0
reflecting,0.5,24,16,333.1099638546886,305.2976286882958,0.0051988315132222365,332,384,613,561,0
reflecting,0.5,24,17,333.1020047376509,303.5046253933742,0.005295871761850169,333,384,627,576,0
reflecting,0.5,24,18,332.897537970749,257.32084992181035,0.006453878659295384,280,384,560,456,0
reflecting,0.5,24,19,333.3745272140631,418.12567733947293,0.003933926019689866,453,454,647,716,0
reflecting,0.5,24,20,333.2715885535146,368.1880649555437,0.0044534571302285155,400,400,643,659,0
reflecting,0.5,24,21,333.0647787614328,300.4976135327721,0.005480709326373112,327,384,632,575,0
reflecting,0.5,24,22,333.11335396884675,318.7439560407281,0.00519047105101871,353,384,645,614,0
reflecting,0.5,24,23,333.2867667722994,370.8954426099385,0.004369033767075678,406,409,615,637,0
reflecting,0.5,24,24,333.21103835471285,342.50829868771996,0.00464814191498017,377,384,633,626,0
reflecting,0.5,24,25,333.18327561335605,340.4906806631881,0.004849029513802402,372,384,614,602,0
reflecting,0.5,24,26,333.20990455602055,360.8322484698231,0.004595555170112519,395,395,610,621,0
reflecting,0.5,24,27,333.265993227066,363.2364276003621,0.0044340770264779915,396,400,609,621,0
reflecting,0.5,24,28,333.16925702223205,337.6519993000607,0.004943019057073087,370,384,629,615,0
reflecting,0.5,24,29,333.14126347708225,323.69354768893965,0.004960322783746971,352,384,578,546,0
reflecting,0.5,24,30,333.1584090645215,331.0404760735658,0.0049529097829104024,361,386,626,603,0
reflecting,0.5,24,31,333.3364809949064,399.1814692990959,0.0041198539047998355,434,438,631,681,0
reflecting,0.5,24,32,333.2533999268074,363.43101708707684,0.004495724769288366,399,410,664,679,0
reflecting,0.5,24,33,333.16061764202595,339.5795428004328,0.004969874948969507,374,384,592,582,0
reflecting,0.5,24,34,333.0138801774073,292.33355455320924,0.00555883920068987,321,384,584,521,0
reflecting,0.5,24,35,333.26838388189987,362.97720291491214,0.004449728264573481,398,402,627,641,0
reflecting,0.5,24,36,333.2899310758632,374.37845779958604,0.0043432481843770215,407,412,633,656,0
reflecting,0.5,24,37,333.1315556247667,311.3126134103996,0.005103084916928112,344,388,635,595,0
reflecting,0.5,24,38,333.0305046470543,292.35578977886524,0.005644888666066001,321,384,628,565,0
reflecting,0.5,24,39,333.27275362378447,366.350054138828,0.004452592772467452,401,406,623,640,0
absorbing,0.5,26,0,332.8904623206098,305.6877240398984,0.005351549399407965,336,384,640,592,0
absorbing,0.5,26,1,333.029672562972,346.8267294385735,0.0046880462055733435,378,395,706,700,0
absorbing,0.5,26,2,333.02355876051246,341.96158089897443,0.004717349080396471,376,424,734,726,0
absorbing,0.5,26,3,333.0736731538278,371.81441458363616,0.004501634403914897,408,411,703,727,0
absorbing,0.5,26,4,333.0447721939982,352.33747044545413,0.004636139266223619,384,389,640,640,0
absorbing,0.5,26,5,332.95255152878457,320.03467502871774,0.005091583782340054,350,384,690,656,0
absorbing,0.5,26,6,333.0265058935625,340.95314926197864,0.004692136873179997,378,384,667,661,0
absorbing,0.5,26,7,332.8706807742085,297.39547401543086,0.005505711624994262,324,384,634,574,0
absorbing,0.5,26,8,332.9824507264357,322.6583746750911,0.0049482267293108045,354,384,632,602,0
absorbing,0.5,26,9,332.70439635582096,256.53001900814195,0.006431370663197962,281,384,715,612,0
absorbing,0.5,26,10,333.0706987256519,366.1172339022042,0.004501063782184043,405,405,646,667,0
absorbing,0.5,26,11,332.8797923084024,296.76947378368516,0.005490255342919239,325,384,639,580,0
absorbing,0.5,26,12,332.8235506233908,281.67358689058636,0.0056880778523761485,311,384,660,587,0
absorbing,0.5,26,13,333.0523252518744,353.58667884729147,0.0046196134850109045,387,392,678,681,0
absorbing,0.5,26,14,332.95179803857974,320.39469373345656,0.0050578330564384905,349,384,680,645,0
absorbing,0.5,26,15,332.9898555080142,336.3892277245623,0.0048404609443835475,367,384,660,643,0
absorbing,0.5,26,16,333.02469365028185,344.3728203354212,0.0047193345630331075,377,393,683,676,0
absorbing,0.5,26,17,332.86729910237415,292.20812598484264,0.005448120795204806,319,384,629,564,0
absorbing,0.5,26,18,332.6558781879113,238.61943233635688,0.006727406030266855,263,384,649,528,0
absorbing,0.5,26,19,332.82226473341944,290.35813684229936,0.005699225923306249,315,384,681,612,0
absorbing,0.5,26,20,332.98428888246605,334.98691514641695,0.004901606760016081,369,384,707,692,0
absorbing,0.5,26,21,332.99361976465786,333.7731088738759,0.004806580400316175,363,384,652,631,0
absorbing,0.5,26,22,333.04439712564835,373.87446581820666,0.0046063240253847075,412,422,695,723,0
absorbing,0.5,26,23,332.88664003972514,303.17668702442444,0.005397158991569202,332,384,637,585,0
absorbing,0.5,26,24,333.0342057430983,350.18199506026195,0.0045961842931248244,380,384,631,627,0
absorbing,0.5,26,25,333.0652161185679,362.4181091840878,0.004555452043117788,398,401,668,682,0
absorbing,0.5,26,26,333.14427844147843,388.66999757550207,0.0041780381236601,426,441,721,763,0
absorbing,0.5,26,27,333.0166832345598,339.8454839935622,0.00478446591563992,373,384,667,656,0
absorbing,0.5,26,28,332.8660625846986,301.1707167424305,0.005392811500873525,329,384,611,556,0
absorbing,0.5,26,29,333.0447694940156,347.0315586021995,0.004631692413287511,380,399,675,671,0
absorbing,0.5,26,30,332.91569146146236,309.11352226275824,0.005236551972888109,338,384,686,640,0
absorbing,0.5,26,31,333.0269377835456,347.1842785598334,0.004730320661362629,381,384,656,653,0
absorbing,0.5,26,32,332.94901066433533,315.85946690976664,0.005093056289540499,346,384,689,651,0
absorbing,0.5,26,33,332.8718358133151,292.95510878690624,0.005489328844373594,321,384,639,576,0
absorbing,0.5,26,34,332.841965917872,298.73010808888677,0.005682377470949279,329,384,644,589,0
absorbing,0.5,26,35,332.9319855418366,328.16410024169244,0.005047675401824954,358,388,716,690,0
absorbing,0.5,26,36,333.01916618109226,348.6856612630478,0.004713205634793724,381,411,711,708,0
absorbing,0.5,26,37,332.94882246889375,326.1130380383286,0.005039403748135797,358,384,629,603,0
absorbing,0.5,26,38,332.90633120410877,313.5180683501551,0.005316085585470377,342,384,671,629,0
absorbing,0.5,26,39,332.9100861376886,313.2867738830833,0.00516034431509076,341,384,667,624,0
reflecting,0.5,26,0,333.21097878126443,298.42144258476793,0.005335180810294244,328,384,593,537,0
reflecting,0.5,26,1,333.27285401901565,325.81980017446523,0.005007547366513456,359,384,619,594,0
reflecting,0.5,26,2,333.34299420936463,351.231832547433,0.004619167817495359,382,384,585,583,0
reflecting,0.5,26,3,333.2418614582521,319.6120307291899,0.005151106930980652,350,394,626,592,0
reflecting,0.5,26,4,333.189408608717,296.50532716423425,0.0052350521779434694,323,384,610,549,0
reflecting,0.5,26,5,333.1845895478116,296.7675532481384,0.005469511447425744,328,384,623,567,0
reflecting,0.5,26,6,333.3997460188011,367.4349751772342,0.004277576833068867,403,406,592,611,0
reflecting,0.5,26,7,333.2504355441505,324.5991034572901,0.005113486603312759,357,384,612,585,0
reflecting,0.5,26,8,333.4027774632536,379.825319344587,0.004404505316916915,415,415,601,632,0
reflecting,0.5,26,9,333.31760868356594,335.04366323803816,0.004702370643513949,369,385,628,613,0
reflecting,0.5,26,10,333.16336355523634,289.7232556343702,0.005576723127373308,317,384,613,546,0
reflecting,0.5,26,11,333.12742698504036,281.7049725988493,0.005809461308881571,309,384,575,500,0
reflecting,0.5,26,12,333.1753403991497,301.47578724165794,0.005467898751016254,329,384,618,563,0
reflecting,0.5,26,13,333.4297713252707,393.9909733446059,0.004205028038049655,428,428,638,682,0
reflecting,0.5,26,14,333.1631077819734,305.5362385554252,0.005595323590135303,332,384,592,540,0
reflecting,0.5,26,15,333.3594845313838,355.0420534204558,0.004567727659450814,390,392,614,620,0
reflecting,0.5,26,16,333.420443236632,370.4669041064769,0.004257043748455419,412,415,600,628,0
reflecting,0.5,26,17,333.3478954578425,351.5950898298273,0.004662563250622865,388,389,576,580,0
reflecting,0.5,26,18,333.18155670738565,300.47019411067964,0.005439953761716382,328,384,601,545,0
reflecting,0.5,26,19,333.4293397406404,379.9385316965658,0.00421465531774604,414,416,611,641,0
reflecting,0.5,26,20,333.18005629562316,295.55221490606647,0.005337800794921967,324,384,592,532,0
reflecting,0.5,26,21,333.18927827536845,303.24299073004534,0.005350260842207581,330,384,586,532,0
reflecting,0.5,26,22,333.0827008359605,280.52127941411356,0.006052090367351193,306,384,619,541,0
reflecting,0.5,26,23,333.1836085171664,290.92732034150464,0.005477957183105114,319,384,592,527,0
reflecting,0.5,26,24,333.09328889649294,274.11038505913314,0.006011374208231595,304,384,616,536,0
reflecting,0.5,26,25,333.22586797023285,313.75835271923205,0.005168908456579493,343,384,603,562,0
reflecting,0.5,26,26,333.39647749738316,358.0267501233934,0.0043306037284270875,396,416,651,663,0
reflecting,0.5,26,27,333.30726842637046,341.1656807929918,0.004823912542754267,375,385,579,570,0
reflecting,0.5,26,28,333.22276844856174,311.5760596109244,0.0052574850195379955,341,384,600,557,0
reflecting,0.5,26,29,333.2268392770588,311.5760882477005,0.005254088277162159,342,384,630,588,0
reflecting,0.5,26,30,333.11779477165436,288.97279179028976,0.005637450461809031,317,384,627,560,0
reflecting,0.5,26,31,333.27515775169127,330.79870237721826,0.004855669979253382,363,384,616,595,0
reflecting,0.5,26,32,333.3825750539493,361.9633259442683,0.004462328250305286,397,398,623,636,0
reflecting,0.5,26,33,333.34454894389756,359.2954837058006,0.004614441713452892,391,391,624,631,0
reflecting,0.5,26,34,333.33492247254225,355.48768377172615,0.004391194827071919,385,388,609,610,0
reflecting,0.5,26,35,333.21849366309084,311.8294155028622,0.0052642922965208646,339,384,629,584,0
reflecting,0.5,26,36,333.1317528616741,297.6435143440675,0.005785978431810373,327,384,627,570,0
reflecting,0.5,26,37,333.19944554521373,297.64485502356416,0.005391108523350288,326,384,588,530,0
reflecting,0.5,26,38,333.2201089060653,309.0913064850148,0.0052195508482258315,337,384,599,552,0
reflecting,0.5,26,39,333.237850494219,318.23936688477744,0.0051531129356816785,350,386,623,589,0
absorbing,0.5,28,0,333.2273088759123,368.2144762711048,0.004323638448501827,406,414,680,702,0
absorbing,0.5,28,1,332.9336505634129,289.1778437834096,0.005700405072041292,319,384,636,571,0
absorbing,0.5,28,2,333.36703382048756,437.2241427819699,0.0037628562810563563,477,482,680,773,0
absorbing,0.5,28,3,333.22490841509267,376.13396871189514,0.00435030011032288,413,413,632,661,0
absorbing,0.5,28,4,333.1115563737105,335.3454244141647,0.004816400565820212,366,384,645,627,0
absorbing,0.5,28,5,333.12939011655556,339.08760873810655,0.004691453394608674,370,384,650,636,0
absorbing,0.5,28,6,332.9688663794969,285.90813225821853,0.005583444062488694,314,384,634,564,0
absorbing,0.5,28,7,333.10536322812555,329.04145741050723,0.004907272741450712,359,384,648,623,0
absorbing,0.5,28,8,333.1290693805552,348.6961227328029,0.0046027630360099105,381,384,635,632,0
absorbing,0.5,28,9,333.0947966849167,331.9610900938654,0.004789213313946525,363,384,639,618,0
absorbing,0.5,28,10,333.219524726117,376.46025091185123,0.004299022315241291,409,411,670,695,0
absorbing,0.5,28,11,332.93780448524615,286.2681909403411,0.005797010513372076,315,384,660,591,0
absorbing,0.5,28,12,333.022470993162,309.0835585597142,0.005275245117294709,336,384,642,594,0
absorbing,0.5,28,13,332.94059617442616,284.2667838794413,0.005745200570778411,312,384,605,533,0
absorbing,0.5,28,14,333.1609425541227,349.31413838653845,0.004643720712992515,386,399,659,661,0
absorbing,0.5,28,15,333.03861995267505,305.56422171191684,0.005206952748690069,334,384,656,606,0
absorbing,0.5,28,16,333.1327351910849,338.4928406192543,0.0047806352239751215,366,384,676,658,0
absorbing,0.5,28,17,333.1878493943449,368.5468908871958,0.004439346680213766,400,400,655,671,0
absorbing,0.5,28,18,333.1104958505637,326.10639902207737,0.0048698052275833546,358,387,658,632,0
absorbing,0.5,28,19,333.0685112513048,321.5454348887855,0.005066444853078654,351,384,600,567,0
absorbing,0.5,28,20,333.0754206897156,323.0555417581916,0.005047502130580098,353,398,694,663,0
absorbing,0.5,28,21,332.8346793966764,258.0542169179521,0.006397486812365367,284,384,615,515,0
absorbing,0.5,28,22,332.93096878709224,279.5579087449593,0.0057706282196048455,305,384,631,552,0
absorbing,0.5,28,23,333.02793283065637,314.13793808889784,0.005293737065691014,343,384,623,582,0
absorbing,0.5,28,24,332.9460197869318,289.72150403919784,0.005670898722349171,317,384,657,590,0
absorbing,0.5,28,25,333.15950814775005,346.1657016852911,0.004620745761125627,378,388,646,640,0
absorbing,0.5,28,26,333.08854362421397,327.0514007232506,0.004973709507429829,357,384,661,634,0
absorbing,0.5,28,27,333.1707722003735,367.15032065264865,0.004517777526109476,403,444,697,716,0
absorbing,0.5,28,28,333.22662182232983,366.2295199996956,0.004352762639067126,404,406,652,672,0
absorbing,0.5,28,29,333.05065214808457,318.38310427590676,0.005179090426325572,348,384,652,616,0
absorbing,0.5,28,30,333.11669956886226,338.90545329315034,0.004810989562620094,371,388,690,677,0
absorbing,0.5,28,31,333.0866468264597,323.1832080806338,0.005004080628914263,357,384,626,599,0
absorbing,0.5,28,32,333.0438617915981,315.25707315266345,0.005197068953572893,348,384,647,611,0
absorbing,0.5,28,33,332.98848714903903,303.34989912393655,0.0055103192572057485,332,384,634,582,0
absorbing,0.5,28,34,332.97315537723523,290.14629602163416,0.005600311139624995,319,384,682,617,0
absorbing,0.5,28,35,332.95664647327055,289.40808368796536,0.005575094926533515,318,384,660,594,0
absorbing,0.5,28,36,333.1534183791053,352.68883420680373,0.004617140060287195,387,391,674,677,0
absorbing,0.5,28,37,332.91744419679003,281.2567818072514,0.005910731435702942,306,384,643,565,0
absorbing,0.5,28,38,333.0211228260779,306.61466825094567,0.005201124305423121,340,384,635,591,0
absorbing,0.5,28,39,333.0354031213725,311.60441937062967,0.005242368613327898,344,384,633,593,0
reflecting,0.5,28,0,333.2412542596944,303.15111178419926,0.00527742175918936,334,384,620,570,0
reflecting,0.5,28,1,333.3315659655828,328.1413247841057,0.005001200499715466,360,388,606,582,0
reflecting,0.5,28,2,333.34044457589476,326.1068365729129,0.004924780757813486,356,384,589,561,0
reflecting,0.5,28,3,333.1744491599587,281.49377075591053,0.0058712057886841085,312,384,615,543,0
reflecting,0.5,28,4,333.2582908141633,303.73578683631655,0.0053386604865114755,335,384,592,543,0
reflecting,0.5,28,5,333.5803278049755,421.46781920031947,0.0038921948135044572,460,460,669,745,0
reflecting,0.5,28,6,333.3693193315824,343.72018485025774,0.004829929959182988,381,391,583,580,0
reflecting,0.5,28,7,333.2639754660916,307.16661547583453,0.005308572925734995,337,384,589,542,0
reflecting,0.5,28,8,333.395592734809,356.3600003036878,0.0045165199295067555,391,391,590,597,0
reflecting,0.5,28,9,333.16420660769023,276.3688030441209,0.0057615793893003465,302,384,595,513,0
reflecting,0.5,28,10,333.19182257479196,287.5838984015316,0.005737382184313652,313,384,608,537,0
reflecting,0.5,28,11,333.3262080910126,318.25627029923965,0.005028234530028501,351,384,617,584,0
reflecting,0.5,28,12,333.3295888531254,328.6362741546097,0.0049616447788055715,360,384,630,606,0
reflecting,0.5,28,13,333.1039221392719,258.7082115381408,0.006292121325592326,284,384,585,485,0
reflecting,0.5,28,14,333.19518036449654,291.4353676342425,0.00571856509275279,317,384,581,514,0
reflecting,0.5,28,15,333.36223980986364,332.47073938876457,0.004824904062151815,367,384,580,563,0
reflecting,0.5,28,16,333.2574411141072,293.28813826131824,0.0053744949690127655,324,384,578,518,0
reflecting,0.5,28,17,333.28343164846467,307.6524452843818,0.00525990572923445,338,384,583,537,0
reflecting,0.5,28,18,333.36495292373905,341.94929302529624,0.004853294714185045,374,388,625,615,0
reflecting,0.5,28,19,333.33199806339337,322.1370596830425,0.004967331398931499,352,384,615,583,0
reflecting,0.5,28,20,333.50056187385684,385.7497063557135,0.004164566863111285,421,428,637,674,0
reflecting,0.5,28,21,333.26389420673144,307.1453364097377,0.0052943603261644285,335,384,597,548,0
reflecting,0.5,28,22,333.2428814905768,306.1130922466167,0.005347569932597832,335,384,563,514,0
reflecting,0.5,28,23,333.1483753388799,270.4747944876228,0.005993094104372072,295,384,586,497,0
reflecting,0.5,28,24,333.2333543527019,298.2774199860475,0.0055138824722245185,327,384,587,530,0
reflecting,0.5,28,25,333.39050711412887,355.0664800810394,0.004639343600397527,388,388,605,609,0
reflecting,0.5,28,26,333.3730629247979,345.69649214539686,0.004795407934072185,377,393,619,612,0
reflecting,0.5,28,27,333.3978432897575,356.6051428754207,0.004647880798671316,393,411,604,613,0
reflecting,0.5,28,28,333.32166264214356,325.26002479807494,0.004932685245255382,356,384,597,569,0
reflecting,0.5,28,29,333.29978077308465,315.11942713666184,0.005175557429042236,348,384,592,556,0
reflecting,0.5,28,30,333.2812116966215,323.95934497258156,0.005226241005579517,353,384,655,624,0
reflecting,0.5,28,31,333.2846523803497,313.53623651658984,0.00522754564750617,344,384,605,565,0
reflecting,0.5,28,32,333.35556706282154,328.4464040860848,0.004900340060675875,359,384,590,565,0
reflecting,0.5,28,33,333.39866120920664,362.7080576575252,0.004556618040451384,396,396,591,603,0
reflecting,0.5,28,34,333.4210696443494,365.65097171459695,0.00447451777762646,399,401,607,622,0
reflecting,0.5,28,35,333.3362242056139,317.2560621460782,0.004978201795670722,350,384,618,584,0
reflecting,0.5,28,36,333.3491796093656,342.9378280680089,0.004910617998877287,375,384,587,578,0
reflecting,0.5,28,37,333.2894299567101,314.80401212848403,0.005232923793024341,345,384,592,553,0
reflecting,0.5,28,38,333.1743192565324,279.06508241978366,0.005737451834303632,305,384,602,523,0
reflecting,0.5,28,39,333.1632417923947,282.3730120276661,0.005730787712103657,308,384,586,510,0
absorbing,0.5,30,0,332.94302733561676,246.55180006085516,0.0064690178419264215,273,384,619,508,0
absorbing,0.5,30,1,333.1490600684838,300.56903613007165,0.005357130533546735,329,384,614,559,0
absorbing,0.5,30,2,333.1067554528366,299.372129612792,0.005569683523948342,331,384,613,560,0
absorbing,0.5,30,3,333.09913288160357,295.1475722497444,0.0056186309613672925,323,384,643,582,0
absorbing,0.5,30,4,333.02586557789306,275.62554454468005,0.005993513355374665,303,384,643,562,0
absorbing,0.5,30,5,333.23988598762753,337.23464068548185,0.004787534454865609,370,384,630,616,0
absorbing,0.5,30,6,333.35318396095096,377.76408741445937,0.004364042623017058,412,421,681,709,0
absorbing,0.5,30,7,333.0501585313759,279.42959721638994,0.00591754034637927,302,384,641,559,0
absorbing,0.5,30,8,333.0742657756823,296.54877874319965,0.005706270735762418,325,384,615,556,0
absorbing,0.5,30,9,333.1286770916113,314.1138352947846,0.005298310038995571,345,384,628,589,0
absorbing,0.5,30,10,333.3034195582771,356.9137895941398,0.004574055072654529,392,407,673,681,0
absorbing,0.5,30,11,333.1509714621608,313.7792415780463,0.005241129889903308,343,407,690,649,0
absorbing,0.5,30,12,333.1244547232918,294.7113925052142,0.005441125949209626,322,384,628,566,0
absorbing,0.5,30,13,333.26042408570044,346.4926513391951,0.004796044875862694,380,411,693,689,0
absorbing,0.5,30,14,333.2451054686336,341.35900935875515,0.004826297917532046,377,384,628,621,0
absorbing,0.5,30,15,333.0799586198332,290.4244433752677,0.005602168408725571,322,384,670,608,0
absorbing,0.5,30,16,333.301660291324,368.9514084531314,0.004571997276521077,401,408,672,689,0
absorbing,0.5,30,17,333.11411789988097,297.4190684915722,0.0055376107879955335,328,384,618,562,0
absorbing,0.5,30,18,333.20574072447215,323.0677883073164,0.005048398397493283,356,384,633,605,0
absorbing,0.5,30,19,333.1698254217092,313.38360581517577,0.005200566962146499,346,384,637,599,0
absorbing,0.5,30,20,333.27671598950036,350.9748637077417,0.004726507116933727,388,405,703,707,0
absorbing,0.5,30,21,333.07302034897765,291.6222137671842,0.005712528735525627,320,384,637,573,0
absorbing,0.5,30,22,333.01650262672547,267.4034896998069,0.0059907331302667816,294,384,647,557,0
absorbing,0.5,30,23,332.9549403404784,262.88676580412863,0.006425280960770152,288,384,640,544,0
absorbing,0.5,30,24,333.0903729472607,298.80385969574394,0.005574270429270733,330,384,595,541,0
absorbing,0.5,30,25,332.88412314824717,234.05623018104959,0.006992485019117553,255,384,641,512,0
absorbing,0.5,30,26,333.36815094783657,380.1134298621627,0.004309756919039293,416,417,681,713,0
absorbing,0.5,30,27,333.1687760650634,316.73712672820585,0.0052572641819690746,346,384,667,629,0
absorbing,0.5,30,28,333.26423089463253,347.74430833255803,0.0047646069437645355,377,388,684,677,0
absorbing,0.5,30,29,333.2361024996965,341.6494737398311,0.004795530660037893,372,388,668,656,0
absorbing,0.5,30,30,333.0735185645032,281.5372262667967,0.005774275833319257,309,384,615,540,0
absorbing,0.5,30,31,333.2084642576618,330.29606802400303,0.005029807281336018,365,414,667,648,0
absorbing,0.5,30,32,333.02713613757464,281.5978088201842,0.005896193431850994,307,384,630,553,0
absorbing,0.5,30,33,332.87120458532263,235.5932199720628,0.007009585078344519,260,384,623,499,0
absorbing,0.5,30,34,333.1690879922327,319.7529595368958,0.005240485103652049,353,384,658,627,0
absorbing,0.5,30,35,333.29859070751417,344.7739436230593,0.0045227508878882845,378,396,639,633,0
absorbing,0.5,30,36,333.11729742951354,301.27880862536256,0.005396290314995243,332,384,633,581,0
absorbing,0.5,30,37,333.139099148155,308.7063395509835,0.00536428756043751,336,384,617,569,0
absorbing,0.5,30,38,333.1702568391726,325.8383156233866,0.005143411075560789,360,384,651,627,0
absorbing,0.5,30,39,333.1479824151126,311.6899720002969,0.0053622980388002926,344,399,690,650,0
reflecting,0.5,30,0,333.42827781840987,338.71243349176586,0.0047480395462467405,371,384,557,544,0
reflecting,0.5,30,1,333.2668054820556,293.92521495587755,0.005593266143993279,321,384,595,532,0
reflecting,0.5,30,2,333.17316354174733,265.0470656681566,0.006161717184219251,292,384,604,512,0
reflecting,0.5,30,3,333.30553494300733,306.06962071635377,0.0053534612367423925,337,384,560,513,0
reflecting,0.5,30,4,333.3417341255956,319.95771594527326,0.005204109901096909,352,384,600,568,0
reflecting,0.5,30,5,333.3266051594391,302.653490312098,0.005283037234010568,331,390,647,594,0
reflecting,0.5,30,6,333.38258918402727,331.12991360794683,0.004943133029765829,363,384,596,575,0
reflecting,0.5,30,7,333.0872691289352,236.48034739350277,0.006703848746235509,262,384,546,424,0
reflecting,0.5,30,8,333.33541605513824,305.2312410541181,0.005204605529310393,335,384,629,580,0
reflecting,0.5,30,9,333.29915257990643,300.6684923979808,0.005344280752552811,329,384,612,557,0
reflecting,0.5,30,10,333.48026746379736,355.11058809948366,0.004468550902718066,386,386,587,589,0
reflecting,0.5,30,11,333.4588939046096,347.53667561064776,0.004639764687425254,386,403,637,639,0
reflecting,0.5,30,12,333.3560539624163,319.93375480793475,0.005111824237028386,351,384,586,553,0
reflecting,0.5,30,13,333.38288223769314,330.48088301772293,0.0049662352552186555,363,384,584,563,0
reflecting,0.5,30,14,333.4094001458499,345.0570885519535,0.004790913320853775,377,406,599,592,0
reflecting,0.5,30,15,333.38747715043945,324.94436088079505,0.00496942483045456,357,384,613,586,0
reflecting,0.5,30,16,333.3662389707624,324.7296608828807,0.005043445128156973,356,384,568,540,0
reflecting,0.5,30,17,333.3825900117414,325.60395244599033,0.004987209580640945,354,384,574,544,0
reflecting,0.5,30,18,333.3640784669872,326.59873869219945,0.004941706833942458,356,384,599,571,0
reflecting,0.5,30,19,333.3157391243771,304.5531270040444,0.005344192083678162,333,384,573,522,0
reflecting,0.5,30,20,333.36122400256136,323.12785544684306,0.005079972740186694,351,384,593,560,0
reflecting,0.5,30,21,333.43715144358345,344.1305070252852,0.004692427510574508,382,389,618,616,0
reflecting,0.5,30,22,333.4961648045443,363.51309985618406,0.00447625839404618,400,406,620,636,0
reflecting,0.5,30,23,333.5149607801207,374.61603498029996,0.004358058383393635,409,409,597,622,0
reflecting,0.5,30,24,333.3149914768337,303.4145428346778,0.0053382906680770805,330,384,604,550,0
reflecting,0.5,30,25,333.4040031344048,338.28356995888004,0.004727349997546453,368,384,605,589,0
reflecting,0.5,30,26,333.32141334807204,307.19234946858944,0.005320562263716385,337,384,602,555,0
reflecting,0.5,30,27,333.48359747153256,356.65033396219553,0.00451106095940029,394,400,604,614,0
reflecting,0.5,30,28,333.3072798710617,304.8550112785794,0.005356999506145049,335,384,582,533,0
reflecting,0.5,30,29,333.5096006321015,362.9013842312936,0.0044011838576898015,397,397,609,622,0
reflecting,0.5,30,30,333.1722975695686,269.2181257212931,0.006167107629021576,294,384,597,507,0
reflecting,0.5,30,31,333.3887946944116,324.63298318602114,0.0049756931385460485,360,384,586,562,0
reflecting,0.5,30,32,333.42731401355127,339.97984122881553,0.004745199680401853,369,394,619,604,0
reflecting,0.5,30,33,333.4220507317961,344.700106682161,0.004810856684539146,378,384,579,573,0
reflecting,0.5,30,34,333.3802499839206,343.10937631685954,0.004897804386063146,373,384,587,576,0
reflecting,0.5,30,35,333.39338550565435,331.9704273632514,0.004853593157474245,362,384,583,561,0
reflecting,0.5,30,36,333.17651538563246,264.2447010139272,0.0060470044711632785,292,384,557,465,0
reflecting,0.5,30,37,333.3905713869398,334.6564699107281,0.004970937425475751,364,384,614,594,0
reflecting,0.5,30,38,333.47688168767604,363.28796882276356,0.004527971933971293,398,406,603,617,0
reflecting,0.5,30,39,333.32192604971766,310.8079665952371,0.005249882464250176,341,384,595,552,0
absorbing,0.5,32,0,333.3112890081996,335.20908558662813,0.004927199427396229,367,384,639,622,0
absorbing,0.5,32,1,333.1681465311018,289.89538803067654,0.00559422896263542,318,384,636,570,0
absorbing,0.5,32,2,333.2621230884728,313.199175747601,0.0051641760211211946,346,384,620,582,0
absorbing,0.5,32,3,333.30779875546756,335.5243053706671,0.004890079162722994,365,384,639,620,0
absorbing,0.5,32,4,333.23023468500446,300.90542061642503,0.005215460797703584,327,384,653,596,0
absorbing,0.5,32,5,333.3257131493503,330.488111496449,0.004810120424612991,363,384,622,601,0
absorbing,0.5,32,6,333.15392286840216,297.64113370884763,0.005636436425759451,322,384,597,535,0
absorbing,0.5,32,7,333.07443023141826,260.27624094143766,0.006191345962407252,289,384,602,507,0
absorbing,0.5,32,8,333.14716926610464,292.1807846449222,0.005711576058682513,320,384,608,544,0
absorbing,0.5,32,9,333.1638883042945,287.0787775998876,0.0056903942683156124,314,384,641,571,0
absorbing,0.5,32,10,333.2501716683444,303.5389827555746,0.0051590850311436206,333,384,637,586,0
absorbing,0.5,32,11,333.3319841869757,339.6813809536795,0.004823473296256668,373,384,647,636,0
absorbing,0.5,32,12,333.3842230491038,357.2346670756893,0.0045755360207641385,387,405,650,653,0
absorbing,0.5,32,13,333.3461476204823,350.5959492419248,0.0047521073481728935,383,387,583,582,0
absorbing,0.5,32,14,333.14650567921063,263.4392284287557,0.005778963669569353,293,384,611,520,0
absorbing,0.5,32,15,333.404290910596,373.82975838439717,0.004462981310916015,410,417,665,691,0
absorbing,0.5,32,16,333.2368360890854,313.02303067030954,0.0052931498085051695,339,384,627,582,0
absorbing,0.5,32,17,333.23808448972517,314.59530433485804,0.005310674453983987,343,384,620,579,0
absorbing,0.5,32,18,333.1956049171563,288.7883149553055,0.005524347697984031,315,388,657,588,0
absorbing,0.5,32,19,333.32516059511124,336.01578176434583,0.004848072271094153,368,384,611,595,0
absorbing,0.5,32,20,333.29693891917526,330.26533664135025,0.004996621525173043,362,384,611,589,0
absorbing,0.5,32,21,333.23063870092716,319.29108875607795,0.005289426383537362,350,384,633,599,0
absorbing,0.5,32,22,333.3920589063402,349.4125014280735,0.0045173450372671935,381,385,617,614,0
absorbing,0.5,32,23,333.349093707681,346.5612814126919,0.004654391616543693,375,384,621,612,0
absorbing,0.5,32,24,333.169620132761,295.53543379731775,0.005507387199123659,324,384,635,575,0
absorbing,0.5,32,25,333.2055196816587,297.44772935465176,0.005419471212591434,324,384,617,557,0
absorbing,0.5,32,26,333.30606903170894,328.8733128306492,0.004868023983511365,362,384,632,610,0
absorbing,0.5,32,27,333.1461982787197,279.8386198030946,0.005739249850402611,307,384,623,546,0
absorbing,0.5,32,28,333.3125594588492,341.37214402000774,0.004927479436505506,370,384,620,606,0
absorbing,0.5,32,29,333.30473440918416,343.8913824733296,0.004921289055598562,376,384,603,595,0
absorbing,0.5,32,30,333.4352276715722,385.74059131731326,0.004315018720744821,421,421,675,712,0
absorbing,0.5,32,31,333.39384350168876,359.8747995130275,0.004533687967841598,396,400,649,661,0
absorbing,0.5,32,32,333.32944571141354,344.76743520184044,0.004729871168813325,376,401,672,664,0
absorbing,0.5,32,33,333.35334274454505,350.8807542563247,0.004670817379910264,384,393,639,639,0
absorbing,0.5,32,34,333.1431303753141,283.15206507583025,0.005831723535086442,312,384,627,555,0
absorbing,0.5,32,35,333.39650680836866,359.4342369646942,0.004435510313925336,394,394,617,627,0
absorbing,0.5,32,36,333.3132202399777,341.23076382967764,0.0047181107827988095,373,384,648,637,0
absorbing,0.5,32,37,333.3272283630817,331.73870321935175,0.004783423947682707,364,384,632,612,0
absorbing,0.5,32,38,333.27321062652135,316.47294031468573,0.005080359580143238,347,384,635,598,0
absorbing,0.5,32,39,333.2784152217477,317.9754875321535,0.005086473656050167,347,385,647,610,0
reflecting,0.5,32,0,333.4618505545479,337.9924131096869,0.004845446451479675,371,401,610,597,0
reflecting,0.5,32,1,333.28203990663417,279.8464400786387,0.005911711264425628,306,384,558,480,0
reflecting,0.5,32,2,333.48072092245803,340.7957435716462,0.00483171348345362,374,384,587,577,0
reflecting,0.5,32,3,333.25374343530586,265.3832045311114,0.006028017924386701,291,384,546,453,0
reflecting,0.5,32,4,333.56824006676635,364.5360934124459,0.004424843407194076,401,404,581,598,0
reflecting,0.5,32,5,333.24343113754196,267.9791720927698,0.006154301773437145,296,384,581,493,0
reflecting,0.5,32,6,333.37557421575013,301.83622599120577,0.005386419371638231,329,384,644,589,0
reflecting,0.5,32,7,333.4138086318109,323.72451211720073,0.005189980587961848,355,384,617,588,0
reflecting,0.5,32,8,333.51202678930446,353.9683192803206,0.004698669818621439,388,394,638,642,0
reflecting,0.5,32,9,333.40799698906324,318.64974732826386,0.005102861796388784,349,384,587,552,0
reflecting,0.5,32,10,333.3312513343766,286.8139032210704,0.005636060153634748,313,384,562,491,0
reflecting,0.5,32,11,333.4388974956402,326.24706833850064,0.005045430157966193,353,384,612,581,0
reflecting,0.5,32,12,333.3210193882003,293.27168964854314,0.005645916244286197,316,384,552,484,0
reflecting,0.5,32,13,333.52061159046434,355.19148935252616,0.004652598827080284,387,394,620,623,0
reflecting,0.5,32,14,333.503427443284,347.69820228696705,0.00466658137588927,378,388,629,623,0
reflecting,0.5,32,15,333.3514026812501,290.9116903140843,0.005532902686296394,321,384,590,527,0
reflecting,0.5,32,16,333.3887147443549,315.1402337312373,0.005311724854484066,347,388,624,587,0
reflecting,0.5,32,17,333.24152518027546,270.2557947684422,0.006055170372715121,297,384,566,479,0
reflecting,0.5,32,18,333.485220196333,337.5424771464649,0.004698921130258338,368,388,632,616,0
reflecting,0.5,32,19,333.54626558020897,362.53370618172073,0.004537062225674021,396,399,595,607,0
reflecting,0.5,32,20,333.3197077377519,290.2944884161001,0.0056341247790231835,317,384,584,517,0
reflecting,0.5,32,21,333.3530852290845,297.9655811289021,0.005490651625172952,328,384,589,533,0
reflecting,0.5,32,22,333.30306944177244,290.94914823530524,0.005685236071903402,318,384,555,489,0
reflecting,0.5,32,23,333.55031149563695,369.9576461940727,0.004480169068304942,405,406,619,640,0
reflecting,0.5,32,24,333.60225162191307,392.56150074347244,0.004287510277446049,426,426,600,642,0
reflecting,0.5,32,25,333.2778422589746,279.9733085706422,0.005831533879730425,308,384,593,517,0
reflecting,0.5,32,26,333.39006710490276,313.3747680421849,0.005277947033082327,348,385,606,570,0
reflecting,0.5,32,27,333.0982908377936,230.68520305718548,0.00700110324151566,254,384,599,469,0
reflecting,0.5,32,28,333.282406560513,277.014191088238,0.005836762742631646,305,384,571,492,0
reflecting,0.5,32,29,333.3316155954114,285.9740354874254,0.0056412376284112305,314,384,628,558,0
reflecting,0.5,32,30,333.4863702456326,340.148822882256,0.004825107002109035,370,384,577,563,0
reflecting,0.5,32,31,333.49132123516864,333.79609307627373,0.004798796325537713,366,384,563,545,0
reflecting,0.5,32,32,333.4594600440079,326.2749386579057,0.004845121563707388,360,384,584,560,0
reflecting,0.5,32,33,333.31707111598894,292.0893400351602,0.0053436195605126415,318,384,586,520,0
reflecting,0.5,32,34,333.49453866982566,358.1614146065333,0.004751294685954742,392,402,617,625,0
reflecting,0.5,32,35,333.35373049072336,311.41079748068233,0.00549456834311327,339,384,594,549,0
reflecting,0.5,32,36,333.4057267806558,315.42672135333936,0.005196699513680739,346,384,593,555,0
reflecting,0.5,32,37,333.47401549017394,339.08693061795213,0.004886909450040329,373,398,629,618,0
reflecting,0.5,32,38,333.2706087289046,282.7161855513679,0.00587779359340098,310,384,572,498,0
reflecting,0.5,32,39,333.3159759562636,287.99181533448916,0.005590917895886062,314,384,605,535,0
absorbing,0.5,34,0,333.3124050703997,324.3459722961942,0.005067104857681723,357,384,617,590,0
absorbing,0.5,34,1,333.3181089927226,322.99403589312885,0.005063614397104625,355,392,655,626,0
absorbing,0.5,34,2,333.14003077409495,272.5984873891029,0.006053316323406466,299,384,620,535,0
absorbing,0.5,34,3,333.2493715795418,299.79866832543314,0.005395046962299478,330,384,646,592,0
absorbing,0.5,34,4,333.4386205648395,368.27299506012326,0.004455954397528476,404,409,649,669,0
absorbing,0.5,34,5,333.25891743339315,309.8589575002125,0.005263721958374213,343,384,617,576,0
absorbing,0.5,34,6,333.1307776658609,272.5447121888648,0.006003805723201993,300,388,633,549,0
absorbing,0.5,34,7,333.39834900340946,358.0738686614245,0.004657632991826848,388,393,627,631,0
absorbing,0.5,34,8,333.204793070323,288.16980812370525,0.00557773773248175,316,384,610,542,0
absorbing,0.5,34,9,333.2651093798787,305.9444606035047,0.005229633651797729,333,384,610,559,0
absorbing,0.5,34,10,333.37217445407185,343.39372435878965,0.004745311203615927,375,384,597,588,0
absorbing,0.5,34,11,333.3129505353694,319.44578441474835,0.005036148561580698,348,386,662,626,0
absorbing,0.5,34,12,333.4596767655736,365.1724622338577,0.004383545247356829,402,410,631,649,0
absorbing,0.5,34,13,333.35548577688047,337.37154573386096,0.00482988365599396,371,384,616,603,0
absorbing,0.5,34,14,333.29071564340387,313.42935446284565,0.00517037043619203,344,384,621,581,0
absorbing,0.5,34,15,333.3041651392314,325.4446803580383,0.005058680684552539,361,392,657,634,0
absorbing,0.5,34,16,333.1117565077275,272.18614939728326,0.006169720898397214,297,384,647,560,0
absorbing,0.5,34,17,333.1137688495085,273.78594099478835,0.006031500660019651,298,384,627,541,0
absorbing,0.5,34,18,333.3453086707094,330.1659902280628,0.004798903099683758,361,384,596,573,0
absorbing,0.5,34,19,333.3688844000008,345.3189680690996,0.004803281743748283,380,386,657,653,0
absorbing,0.5,34,20,333.4315968659311,365.3524053390697,0.004495584026835427,399,404,652,667,0
absorbing,0.5,34,21,333.2092132380802,290.5347174951017,0.0056403880375584916,316,384,591,523,0
absorbing,0.5,34,22,333.14299310911343,268.21240989748327,0.005954963336545314,294,384,617,527,0
absorbing,0.5,34,23,333.1772350405603,280.6545931703994,0.005732449257132773,308,384,626,550,0
absorbing,0.5,34,24,333.3960674227841,350.2376324497538,0.004680033716598012,382,384,664,662,0
absorbing,0.5,34,25,333.34120055861524,333.8829671312799,0.004950410303569898,369,397,629,614,0
absorbing,0.5,34,26,333.23251471348703,298.5588050333371,0.0055183073330716155,332,384,606,554,0
absorbing,0.5,34,27,333.1749114283425,277.21075872891066,0.005617932291811104,303,384,624,543,0
absorbing,0.5,34,28,333.3048213285675,325.495864673834,0.005123594980036898,357,388,624,597,0
absorbing,0.5,34,29,333.15230989973213,271.67704734065626,0.005887286521208576,296,384,585,497,0
absorbing,0.5,34,30,333.4759957963544,379.49510707011177,0.004258810205091394,417,425,643,676,0
absorbing,0.5,34,31,333.48071762917857,375.055894503337,0.0043063853428189506,412,428,683,711,0
absorbing,0.5,34,32,333.2913456748902,316.86792785673714,0.005194885903753293,349,398,629,594,0
absorbing,0.5,34,33,333.3152754836724,324.32506117414135,0.004991176596204462,357,384,628,601,0
absorbing,0.5,34,34,333.3883713907195,348.33898167041997,0.004676808898042015,379,398,653,648,0
absorbing,0.5,34,35,333.38882046738854,352.8767786330408,0.004650283206161086,391,409,666,673,0
absorbing,0.5,34,36,333.3087203381121,331.3228013642657,0.004830019194166041,363,384,597,576,0
absorbing,0.5,34,37,333.4079471999683,360.2519246928017,0.004535646797102249,395,395,602,613,0
absorbing,0.5,34,38,333.1615782691865,260.72789238431693,0.0059081240215838405,287,384,583,486,0
absorbing,0.5,34,39,333.2306416721455,296.3697345247011,0.0054510813842936715,323,384,633,572,0
reflecting,0.5,34,0,333.5343034210889,326.7225703802778,0.004955830826665801,357,393,622,595,0
reflecting,0.5,34,1,333.3119907506461,261.7957867394888,0.006166778013314771,285,384,578,479,0
reflecting,0.5,34,2,333.52731656567425,323.94675576455785,0.004993309554640495,356,384,584,556,0
reflecting,0.5,34,3,333.51929826492545,327.4658517233221,0.005016298172292757,358,403,637,611,0
reflecting,0.5,34,4,333.3899705559911,288.803952502544,0.005734129026091644,316,384,629,561,0
reflecting,0.5,34,5,333.5512696102544,335.9586328855448,0.00486908948966916,368,397,597,581,0
reflecting,0.5,34,6,333.4904835696189,325.86340211151946,0.005121303710916501,354,388,628,598,0
reflecting,0.5,34,7,333.52040398674905,333.4462528841244,0.005004822146449591,367,396,637,620,0
reflecting,0.5,34,8,333.47050430218985,309.4899823581111,0.005228608280424503,341,384,586,543,0
reflecting,0.5,34,9,333.3753781671355,286.13480336438903,0.005803135250991229,313,384,571,500,0
reflecting,0.5,34,10,333.46462210957134,313.2431398891242,0.005287866114241322,344,384,630,590,0
reflecting,0.5,34,11,333.44108828808385,309.1990963624276,0.005405520729154667,338,405,626,580,0
reflecting,0.5,34,12,333.39025136281293,290.6037601536759,0.005686074652549285,318,384,578,512,0
reflecting,0.5,34,13,333.3387127366944,270.31685922135154,0.006027012741354335,297,384,589,502,0
reflecting,0.5,34,14,333.38377552864745,293.48521136236326,0.00564505845817103,323,384,610,549,0
reflecting,0.5,34,15,333.5613554835886,346.77308514414153,0.004830491295535558,379,384,581,576,0
reflecting,0.5,34,16,333.30069358650786,268.14864497433393,0.0061467608967142075,293,384,615,524,0
reflecting,0.5,34,17,333.43842381341716,308.5968340109862,0.005360052366164961,337,384,595,548,0
reflecting,0.5,34,18,333.42394358614473,306.3514757266554,0.005546209192909799,336,384,570,522,0
reflecting,0.5,34,19,333.26912053273116,260.1139301496654,0.006403176854569454,284,384,580,480,0
reflecting,0.5,34,20,333.33648501019593,282.06047633120073,0.006057310605208281,309,384,575,500,0
reflecting,0.5,34,21,333.3940029838706,288.17752938561904,0.005650847817391151,317,384,587,520,0
reflecting,0.5,34,22,333.15747660040074,234.7425548848667,0.0070647918819189744,256,384,564,436,0
reflecting,0.5,34,23,333.57699461431025,350.8151145627566,0.004657386126956753,381,391,599,596,0
reflecting,0.5,34,24,333.49520689506386,326.82925425399907,0.005139481667061604,357,384,589,562,0
reflecting,0.5,34,25,333.4448707174605,312.1794481519345,0.005223838990349718,338,384,612,566,0
reflecting,0.5,34,26,333.56496321477334,340.6218618811432,0.00477765041643174,371,384,611,598,0
reflecting,0.5,34,27,333.60295467642993,357.96136464303333,0.004598496472900512,391,395,616,623,0
reflecting,0.5,34,28,333.30469091431297,265.6419712224795,0.006215887510855516,295,384,538,449,0
reflecting,0.5,34,29,333.4459291099076,303.70356085069346,0.005418588223605464,330,384,568,514,0
reflecting,0.5,34,30,333.5359346149848,337.77116798820686,0.004940032257083531,372,384,603,591,0
reflecting,0.5,34,31,333.2464310758568,260.6564093018152,0.006377393584691206,284,384,567,467,0
reflecting,0.5,34,32,333.35827220938154,285.4047706341119,0.005926683415224864,314,384,594,524,0
reflecting,0.5,34,33,333.5173718480535,335.6381193263262,0.005051206909264878,369,384,578,563,0
reflecting,0.5,34,34,333.4017284101311,293.31777825607253,0.005668405226866424,322,384,564,502,0
reflecting,0.5,34,35,333.47840336754274,318.62788367586256,0.00516278551103292,349,384,629,594,0
reflecting,0.5,34,36,333.5656449100495,344.72646305761725,0.004693905290334313,380,384,594,590,0
reflecting,0.5,34,37,333.371546661029,286.44156972504067,0.005624252086621599,311,384,562,489,0
reflecting,0.5,34,38,333.48094278048364,314.0788760021445,0.005171044951909543,342,384,590,548,0
reflecting,0.5,34,39,333.3822417199856,280.62120886967716,0.005732258592386862,309,384,604,529,0
absorbing,0.5,36,0,333.41810836383183,321.8293708466026,0.005117345363306625,357,410,652,625,0
absorbing,0.5,36,1,333.32184443767363,294.9704832995818,0.00560149077855334,326,384,626,568,0
absorbing,0.5,36,2,333.3137959535927,278.07780965529184,0.00565711349675952,307,384,562,485,0
absorbing,0.5,36,3,333.352320023789,304.6674385281506,0.005481078804199608,332,384,588,536,0
absorbing,0.5,36,4,333.5118743626167,348.917958578772,0.0046554779234845274,379,384,601,596,0
absorbing,0.5,36,5,333.54084848549263,359.6960854979319,0.004506542152607118,395,408,613,624,0
absorbing,0.5,36,6,333.5066782867667,349.57746367289195,0.004702083632230833,380,396,629,625,0
absorbing,0.5,36,7,333.37699772905717,305.33248436304615,0.005169580699037191,334,384,617,567,0
absorbing,0.5,36,8,333.3253999757511,294.743144882602,0.0056131395893657685,321,384,614,551,0
absorbing,0.5,36,9,333.54729338765827,352.8834959297305,0.004498828247716021,387,392,602,605,0
absorbing,0.5,36,10,333.4553860802703,340.86431544239036,0.004903482804069281,370,384,617,603,0
absorbing,0.5,36,11,333.46214170882297,336.5214706618718,0.0049287094258813995,366,384,592,574,0
absorbing,0.5,36,12,333.4393356646555,324.4440633614724,0.005039308084200803,354,384,619,589,0
absorbing,0.5,36,13,333.3227778565547,291.50445817174955,0.005586513135838309,320,384,603,539,0
absorbing,0.5,36,14,333.3453982085204,293.24186919719915,0.005503837228877856,321,384,575,512,0
absorbing,0.5,36,15,333.2977560730878,288.5356661671692,0.005767156885385378,317,384,601,534,0
absorbing,0.5,36,16,333.37862522433295,300.20393119611003,0.005322446184820588,327,384,624,567,0
absorbing,0.5,36,17,333.21503461049,255.01763504924654,0.00628226891845713,281,384,586,483,0
absorbing,0.5,36,18,333.3311482889982,304.2065574606526,0.005569524346373102,333,384,598,547,0
absorbing,0.5,36,19,333.4052549986939,310.6674476123695,0.0051716872310682265,345,384,612,573,0
absorbing,0.5,36,20,333.2713405629432,277.39509514125774,0.0057108986642784255,305,384,600,521,0
absorbing,0.5,36,21,333.4475231683502,332.3769056310046,0.004857681889342659,361,387,614,591,0
absorbing,0.5,36,22,333.42286641627953,320.7583846735733,0.005026715432051681,349,384,615,580,0
absorbing,0.5,36,23,333.55868546437796,368.97636480687106,0.004445155176821764,405,422,664,685,0
absorbing,0.5,36,24,333.3786864965541,310.00039080886864,0.005251318580553348,339,384,614,569,0
absorbing,0.5,36,25,333.43129862173583,325.3817284455749,0.005081610911459578,355,384,616,587,0
absorbing,0.5,36,26,333.3391619020023,307.8016933840323,0.005429430321638713,337,384,618,571,0
absorbing,0.5,36,27,333.42430761419627,319.24289861002836,0.005078218014138657,350,390,653,619,0
absorbing,0.5,36,28,333.39511761843244,308.9808658680685,0.005234987961743688,342,384,600,558,0
absorbing,0.5,36,29,333.41285169117356,315.3960847916857,0.005174946322696177,341,384,581,538,0
absorbing,0.5,36,30,333.33087955618294,296.2570162317675,0.005555194755903453,324,384,614,554,0
absorbing,0.5,36,31,333.38450575909786,312.08354510488795,0.005259913273956361,342,384,576,534,0
absorbing,0.5,36,32,333.2982263527161,281.1681771508671,0.005784690752138829,309,384,563,488,0
absorbing,0.5,36,33,333.4670830720684,341.1607505068576,0.00480025076607073,375,384,651,642,0
absorbing,0.5,36,34,333.29739467341625,285.783227093886,0.005812929986740914,311,384,600,527,0
absorbing,0.5,36,35,333.5056765512123,346.322532218487,0.00469193093555664,378,384,605,599,0
absorbing,0.5,36,36,333.3885039525499,307.9005175723945,0.005255504657922636,336,384,617,569,0
absorbing,0.5,36,37,333.33394031616206,297.0143870605293,0.005594720123730784,326,384,584,526,0
absorbing,0.5,36,38,333.4963869148963,340.46634962438253,0.004670453817814726,376,384,624,616,0
absorbing,0.5,36,39,333.35443818623474,304.68298640371177,0.005375667100969121,333,384,605,554,0
reflecting,0.5,36,0,333.64465868821225,371.2417205384782,0.004369870281310613,408,415,633,657,0
reflecting,0.5,36,1,333.398562347576,288.41079594993334,0.005691613644467487,318,384,583,517,0
reflecting,0.5,36,2,333.40634824734235,292.1544936871445,0.005515989871466995,316,384,599,531,0
reflecting,0.5,36,3,333.63271127863595,363.4121320440158,0.004459912640899909,399,421,615,630,0
reflecting,0.5,36,4,333.5709810906932,342.1416867081951,0.004777994489824541,378,389,583,577,0
reflecting,0.5,36,5,333.5539592045022,340.0003926871602,0.004768488430102872,370,389,605,591,0
reflecting,0.5,36,6,333.62867959793994,370.1409361821339,0.0043722020778735994,403,406,618,637,0
reflecting,0.5,36,7,333.53938188971506,324.21541495045386,0.004895390671304361,359,394,633,608,0
reflecting,0.5,36,8,333.56789759616413,339.04426016200773,0.004824816300442584,373,384,594,583,0
reflecting,0.5,36,9,333.42662870402734,295.14211874036897,0.005480223616479137,323,384,568,507,0
reflecting,0.5,36,10,333.4332998231234,308.12080785687453,0.005310102449180642,338,391,625,579,0
reflecting,0.5,36,11,333.4527634816698,304.8377410164873,0.005410904163898968,336,384,587,539,0
reflecting,0.5,36,12,333.4804102904211,313.6031592303611,0.00520485381655777,342,384,576,534,0
reflecting,0.5,36,13,333.5320793506226,326.49102767436574,0.0049851457792183035,361,393,604,581,0
reflecting,0.5,36,14,333.4818849743005,311.86906746687777,0.005240057657588231,345,384,623,584,0
reflecting,0.5,36,15,333.3107428124047,262.06553877179806,0.0061292802832285985,289,385,605,510,0
reflecting,0.5,36,16,333.4088257273759,295.25007145153944,0.005542764513442907,322,384,611,549,0
reflecting,0.5,36,17,333.5103605549977,322.69886795678843,0.004994870490114281,354,410,628,598,0
reflecting,0.5,36,18,333.35112424975597,280.4834441346043,0.005780929975381863,304,384,596,516,0
reflecting,0.5,36,19,333.2324240146548,248.46156365299834,0.0067311866048586745,273,384,555,444,0
reflecting,0.5,36,20,333.43158047922884,299.14786734698026,0.00541572317754967,328,384,583,527,0
reflecting,0.5,36,21,333.487382673676,312.51658125717137,0.005175772915826832,340,384,608,564,0
reflecting,0.5,36,22,333.5126745065975,321.3074409781058,0.005070520902266612,351,384,578,545,0
reflecting,0.5,36,23,333.40561398582656,298.4151240588185,0.00559699999173785,328,390,634,578,0
reflecting,0.5,36,24,333.4573985593572,307.3022395669252,0.005396649852098067,337,384,602,555,0
reflecting,0.5,36,25,333.63586379026196,374.4553530347413,0.0045081197510548916,411,423,590,617,0
reflecting,0.5,36,26,333.34840331012896,278.15605361830706,0.005904711663280979,304,384,574,494,0
reflecting,0.5,36,27,333.6789933592427,377.6916833144801,0.004298048854990976,413,413,620,649,0
reflecting,0.5,36,28,333.325415590639,268.51905652393543,0.006158551740782386,296,384,561,473,0
reflecting,0.5,36,29,333.43940775001073,299.5965257875382,0.005413773309669055,329,384,589,534,0
reflecting,0.5,36,30,333.5162162763214,321.35731232068264,0.005046169907482892,355,384,599,570,0
reflecting,0.5,36,31,333.5619019950968,336.35193184714245,0.004773881290415603,366,384,596,578,0
reflecting,0.5,36,32,333.4960472336769,317.0202030972382,0.00517279957744329,349,387,579,544,0
reflecting,0.5,36,33,333.3280274615771,277.59151227951685,0.00610769926533993,306,384,591,513,0
reflecting,0.5,36,34,333.5739863893694,344.2551182127153,0.004760522387242036,377,384,576,569,0
reflecting,0.5,36,35,333.47823646378924,316.36975549269107,0.005135553135021582,346,410,636,598,0
reflecting,0.5,36,36,333.58761659158813,343.7658586145193,0.0046970036498568245,377,390,590,583,0
reflecting,0.5,36,37,333.6151890035516,359.1360945165111,0.004555352397010633,394,394,606,616,0
reflecting,0.5,36,38,333.4299481055879,300.2471994226023,0.00550889711116856,328,392,649,593,0
reflecting,0.5,36,39,333.4175231691516,306.93841238458674,0.005376042455886732,335,384,566,517,0
