boundary,w,L,block_id,logZ,ESS,max_weight_fraction,population_final,population_max,prune_deaths,clone_events,overflow
fold-back reflecting,0.3,8,0,337.9576803807228,323.2032698010081,0.00504621609204233,350,384,586,552,0
fold-back reflecting,0.3,8,1,338.0202012393767,346.32649026899924,0.004732614903963333,380,385,544,540,0
fold-back reflecting,0.3,8,2,337.7237049073604,262.8106718369021,0.006380169402293511,292,384,589,497,0
fold-back reflecting,0.3,8,3,337.7772088838225,266.2509389152217,0.005952701890263807,291,384,550,457,0
fold-back reflecting,0.3,8,4,337.86498242919276,298.6218786765919,0.005540525022510281,325,384,544,485,0
fold-back reflecting,0.3,8,5,337.84517545051375,300.5458457256075,0.005483285230199542,332,384,558,506,0
fold-back reflecting,0.3,8,6,337.93634238958765,322.92357547896546,0.005073930426403848,355,384,555,526,0
fold-back reflecting,0.3,8,7,337.86071898729153,285.6260405934537,0.005493216281530625,315,384,598,529,0
fold-back reflecting,0.3,8,8,337.83510003255344,295.34636188259896,0.005712776630479783,324,384,558,498,0
fold-back reflecting,0.3,8,9,337.87656442208703,307.0543805735111,0.005416525478114054,336,384,534,486,0
fold-back reflecting,0.3,8,10,337.8528878326712,289.3443780447678,0.005421391045341778,314,384,538,468,0
fold-back reflecting,0.3,8,11,337.84200812086516,296.04014297329,0.0055696531002275935,326,384,557,499,0
fold-back reflecting,0.3,8,12,337.90008104830395,303.17675038706767,0.00530625550005749,332,384,563,511,0
fold-back reflecting,0.3,8,13,338.1075654981001,381.2708691354127,0.004329624652473822,416,436,605,637,0
fold-back reflecting,0.3,8,14,337.73178736879134,257.9959105045399,0.006286040921701204,285,384,571,472,0
fold-back reflecting,0.3,8,15,337.81776073372646,282.1560306692711,0.005730050588771907,312,384,538,466,0
fold-back reflecting,0.3,8,16,338.0512694624179,348.05222369888,0.004560115849324224,380,385,577,573,0
fold-back reflecting,0.3,8,17,337.783246230845,279.00832879001837,0.006018437551823971,303,384,586,505,0
fold-back reflecting,0.3,8,18,337.8978929126689,303.7025509848116,0.005319867717230478,333,384,549,498,0
fold-back reflecting,0.3,8,19,337.7319322348521,259.76452528247364,0.0063307617409653245,285,384,498,399,0
fold-back reflecting,0.3,8,20,337.958810656733,331.96677444568456,0.004936856769013118,361,386,593,570,0
fold-back reflecting,0.3,8,21,337.9683676903522,334.73856357970817,0.004996720195559748,366,384,581,563,0
fold-back reflecting,0.3,8,22,337.7871385403497,271.6888990496091,0.005993422444150194,301,384,569,486,0
fold-back reflecting,0.3,8,23,337.75132263223486,275.1837337271295,0.005924806564847352,299,384,550,465,0
fold-back reflecting,0.3,8,24,337.7041289425131,248.69068418596294,0.006408997186323273,274,384,554,444,0
fold-back reflecting,0.3,8,25,337.97350846124704,337.1045222839308,0.004885034331275849,367,384,565,548,0
fold-back reflecting,0.3,8,26,337.6042484464624,233.29134568104934,0.007097527645012135,255,384,539,410,0
fold-back reflecting,0.3,8,27,337.98169879565705,331.0931817250263,0.004805394220264933,362,384,593,571,0
fold-back reflecting,0.3,8,28,337.76487057831315,269.6530897880052,0.006107907132361375,295,384,595,506,0
fold-back reflecting,0.3,8,29,337.699306793377,264.3807308426442,0.006476577610307514,291,384,569,476,0
fold-back reflecting,0.3,8,30,338.0009681278252,343.06513206125186,0.004811022921066484,375,405,571,562,0
fold-back reflecting,0.3,8,31,337.7360299709831,265.83116735290616,0.00626934678037052,293,384,539,448,0
fold-back reflecting,0.3,8,32,337.909954653796,310.72302359771345,0.005291675656689473,339,384,550,505,0
fold-back reflecting,0.3,8,33,338.0152058467264,339.78586433089237,0.0047630162924914,373,388,566,555,0
fold-back reflecting,0.3,8,34,337.7305904502449,264.3019178339109,0.0063303170178762675,287,384,570,473,0
fold-back reflecting,0.3,8,35,337.72745372783805,261.65554720972244,0.00629570729210421,286,384,557,459,0
fold-back reflecting,0.3,8,36,337.84797627635703,294.0974648497925,0.005610148474407467,325,384,562,503,0
fold-back reflecting,0.3,8,37,337.8796518799902,294.9683194182944,0.005465670049248345,324,384,564,504,0
fold-back reflecting,0.3,8,38,337.89787147332606,306.80225322605276,0.005310067133989962,339,384,532,487,0
fold-back reflecting,0.3,8,39,338.01362597942096,345.9125362746057,0.004775568344036712,377,385,573,566,0
fold-back reflecting,0.3,10,0,338.5057996933019,299.2652549585842,0.005634860579017607,325,384,518,459,0
fold-back reflecting,0.3,10,1,338.5182760089141,298.0411589569214,0.005333632506606708,329,384,541,486,0
fold-back reflecting,0.3,10,2,338.3568919245232,255.57348283497876,0.0063645110265476215,276,384,493,385,0
fold-back reflecting,0.3,10,3,338.62432191820494,329.5229745990911,0.005037321003531605,362,384,515,493,0
fold-back reflecting,0.3,10,4,338.67743129729473,344.3329287770686,0.004639799970722544,379,390,498,493,0
fold-back reflecting,0.3,10,5,338.3847128897096,258.0970306267657,0.006363337111954159,288,384,512,416,0
fold-back reflecting,0.3,10,6,338.6801392370499,343.69834835658605,0.0047574541420003676,377,384,505,498,0
fold-back reflecting,0.3,10,7,338.66709790784677,332.6989062402495,0.00481903723272827,367,384,526,509,0
fold-back reflecting,0.3,10,8,338.54080186219494,293.1380784271154,0.00542162105128583,322,384,481,419,0
fold-back reflecting,0.3,10,9,338.6062731860016,326.5037959184178,0.005096211553626285,361,384,527,504,0
fold-back reflecting,0.3,10,10,338.65254205225216,335.13590763209805,0.0047307909947992555,369,384,493,478,0
fold-back reflecting,0.3,10,11,338.5370356931257,296.88807038622826,0.005464700124789652,325,384,492,433,0
fold-back reflecting,0.3,10,12,338.55820191175513,314.8031712231177,0.005341844542118193,342,384,495,453,0
fold-back reflecting,0.3,10,13,338.58404744481027,320.8353157543897,0.005224018534239299,351,384,527,494,0
fold-back reflecting,0.3,10,14,338.6167497049614,326.55093348194396,0.004992872893742286,357,389,518,491,0
fold-back reflecting,0.3,10,15,338.44678979756674,275.07970506805225,0.005876314977274836,300,384,517,433,0
fold-back reflecting,0.3,10,16,338.40704363533087,262.72376621774646,0.006238490168947589,290,384,502,408,0
fold-back reflecting,0.3,10,17,338.5623654810887,304.8238150462233,0.005232033534790454,331,384,526,473,0
fold-back reflecting,0.3,10,18,338.4754353508596,275.7314549564622,0.005653889328118911,301,384,491,408,0
fold-back reflecting,0.3,10,19,338.3867690242524,262.28275962268685,0.00634532204778313,288,384,508,412,0
fold-back reflecting,0.3,10,20,338.48640006665426,284.30835106251885,0.005692841455494998,311,384,524,451,0
fold-back reflecting,0.3,10,21,338.7104799392058,347.5775885182097,0.004602963818224606,382,403,571,569,0
fold-back reflecting,0.3,10,22,338.670328149713,337.77094931956043,0.004751436262157115,370,384,535,521,0
fold-back reflecting,0.3,10,23,338.77122796026936,372.6960593184063,0.004327527780051026,406,415,539,561,0
fold-back reflecting,0.3,10,24,338.6575098137982,341.85459187173643,0.004747101929241031,375,384,500,491,0
fold-back reflecting,0.3,10,25,338.64381771031304,329.8987640588885,0.004940712802841059,365,384,505,486,0
fold-back reflecting,0.3,10,26,338.54698434985625,312.2898572224535,0.005412438779112338,341,384,535,492,0
fold-back reflecting,0.3,10,27,338.7708946491716,369.2349503951597,0.004346231262996055,404,405,494,514,0
fold-back reflecting,0.3,10,28,338.6867462108501,343.65949468288363,0.004733230525551992,378,384,490,484,0
fold-back reflecting,0.3,10,29,338.50376714947873,291.3726952400005,0.005641681788351117,321,384,539,476,0
fold-back reflecting,0.3,10,30,338.71639719152273,352.58354696573565,0.0045543952453106825,386,403,542,544,0
fold-back reflecting,0.3,10,31,338.5542289494834,302.62480895401075,0.005366797892666998,331,384,517,464,0
fold-back reflecting,0.3,10,32,338.4972960074471,282.7953944124026,0.005717046944013397,310,384,506,432,0
fold-back reflecting,0.3,10,33,338.6091042963787,326.747856291144,0.005114780269481952,359,384,497,472,0
fold-back reflecting,0.3,10,34,338.60318304521064,323.35983602154676,0.0051364073993618,356,384,530,502,0
fold-back reflecting,0.3,10,35,338.70711164407334,360.587558798744,0.004527747201810766,395,404,512,523,0
fold-back reflecting,0.3,10,36,338.6268787048548,327.77160293596484,0.004918702402259848,360,384,544,520,0
fold-back reflecting,0.3,10,37,338.57934379226606,307.55929986267245,0.005204703375680692,343,384,509,468,0
fold-back reflecting,0.3,10,38,338.6363093983679,325.9351935288574,0.004875003676333488,356,384,511,483,0
fold-back reflecting,0.3,10,39,338.50564126994317,290.33862562748527,0.00563969548023905,318,384,489,423,0
fold-back reflecting,0.3,12,0,339.08964725406764,336.25128214911575,0.004823101845310764,369,385,464,449,0
fold-back reflecting,0.3,12,1,338.9835231859639,325.1192524985878,0.005321205716211783,355,397,510,481,0
fold-back reflecting,0.3,12,2,338.9673349953838,304.88318541070043,0.0054223396142065615,333,384,503,452,0
fold-back reflecting,0.3,12,3,339.07762606832705,336.04783099290063,0.004827637345572291,374,405,513,503,0
fold-back reflecting,0.3,12,4,338.953372673929,302.1860552820736,0.005412760081155985,333,384,501,450,0
fold-back reflecting,0.3,12,5,339.11247784262514,342.6400776544974,0.004712348620691827,379,401,516,511,0
fold-back reflecting,0.3,12,6,339.1208870897564,352.35393085205936,0.0045186378545322165,384,398,510,510,0
fold-back reflecting,0.3,12,7,338.8752862055702,283.18822129918397,0.0059023460688683894,313,384,481,410,0
fold-back reflecting,0.3,12,8,339.02804955764736,329.060182076587,0.005067284089180981,360,384,483,459,0
fold-back reflecting,0.3,12,9,338.9587554101488,297.3254764673124,0.005483339582007763,327,384,494,437,0
fold-back reflecting,0.3,12,10,339.0192314067219,321.739086473036,0.005154606499666376,350,384,494,460,0
fold-back reflecting,0.3,12,11,339.20206178941976,373.62320212953074,0.0042928067111669245,413,423,485,514,0
fold-back reflecting,0.3,12,12,338.9090208097276,279.07227305267105,0.005728784669646384,308,384,512,436,0
fold-back reflecting,0.3,12,13,338.9494220348439,297.47442994985,0.0055084501106774045,325,384,498,439,0
fold-back reflecting,0.3,12,14,338.95726267827155,305.08542844923346,0.005432656045698669,335,384,502,453,0
fold-back reflecting,0.3,12,15,339.1638953252051,366.92780982552335,0.004441353267965708,400,400,535,551,0
fold-back reflecting,0.3,12,16,338.88359923819877,277.6964160389944,0.005878273934955313,303,384,503,422,0
fold-back reflecting,0.3,12,17,338.80643709802473,264.202779691208,0.006352055740625516,291,384,487,394,0
fold-back reflecting,0.3,12,18,339.0564013052561,333.5326413884493,0.004988413363557991,367,387,506,489,0
fold-back reflecting,0.3,12,19,339.030672944295,322.5293270153329,0.004886059484391031,354,384,481,451,0
fold-back reflecting,0.3,12,20,339.0616027442084,333.24391683527676,0.004944129344305653,366,384,495,477,0
fold-back reflecting,0.3,12,21,339.1034112256785,352.64299676515145,0.004681431358966501,385,390,471,472,0
fold-back reflecting,0.3,12,22,338.96001288709704,305.78838253796465,0.005412928672059144,332,384,471,419,0
fold-back reflecting,0.3,12,23,339.1489154324884,365.54584791198664,0.004494563941384209,401,416,502,519,0
fold-back reflecting,0.3,12,24,339.0401119658735,326.82047001832314,0.005020819525332608,358,384,488,462,0
fold-back reflecting,0.3,12,25,339.01804407091686,319.24356660434574,0.005096294981667798,352,384,518,486,0
fold-back reflecting,0.3,12,26,338.9619126360042,304.41743568869316,0.005429883788573585,332,384,527,475,0
fold-back reflecting,0.3,12,27,338.81977948426356,259.6828667780618,0.006215410445145052,283,384,491,390,0
fold-back reflecting,0.3,12,28,338.99063194453646,310.2451678759833,0.005325282527363317,337,384,504,457,0
fold-back reflecting,0.3,12,29,338.9131707986672,286.67398086227513,0.005723230292720304,316,384,462,394,0
fold-back reflecting,0.3,12,30,339.0936418221878,339.3761517557739,0.004703614616390465,376,384,458,450,0
fold-back reflecting,0.3,12,31,338.9474926919488,293.7932402857519,0.005474612354238157,324,384,488,428,0
fold-back reflecting,0.3,12,32,338.8006470788414,255.88896097507205,0.006386495334858473,281,384,496,393,0
fold-back reflecting,0.3,12,33,338.8293241290755,264.20740227591136,0.006227168460573656,288,384,488,392,0
fold-back reflecting,0.3,12,34,338.7464207306724,249.5453040703251,0.006637536912234016,274,384,502,392,0
fold-back reflecting,0.3,12,35,339.0302339581104,325.03873857597137,0.005090718739174855,352,384,454,422,0
fold-back reflecting,0.3,12,36,339.0644978557967,331.711766675515,0.004923114982213814,366,384,495,477,0
fold-back reflecting,0.3,12,37,339.0682531823212,339.3479292529775,0.004833463068297458,375,384,483,474,0
fold-back reflecting,0.3,12,38,338.9295715102191,290.9974601797772,0.005527409055043807,319,384,504,439,0
fold-back reflecting,0.3,12,39,338.9726415324945,296.6991514353659,0.005293967783323473,325,384,490,431,0
fold-back reflecting,0.3,14,0,339.06532004590656,264.3527589445375,0.006094739785147025,289,384,483,388,0
fold-back reflecting,0.3,14,1,339.19975204349083,303.99375991360847,0.005336745783610754,334,385,487,437,0
fold-back reflecting,0.3,14,2,339.06683488023197,264.312795118756,0.0060438741588075265,289,384,486,391,0
fold-back reflecting,0.3,14,3,339.1904007808661,314.4123828232532,0.005319968639401374,342,384,482,440,0
fold-back reflecting,0.3,14,4,339.31671112257226,346.95017149555986,0.0046790133781252265,379,390,462,457,0
fold-back reflecting,0.3,14,5,339.2448733330864,325.1586446126367,0.005029812759219771,353,384,480,449,0
fold-back reflecting,0.3,14,6,339.4172455710321,382.10530757844253,0.004289308412316663,416,417,510,542,0
fold-back reflecting,0.3,14,7,339.3117444415761,348.72571946695285,0.004776544801127894,381,387,479,476,0
fold-back reflecting,0.3,14,8,339.00706931247174,259.2130075541639,0.006404168484522928,283,384,461,360,0
fold-back reflecting,0.3,14,9,339.17997998791554,303.4794837859286,0.00542904055735351,337,384,471,424,0
fold-back reflecting,0.3,14,10,339.22336587754813,311.0172492856619,0.005138666212876508,339,384,474,429,0
fold-back reflecting,0.3,14,11,339.10583657728887,277.95439434643527,0.005827354492862425,303,384,469,388,0
fold-back reflecting,0.3,14,12,339.3030962954779,336.8210808550036,0.0047697378115448925,368,392,473,457,0
fold-back reflecting,0.3,14,13,339.17950941644153,300.4982501822373,0.00544513255096443,332,384,468,416,0
fold-back reflecting,0.3,14,14,339.26904929755716,330.61478205754486,0.004973998559121487,364,384,456,436,0
fold-back reflecting,0.3,14,15,339.23647118798146,322.07135420087235,0.005142955518221195,355,384,456,427,0
fold-back reflecting,0.3,14,16,339.41182110510425,377.5830134509614,0.004315827520144119,412,412,501,529,0
fold-back reflecting,0.3,14,17,339.36523893094653,371.83625751518264,0.00451965265431342,408,419,480,504,0
fold-back reflecting,0.3,14,18,339.21032968661524,315.7034853722596,0.005234599103777951,351,384,467,434,0
fold-back reflecting,0.3,14,19,339.35558378455187,352.52955202169954,0.004567136603354488,384,393,507,507,0
fold-back reflecting,0.3,14,20,339.3152780249653,343.06436084057134,0.004746246773355672,378,384,452,446,0
fold-back reflecting,0.3,14,21,339.13955952398965,287.5907125700872,0.005610725254447667,316,384,461,393,0
fold-back reflecting,0.3,14,22,339.20588208613924,320.9187641992056,0.005302012994863542,352,384,472,440,0
fold-back reflecting,0.3,14,23,339.2414696893316,314.9983764987968,0.00512078161848881,344,384,474,434,0
fold-back reflecting,0.3,14,24,339.2565400343051,329.6226978041429,0.005046030902222276,361,384,471,448,0
fold-back reflecting,0.3,14,25,339.162262740671,287.7735035467127,0.005533709490261702,318,384,472,406,0
fold-back reflecting,0.3,14,26,339.21683859165483,311.05622782262526,0.005218949735992313,338,384,474,428,0
fold-back reflecting,0.3,14,27,339.2210414155388,319.67931910128937,0.005158844218247077,349,384,465,430,0
fold-back reflecting,0.3,14,28,339.36298619866665,365.47836739776056,0.00448995587163238,403,403,456,475,0
fold-back reflecting,0.3,14,29,339.1894615771879,308.7497284034969,0.0052725935483065745,335,384,472,423,0
fold-back reflecting,0.3,14,30,339.22140520645166,312.6790282583708,0.005121703827632329,342,384,486,444,0
fold-back reflecting,0.3,14,31,339.23939800894453,315.2746477881386,0.005131900585542706,347,384,467,430,0
fold-back reflecting,0.3,14,32,339.3199219050605,350.68838081018544,0.004678322448866892,385,388,460,461,0
fold-back reflecting,0.3,14,33,339.1798579189554,311.8629931306921,0.005408260299421906,342,384,480,438,0
fold-back reflecting,0.3,14,34,339.3008018003875,342.04354139252627,0.004830184143555438,377,384,460,453,0
fold-back reflecting,0.3,14,35,339.1227572487081,286.7311919663399,0.005768974598363967,315,384,472,403,0
fold-back reflecting,0.3,14,36,339.37544975502993,362.6090398180032,0.004473952014039752,401,401,460,477,0
fold-back reflecting,0.3,14,37,339.46347606772446,389.7043919057171,0.004077393584774795,426,427,478,520,0
fold-back reflecting,0.3,14,38,339.08287802514815,271.71550805900966,0.005868919607705957,295,384,436,347,0
fold-back reflecting,0.3,14,39,339.2394534038591,323.20753593632855,0.0051271488650514304,355,384,470,441,0
fold-back reflecting,0.3,16,0,339.40188448360493,300.9637452193164,0.0054161646544889745,329,384,456,401,0
fold-back reflecting,0.3,16,1,339.32793105953016,280.56946074907574,0.005712155720522063,305,384,448,369,0
fold-back reflecting,0.3,16,2,339.48580148885776,332.1872879722452,0.004864666031986804,366,384,459,441,0
fold-back reflecting,0.3,16,3,339.3037325423863,278.0334438027874,0.0059250288991349286,304,384,430,350,0
fold-back reflecting,0.3,16,4,339.58795847089203,368.1065799214841,0.0045104332989545646,404,410,449,469,0
fold-back reflecting,0.3,16,5,339.45519601754796,315.048077376567,0.0051162928745403236,348,384,454,418,0
fold-back reflecting,0.3,16,6,339.44735846795834,315.1127417573063,0.00520069596734857,345,384,465,426,0
fold-back reflecting,0.3,16,7,339.5972853619657,369.48806111721694,0.004468715854387498,407,407,441,464,0
fold-back reflecting,0.3,16,8,339.5884046558537,367.33499287531237,0.0045032108569771365,405,405,440,461,0
fold-back reflecting,0.3,16,9,339.5313235906684,343.39171331374007,0.004773241773526965,377,384,464,457,0
fold-back reflecting,0.3,16,10,339.3207380903371,279.8988569522831,0.00574738941477848,306,384,473,395,0
fold-back reflecting,0.3,16,11,339.4486196827487,324.1837151011321,0.005143099982142744,353,384,463,432,0
fold-back reflecting,0.3,16,12,339.2937882401199,275.78058572881963,0.005914527564132543,302,384,464,382,0
fold-back reflecting,0.3,16,13,339.395792079782,300.5979818181229,0.005411523261197636,329,384,478,423,0
fold-back reflecting,0.3,16,14,339.31316670588467,286.3917746557849,0.005879225296741501,312,384,437,365,0
fold-back reflecting,0.3,16,15,339.4334597431749,310.20536143872306,0.005232197218112199,341,384,446,403,0
fold-back reflecting,0.3,16,16,339.6015097992138,364.99812746877365,0.004440976489615316,401,404,449,466,0
fold-back reflecting,0.3,16,17,339.46304549403726,329.3913536923453,0.005055271772338333,362,384,468,446,0
fold-back reflecting,0.3,16,18,339.5065453565367,338.94690937680423,0.004822485665045979,372,384,466,454,0
fold-back reflecting,0.3,16,19,339.5383497359123,354.18072276564203,0.004601217562758295,384,389,463,463,0
fold-back reflecting,0.3,16,20,339.498178713073,329.638125370745,0.00493929820799856,361,384,455,432,0
fold-back reflecting,0.3,16,21,339.4599307707299,321.24642516285263,0.005121982040349445,349,384,440,405,0
fold-back reflecting,0.3,16,22,339.4994049993518,332.2847720743323,0.0048749162332163785,368,384,445,429,0
fold-back reflecting,0.3,16,23,339.3941283467835,304.88423578905457,0.005415504234094728,331,384,465,412,0
fold-back reflecting,0.3,16,24,339.60502555717466,362.60737485991467,0.0043917762798941174,400,403,454,470,0
fold-back reflecting,0.3,16,25,339.3563204501576,286.12887125811704,0.005609916051653644,315,384,445,376,0
fold-back reflecting,0.3,16,26,339.51938357779215,349.89868404412874,0.004737735672031138,380,392,457,453,0
fold-back reflecting,0.3,16,27,339.4110245808474,304.8450302919734,0.005356060208082247,338,384,465,419,0
fold-back reflecting,0.3,16,28,339.4862016861932,330.5566548880393,0.004910745041545884,361,384,436,413,0
fold-back reflecting,0.3,16,29,339.4001849588022,310.24938645910623,0.005332245672819507,342,384,484,442,0
fold-back reflecting,0.3,16,30,339.4660257555948,323.87362437378596,0.005059504088999738,357,384,450,423,0
fold-back reflecting,0.3,16,31,339.43859503536777,312.5823087849728,0.0052273116373873245,344,384,460,420,0
fold-back reflecting,0.3,16,32,339.4319797701948,319.0808216332531,0.005268646085248187,349,389,502,467,0
fold-back reflecting,0.3,16,33,339.28917598446003,275.89270914277336,0.005948258190247812,300,384,410,326,0
fold-back reflecting,0.3,16,34,339.2469015540793,261.2869866433958,0.006317022135263834,285,384,498,399,0
fold-back reflecting,0.3,16,35,339.4599033769951,325.1905572645733,0.005095636572130625,358,384,458,432,0
fold-back reflecting,0.3,16,36,339.52760519392865,345.62748842314517,0.004775876962714477,378,384,442,436,0
fold-back reflecting,0.3,16,37,339.5800914083657,362.74119435890344,0.004489541341728924,395,410,471,482,0
fold-back reflecting,0.3,16,38,339.2944070186615,277.574650910304,0.005992579548997796,306,384,475,397,0
fold-back reflecting,0.3,16,39,339.57454421375616,361.1941017094697,0.004542936210370859,394,394,443,453,0
fold-back reflecting,0.3,18,0,339.4435530262744,267.9474769689226,0.006018976640477927,295,384,438,349,0
fold-back reflecting,0.3,18,1,339.55194646742524,302.8051894104528,0.005449934737950201,332,384,463,411,0
fold-back reflecting,0.3,18,2,339.5697861110828,302.512609516221,0.005312984591723964,334,384,429,379,0
fold-back reflecting,0.3,18,3,339.6231672452311,327.1740200888407,0.005113245135498665,359,384,457,432,0
fold-back reflecting,0.3,18,4,339.5742771772818,312.33834812764513,0.005197330615210888,340,384,438,394,0
fold-back reflecting,0.3,18,5,339.5016167509564,282.4123903951639,0.005737199713899295,308,384,437,361,0
fold-back reflecting,0.3,18,6,339.52927245132497,290.3282370703648,0.005558929692284271,319,384,411,346,0
fold-back reflecting,0.3,18,7,339.70586137117533,351.846783491547,0.004661259608165512,385,389,423,424,0
fold-back reflecting,0.3,18,8,339.5463840962401,309.310196203906,0.005453996825997087,338,384,451,405,0
fold-back reflecting,0.3,18,9,339.64552410896954,332.2514274447986,0.004990635899322612,363,384,449,428,0
fold-back reflecting,0.3,18,10,339.4867207714062,279.72079470762753,0.005790556102770016,303,384,408,327,0
fold-back reflecting,0.3,18,11,339.5603971013983,305.63252687278464,0.0054384311416187,336,384,475,427,0
fold-back reflecting,0.3,18,12,339.69837026699753,348.9204416566094,0.004722780603460638,387,391,436,439,0
fold-back reflecting,0.3,18,13,339.5762157349534,313.6358132778816,0.005340809575592082,344,384,435,395,0
fold-back reflecting,0.3,18,14,339.5310053236492,296.25306596453186,0.005594223001618538,320,384,436,372,0
fold-back reflecting,0.3,18,15,339.5156260999886,283.11244426961395,0.0056427752713389895,312,384,436,364,0
fold-back reflecting,0.3,18,16,339.62633780146257,313.2395443031167,0.005092830511620019,346,384,419,381,0
fold-back reflecting,0.3,18,17,339.7453155200212,358.6188326103922,0.004520900881352509,396,398,458,470,0
fold-back reflecting,0.3,18,18,339.5937183779725,310.4625327232873,0.005250613200404087,340,384,453,409,0
fold-back reflecting,0.3,18,19,339.6261510679579,316.0837246018858,0.005052663724278057,350,384,441,407,0
fold-back reflecting,0.3,18,20,339.87555573787955,410.7100152812126,0.00394267946534527,447,447,438,501,0
fold-back reflecting,0.3,18,21,339.60769674299024,321.0801691934625,0.0051837851839259515,348,393,471,435,0
fold-back reflecting,0.3,18,22,339.51372712438126,294.74986205274223,0.005639386790313037,324,384,447,387,0
fold-back reflecting,0.3,18,23,339.72412960402875,355.1163439788826,0.0044751364828485496,388,390,449,453,0
fold-back reflecting,0.3,18,24,339.52874612290736,300.26449751990305,0.005560746754541316,329,384,450,395,0
fold-back reflecting,0.3,18,25,339.3476480336445,246.74413246597524,0.006700045832089053,272,384,440,328,0
fold-back reflecting,0.3,18,26,339.5949159284512,317.7177806276709,0.005125413672677149,347,384,451,414,0
fold-back reflecting,0.3,18,27,339.63415596829174,323.34747299684346,0.005052533668558706,353,384,444,413,0
fold-back reflecting,0.3,18,28,339.6246882786302,312.1403718848356,0.005059979837022363,343,384,447,406,0
fold-back reflecting,0.3,18,29,339.63448552403725,317.1227074855253,0.004937407241498633,348,384,442,406,0
fold-back reflecting,0.3,18,30,339.5044225790132,286.9259662425065,0.005754562527841902,315,384,440,371,0
fold-back reflecting,0.3,18,31,339.57761177117993,296.4464851351747,0.0053496724215818785,324,384,437,377,0
fold-back reflecting,0.3,18,32,339.4731223626896,269.4953002248901,0.005868072377465583,296,384,448,360,0
fold-back reflecting,0.3,18,33,339.71964203152856,352.13360119843924,0.004630249994992823,384,390,475,475,0
fold-back reflecting,0.3,18,34,339.78842240522596,376.1852199016708,0.004214800853223436,412,412,448,476,0
fold-back reflecting,0.3,18,35,339.6582161137639,341.4597668047496,0.004811548721587689,371,391,458,445,0
fold-back reflecting,0.3,18,36,339.68265171787846,344.6612024568333,0.004698948049115917,379,385,453,448,0
fold-back reflecting,0.3,18,37,339.67228787220535,335.9131313326693,0.00484829242932717,368,384,439,423,0
fold-back reflecting,0.3,18,38,339.6030001789109,315.98390267280524,0.005205164597222652,345,384,437,398,0
fold-back reflecting,0.3,18,39,339.58127329523586,307.75870951675375,0.005225631937512739,336,384,463,415,0
fold-back reflecting,0.3,20,0,339.58238630389843,281.863891770937,0.005768840851534889,309,384,456,381,0
fold-back reflecting,0.3,20,1,339.72187393776323,320.2510979313563,0.005108009769917913,350,384,427,393,0
fold-back reflecting,0.3,20,2,339.7897372742001,344.44028780387663,0.0047876634928397405,379,384,434,429,0
fold-back reflecting,0.3,20,3,339.7833622545367,334.40537590019517,0.004790508896547402,366,384,427,409,0
fold-back reflecting,0.3,20,4,339.84846128449493,358.2775323570498,0.004488984964857902,394,402,452,462,0
fold-back reflecting,0.3,20,5,339.56289353322893,275.17282764524253,0.005937119141691312,304,384,449,369,0
fold-back reflecting,0.3,20,6,339.7530635757298,331.45873717992737,0.004932575030041221,365,384,457,438,0
fold-back reflecting,0.3,20,7,339.5960668518351,288.11992407590606,0.005785021004274054,315,384,435,366,0
fold-back reflecting,0.3,20,8,339.62248143535396,294.4175888506764,0.00565977487185428,323,384,430,369,0
fold-back reflecting,0.3,20,9,339.7612006766223,328.5902815490448,0.004918361935203582,361,384,426,403,0
fold-back reflecting,0.3,20,10,339.6710041226833,308.01686997877505,0.0053762204422332155,341,384,445,402,0
fold-back reflecting,0.3,20,11,339.6672789162819,314.2084120716822,0.005375057879801824,345,384,460,421,0
fold-back reflecting,0.3,20,12,339.6639810256611,301.8540667685104,0.005419693232844888,331,384,447,394,0
fold-back reflecting,0.3,20,13,339.7456999345069,325.84440915268056,0.004987434134635859,358,384,459,433,0
fold-back reflecting,0.3,20,14,339.58929000084527,280.1604732469952,0.005739793448811022,308,384,422,346,0
fold-back reflecting,0.3,20,15,339.8071445507461,351.21344481033964,0.004548399122966497,384,384,448,448,0
fold-back reflecting,0.3,20,16,339.5693032708388,285.5102255867026,0.005809800613216782,314,384,433,363,0
fold-back reflecting,0.3,20,17,339.78451015889766,339.11949978329545,0.004783496113652529,372,384,430,418,0
fold-back reflecting,0.3,20,18,339.5534601253492,281.62098622344433,0.005962288181616114,311,384,433,360,0
fold-back reflecting,0.3,20,19,339.6907881831805,313.0735101846296,0.005288274269657105,342,384,424,382,0
fold-back reflecting,0.3,20,20,339.65373655310873,301.3916119316417,0.0053905903165198015,328,384,423,367,0
fold-back reflecting,0.3,20,21,339.65811693703705,311.00013922694643,0.005231992546051328,339,384,439,394,0
fold-back reflecting,0.3,20,22,339.7751556207795,330.1594362035564,0.004830341178589335,362,384,428,406,0
fold-back reflecting,0.3,20,23,339.8051710624881,357.44721843550144,0.004562942557611015,386,386,433,435,0
fold-back reflecting,0.3,20,24,339.7423155344028,327.6089741203954,0.004984616893145881,357,384,445,418,0
fold-back reflecting,0.3,20,25,339.72604635447436,328.39860690584953,0.005038673076997143,361,386,430,407,0
fold-back reflecting,0.3,20,26,339.51680991554093,255.92375050876336,0.006212387933122044,278,384,452,346,0
fold-back reflecting,0.3,20,27,339.51174692766506,261.0907885258865,0.006304294900357625,287,384,429,332,0
fold-back reflecting,0.3,20,28,339.6805718033844,310.7064017165433,0.005181127073961094,343,384,425,384,0
fold-back reflecting,0.3,20,29,339.6981751266995,310.2850021562026,0.005210448829574731,339,384,439,394,0
fold-back reflecting,0.3,20,30,339.8072844008107,343.7772783531028,0.004679131916442802,379,384,425,420,0
fold-back reflecting,0.3,20,31,339.7078078737839,339.01722662163274,0.0051631336942071565,368,384,449,433,0
fold-back reflecting,0.3,20,32,339.7619093616544,334.1218251061454,0.004804317735118699,365,394,453,434,0
fold-back reflecting,0.3,20,33,339.7004999809402,312.17806849342367,0.0051356702927706065,342,384,439,397,0
fold-back reflecting,0.3,20,34,339.50620960567346,261.6735251056769,0.006120986774887481,286,384,450,352,0
fold-back reflecting,0.3,20,35,339.7022262238443,309.965071826486,0.005051399083727683,338,384,432,386,0
fold-back reflecting,0.3,20,36,339.6245894801717,292.89278254482394,0.005556662182698612,323,384,430,369,0
fold-back reflecting,0.3,20,37,339.6154605920515,292.1484717180484,0.0056585663951264084,320,384,435,371,0
fold-back reflecting,0.3,20,38,339.92759563284307,395.8133723044643,0.003964533684046386,429,429,428,473,0
fold-back reflecting,0.3,20,39,339.6157616030008,284.01732518635777,0.005646383409900209,314,384,436,366,0
fold-back reflecting,0.3,22,0,339.88674398297695,346.0087354801821,0.004767447865208792,378,390,435,429,0
fold-back reflecting,0.3,22,1,339.71256587454997,292.81562965044566,0.0057168976661186284,324,384,451,391,0
fold-back reflecting,0.3,22,2,339.9596571412261,362.5168178305602,0.004461828581594824,399,401,422,437,0
fold-back reflecting,0.3,22,3,339.91810137709456,350.672900659781,0.0046464351882828546,387,387,401,404,0
fold-back reflecting,0.3,22,4,339.6583767356512,270.2543590562435,0.006040794188135916,297,384,452,365,0
fold-back reflecting,0.3,22,5,339.89257538420964,340.1446321767186,0.004670902220228237,370,384,420,406,0
fold-back reflecting,0.3,22,6,339.8181601381801,313.4427987060483,0.00505736449903799,341,384,436,393,0
fold-back reflecting,0.3,22,7,339.86463972370103,337.3221637626644,0.00488620513465067,370,384,425,411,0
fold-back reflecting,0.3,22,8,339.8532855646857,333.2585619315283,0.004925549542613893,363,384,436,415,0
fold-back reflecting,0.3,22,9,339.76694960774313,310.1137923844593,0.005378176866466741,342,384,440,398,0
fold-back reflecting,0.3,22,10,339.91486011907216,341.2988531205181,0.004623229377125052,372,384,423,411,0
fold-back reflecting,0.3,22,11,339.91846585133567,359.53023463383596,0.00465800561224984,392,392,438,446,0
fold-back reflecting,0.3,22,12,339.6754565710316,281.6176410451469,0.005920240725060178,308,384,415,339,0
fold-back reflecting,0.3,22,13,339.71969195030124,289.82749120834563,0.0056224057660717395,319,384,438,373,0
fold-back reflecting,0.3,22,14,339.7993366049366,316.5639336205897,0.005129913714963932,343,384,440,399,0
fold-back reflecting,0.3,22,15,339.7002187492646,285.585898964159,0.005752432299528002,313,384,412,341,0
fold-back reflecting,0.3,22,16,339.8430037648391,325.32399404746536,0.004990387724498463,358,384,431,405,0
fold-back reflecting,0.3,22,17,339.7042626353271,283.61476881387927,0.005742088859686373,312,384,444,372,0
fold-back reflecting,0.3,22,18,339.7821723825238,311.7442171550577,0.005329961672597188,343,384,452,411,0
fold-back reflecting,0.3,22,19,339.8102564570814,318.2574899071195,0.005172290181515155,348,384,455,419,0
fold-back reflecting,0.3,22,20,339.8399332253716,331.0653462215623,0.004974367287962526,361,384,425,402,0
fold-back reflecting,0.3,22,21,339.8124321832798,320.4071588582656,0.005152824918212457,351,384,417,384,0
fold-back reflecting,0.3,22,22,339.64486045382006,274.49591998405174,0.006105972854842148,302,384,433,351,0
fold-back reflecting,0.3,22,23,339.8266488931554,324.64301046637325,0.005064850329553344,356,384,422,394,0
fold-back reflecting,0.3,22,24,339.8110504201094,323.9631169346427,0.005135912851321647,354,386,454,424,0
fold-back reflecting,0.3,22,25,339.7584540103518,305.5608239162991,0.005428677455368523,336,384,423,375,0
fold-back reflecting,0.3,22,26,339.65439972344336,274.5720440334573,0.006045725910911579,298,384,434,348,0
fold-back reflecting,0.3,22,27,339.90058778548524,342.99898656563204,0.004752052559519567,375,384,445,436,0
fold-back reflecting,0.3,22,28,339.84790443463885,331.8208506857585,0.004880249317614875,362,384,434,412,0
fold-back reflecting,0.3,22,29,339.78106577830977,306.4742536681535,0.005336033500422605,333,384,439,388,0
fold-back reflecting,0.3,22,30,339.790367204577,308.38325166867736,0.005249486934137337,341,384,437,394,0
fold-back reflecting,0.3,22,31,339.65842993808917,270.08378605895854,0.006052496022631986,297,384,426,339,0
fold-back reflecting,0.3,22,32,339.68270295974855,282.03421635970585,0.005814777308476852,306,384,405,327,0
fold-back reflecting,0.3,22,33,339.7980092828379,315.1899805991348,0.00514346627460166,342,384,430,388,0
fold-back reflecting,0.3,22,34,339.7230369308031,295.9320062063825,0.005606573731262125,325,384,408,349,0
fold-back reflecting,0.3,22,35,339.8628509345052,335.5132160134751,0.004914697420930001,367,384,423,406,0
fold-back reflecting,0.3,22,36,339.8676055634862,350.7529828823864,0.004815282073715849,382,390,424,422,0
fold-back reflecting,0.3,22,37,339.8450790997888,334.77413950242214,0.0049807079771565866,368,384,422,406,0
fold-back reflecting,0.3,22,38,339.79931972749773,316.4414364753651,0.00518808309850876,347,384,425,388,0
fold-back reflecting,0.3,22,39,339.74496879494774,293.2993698290033,0.005481438675529616,323,384,421,360,0
fold-back reflecting,0.3,24,0,339.84428511486,303.10904203164955,0.0052958518148621195,333,384,415,364,0
fold-back reflecting,0.3,24,1,339.8739879616575,321.38901497955123,0.0051464217419631255,353,384,434,403,0
fold-back reflecting,0.3,24,2,340.00044736951725,369.8476836979408,0.004456679392426691,405,405,420,441,0
fold-back reflecting,0.3,24,3,339.89582910186175,324.08384878303514,0.0048704834206660655,357,384,423,396,0
fold-back reflecting,0.3,24,4,339.9674593702002,350.93520590291297,0.004708401463412572,384,384,400,400,0
fold-back reflecting,0.3,24,5,339.823418827549,312.86955511291944,0.0054272538413591516,339,384,430,385,0
fold-back reflecting,0.3,24,6,339.89055457359655,323.3951039204437,0.004895267275911065,352,384,426,394,0
fold-back reflecting,0.3,24,7,339.825995831969,296.69883806718207,0.0053846937075751914,326,384,424,366,0
fold-back reflecting,0.3,24,8,339.94130040222285,341.857504196671,0.0048293148039602095,377,384,428,421,0
fold-back reflecting,0.3,24,9,339.97010659890753,345.15854550135424,0.0046946616936158975,378,384,407,401,0
fold-back reflecting,0.3,24,10,339.9785256818181,346.0681145821955,0.0046482852168210536,379,402,453,448,0
fold-back reflecting,0.3,24,11,339.78520900615234,279.6049408092879,0.0056289129437769305,307,384,442,365,0
fold-back reflecting,0.3,24,12,339.6354823299964,253.0770906383132,0.006520243619787979,284,384,424,324,0
fold-back reflecting,0.3,24,13,339.82305666092026,308.2776230877141,0.005399685767069763,336,384,423,375,0
fold-back reflecting,0.3,24,14,339.9290748177188,336.59341914711564,0.004868492427546992,365,384,438,419,0
fold-back reflecting,0.3,24,15,339.97236408424106,350.75030605829807,0.004650128478942726,384,386,418,418,0
fold-back reflecting,0.3,24,16,339.8847054951103,315.13593636922354,0.005089089647129618,342,384,410,368,0
fold-back reflecting,0.3,24,17,339.8830120325274,320.20106575821325,0.005097599197004743,356,384,408,380,0
fold-back reflecting,0.3,24,18,339.9331611166053,341.36956427557845,0.004858200110247463,373,384,420,409,0
fold-back reflecting,0.3,24,19,339.7821795228625,286.5222294589201,0.005580126422566337,316,384,390,322,0
fold-back reflecting,0.3,24,20,339.86853566533233,317.0698248201168,0.0051286770130513325,349,384,442,407,0
fold-back reflecting,0.3,24,21,339.8152284280551,302.3227746467692,0.005249990945561018,330,384,421,367,0
fold-back reflecting,0.3,24,22,339.92359381845756,342.4304977754265,0.0049049732791997145,378,392,437,431,0
fold-back reflecting,0.3,24,23,339.7269024316966,272.3810223220445,0.005988141466520144,300,384,433,349,0
fold-back reflecting,0.3,24,24,339.8829230772155,321.5036408534484,0.005003732728977545,352,395,449,417,0
fold-back reflecting,0.3,24,25,339.9010277331308,327.39442783976193,0.004984787219996342,358,384,440,414,0
fold-back reflecting,0.3,24,26,339.9466373155996,353.1260654509907,0.004794369705248746,390,393,415,421,0
fold-back reflecting,0.3,24,27,339.7686959591612,287.73116921682066,0.005535853710410287,314,384,442,372,0
fold-back reflecting,0.3,24,28,339.84227074282813,318.8167287494863,0.005292732445690048,349,384,439,404,0
fold-back reflecting,0.3,24,29,339.80522564032725,307.1411195114678,0.00553029444575317,335,384,430,381,0
fold-back reflecting,0.3,24,30,339.9828956417157,347.26101082521564,0.004623084840046903,378,386,432,426,0
fold-back reflecting,0.3,24,31,339.72990948126915,288.4089429751055,0.005933089473650859,315,384,440,371,0
fold-back reflecting,0.3,24,32,339.85355112534893,317.8281174923506,0.005183955001239813,347,384,416,379,0
fold-back reflecting,0.3,24,33,339.94831416728937,340.09099355741233,0.0047441638810532495,373,393,430,419,0
fold-back reflecting,0.3,24,34,339.90332798587696,321.8531251321122,0.004960063777299883,352,384,440,408,0
fold-back reflecting,0.3,24,35,339.9055536738825,335.0840913821829,0.004972998910279765,364,384,422,402,0
fold-back reflecting,0.3,24,36,339.8930541129298,323.43884640833585,0.005061381841367997,357,385,430,403,0
fold-back reflecting,0.3,24,37,339.91248937921733,324.9034858677318,0.004956767011172136,352,384,406,374,0
fold-back reflecting,0.3,24,38,339.72988002648435,274.07393241238145,0.005928993571379532,300,384,442,358,0
fold-back reflecting,0.3,24,39,339.9838697292556,352.5377588522785,0.004583981101727648,384,388,423,423,0
fold-back reflecting,0.3,26,0,339.8572563445487,298.8353070382651,0.005548615980966218,328,384,457,401,0
fold-back reflecting,0.3,26,1,339.8619039210209,303.12254353909196,0.005477658181055785,333,384,398,347,0
fold-back reflecting,0.3,26,2,339.9611071177888,332.3857191087632,0.004956594898774053,362,384,423,401,0
fold-back reflecting,0.3,26,3,339.81635576399896,289.05349572102864,0.005643224258806948,318,384,435,369,0
fold-back reflecting,0.3,26,4,339.9125786943355,319.3446531391719,0.005228884782000422,351,384,401,368,0
fold-back reflecting,0.3,26,5,339.91340537315494,316.5974311311802,0.005199156373995688,348,387,441,405,0
fold-back reflecting,0.3,26,6,340.0127924825642,339.85062871228416,0.0047540405029865025,372,384,411,399,0
fold-back reflecting,0.3,26,7,339.9531591038044,332.7330197449835,0.004896527929856278,362,384,417,395,0
fold-back reflecting,0.3,26,8,339.9724433691743,321.5626962352304,0.0049576950769734006,352,384,421,389,0
fold-back reflecting,0.3,26,9,339.90815196075437,308.4846027569637,0.00522474296909377,339,384,407,362,0
fold-back reflecting,0.3,26,10,339.8513485804979,294.69120322057444,0.005579542745961666,322,384,437,375,0
fold-back reflecting,0.3,26,11,340.0459251863961,359.27666388732524,0.004539067264459353,393,393,419,428,0
fold-back reflecting,0.3,26,12,339.81541698422365,281.1557199713663,0.0057407715163162835,307,384,407,330,0
fold-back reflecting,0.3,26,13,339.9228082365694,322.13000183296487,0.0051647859369073875,355,384,418,389,0
fold-back reflecting,0.3,26,14,339.81572238543083,282.5712495437804,0.005785799263862903,308,384,428,352,0
fold-back reflecting,0.3,26,15,339.8523699791987,300.4765049682873,0.005570237865408912,327,384,424,367,0
fold-back reflecting,0.3,26,16,339.8912497653841,306.14883399918017,0.005301780477664129,335,385,448,399,0
fold-back reflecting,0.3,26,17,339.66306200726706,245.5540268286765,0.006710472708827757,267,384,418,301,0
fold-back reflecting,0.3,26,18,339.72169192380954,271.19176841224765,0.006256402834180489,296,384,431,343,0
fold-back reflecting,0.3,26,19,339.9452879437334,318.57671897513353,0.005043807027114306,351,384,440,407,0
fold-back reflecting,0.3,26,20,340.0204552353768,346.343678888478,0.0047090172259196,379,384,404,399,0
fold-back reflecting,0.3,26,21,340.07020728626236,375.71995546577284,0.004495655150795708,409,410,437,462,0
fold-back reflecting,0.3,26,22,339.8973900723903,303.32738211157005,0.005317773270410207,332,384,436,384,0
fold-back reflecting,0.3,26,23,339.83659463191486,289.09290350609115,0.005677274312341555,315,384,414,345,0
fold-back reflecting,0.3,26,24,339.89978504849967,315.24364792250964,0.005268163053739626,345,384,404,365,0
fold-back reflecting,0.3,26,25,339.8962025435418,307.0776161019747,0.005322200850607876,340,384,431,387,0
fold-back reflecting,0.3,26,26,339.89975570401424,306.10799697262155,0.005311970162998257,337,384,431,384,0
fold-back reflecting,0.3,26,27,339.7848683077228,277.01638139596497,0.005939573696953189,305,384,406,327,0
fold-back reflecting,0.3,26,28,339.9194108977197,309.48945306734066,0.005205483491984112,336,384,452,404,0
fold-back reflecting,0.3,26,29,339.938514569563,326.7983147418646,0.0050248697078668966,358,384,386,360,0
fold-back reflecting,0.3,26,30,339.85818961355517,297.17487883788453,0.005489889272560045,326,384,429,371,0
fold-back reflecting,0.3,26,31,339.9293380198053,316.5896197332033,0.005119149490914144,345,384,431,392,0
fold-back reflecting,0.3,26,32,339.97460008326624,325.51620186010683,0.0049330164534305805,359,384,415,390,0
fold-back reflecting,0.3,26,33,339.95754626961224,324.801007930065,0.004976994055411042,355,384,415,386,0
fold-back reflecting,0.3,26,34,339.93644378438603,313.83595633108655,0.005100108418592056,342,384,452,410,0
fold-back reflecting,0.3,26,35,339.9639901226601,327.7255842013911,0.004889679340894688,358,384,429,403,0
fold-back reflecting,0.3,26,36,339.8857686687657,303.9284383371883,0.0053421230947568975,331,384,416,363,0
fold-back reflecting,0.3,26,37,340.03414042490533,347.2508874108709,0.0045928045880499575,380,384,427,423,0
fold-back reflecting,0.3,26,38,339.77325990241,291.52323484812035,0.006000297476494524,322,384,445,383,0
fold-back reflecting,0.3,26,39,340.00456780804546,347.35733973295754,0.00467350217990181,382,392,465,463,0
fold-back reflecting,0.3,28,0,339.9168686774845,295.64715659805495,0.005448686182286307,324,384,455,395,0
fold-back reflecting,0.3,28,1,339.8953502635386,285.4886477010135,0.005695327744885425,313,384,464,393,0
fold-back reflecting,0.3,28,2,339.9985870281152,326.6777784474873,0.005027804892714229,355,384,445,416,0
fold-back reflecting,0.3,28,3,339.9697422656835,310.3666436223152,0.00526376279491038,338,384,418,372,0
fold-back reflecting,0.3,28,4,339.985471713893,317.03789802875815,0.005146897754087785,347,384,414,377,0
fold-back reflecting,0.3,28,5,340.0765952569387,345.52947630867413,0.00471969669148335,378,385,421,415,0
fold-back reflecting,0.3,28,6,339.9981747230762,319.4028092847706,0.005133704500649984,349,384,423,388,0
fold-back reflecting,0.3,28,7,339.90722920402163,287.94668059759687,0.005578067360412717,318,384,420,354,0
fold-back reflecting,0.3,28,8,339.90950062927124,293.17254752375294,0.005612913537900653,321,384,409,346,0
fold-back reflecting,0.3,28,9,340.10535138060965,350.0343782675301,0.00447212613526875,382,391,437,435,0
fold-back reflecting,0.3,28,10,340.02296689013264,337.95383406730406,0.004929560913985429,369,384,426,411,0
fold-back reflecting,0.3,28,11,339.97540898959994,315.7794998587798,0.005153455327098318,347,394,465,428,0
fold-back reflecting,0.3,28,12,339.98004260806664,316.12620700184976,0.0052227039130495695,349,384,413,378,0
fold-back reflecting,0.3,28,13,339.9841162237561,313.2126199537366,0.0052016579353412334,348,384,416,380,0
fold-back reflecting,0.3,28,14,339.87718928251394,289.05031965382034,0.005635155806288601,316,384,403,335,0
fold-back reflecting,0.3,28,15,340.0992001533724,346.8785082969324,0.00461629869998433,380,384,406,402,0
fold-back reflecting,0.3,28,16,339.7530897419189,251.8577518025427,0.006553568266900909,274,384,413,303,0
fold-back reflecting,0.3,28,17,339.93384330405473,312.2602253879442,0.005472607124168598,341,384,456,413,0
fold-back reflecting,0.3,28,18,339.9392652173959,307.3173351122254,0.0054329813311590385,336,384,406,358,0
fold-back reflecting,0.3,28,19,340.1840308817831,383.7096212065251,0.0042034673277489,418,419,415,449,0
fold-back reflecting,0.3,28,20,339.9569512586822,305.6939755726721,0.005362846162518083,335,384,438,389,0
fold-back reflecting,0.3,28,21,339.97329342633054,313.45463730811923,0.005236866356132215,342,384,431,389,0
fold-back reflecting,0.3,28,22,339.9193262724664,296.50149282886974,0.005548682181608286,327,384,421,364,0
fold-back reflecting,0.3,28,23,339.9278115829494,303.9362271747396,0.005499980818308311,332,384,423,371,0
fold-back reflecting,0.3,28,24,339.82759467634713,280.4151529804022,0.005747269576430727,306,384,421,343,0
fold-back reflecting,0.3,28,25,340.0078273685902,334.673493919434,0.0050656863448623,360,384,406,382,0
fold-back reflecting,0.3,28,26,340.00332749125755,333.2648336805881,0.005118812140094525,364,391,448,428,0
fold-back reflecting,0.3,28,27,339.96895252472535,316.92076492326106,0.005271090652114824,346,387,429,391,0
fold-back reflecting,0.3,28,28,340.0144955263239,324.44669391307434,0.0049777012185082715,354,384,444,414,0
fold-back reflecting,0.3,28,29,339.86640688210696,299.3144045157836,0.005848375933097729,326,384,427,369,0
fold-back reflecting,0.3,28,30,339.8528765102069,282.2707928116559,0.005856825271694034,311,384,410,337,0
fold-back reflecting,0.3,28,31,339.99295862332974,325.54422759916986,0.005110104051599231,356,388,428,400,0
fold-back reflecting,0.3,28,32,340.1451359833568,370.3681997073108,0.00441195433241647,408,447,445,469,0
fold-back reflecting,0.3,28,33,340.0507513148289,344.61909626079665,0.004747410713314692,375,405,408,399,0
fold-back reflecting,0.3,28,34,340.0135853103887,326.41705327515155,0.005015970227490626,360,384,420,396,0
fold-back reflecting,0.3,28,35,339.85842559927215,282.28587278123376,0.005895268927724409,308,384,430,354,0
fold-back reflecting,0.3,28,36,340.09349033904266,346.50579099137116,0.004663994999552046,381,391,403,400,0
fold-back reflecting,0.3,28,37,340.0167233855951,329.81626844513255,0.005026141976907627,359,384,426,401,0
fold-back reflecting,0.3,28,38,339.9314413455209,299.3857499195204,0.005427837344648833,327,384,423,366,0
fold-back reflecting,0.3,28,39,339.8963599421347,287.8807687550957,0.005676723562623706,320,384,445,381,0
fold-back reflecting,0.3,30,0,340.0512516791287,323.39260970326796,0.00517274032478572,353,384,408,377,0
fold-back reflecting,0.3,30,1,340.0524650468887,321.516547832102,0.004943728777947325,351,384,418,385,0
fold-back reflecting,0.3,30,2,340.00472555389484,310.19710943480203,0.005363397299732636,338,384,431,385,0
fold-back reflecting,0.3,30,3,339.95144684998473,289.160830735529,0.005546158328579395,317,384,420,353,0
fold-back reflecting,0.3,30,4,340.1204156678369,338.4320211307926,0.004756704131151447,371,384,394,381,0
fold-back reflecting,0.3,30,5,340.1728040401438,355.46250457319104,0.004541665406952696,389,395,413,418,0
fold-back reflecting,0.3,30,6,340.1498496556737,348.1358586262535,0.004689360571894283,383,415,444,443,0
fold-back reflecting,0.3,30,7,339.9559123383377,299.41838593682166,0.005505716905803236,327,384,421,364,0
fold-back reflecting,0.3,30,8,339.94891613384357,283.5218859467419,0.005722875260726837,306,384,418,340,0
fold-back reflecting,0.3,30,9,339.9216393614159,285.8908274824862,0.005860889868163948,314,384,419,349,0
fold-back reflecting,0.3,30,10,339.9667458436106,291.02502251234165,0.005601213156427343,317,384,409,342,0
fold-back reflecting,0.3,30,11,340.03083994380364,319.3119952511328,0.0052714730043940845,348,384,410,374,0
fold-back reflecting,0.3,30,12,339.9515124231603,285.09405029558053,0.005666071924002482,315,384,430,361,0
fold-back reflecting,0.3,30,13,340.0447936211321,320.4293062598312,0.005019320547988968,347,384,416,379,0
fold-back reflecting,0.3,30,14,339.9137432566066,282.19555092645373,0.005804367969755502,307,384,432,355,0
fold-back reflecting,0.3,30,15,340.0497038463069,311.24885417548245,0.005134102674079017,343,394,437,396,0
fold-back reflecting,0.3,30,16,339.99441958987774,310.73521021912467,0.005423576881337429,341,384,413,370,0
fold-back reflecting,0.3,30,17,340.05331556381634,314.17693539039806,0.005039243121843724,347,384,437,400,0
fold-back reflecting,0.3,30,18,339.9241243756034,285.16572181216816,0.005778205707529827,310,384,415,341,0
fold-back reflecting,0.3,30,19,340.1121539514872,341.1372976352028,0.004863209032809178,370,384,396,382,0
fold-back reflecting,0.3,30,20,339.96974515260445,297.88260715127325,0.005503130271386604,325,384,425,366,0
fold-back reflecting,0.3,30,21,340.07321392609185,320.79112968776496,0.00500495631347795,351,391,429,396,0
fold-back reflecting,0.3,30,22,339.9229971834795,281.54168596035737,0.005890345568441731,306,384,414,336,0
fold-back reflecting,0.3,30,23,340.1595938108109,356.14323489326273,0.004644981601231697,386,387,414,416,0
fold-back reflecting,0.3,30,24,340.2320552608072,376.82336172073354,0.004313080792486504,412,416,415,443,0
fold-back reflecting,0.3,30,25,340.13994489694596,354.8912376027611,0.004698384997433106,386,396,427,429,0
fold-back reflecting,0.3,30,26,339.93559198902307,276.14031045458245,0.005817502163995507,305,384,414,335,0
fold-back reflecting,0.3,30,27,340.07384673617395,331.6263312350203,0.005047304714427524,364,384,430,410,0
fold-back reflecting,0.3,30,28,340.0372240118354,316.8168737887838,0.005235413144518682,350,384,416,382,0
fold-back reflecting,0.3,30,29,340.09033542119585,335.5664147282849,0.004924836102467449,369,384,443,428,0
fold-back reflecting,0.3,30,30,340.08328967032054,329.0428696800576,0.004985579449954347,359,384,413,388,0
fold-back reflecting,0.3,30,31,340.03722331272945,312.58206602848605,0.005220126360921455,342,384,433,391,0
fold-back reflecting,0.3,30,32,340.10448507265204,335.78434358148786,0.004842855392374482,367,384,443,426,0
fold-back reflecting,0.3,30,33,339.9504701584818,303.1292418341295,0.005293207717766034,328,384,431,375,0
fold-back reflecting,0.3,30,34,340.1256130264065,337.0382487736919,0.004771403173336189,370,384,413,399,0
fold-back reflecting,0.3,30,35,339.94414750884096,291.6623312776034,0.005750381041837403,317,384,404,337,0
fold-back reflecting,0.3,30,36,340.08773859396933,325.0309288744498,0.004998112965013706,362,384,414,392,0
fold-back reflecting,0.3,30,37,340.075650672348,329.17551617282476,0.005034903863148529,359,384,418,393,0
fold-back reflecting,0.3,30,38,340.1960596575546,373.54807623029467,0.004407078491435518,410,415,428,454,0
fold-back reflecting,0.3,30,39,339.8495485283603,263.6928177551326,0.006287351762723793,288,384,423,327,0
fold-back reflecting,0.3,32,0,339.8303616014407,250.2729551110705,0.0065664952239757966,274,384,422,312,0
fold-back reflecting,0.3,32,1,340.0555253150067,311.91690069000015,0.005254486808236108,340,384,432,388,0
fold-back reflecting,0.3,32,2,340.2083383208191,366.8895443176841,0.004474578844550265,400,405,389,405,0
fold-back reflecting,0.3,32,3,340.11310064937766,330.11954210809654,0.004897339459016711,359,384,423,398,0
fold-back reflecting,0.3,32,4,340.0416346846549,308.1256257787576,0.0053346762180968435,337,384,398,351,0
fold-back reflecting,0.3,32,5,340.1272428611987,338.63028276760593,0.004841403560328749,372,384,414,402,0
fold-back reflecting,0.3,32,6,339.89832245272316,270.8252482377585,0.0060741613154362386,295,384,421,332,0
fold-back reflecting,0.3,32,7,340.2192310755086,351.21913317532363,0.0044714114106456405,384,388,411,411,0
fold-back reflecting,0.3,32,8,339.98067827856863,299.22561100013394,0.005555276668758811,326,384,414,356,0
fold-back reflecting,0.3,32,9,340.02980367290314,310.7651270290458,0.005199272776299563,340,384,413,369,0
fold-back reflecting,0.3,32,10,340.2089771572578,362.9711071530019,0.004491134293747145,397,397,403,416,0
fold-back reflecting,0.3,32,11,340.05565954115616,318.3925720562019,0.0051706936444672795,349,384,403,368,0
fold-back reflecting,0.3,32,12,340.0143916906655,290.0234979205265,0.005436378438326432,318,384,419,353,0
fold-back reflecting,0.3,32,13,339.9217428944948,270.23369705136685,0.005961594112103397,296,384,419,331,0
fold-back reflecting,0.3,32,14,340.16290368287684,349.7602136937383,0.004656832167934695,385,393,407,408,0
fold-back reflecting,0.3,32,15,339.9588249601217,281.42161486921736,0.005768430795189817,308,384,416,340,0
fold-back reflecting,0.3,32,16,339.92890019129777,277.26910292132305,0.005680991596504475,302,384,422,340,0
fold-back reflecting,0.3,32,17,340.0333433392622,311.802727151526,0.005294400288942857,342,384,421,379,0
fold-back reflecting,0.3,32,18,340.0450800674329,306.97317776901286,0.0052745107608567895,336,384,434,386,0
fold-back reflecting,0.3,32,19,339.98901499049725,293.23476544670143,0.005579921232541836,320,384,404,340,0
fold-back reflecting,0.3,32,20,340.0062730893098,302.4969784197624,0.005518557377021095,332,384,440,388,0
fold-back reflecting,0.3,32,21,339.95482795922965,283.25226441934495,0.005802824059008122,310,384,411,337,0
fold-back reflecting,0.3,32,22,340.1363308380235,349.7389129611767,0.004779650444337254,384,412,440,440,0
fold-back reflecting,0.3,32,23,340.16612296229096,341.7135144778494,0.004660290440059849,374,384,412,402,0
fold-back reflecting,0.3,32,24,339.90472938021776,272.9134753317288,0.006092852176129681,303,384,412,331,0
fold-back reflecting,0.3,32,25,340.09682359125577,323.4994857487532,0.0049664259977786574,353,384,446,415,0
fold-back reflecting,0.3,32,26,339.96520811197433,289.35124570579075,0.005622846868849738,317,384,428,361,0
fold-back reflecting,0.3,32,27,340.0626190011447,323.70429027145224,0.005176140843878805,355,384,415,386,0
fold-back reflecting,0.3,32,28,339.9354185202958,282.9380062197127,0.0059185355727476175,309,384,431,356,0
fold-back reflecting,0.3,32,29,340.0064039768323,305.10132292652867,0.00548954530306449,330,384,409,355,0
fold-back reflecting,0.3,32,30,340.08237521983796,326.7594838376213,0.005027131446917569,358,384,431,405,0
fold-back reflecting,0.3,32,31,340.1154437714575,336.039920366746,0.004936342155412169,366,384,403,385,0
fold-back reflecting,0.3,32,32,339.94090146174455,274.97176762075065,0.005789155557328468,303,384,411,330,0
fold-back reflecting,0.3,32,33,340.052775336455,314.8003859745045,0.00525275879716423,349,384,394,359,0
fold-back reflecting,0.3,32,34,340.2392011666704,369.3066873189335,0.004340932686879177,407,407,415,438,0
fold-back reflecting,0.3,32,35,340.1368068548666,337.2731699323597,0.00480377695621694,374,384,419,409,0
fold-back reflecting,0.3,32,36,340.12021642494597,345.3199777639149,0.004889261214352177,377,384,412,405,0
fold-back reflecting,0.3,32,37,340.1013425200013,339.80102983647214,0.00499708396662109,368,384,401,385,0
fold-back reflecting,0.3,32,38,340.0723744090062,319.7444661220164,0.005096653045258957,352,386,437,405,0
fold-back reflecting,0.3,32,39,339.95019534149213,284.4348361607014,0.005841155040137482,314,384,421,351,0
fold-back reflecting,0.3,34,0,340.04044868563165,303.9740951472206,0.005443785046725923,332,384,423,371,0
fold-back reflecting,0.3,34,1,340.10232065861385,317.3753006624633,0.005093785077049853,347,384,456,419,0
fold-back reflecting,0.3,34,2,340.22162912566785,357.7206222738012,0.004519734512431416,393,395,402,411,0
fold-back reflecting,0.3,34,3,340.0516691687288,292.6570165837822,0.005361042221374766,322,384,431,369,0
fold-back reflecting,0.3,34,4,340.23125866990887,362.70751576038896,0.004427859014369697,395,402,433,444,0
fold-back reflecting,0.3,34,5,340.13112683337454,330.2112167514029,0.004943737405604109,362,385,404,382,0
fold-back reflecting,0.3,34,6,340.08823033691317,313.49424052145775,0.005186150906697545,346,384,424,386,0
fold-back reflecting,0.3,34,7,340.1040576326963,322.86235756703593,0.005057570330962252,354,384,399,369,0
fold-back reflecting,0.3,34,8,340.1094231566661,325.083230014061,0.004938964943067645,357,384,398,371,0
fold-back reflecting,0.3,34,9,340.1573146368135,336.5902817321805,0.0048394796101201435,366,384,428,410,0
fold-back reflecting,0.3,34,10,340.12062071963135,330.7848439156408,0.0050089934906072655,364,384,411,391,0
fold-back reflecting,0.3,34,11,340.04655584502945,302.24932464031156,0.005340348269896551,330,384,410,356,0
fold-back reflecting,0.3,34,12,340.1514638573752,340.1993780550793,0.004869084416340361,375,407,425,416,0
fold-back reflecting,0.3,34,13,340.02201198117234,297.518760997906,0.005441027771793861,325,384,410,351,0
fold-back reflecting,0.3,34,14,340.0507409716008,312.986419842304,0.005296011702700295,341,384,400,357,0
fold-back reflecting,0.3,34,15,340.09071439570295,319.34225805204613,0.005094877675671742,351,384,425,392,0
fold-back reflecting,0.3,34,16,340.05847801059105,313.77506909653323,0.00533024657547178,343,384,407,366,0
fold-back reflecting,0.3,34,17,340.1435532836049,344.4837780006037,0.004865983900023013,377,404,442,435,0
fold-back reflecting,0.3,34,18,339.97814518854364,280.848531542322,0.005751840132093283,310,384,444,370,0
fold-back reflecting,0.3,34,19,340.14199563239544,346.1159376998737,0.004862174995523818,379,384,386,381,0
fold-back reflecting,0.3,34,20,339.9478003103104,280.3631385195218,0.005879504810601726,307,384,413,336,0
fold-back reflecting,0.3,34,21,340.03406420040665,308.5060227693515,0.005439727382365344,338,384,417,371,0
fold-back reflecting,0.3,34,22,340.1312438179995,338.6340568790054,0.004962244627415411,370,384,407,393,0
fold-back reflecting,0.3,34,23,340.07617550979023,313.66294923477443,0.005176036353415653,342,384,416,374,0
fold-back reflecting,0.3,34,24,339.97601849467736,284.9422360521739,0.00568501305085105,312,384,411,339,0
fold-back reflecting,0.3,34,25,339.9574191486152,292.20535817481505,0.005880850531227875,317,384,428,361,0
fold-back reflecting,0.3,34,26,340.0672761329929,309.2418537823219,0.0052051432032257546,340,384,402,358,0
fold-back reflecting,0.3,34,27,340.1403076052011,331.752579789757,0.004898423889711055,365,384,415,396,0
fold-back reflecting,0.3,34,28,340.03598356452665,293.2995914817995,0.005394645219609625,322,384,397,335,0
fold-back reflecting,0.3,34,29,340.0337832915644,295.7954542793985,0.005436507669967185,326,384,425,367,0
fold-back reflecting,0.3,34,30,340.11418660548156,327.19113692763193,0.0049817739578642125,356,384,426,398,0
fold-back reflecting,0.3,34,31,340.09779026276226,324.20265721505007,0.005041117824329339,354,384,426,396,0
fold-back reflecting,0.3,34,32,340.0302824128462,302.61058406257285,0.005407128735850401,331,384,451,398,0
fold-back reflecting,0.3,34,33,340.17402960029835,343.1125948871488,0.0046845797619464915,379,384,396,391,0
fold-back reflecting,0.3,34,34,340.1158679206524,323.89664317985404,0.005032297389892241,352,384,431,399,0
fold-back reflecting,0.3,34,35,340.00029770717936,295.65984644099586,0.005528801402270912,322,384,433,371,0
fold-back reflecting,0.3,34,36,340.27003869366706,377.3327185828303,0.004313568761798881,413,428,409,438,0
fold-back reflecting,0.3,34,37,340.04821902744686,297.78948013681395,0.005322432556873105,330,384,414,360,0
fold-back reflecting,0.3,34,38,340.077703288061,319.13876968305044,0.005239730306769651,349,384,410,375,0
fold-back reflecting,0.3,34,39,340.0088563056599,299.9270508712556,0.005514345226226109,329,384,437,382,0
fold-back reflecting,0.5,8,0,330.57605046193015,312.3433553346337,0.005489399701592696,344,384,807,767,0
fold-back reflecting,0.5,8,1,330.83594501910846,380.6386460950755,0.0041897681252798654,415,415,809,840,0
fold-back reflecting,0.5,8,2,330.646256577905,320.47633947220254,0.0050868992319889235,351,384,762,729,0
fold-back reflecting,0.5,8,3,330.56156181949274,295.8865241037355,0.005463646270265628,328,384,780,724,0
fold-back reflecting,0.5,8,4,330.59282110265127,310.88662350344447,0.005345836506000346,342,384,840,798,0
fold-back reflecting,0.5,8,5,330.7062253073077,337.5816581761464,0.0048185682653722585,369,389,823,808,0
fold-back reflecting,0.5,8,6,330.5652427058054,294.3829446404971,0.005557525996380064,325,384,764,705,0
fold-back reflecting,0.5,8,7,330.2962290027654,232.92118194930794,0.0072185889257681815,255,384,761,632,0
fold-back reflecting,0.5,8,8,330.816155642412,380.18406026506096,0.004276714199603326,417,422,842,875,0
fold-back reflecting,0.5,8,9,330.4832041548312,275.485617067607,0.006039257765460807,302,384,729,647,0
fold-back reflecting,0.5,8,10,330.84224497448173,391.5749913702677,0.004154105352260805,433,433,775,824,0
fold-back reflecting,0.5,8,11,330.52908774837783,285.50612254199865,0.005762634074779017,316,384,790,722,0
fold-back reflecting,0.5,8,12,330.7108341735739,350.29658368002356,0.0046309781654009525,382,401,814,812,0
fold-back reflecting,0.5,8,13,330.4489565825319,258.96054200195897,0.006160060496914595,286,384,800,702,0
fold-back reflecting,0.5,8,14,330.67483703480514,325.671316180109,0.004919537811898179,359,389,816,791,0
fold-back reflecting,0.5,8,15,330.50481219098896,284.3713720128562,0.005907809136861526,313,384,741,670,0
fold-back reflecting,0.5,8,16,330.6650955811577,330.96911397426464,0.005009170594031135,365,395,795,776,0
fold-back reflecting,0.5,8,17,330.33531951951966,242.07540576404,0.006902610918417605,266,384,771,653,0
fold-back reflecting,0.5,8,18,330.6898213009145,335.3943035761312,0.00480799698067608,367,384,802,785,0
fold-back reflecting,0.5,8,19,330.396667798725,253.32835478749524,0.0065277498042488735,279,384,753,648,0
fold-back reflecting,0.5,8,20,330.65789434099213,321.60381644537364,0.005070268889187865,355,384,786,757,0
fold-back reflecting,0.5,8,21,330.44616300501644,269.0049971893506,0.005984386818867794,294,384,770,680,0
fold-back reflecting,0.5,8,22,330.4185935125821,257.9831457486687,0.006315418632967569,286,384,763,665,0
fold-back reflecting,0.5,8,23,330.66105636398754,325.90317574556514,0.005006043288963126,356,384,807,779,0
fold-back reflecting,0.5,8,24,330.3675501863935,243.51258238631593,0.006727113164998973,266,384,721,603,0
fold-back reflecting,0.5,8,25,330.56807884817795,298.6124066918435,0.005549333566945726,331,384,744,691,0
fold-back reflecting,0.5,8,26,330.5595592712208,294.2820912702514,0.005580364893213254,324,384,762,702,0
fold-back reflecting,0.5,8,27,330.7557339121605,356.207399673077,0.004541915863413644,391,413,776,783,0
fold-back reflecting,0.5,8,28,330.576394143545,311.8770880618106,0.005477969492388663,344,384,800,760,0
fold-back reflecting,0.5,8,29,330.694152372791,336.85876661969337,0.004880028979465244,369,386,804,789,0
fold-back reflecting,0.5,8,30,330.47186738479286,276.30311597165047,0.0060057189630605785,304,384,772,692,0
fold-back reflecting,0.5,8,31,330.5198334864533,286.54860812397015,0.0058237168114442205,315,384,771,702,0
fold-back reflecting,0.5,8,32,330.6134460802319,310.7630543971265,0.00527692404764284,343,384,772,731,0
fold-back reflecting,0.5,8,33,330.7957873426704,374.2088060013297,0.004335400030837715,410,419,809,835,0
fold-back reflecting,0.5,8,34,330.4471415139811,273.1829575395568,0.006042463302262058,297,384,756,669,0
fold-back reflecting,0.5,8,35,330.5881676725726,293.0619140423247,0.005378874836089838,325,384,761,702,0
fold-back reflecting,0.5,8,36,330.707849433551,355.3594598937049,0.0048011613977501835,386,402,798,800,0
fold-back reflecting,0.5,8,37,330.585261763095,303.4613801880707,0.005448251207624615,334,384,788,738,0
fold-back reflecting,0.5,8,38,330.4977261848594,281.28963734419256,0.005903328747808582,308,384,769,693,0
fold-back reflecting,0.5,8,39,330.74541669391715,348.56671356324074,0.00460198344168013,380,405,824,820,0
fold-back reflecting,0.5,10,0,331.3827348846054,267.9308135478818,0.006102227742077357,295,396,737,648,0
fold-back reflecting,0.5,10,1,331.54099634619166,314.45422743722884,0.00515976607983641,343,384,730,689,0
fold-back reflecting,0.5,10,2,331.3219472704839,253.86574141122725,0.006420769873046036,278,384,737,631,0
fold-back reflecting,0.5,10,3,331.4705006645255,284.773998751954,0.005593904587868685,313,384,735,664,0
fold-back reflecting,0.5,10,4,331.60287730098366,326.1643878313917,0.004869364600723105,356,384,767,739,0
fold-back reflecting,0.5,10,5,331.5365779921481,306.5067610222252,0.005277736733823925,336,384,726,678,0
fold-back reflecting,0.5,10,6,331.3631480345778,262.8727959527073,0.006100447044180788,286,384,668,570,0
fold-back reflecting,0.5,10,7,331.4484476609666,276.607619546831,0.005649580755708122,303,384,734,653,0
fold-back reflecting,0.5,10,8,331.4229553233625,277.1972360963425,0.005791918284418863,305,384,748,669,0
fold-back reflecting,0.5,10,9,331.4176053918424,277.6477406596104,0.0059314052031416995,305,384,708,629,0
fold-back reflecting,0.5,10,10,331.4744500291621,285.76252779809556,0.005526784310332457,311,384,710,637,0
fold-back reflecting,0.5,10,11,331.20902065187187,224.5755004966368,0.007326827132422812,249,384,716,581,0
fold-back reflecting,0.5,10,12,331.2522988276786,230.1996838255883,0.006921280908749415,253,384,710,579,0
fold-back reflecting,0.5,10,13,331.36534402596044,255.5231699080221,0.00610703085938978,277,384,675,568,0
fold-back reflecting,0.5,10,14,331.4870005289508,297.80693349992816,0.005379101844685246,328,385,777,721,0
fold-back reflecting,0.5,10,15,331.5426258726772,313.37267717371435,0.005221837848283439,345,399,768,729,0
fold-back reflecting,0.5,10,16,331.47671887129286,288.59094907208964,0.00552974062975573,316,384,739,671,0
fold-back reflecting,0.5,10,17,331.39176771967334,265.29382577158833,0.006043937707567464,291,384,724,631,0
fold-back reflecting,0.5,10,18,331.5407377489813,315.5785861006111,0.005193929909759527,343,384,695,654,0
fold-back reflecting,0.5,10,19,331.68518217188205,352.83027434371763,0.004553824361122701,384,385,742,742,0
fold-back reflecting,0.5,10,20,331.4681872480365,278.108373202659,0.005566526250338472,305,384,757,678,0
fold-back reflecting,0.5,10,21,331.48879684089707,293.6122983103451,0.005534732649637969,322,384,710,648,0
fold-back reflecting,0.5,10,22,331.32099623807017,245.52580694043937,0.006510897034345062,268,384,658,542,0
fold-back reflecting,0.5,10,23,331.4075976603335,273.854175758266,0.00591604124768628,301,384,694,611,0
fold-back reflecting,0.5,10,24,331.40749713828205,266.3064670183556,0.005980132192434776,293,384,725,634,0
fold-back reflecting,0.5,10,25,331.58797894341717,323.44606238076733,0.0049817367147268555,355,384,732,703,0
fold-back reflecting,0.5,10,26,331.4742413375197,300.4889210432949,0.005598388727876915,330,384,696,642,0
fold-back reflecting,0.5,10,27,331.55030418379386,323.4415987128798,0.005018988127944425,352,384,725,693,0
fold-back reflecting,0.5,10,28,331.4706679606186,286.9891973658848,0.0055904480178362885,316,384,740,672,0
fold-back reflecting,0.5,10,29,331.37651576748925,267.1752045939911,0.006047664456046756,295,388,786,697,0
fold-back reflecting,0.5,10,30,331.36659958505135,258.91639176928203,0.006260887400980455,286,384,710,612,0
fold-back reflecting,0.5,10,31,331.44595335760795,288.96726715504,0.005669343209009467,315,384,692,623,0
fold-back reflecting,0.5,10,32,331.2947785643647,241.18462214451856,0.006736056257061059,265,384,712,593,0
fold-back reflecting,0.5,10,33,331.63409752186413,345.52173681492064,0.0047539182615347,379,391,744,739,0
fold-back reflecting,0.5,10,34,331.2767784170123,239.16524731402976,0.006780974508749869,261,384,712,589,0
fold-back reflecting,0.5,10,35,331.21115754010117,215.62354062272738,0.007257885731613022,239,384,711,566,0
fold-back reflecting,0.5,10,36,331.47512441437425,288.4650261662857,0.005564544455263432,316,384,747,679,0
fold-back reflecting,0.5,10,37,331.0899648072254,201.4806532584873,0.008100520926792273,221,384,708,545,0
fold-back reflecting,0.5,10,38,331.5437677534012,320.0834800676988,0.005231094110518977,349,384,731,696,0
fold-back reflecting,0.5,10,39,331.46281614478244,297.2627330461578,0.005640276260375933,327,398,783,726,0
fold-back reflecting,0.5,12,0,332.061554508704,324.44273424406015,0.004833860785943079,358,384,711,685,0
fold-back reflecting,0.5,12,1,332.12457737955305,354.2737384134768,0.0045789953255096355,387,387,696,699,0
fold-back reflecting,0.5,12,2,331.83904524046915,270.5321611634313,0.0060192582770762166,298,384,697,611,0
fold-back reflecting,0.5,12,3,332.09177392054096,345.2555808417481,0.00471335146504522,378,397,725,719,0
fold-back reflecting,0.5,12,4,331.7339766617409,248.52016755884233,0.006652169223091807,272,384,711,599,0
fold-back reflecting,0.5,12,5,331.93279195744793,299.9690013889315,0.005459219477801056,329,384,640,585,0
fold-back reflecting,0.5,12,6,331.9704682523542,304.13448972546774,0.005337552734283528,333,384,746,695,0
fold-back reflecting,0.5,12,7,331.93837796249966,293.64896369111716,0.005495466286062998,321,384,720,657,0
fold-back reflecting,0.5,12,8,332.02174855399664,315.96346353453987,0.00503718252851469,346,384,691,653,0
fold-back reflecting,0.5,12,9,332.13538320892576,350.4674269933919,0.0045210608229554385,383,384,685,684,0
fold-back reflecting,0.5,12,10,332.0405839873824,321.4710434588247,0.00497631447626589,349,385,720,685,0
fold-back reflecting,0.5,12,11,331.98892077698633,309.55520309810476,0.0052267363790493545,339,384,694,649,0
fold-back reflecting,0.5,12,12,332.0396123519945,329.4074568692021,0.004875527310369202,359,390,727,702,0
fold-back reflecting,0.5,12,13,332.1052979720525,342.8405634307147,0.004610733686691061,374,418,757,747,0
fold-back reflecting,0.5,12,14,332.02889575696344,321.2496405518192,0.005037317518376398,352,384,669,637,0
fold-back reflecting,0.5,12,15,331.959897945196,296.35003237313697,0.005363624286458434,323,384,717,656,0
fold-back reflecting,0.5,12,16,331.98359740250004,302.2669035822474,0.005282664585880778,330,384,695,641,0
fold-back reflecting,0.5,12,17,331.9383591562347,294.06121917033215,0.005518861545165249,321,384,715,652,0
fold-back reflecting,0.5,12,18,331.89574539866265,290.78329147524266,0.005701661161179945,317,384,671,604,0
fold-back reflecting,0.5,12,19,331.94668879739885,297.67303504986626,0.005430178596121515,328,384,711,655,0
fold-back reflecting,0.5,12,20,331.9542795016786,303.5481156432728,0.005438984200909168,334,390,714,664,0
fold-back reflecting,0.5,12,21,331.86820364211985,286.42051364674126,0.005757610157535573,314,384,669,599,0
fold-back reflecting,0.5,12,22,331.9855532787071,306.76422192491134,0.005216226550071215,338,384,699,653,0
fold-back reflecting,0.5,12,23,331.9630383048169,303.6832727917798,0.0053118517336716775,334,387,708,658,0
fold-back reflecting,0.5,12,24,331.9921976456099,309.67184183435484,0.005209156220489542,338,384,679,633,0
fold-back reflecting,0.5,12,25,332.1067882182198,349.10921795345945,0.004670107340410541,381,391,677,674,0
fold-back reflecting,0.5,12,26,332.1138745369319,355.030397919512,0.00459923228411317,387,401,725,728,0
fold-back reflecting,0.5,12,27,332.09950082544015,347.2149233083901,0.004690063946968343,378,384,697,691,0
fold-back reflecting,0.5,12,28,331.881619750333,276.26921955786236,0.0058281951400517675,304,384,698,618,0
fold-back reflecting,0.5,12,29,332.00949257763693,317.75903584433377,0.005130258552575815,348,384,666,630,0
fold-back reflecting,0.5,12,30,332.2438564152754,393.25035502400704,0.004017082764362868,428,428,716,760,0
fold-back reflecting,0.5,12,31,332.0377011505521,324.59896605602836,0.0049922007426750755,356,384,700,672,0
fold-back reflecting,0.5,12,32,331.90430555531725,292.4759316442442,0.005603270540075064,320,384,696,632,0
fold-back reflecting,0.5,12,33,332.17717520119317,376.3883891901715,0.004315824006556329,410,428,767,793,0
fold-back reflecting,0.5,12,34,331.7664806141362,249.2765376650161,0.006556421907915905,271,384,680,567,0
fold-back reflecting,0.5,12,35,332.0983764013639,349.67264554689086,0.004647250034829344,384,389,686,686,0
fold-back reflecting,0.5,12,36,331.82963157025614,264.71512132296664,0.006142436383466347,294,384,719,629,0
fold-back reflecting,0.5,12,37,332.03915657923443,320.6254790727617,0.004961446393212478,352,388,721,689,0
fold-back reflecting,0.5,12,38,331.6823155962648,230.7361281473492,0.007129652648353206,252,384,601,469,0
fold-back reflecting,0.5,12,39,332.0325392481666,309.767794756817,0.004997653534554296,339,386,744,699,0
fold-back reflecting,0.5,14,0,332.4645293021987,336.92235189239096,0.004734418787768459,368,384,676,660,0
fold-back reflecting,0.5,14,1,332.2986243285052,278.9034923484172,0.005690902391658849,311,384,606,533,0
fold-back reflecting,0.5,14,2,332.46062842147563,339.7829261057506,0.004833052419306967,376,392,687,679,0
fold-back reflecting,0.5,14,3,332.3768740804086,312.814753653874,0.005124988387409821,343,384,665,624,0
fold-back reflecting,0.5,14,4,332.1617036153653,251.43096129783052,0.006388480516353284,272,384,672,560,0
fold-back reflecting,0.5,14,5,332.5338341032727,365.8578289096507,0.004500964092639472,402,423,760,778,0
fold-back reflecting,0.5,14,6,332.32409777127754,292.39118043597864,0.005460735450885032,319,384,645,580,0
fold-back reflecting,0.5,14,7,332.35253974257375,309.5928811349808,0.005400855381838379,339,384,645,600,0
fold-back reflecting,0.5,14,8,332.3487953445291,305.5203676083241,0.005385653470381797,334,384,671,621,0
fold-back reflecting,0.5,14,9,332.469988521988,347.73878062918266,0.004725510341370349,381,394,698,695,0
fold-back reflecting,0.5,14,10,332.30310192120356,286.02798470487073,0.0056729865489849336,311,384,660,587,0
fold-back reflecting,0.5,14,11,332.3111477795998,298.2281943523811,0.005628214245543007,325,384,684,625,0
fold-back reflecting,0.5,14,12,332.3315732539696,302.7112459379027,0.005454446710912578,328,384,678,622,0
fold-back reflecting,0.5,14,13,332.36218013579634,296.0024496508819,0.005253269181817486,327,384,641,584,0
fold-back reflecting,0.5,14,14,332.4653965993051,349.1958905321391,0.004765386894924366,380,384,685,681,0
fold-back reflecting,0.5,14,15,332.5334645262772,363.8242665575819,0.004414719613384635,399,402,680,695,0
fold-back reflecting,0.5,14,16,332.2222696423707,264.48242574158394,0.0059540941774638,290,384,636,542,0
fold-back reflecting,0.5,14,17,332.407898166266,324.3540741797848,0.005095372035230535,356,384,662,634,0
fold-back reflecting,0.5,14,18,332.2102805528748,262.7267789729781,0.006136307017313272,287,384,656,559,0
fold-back reflecting,0.5,14,19,332.5106128087303,362.2789724120145,0.0044869229893304,396,407,692,704,0
fold-back reflecting,0.5,14,20,332.4286909771724,330.16515848679694,0.004980764857124113,363,387,688,667,0
fold-back reflecting,0.5,14,21,332.101000975245,233.02913868532647,0.006714495895445397,256,384,650,522,0
fold-back reflecting,0.5,14,22,332.2031511872255,273.0467361710115,0.0062083510871832025,304,384,655,575,0
fold-back reflecting,0.5,14,23,332.40179193283785,326.9403171531997,0.005007392387028379,358,384,653,627,0
fold-back reflecting,0.5,14,24,332.3419168567705,307.2009954553997,0.005382063119633705,337,384,687,640,0
fold-back reflecting,0.5,14,25,332.6008087422888,381.5404798721719,0.004209628540426383,419,419,699,734,0
fold-back reflecting,0.5,14,26,332.43402284706497,321.74488944111914,0.00497434925058469,356,412,727,699,0
fold-back reflecting,0.5,14,27,332.5163977219891,359.2328104762896,0.004520929528387877,395,411,692,703,0
fold-back reflecting,0.5,14,28,332.1930367198295,267.6551465057077,0.006281740401796095,295,384,644,555,0
fold-back reflecting,0.5,14,29,332.2968093586983,298.0554076592682,0.005619230064092458,328,384,670,614,0
fold-back reflecting,0.5,14,30,332.47047247178216,342.3030489064857,0.0047396424153263025,373,384,675,664,0
fold-back reflecting,0.5,14,31,332.29025955408673,289.1901011064785,0.005515287649952023,320,384,682,618,0
fold-back reflecting,0.5,14,32,332.5129163507086,361.0281595361894,0.004556489995961994,394,409,714,724,0
fold-back reflecting,0.5,14,33,332.4799178816466,339.61729316337164,0.004748681132108605,374,384,648,638,0
fold-back reflecting,0.5,14,34,332.4132204540423,324.01747923654204,0.005027325964419648,355,386,674,645,0
fold-back reflecting,0.5,14,35,332.3602209677416,310.8956623994054,0.005316744330827238,342,387,707,665,0
fold-back reflecting,0.5,14,36,332.21853660839935,266.8444248670936,0.006091802110651398,295,384,629,540,0
fold-back reflecting,0.5,14,37,332.3444500671032,312.1147543301622,0.005425738847199106,341,384,623,580,0
fold-back reflecting,0.5,14,38,332.1324708799958,259.1074241315507,0.006640004979003224,284,384,683,583,0
fold-back reflecting,0.5,14,39,332.5194328009406,357.7743379712651,0.00447338336942699,390,391,691,697,0
fold-back reflecting,0.5,16,0,332.5156790064662,310.95419578301755,0.005351771229194975,341,384,670,627,0
fold-back reflecting,0.5,16,1,332.630154106298,347.7331163296805,0.004850321683104897,381,397,687,684,0
fold-back reflecting,0.5,16,2,332.4825896420331,295.66208125103606,0.005539687098212237,324,384,623,563,0
fold-back reflecting,0.5,16,3,332.54179120024287,318.2609593837882,0.005177817523846086,351,384,613,580,0
fold-back reflecting,0.5,16,4,332.6541884201002,345.62833172929743,0.004640250060602731,380,390,685,681,0
fold-back reflecting,0.5,16,5,332.6790398840515,345.3274954541483,0.004586719989599909,376,389,696,688,0
fold-back reflecting,0.5,16,6,332.50544498049203,294.1182232573709,0.005397898916387496,324,384,674,614,0
fold-back reflecting,0.5,16,7,332.62168918005653,340.4214608106982,0.004869354656981538,374,384,604,594,0
fold-back reflecting,0.5,16,8,332.4969332832468,294.1442313490721,0.005545583855585194,322,384,640,578,0
fold-back reflecting,0.5,16,9,332.5888725433339,323.90956495063693,0.0050182469137473595,355,384,626,597,0
fold-back reflecting,0.5,16,10,332.5481449303346,307.8621875195478,0.0052462662850933746,336,384,640,592,0
fold-back reflecting,0.5,16,11,332.53768157038286,303.1336375451569,0.005302442989499191,332,384,655,603,0
fold-back reflecting,0.5,16,12,332.59614140478556,338.9484401298797,0.0049076144800120685,368,384,668,652,0
fold-back reflecting,0.5,16,13,332.57603430760594,328.73841920065144,0.005052354726394546,358,384,641,615,0
fold-back reflecting,0.5,16,14,332.4511610079067,290.2407009739332,0.005748055774324664,315,384,681,612,0
fold-back reflecting,0.5,16,15,332.45737842094786,291.2969227622689,0.005761137014033907,320,384,626,562,0
fold-back reflecting,0.5,16,16,332.53451332304667,308.11759427012953,0.005226320054540326,336,384,655,607,0
fold-back reflecting,0.5,16,17,332.6176469784813,339.13981309421547,0.004775847314126104,370,384,645,631,0
fold-back reflecting,0.5,16,18,332.65688773210906,342.9633926069009,0.004722389910620186,377,384,679,672,0
fold-back reflecting,0.5,16,19,332.48170231873576,289.4209988267405,0.0055907879405498444,318,384,682,616,0
fold-back reflecting,0.5,16,20,332.69218948953045,352.4657375865512,0.0045558436243599235,390,402,672,678,0
fold-back reflecting,0.5,16,21,332.62127584591866,333.2216910152595,0.004833684520804164,366,384,694,676,0
fold-back reflecting,0.5,16,22,332.5959289900398,321.70801973536123,0.004966194268188241,356,384,681,653,0
fold-back reflecting,0.5,16,23,332.72809759308996,381.5179362645501,0.004389993761617162,416,416,701,733,0
fold-back reflecting,0.5,16,24,332.55272977842003,322.18860943761877,0.005243409437650952,355,384,658,629,0
fold-back reflecting,0.5,16,25,332.4188636834335,289.58668901905924,0.005921336969216481,314,384,592,522,0
fold-back reflecting,0.5,16,26,332.683392557229,341.7879925706086,0.004605308950346535,379,408,665,660,0
fold-back reflecting,0.5,16,27,332.80017603251747,398.5906389272308,0.004066709568870185,436,440,692,744,0
fold-back reflecting,0.5,16,28,332.61777899298426,326.13012461428065,0.004771181378537555,355,384,669,640,0
fold-back reflecting,0.5,16,29,332.46038984328624,284.909846237846,0.005609188782193694,310,384,664,590,0
fold-back reflecting,0.5,16,30,332.58768952429574,330.1769491422276,0.0049969575313119205,358,384,652,626,0
fold-back reflecting,0.5,16,31,332.6933802163119,365.37728312477856,0.0045396506791774965,399,402,670,685,0
fold-back reflecting,0.5,16,32,332.731893091615,373.29205288416165,0.004319781657541993,407,410,675,698,0
fold-back reflecting,0.5,16,33,332.6455396659949,343.1193670165486,0.004751576356941343,374,384,647,637,0
fold-back reflecting,0.5,16,34,332.6123960321824,334.8778099672345,0.004925177796452277,371,389,662,649,0
fold-back reflecting,0.5,16,35,332.7448786640272,374.81428395470596,0.00430838180611402,414,420,708,738,0
fold-back reflecting,0.5,16,36,332.60266662684415,327.4523611712588,0.004964861875249825,362,384,655,633,0
fold-back reflecting,0.5,16,37,332.5503705780089,313.80354687291987,0.005179925100820828,346,384,664,626,0
fold-back reflecting,0.5,16,38,332.6956690309963,363.6025215436789,0.004521970847372524,401,405,679,696,0
fold-back reflecting,0.5,16,39,332.6761704222343,348.4042589050062,0.004630829407472949,380,388,631,627,0
fold-back reflecting,0.5,18,0,332.85441279866245,346.0479128178549,0.0047733476574271455,378,402,668,662,0
fold-back reflecting,0.5,18,1,332.75366980204706,304.5790991567873,0.005283829997181627,330,384,628,574,0
fold-back reflecting,0.5,18,2,332.88029294579013,351.7674405843284,0.0046057500449917296,384,387,638,638,0
fold-back reflecting,0.5,18,3,332.99035689558235,388.83105922387324,0.00413336654987559,425,425,687,728,0
fold-back reflecting,0.5,18,4,332.8376138737305,330.0943790111186,0.0048641957417306985,361,384,636,613,0
fold-back reflecting,0.5,18,5,332.6260748066534,268.3925148873668,0.005989835425940404,293,384,662,571,0
fold-back reflecting,0.5,18,6,332.81355617725364,329.04962797987906,0.004998948836681652,358,384,681,655,0
fold-back reflecting,0.5,18,7,332.82246423635763,330.1138347577657,0.004856685013719095,362,384,624,602,0
fold-back reflecting,0.5,18,8,332.8880403945677,356.1472268099152,0.004474303991678686,393,410,649,658,0
fold-back reflecting,0.5,18,9,332.8470309653175,333.64080070881585,0.004667313909751366,366,384,636,618,0
fold-back reflecting,0.5,18,10,332.84721000019687,338.56344996892597,0.004825366629963671,369,384,639,624,0
fold-back reflecting,0.5,18,11,332.7718323039268,315.00288372371796,0.0052043578428202005,343,384,632,591,0
fold-back reflecting,0.5,18,12,332.68484003914284,293.2052435125562,0.005638321792901143,322,384,622,560,0
fold-back reflecting,0.5,18,13,332.7837408965854,324.17955118601634,0.0050686433058420525,354,384,614,584,0
fold-back reflecting,0.5,18,14,332.86625300115287,344.46508470244623,0.004709045110075822,377,392,666,659,0
fold-back reflecting,0.5,18,15,332.9303757257645,363.6265290924818,0.0043570038384566755,399,399,652,667,0
fold-back reflecting,0.5,18,16,332.7631901806317,304.3662363187994,0.005249413622205027,334,384,626,576,0
fold-back reflecting,0.5,18,17,332.80682462070143,327.67540991343,0.0049479801159194045,360,384,675,651,0
fold-back reflecting,0.5,18,18,332.7763782413947,319.0014029627483,0.005119732980669917,347,384,641,604,0
fold-back reflecting,0.5,18,19,332.7835972594918,318.3956008567607,0.005078472165324621,347,384,621,584,0
fold-back reflecting,0.5,18,20,332.79942702938456,320.4489932884031,0.00491330249526869,351,384,625,592,0
fold-back reflecting,0.5,18,21,332.78960398962965,324.9217381542008,0.005116396474646618,358,384,633,607,0
fold-back reflecting,0.5,18,22,332.79162823768434,319.9414101812182,0.00504194548314065,352,384,663,631,0
fold-back reflecting,0.5,18,23,333.0075316183064,392.4727300712428,0.004037705767367079,429,434,648,693,0
fold-back reflecting,0.5,18,24,332.77995648745156,308.53445131831984,0.005165397186435714,340,384,650,606,0
fold-back reflecting,0.5,18,25,332.7028378121438,289.7110451087627,0.0055715477423635565,318,384,665,599,0
fold-back reflecting,0.5,18,26,332.8747733531971,341.1900170857992,0.004662625600742883,374,384,615,605,0
fold-back reflecting,0.5,18,27,332.95892758339517,382.7921602042491,0.004283777925163641,420,423,667,703,0
fold-back reflecting,0.5,18,28,332.8133918618385,331.7922864621595,0.004966563671738647,360,384,646,622,0
fold-back reflecting,0.5,18,29,332.9447916795011,368.2754489931322,0.004247794188612203,405,414,665,686,0
fold-back reflecting,0.5,18,30,332.8622982363492,346.6527228673315,0.00475653265359188,381,384,610,607,0
fold-back reflecting,0.5,18,31,332.56250623881755,260.75948128705653,0.0064097937026271826,287,384,610,513,0
fold-back reflecting,0.5,18,32,332.97743806089596,384.57027787290633,0.004243441062637314,421,421,666,703,0
fold-back reflecting,0.5,18,33,332.8127246157334,329.20290124564656,0.005000779095941093,360,384,635,611,0
fold-back reflecting,0.5,18,34,332.77333529969326,317.33141124081936,0.005129781886186128,351,384,597,564,0
fold-back reflecting,0.5,18,35,332.9088781564591,359.59714596336823,0.00453960992422207,392,395,663,671,0
fold-back reflecting,0.5,18,36,332.779245456223,328.48559264179386,0.005158600541215897,362,384,639,617,0
fold-back reflecting,0.5,18,37,332.9301697948021,367.710731580224,0.004396348827139472,404,411,655,675,0
fold-back reflecting,0.5,18,38,332.7450292965141,307.44384854758573,0.005326133511004852,338,384,638,592,0
fold-back reflecting,0.5,18,39,332.8882590256158,352.9126847271912,0.004417560996757141,382,391,633,631,0
fold-back reflecting,0.5,20,0,333.0034905136026,328.74911154321745,0.004872102622504623,363,384,659,638,0
fold-back reflecting,0.5,20,1,332.96630600320947,324.8432506803067,0.005059427641813575,359,384,638,613,0
fold-back reflecting,0.5,20,2,332.90276790825396,301.58316794371285,0.005406451282761049,330,384,630,576,0
fold-back reflecting,0.5,20,3,332.9297132634734,309.1848751459898,0.005292039481869747,340,391,662,618,0
fold-back reflecting,0.5,20,4,332.91429952889683,305.82698444869135,0.00538541938365018,335,384,620,571,0
fold-back reflecting,0.5,20,5,332.99154739955384,342.4064230666445,0.004822407680372661,375,384,607,598,0
fold-back reflecting,0.5,20,6,332.95066204917515,315.3501416232163,0.0051103796247986425,347,384,587,550,0
fold-back reflecting,0.5,20,7,332.91981650497735,304.06669557692106,0.005310372714402618,335,384,615,566,0
fold-back reflecting,0.5,20,8,332.935715968971,312.1505149449191,0.005234164299813018,341,384,615,572,0
fold-back reflecting,0.5,20,9,332.79331498053904,275.61964341874165,0.0060570146813038106,302,384,668,586,0
fold-back reflecting,0.5,20,10,332.83337282047853,283.3276901277136,0.00576610856223116,309,384,616,541,0
fold-back reflecting,0.5,20,11,332.78481508087174,268.69764808161335,0.006064641562517646,293,384,635,544,0
fold-back reflecting,0.5,20,12,333.1379055849713,377.9562394005632,0.004271858884333358,415,421,654,685,0
fold-back reflecting,0.5,20,13,332.9138073127296,302.52265045502855,0.005365608767897769,333,384,614,563,0
fold-back reflecting,0.5,20,14,332.9989035154024,328.35080218736294,0.00491892838398798,358,386,683,657,0
fold-back reflecting,0.5,20,15,332.862779153212,290.72369751196396,0.005637388827736839,317,384,611,544,0
fold-back reflecting,0.5,20,16,332.8338667495288,296.48273337425644,0.005767856159563569,323,384,591,530,0
fold-back reflecting,0.5,20,17,333.23010522792856,417.02353328936357,0.0039055523079987026,454,454,608,678,0
fold-back reflecting,0.5,20,18,332.98267687735336,323.0897105833265,0.0049687163185116396,354,384,657,627,0
fold-back reflecting,0.5,20,19,332.85540741047396,289.1784753929527,0.005686295977314709,317,384,616,549,0
fold-back reflecting,0.5,20,20,332.91976914555437,305.45856394686604,0.0053564546256666115,334,384,649,599,0
fold-back reflecting,0.5,20,21,333.0153779880351,333.9945910804158,0.004871741703123445,366,384,630,612,0
fold-back reflecting,0.5,20,22,332.7996738059365,273.9006041544342,0.006041150236682262,302,384,628,546,0
fold-back reflecting,0.5,20,23,332.95716614219424,319.94563584915846,0.005134450154830863,350,384,636,602,0
fold-back reflecting,0.5,20,24,333.1511134151793,386.0028765619733,0.0042362698632678955,425,433,703,744,0
fold-back reflecting,0.5,20,25,332.78683678953274,269.9318358155965,0.006112500024239749,296,384,628,540,0
fold-back reflecting,0.5,20,26,332.85990895636905,289.22245480231845,0.0056553971007140035,316,384,610,542,0
fold-back reflecting,0.5,20,27,332.7411599207376,269.21346282173056,0.006394263188664071,294,384,636,546,0
fold-back reflecting,0.5,20,28,333.0808166939438,357.12510013384247,0.004541480491609247,394,394,642,652,0
fold-back reflecting,0.5,20,29,332.8437863526039,293.8272477176105,0.00577107024886841,323,384,680,619,0
fold-back reflecting,0.5,20,30,332.8355490533938,274.0292130552163,0.005812072312681262,303,384,617,536,0
fold-back reflecting,0.5,20,31,332.8371314070086,281.06972682893434,0.005650262492774952,306,384,627,549,0
fold-back reflecting,0.5,20,32,333.08103263789206,355.7486691622427,0.004531498942271887,389,404,634,639,0
fold-back reflecting,0.5,20,33,333.0953869251411,367.1501489658486,0.004496730253291563,398,399,611,625,0
fold-back reflecting,0.5,20,34,332.9264884689034,307.06297679521094,0.00526606347982502,340,384,628,584,0
fold-back reflecting,0.5,20,35,332.8994244437883,302.18526115462424,0.005457614425750806,334,384,618,568,0
fold-back reflecting,0.5,20,36,332.8431192733163,285.1884234671088,0.005546027107458629,312,384,631,559,0
fold-back reflecting,0.5,20,37,332.8640167153385,290.33913744738163,0.005647438914750961,319,384,624,559,0
fold-back reflecting,0.5,20,38,332.7449301817343,263.21099036291696,0.006360122624523569,286,384,608,510,0
fold-back reflecting,0.5,20,39,332.96583329412545,316.7569775641455,0.0050511703486984146,346,384,601,563,0
fold-back reflecting,0.5,22,0,333.081257980952,336.5459912808165,0.004925817467085864,369,384,610,595,0
fold-back reflecting,0.5,22,1,333.3608506403295,426.84552913061293,0.0037263669855246884,472,473,678,766,0
fold-back reflecting,0.5,22,2,332.996084432094,309.6736415140025,0.005132129489407057,338,384,609,563,0
fold-back reflecting,0.5,22,3,333.0637538595449,323.3620449891845,0.0050128496505322745,357,384,632,605,0
fold-back reflecting,0.5,22,4,333.1648626752978,363.89251559774254,0.004532918457976367,398,402,618,632,0
fold-back reflecting,0.5,22,5,333.00782221575577,309.91252944737874,0.0052925238547434856,341,400,652,609,0
fold-back reflecting,0.5,22,6,333.3079102343059,421.7550768869646,0.0038654454258492243,464,473,667,747,0
fold-back reflecting,0.5,22,7,333.15961811832494,358.97387468384466,0.0045058013175636276,391,398,611,618,0
fold-back reflecting,0.5,22,8,332.91777072400646,290.1074321490832,0.005793293907958747,316,384,653,585,0
fold-back reflecting,0.5,22,9,332.9771628043866,308.8796156781516,0.0052897606397366,336,393,671,623,0
fold-back reflecting,0.5,22,10,333.0604499942741,329.47417887512296,0.004995330451040325,363,394,626,605,0
fold-back reflecting,0.5,22,11,332.87002080685306,270.4218473823041,0.005976141833762928,296,384,617,529,0
fold-back reflecting,0.5,22,12,333.12424433613575,349.06553122243275,0.0047224218036361326,384,386,598,598,0
fold-back reflecting,0.5,22,13,333.2389022969188,392.5700514534859,0.004212279941078039,431,444,650,697,0
fold-back reflecting,0.5,22,14,333.03817048414004,324.04254243971866,0.005104447372325098,357,384,607,580,0
fold-back reflecting,0.5,22,15,332.8799907517543,284.3114206872101,0.005909429711512672,311,384,599,526,0
fold-back reflecting,0.5,22,16,332.9019239462259,274.97389617644325,0.00589517977369649,307,384,601,524,0
fold-back reflecting,0.5,22,17,333.0488246483809,322.9427852547359,0.00502236774743413,355,384,665,636,0
fold-back reflecting,0.5,22,18,333.13079701109325,350.0422480146442,0.004703427295120316,381,400,650,647,0
fold-back reflecting,0.5,22,19,333.08687424371476,331.9733440884751,0.004835287083617876,366,384,657,639,0
fold-back reflecting,0.5,22,20,332.8762122230093,272.2139136705041,0.006017695999185763,298,384,633,547,0
fold-back reflecting,0.5,22,21,333.0270062896298,322.9961505549407,0.005216846087457948,354,384,609,579,0
fold-back reflecting,0.5,22,22,333.13460727506515,346.78045143037184,0.00464325713101304,378,384,588,582,0
fold-back reflecting,0.5,22,23,332.91623818071923,282.75958468563454,0.005720362462432096,313,384,605,534,0
fold-back reflecting,0.5,22,24,333.28529058787745,416.92401634669585,0.0039407571484865915,458,463,648,722,0
fold-back reflecting,0.5,22,25,333.1719727108167,365.3586029842415,0.004466383224147841,400,405,631,647,0
fold-back reflecting,0.5,22,26,333.00244850838016,299.95248395998277,0.005298231005268595,331,384,635,582,0
fold-back reflecting,0.5,22,27,332.94179249597823,292.47926024976033,0.005619652480512256,320,384,600,536,0
fold-back reflecting,0.5,22,28,333.08594860114283,332.35123455969716,0.004918877174350633,362,384,632,610,0
fold-back reflecting,0.5,22,29,333.0205207636642,314.249898655675,0.005245255376895381,348,384,615,579,0
fold-back reflecting,0.5,22,30,333.0307890007141,317.43115378482696,0.00517472529100757,346,384,608,570,0
fold-back reflecting,0.5,22,31,333.19913281885636,370.4368685743679,0.004329480645149562,407,409,647,670,0
fold-back reflecting,0.5,22,32,332.8641181987571,264.7809021585654,0.006101454082196593,289,384,600,505,0
fold-back reflecting,0.5,22,33,333.00689311507205,310.28576001283074,0.005215048042806106,340,384,620,576,0
fold-back reflecting,0.5,22,34,332.90066691532274,274.84497062099666,0.005899374435933378,302,384,643,561,0
fold-back reflecting,0.5,22,35,333.22875101657024,384.7396196297395,0.004226257594842242,420,420,668,704,0
fold-back reflecting,0.5,22,36,332.86700137037394,269.477969236315,0.006045084172803167,296,384,592,504,0
fold-back reflecting,0.5,22,37,333.00689546643963,308.09628631876967,0.005194147143488012,337,384,648,601,0
fold-back reflecting,0.5,22,38,333.1897015633707,363.9184492928086,0.004415572237812543,401,407,625,642,0
fold-back reflecting,0.5,22,39,332.8949246948324,273.4877614969994,0.005881103389998516,298,384,611,525,0
fold-back reflecting,0.5,24,0,333.18563425594954,319.5483344053899,0.004946611746081441,351,387,663,630,0
fold-back reflecting,0.5,24,1,333.35061010692124,382.7900282400985,0.004235291069509818,421,436,647,684,0
fold-back reflecting,0.5,24,2,333.05310415786306,290.76054547493436,0.005645726553935737,320,384,557,493,0
fold-back reflecting,0.5,24,3,332.9607329309761,264.06280046279807,0.006118876302556198,291,384,587,494,0
fold-back reflecting,0.5,24,4,333.1839053935889,329.3942787627682,0.004936988039748178,358,384,615,589,0
fold-back reflecting,0.5,24,5,333.0224910394216,287.96393749121654,0.005883431284719034,315,384,624,555,0
fold-back reflecting,0.5,24,6,333.31547627681095,377.8809041461195,0.004308894136812669,413,413,598,627,0
fold-back reflecting,0.5,24,7,333.036821421717,283.95432435600287,0.005710159905597211,312,384,574,502,0
fold-back reflecting,0.5,24,8,333.20537515898627,339.43576870772637,0.004740579046373719,370,401,618,604,0
fold-back reflecting,0.5,24,9,333.1219457384295,313.86008449282707,0.00532393579528519,343,384,625,584,0
fold-back reflecting,0.5,24,10,333.22485775248725,343.91123481723383,0.004803153117845079,375,384,624,615,0
fold-back reflecting,0.5,24,11,333.28591678534957,357.29214607107644,0.004522468153015266,394,396,605,615,0
fold-back reflecting,0.5,24,12,333.15746393078416,325.22427480443633,0.005100481270260166,355,384,608,579,0
fold-back reflecting,0.5,24,13,333.04582935050854,289.6287461024389,0.00567039293810624,315,384,628,559,0
fold-back reflecting,0.5,24,14,333.3866914108326,395.8605141500517,0.004082288254399142,430,430,658,704,0
fold-back reflecting,0.5,24,15,333.04539755044107,293.04455901599135,0.005720656392977676,322,384,638,576,0
fold-back reflecting,0.5,24,16,333.23302906368946,350.04584052361014,0.004764016625564303,383,385,636,635,0
fold-back reflecting,0.5,24,17,333.1941308460339,332.9976646856091,0.004890585276654215,362,384,602,580,0
fold-back reflecting,0.5,24,18,333.09959836511655,305.9403941748912,0.005343315111870421,335,384,581,532,0
fold-back reflecting,0.5,24,19,333.2195626860387,342.5930174142727,0.0048157870069033435,378,389,652,646,0
fold-back reflecting,0.5,24,20,333.2222336379678,348.5325536503967,0.00459907421773778,380,389,618,614,0
fold-back reflecting,0.5,24,21,333.1932360848335,326.6629166453541,0.004934606083880601,359,384,604,579,0
fold-back reflecting,0.5,24,22,333.17370107097764,337.61825146728546,0.004977198616487171,369,384,597,582,0
fold-back reflecting,0.5,24,23,333.15150429432043,322.1123010127754,0.00514440249633236,354,384,588,558,0
fold-back reflecting,0.5,24,24,333.05432361917553,299.1980117662978,0.005601710950395472,329,384,598,543,0
fold-back reflecting,0.5,24,25,333.1317054473177,312.4305893298915,0.00527417165393719,344,384,613,573,0
fold-back reflecting,0.5,24,26,333.12806481449815,315.1134950006343,0.0052266750688204425,346,384,591,553,0
fold-back reflecting,0.5,24,27,333.2981511127145,365.63571971961437,0.004439232997866213,403,403,601,620,0
fold-back reflecting,0.5,24,28,333.33860520871787,378.4444086790126,0.004282838285959868,413,413,585,614,0
fold-back reflecting,0.5,24,29,333.26856096400206,351.8519866984938,0.0045994382814877124,386,388,612,614,0
fold-back reflecting,0.5,24,30,333.04266291387796,283.91168321854303,0.005709951001694526,310,384,610,536,0
fold-back reflecting,0.5,24,31,333.21620383093324,344.4662543300887,0.004839077873612754,372,384,616,604,0
fold-back reflecting,0.5,24,32,333.0612300084363,291.4682129471504,0.005602994545364567,322,384,625,563,0
fold-back reflecting,0.5,24,33,333.229460924667,350.4285264271916,0.004751804131554212,383,401,654,653,0
fold-back reflecting,0.5,24,34,333.22715950716275,341.28047485994404,0.0047696739825183986,374,401,641,631,0
fold-back reflecting,0.5,24,35,333.0897230008069,305.1313279358388,0.005478744426933527,334,384,620,570,0
fold-back reflecting,0.5,24,36,332.91496855886,256.62905124535996,0.006362550944123333,279,384,633,528,0
fold-back reflecting,0.5,24,37,333.2111033467024,335.3037726564303,0.00483533438027149,368,395,648,632,0
fold-back reflecting,0.5,24,38,333.1589355762597,326.96526469962765,0.005043023823656994,357,399,630,603,0
fold-back reflecting,0.5,24,39,332.9780794136666,268.17243855069245,0.006142263123610984,296,384,629,541,0
fold-back reflecting,0.5,26,0,333.22456162427443,282.4113432256368,0.005742815244412904,311,384,621,548,0
fold-back reflecting,0.5,26,1,333.11263188957975,262.1412013851681,0.0064077803867920785,286,384,578,480,0
fold-back reflecting,0.5,26,2,333.2098695764354,294.87657229536245,0.005742783424138764,323,384,569,508,0
fold-back reflecting,0.5,26,3,333.2781946784988,301.8978146718154,0.005426150938830622,329,384,601,546,0
fold-back reflecting,0.5,26,4,333.0898251850572,256.1914343686178,0.006528835934654627,282,384,586,484,0
fold-back reflecting,0.5,26,5,333.02722851713963,241.01317660837188,0.0067672816871184325,260,384,593,469,0
fold-back reflecting,0.5,26,6,333.14538979297555,270.2673842931469,0.006182144832468125,296,384,610,522,0
fold-back reflecting,0.5,26,7,333.17480608673395,280.18299473275124,0.005974095627605073,304,384,594,514,0
fold-back reflecting,0.5,26,8,333.1225518615984,263.5029443321514,0.006245668891135806,292,384,624,532,0
fold-back reflecting,0.5,26,9,333.2819169920291,307.4195133197217,0.005396676150234923,339,384,591,546,0
fold-back reflecting,0.5,26,10,333.45557925890427,351.4721499730219,0.004536255949308903,390,405,607,613,0
fold-back reflecting,0.5,26,11,333.4010097265171,353.65255172950845,0.0048158673061669465,388,410,630,634,0
fold-back reflecting,0.5,26,12,333.26399623769856,301.9562661546172,0.005526656555750163,333,384,562,511,0
fold-back reflecting,0.5,26,13,333.4535889684013,368.3517264585469,0.004564368852506582,406,406,595,617,0
fold-back reflecting,0.5,26,14,333.2391004488141,300.63862612041424,0.00556726525057863,331,384,634,581,0
fold-back reflecting,0.5,26,15,333.24295983858804,294.17222043393355,0.005470102476752001,323,384,623,562,0
fold-back reflecting,0.5,26,16,333.25382811739195,297.117071604301,0.005477491658311534,330,384,588,534,0
fold-back reflecting,0.5,26,17,333.18062805185764,287.6164432333475,0.005992437520850092,314,384,604,534,0
fold-back reflecting,0.5,26,18,332.91628193820503,223.23284777246673,0.007566095462365105,246,384,579,441,0
fold-back reflecting,0.5,26,19,333.39551071040205,344.5095380881879,0.00477618794258728,381,387,596,593,0
fold-back reflecting,0.5,26,20,333.32684713602157,314.1737210451623,0.0051787899455355635,343,384,567,526,0
fold-back reflecting,0.5,26,21,333.17042078409594,273.8504957733673,0.005994959659036624,304,384,582,502,0
fold-back reflecting,0.5,26,22,333.48043346286175,364.50628276482405,0.004433931399412748,400,423,615,631,0
fold-back reflecting,0.5,26,23,333.15418891173545,275.7061140749929,0.005864568253585551,300,384,608,524,0
fold-back reflecting,0.5,26,24,333.43645046088363,361.77083765131954,0.004577476998030712,397,423,618,631,0
fold-back reflecting,0.5,26,25,333.41146313725477,356.23492464717486,0.0047140536968865825,391,404,607,614,0
fold-back reflecting,0.5,26,26,333.1927823747066,281.58385910985453,0.005819855007186059,308,384,600,524,0
fold-back reflecting,0.5,26,27,333.1683997668327,276.5564681878365,0.00605153260935922,306,384,634,556,0
fold-back reflecting,0.5,26,28,333.200379234065,280.9856168136936,0.00582682702902831,308,384,588,512,0
fold-back reflecting,0.5,26,29,333.29900401876563,316.9159198821099,0.0053119544366207975,347,384,625,588,0
fold-back reflecting,0.5,26,30,333.1291372782854,260.58233882396604,0.006229191786344115,289,384,579,484,0
fold-back reflecting,0.5,26,31,333.05975915289423,242.79747128218878,0.006621290337891118,266,384,580,462,0
fold-back reflecting,0.5,26,32,333.2661752458967,301.81619171232495,0.005469029503901425,330,384,607,553,0
fold-back reflecting,0.5,26,33,333.1242001680695,258.31203134795845,0.0063537662077598036,285,384,587,488,0
fold-back reflecting,0.5,26,34,333.2418232936881,294.841456821443,0.0055926347284790115,326,384,615,557,0
fold-back reflecting,0.5,26,35,333.14071629169393,266.5023436590721,0.006237006625902936,294,384,594,504,0
fold-back reflecting,0.5,26,36,333.2976411252931,303.1041661221244,0.005282607291723655,330,384,597,543,0
fold-back reflecting,0.5,26,37,333.2308843250461,290.74096667060064,0.005708518069008679,322,384,573,511,0
fold-back reflecting,0.5,26,38,333.08273488032955,252.6993918813865,0.0064203580993918066,279,384,596,491,0
fold-back reflecting,0.5,26,39,333.04436647680916,248.16090335840272,0.006768173893839921,274,384,591,481,0
fold-back reflecting,0.5,28,0,333.24031997430313,302.4543708307658,0.005569814652239058,332,384,604,552,0
fold-back reflecting,0.5,28,1,333.4856818085346,379.4448944270256,0.0043368604907610036,418,422,640,674,0
fold-back reflecting,0.5,28,2,333.35985540998706,338.27770516244686,0.004858579064034834,372,384,621,609,0
fold-back reflecting,0.5,28,3,333.1243721696685,266.0341564789677,0.006220504645585011,291,384,599,506,0
fold-back reflecting,0.5,28,4,333.4160927067569,354.52864686280964,0.004665494720195885,384,392,628,628,0
fold-back reflecting,0.5,28,5,333.3577358064474,331.15856187027407,0.004815119224835412,363,401,617,596,0
fold-back reflecting,0.5,28,6,333.3621245217661,332.1012802556126,0.0049119749932603025,363,393,594,573,0
fold-back reflecting,0.5,28,7,333.38658692643355,340.7221185243044,0.0046941705701586825,371,389,589,576,0
fold-back reflecting,0.5,28,8,333.3975893000514,351.10363839508017,0.004747149234285558,389,420,626,631,0
fold-back reflecting,0.5,28,9,333.4283769666853,363.07497784462697,0.004601430493092728,397,404,638,651,0
fold-back reflecting,0.5,28,10,333.3872019072698,340.77992761723056,0.004697307297398543,374,384,608,598,0
fold-back reflecting,0.5,28,11,333.2404025231765,288.326439660747,0.00556791330638773,319,384,604,539,0
fold-back reflecting,0.5,28,12,333.54424058163363,394.3980398801003,0.003986641065002309,434,440,633,683,0
fold-back reflecting,0.5,28,13,333.2755127226305,304.23519950686375,0.005360455753569905,335,384,607,558,0
fold-back reflecting,0.5,28,14,333.3548583922355,330.047959466815,0.004890221398597633,362,384,615,593,0
fold-back reflecting,0.5,28,15,333.37863006854366,335.6833223544142,0.004737591036877112,370,384,623,609,0
fold-back reflecting,0.5,28,16,333.3805523856855,351.10466212797996,0.004839267194899653,387,413,633,636,0
fold-back reflecting,0.5,28,17,333.1059918551726,268.21115349531823,0.006246655629532689,294,384,577,487,0
fold-back reflecting,0.5,28,18,333.23208726400816,291.0989973392902,0.005502562428312976,320,384,614,550,0
fold-back reflecting,0.5,28,19,333.3219084156971,321.3877794513373,0.005117343526267018,350,392,617,583,0
fold-back reflecting,0.5,28,20,333.0693714307378,248.14223700531377,0.006536983839049797,275,384,607,498,0
fold-back reflecting,0.5,28,21,333.2586889991025,307.36509927125985,0.0053982563364881634,336,384,608,560,0
fold-back reflecting,0.5,28,22,333.41808604105336,353.1207059622158,0.0046530694985057915,386,386,571,573,0
fold-back reflecting,0.5,28,23,333.4458424099308,365.43336268717155,0.004443163207493792,403,413,612,631,0
fold-back reflecting,0.5,28,24,333.56921489900935,435.3779053990807,0.0039852725293080425,471,471,621,708,0
fold-back reflecting,0.5,28,25,333.34298812205304,326.267517480036,0.004763496448257105,356,391,622,594,0
fold-back reflecting,0.5,28,26,333.35566628660297,333.4019935211533,0.004953016152894761,365,384,605,586,0
fold-back reflecting,0.5,28,27,333.342719583657,325.16987693008736,0.00499065471324252,357,384,599,572,0
fold-back reflecting,0.5,28,28,333.1276331217908,264.94991029171297,0.006230577380837022,289,384,620,525,0
fold-back reflecting,0.5,28,29,333.3067940010776,325.2449974030924,0.005180446491268588,356,387,622,594,0
fold-back reflecting,0.5,28,30,333.4956880871906,391.5931683175457,0.004272379155615899,428,428,607,651,0
fold-back reflecting,0.5,28,31,333.3141333414263,320.1133225633396,0.004991049046844548,349,386,613,578,0
fold-back reflecting,0.5,28,32,333.5625556453719,401.4513548858209,0.003995602710332992,438,452,656,710,0
fold-back reflecting,0.5,28,33,333.1882925196871,276.65789011942917,0.005781126829607908,301,384,598,515,0
fold-back reflecting,0.5,28,34,333.376755354354,344.2176036495276,0.00484846286474602,382,392,602,600,0
fold-back reflecting,0.5,28,35,333.38727142191664,338.080847659583,0.004809411104348246,374,398,626,616,0
fold-back reflecting,0.5,28,36,333.2327962866383,296.8974556266827,0.005436642879271543,325,384,597,538,0
fold-back reflecting,0.5,28,37,333.14008957802207,275.98230767189693,0.005805575097349477,301,384,590,507,0
fold-back reflecting,0.5,28,38,333.3525643199926,335.955856587497,0.004972676782041827,369,394,617,602,0
fold-back reflecting,0.5,28,39,333.31924640176555,318.10449804464434,0.005018082721055566,351,384,566,533,0
fold-back reflecting,0.5,30,0,333.27274446853227,311.5123690193642,0.005124067831906107,339,384,583,538,0
fold-back reflecting,0.5,30,1,333.35701079496454,339.9176327177388,0.004868621828341936,372,384,621,609,0
fold-back reflecting,0.5,30,2,333.31854223154744,334.33762740989533,0.005051103622719545,364,384,616,596,0
fold-back reflecting,0.5,30,3,333.24002535568053,299.67573267425473,0.005446479038229686,331,384,606,553,0
fold-back reflecting,0.5,30,4,333.4483326850271,365.98512072449336,0.004442294986166121,400,400,612,628,0
fold-back reflecting,0.5,30,5,333.3918549006983,359.5344248202114,0.004659844511729932,391,413,590,597,0
fold-back reflecting,0.5,30,6,333.0157296761863,242.11262773870422,0.006826892044572786,267,384,572,455,0
fold-back reflecting,0.5,30,7,333.3171318584424,336.85328655915646,0.0050579606761535275,367,384,608,591,0
fold-back reflecting,0.5,30,8,333.43068170559053,374.2684487519136,0.004397315158414174,409,421,583,608,0
fold-back reflecting,0.5,30,9,333.6707869842094,460.476203452371,0.0035500498686314138,508,508,662,786,0
fold-back reflecting,0.5,30,10,333.10657132027956,263.6144045662624,0.006186806282779344,290,384,609,515,0
fold-back reflecting,0.5,30,11,333.30648723022455,325.2097476741322,0.005037751316859587,358,384,597,571,0
fold-back reflecting,0.5,30,12,333.29202041370706,316.9069513278068,0.0051181957481027975,348,384,600,564,0
fold-back reflecting,0.5,30,13,333.00206399296457,229.2760729557731,0.006939960020622469,255,384,587,458,0
fold-back reflecting,0.5,30,14,333.548234472628,420.55610018926563,0.003935170181910414,458,469,640,714,0
fold-back reflecting,0.5,30,15,333.39875444398655,362.23593701957344,0.004591088133358623,398,411,602,616,0
fold-back reflecting,0.5,30,16,333.35423101819686,336.317350352893,0.004856910226168416,372,388,634,622,0
fold-back reflecting,0.5,30,17,333.3437290381908,335.44183811296506,0.004928431311279313,368,384,589,573,0
fold-back reflecting,0.5,30,18,333.3759809727736,347.6021287913482,0.0047630707489404525,383,385,575,574,0
fold-back reflecting,0.5,30,19,333.2672488344636,311.8080460243989,0.005259496779539252,345,384,593,554,0
fold-back reflecting,0.5,30,20,333.5577664780604,406.67505768216563,0.003957064250455222,443,464,645,704,0
fold-back reflecting,0.5,30,21,333.42559960158894,368.57307261441207,0.004475178918914022,404,404,595,615,0
fold-back reflecting,0.5,30,22,333.165365199099,285.0946712336485,0.005890385831811946,310,384,583,509,0
fold-back reflecting,0.5,30,23,333.3656857637787,346.3300985558129,0.004787614372579012,382,386,591,589,0
fold-back reflecting,0.5,30,24,333.50826629170194,395.6614493921202,0.004183901475412788,433,434,579,628,0
fold-back reflecting,0.5,30,25,333.29844781308435,321.5838956743261,0.00513054825213631,353,384,610,579,0
fold-back reflecting,0.5,30,26,333.25808219479524,308.9180920865045,0.005299517779080701,339,384,586,541,0
fold-back reflecting,0.5,30,27,333.38402477535124,356.81705009382586,0.0047440971101878875,396,409,598,610,0
fold-back reflecting,0.5,30,28,333.3361122333237,331.2882773269492,0.004975503495563931,365,384,614,595,0
fold-back reflecting,0.5,30,29,333.37817366072676,342.02790647390583,0.004743097836256645,373,396,587,576,0
fold-back reflecting,0.5,30,30,333.36647837891877,338.9059532109694,0.004806388127675776,373,386,601,590,0
fold-back reflecting,0.5,30,31,333.3121009660988,322.1206606463571,0.00505736974980974,356,387,616,588,0
fold-back reflecting,0.5,30,32,333.07154995473604,259.24893007576605,0.00639742645587156,284,384,545,445,0
fold-back reflecting,0.5,30,33,333.26347705395773,309.1235898582123,0.005178947334152829,337,384,555,508,0
fold-back reflecting,0.5,30,34,333.4701352247271,376.22290837456023,0.004331700546816529,412,416,611,639,0
fold-back reflecting,0.5,30,35,333.3058407935459,316.38456298527325,0.005067855259921362,348,384,599,563,0
fold-back reflecting,0.5,30,36,333.29220517419606,317.1847843769565,0.005184141689772067,352,384,574,542,0
fold-back reflecting,0.5,30,37,333.4347949438115,365.1043334490606,0.004508727195349941,401,408,618,635,0
fold-back reflecting,0.5,30,38,333.41094919708064,358.9925215937539,0.004516424868436176,394,402,615,625,0
fold-back reflecting,0.5,30,39,333.2748844016764,319.96958179497284,0.0052140301045171845,349,384,575,540,0
fold-back reflecting,0.5,32,0,333.46490353053406,334.38569745108083,0.004746971947587038,363,389,623,602,0
fold-back reflecting,0.5,32,1,333.23571189318466,269.1956683897561,0.006023234704386371,292,384,600,508,0
fold-back reflecting,0.5,32,2,333.35048035706876,303.9098607931127,0.0053048199527611995,332,385,607,555,0
fold-back reflecting,0.5,32,3,333.3931069517771,312.77270217589125,0.005209736986713751,342,384,602,560,0
fold-back reflecting,0.5,32,4,333.38885540987394,307.85599630920444,0.005252720903013718,338,384,590,544,0
fold-back reflecting,0.5,32,5,333.47649473613313,331.3253900941683,0.004854771345413937,364,397,607,587,0
fold-back reflecting,0.5,32,6,333.52635438208256,348.06479279230524,0.0045985205122261235,382,391,614,612,0
fold-back reflecting,0.5,32,7,333.47602170545855,335.6484804737754,0.004869584925702982,367,384,581,564,0
fold-back reflecting,0.5,32,8,333.3945716844684,305.3204711908416,0.005202126677302784,334,393,620,570,0
fold-back reflecting,0.5,32,9,333.32500748038063,289.29383631126376,0.0056820606537875485,317,384,570,503,0
fold-back reflecting,0.5,32,10,333.2698357915921,270.60641676317056,0.005961301302514161,298,384,578,492,0
fold-back reflecting,0.5,32,11,333.41349029110006,316.7738918708762,0.005202759781269406,350,384,604,570,0
fold-back reflecting,0.5,32,12,333.35830750442324,296.14080780065643,0.005496583874774316,328,384,580,524,0
fold-back reflecting,0.5,32,13,333.47533574507685,332.89888599794483,0.004817954371631162,364,384,610,590,0
fold-back reflecting,0.5,32,14,333.520771084774,342.74945167646626,0.004652868518805184,376,398,608,600,0
fold-back reflecting,0.5,32,15,333.3162628158779,284.27543573545495,0.005593984024383515,311,384,561,488,0
fold-back reflecting,0.5,32,16,333.3240613912342,292.45593326250406,0.005680809496195438,322,384,568,506,0
fold-back reflecting,0.5,32,17,333.3337371537912,302.2770319003355,0.00560571916845397,333,384,595,544,0
fold-back reflecting,0.5,32,18,333.2781346730972,265.2155509620688,0.005928681564427744,291,384,552,459,0
fold-back reflecting,0.5,32,19,333.29674599247267,275.59659419257446,0.005779004894888718,301,384,599,516,0
fold-back reflecting,0.5,32,20,333.55970539130794,367.8597703924186,0.004447077682099488,402,409,619,637,0
fold-back reflecting,0.5,32,21,333.3916064218431,313.98384121131573,0.005242098574908752,344,384,599,559,0
fold-back reflecting,0.5,32,22,333.6364817966521,390.13503342412554,0.0041299807545494335,426,426,613,655,0
fold-back reflecting,0.5,32,23,333.3002455338246,281.3276297173534,0.005786122178864645,308,384,591,515,0
fold-back reflecting,0.5,32,24,333.4891136072663,338.5923860962408,0.004799611733529268,373,395,604,593,0
fold-back reflecting,0.5,32,25,333.39337389781053,320.2677737477088,0.00522198946592196,352,395,647,615,0
fold-back reflecting,0.5,32,26,333.24256248112965,271.11415446262976,0.006092771116688415,298,384,562,476,0
fold-back reflecting,0.5,32,27,333.2959304976269,278.939060457175,0.005790785219773337,306,384,574,496,0
fold-back reflecting,0.5,32,28,333.2772208773443,280.95662091425163,0.005899867179096358,308,384,600,524,0
fold-back reflecting,0.5,32,29,333.57076365532913,364.86054363831073,0.004374408868685296,398,413,624,638,0
fold-back reflecting,0.5,32,30,333.4163261545466,326.45630312342774,0.005083020577057756,360,394,625,601,0
fold-back reflecting,0.5,32,31,333.42565544745105,326.1596416473966,0.005140186314524201,361,398,631,608,0
fold-back reflecting,0.5,32,32,333.502365525659,340.2552676432393,0.00475648746675601,373,397,599,588,0
fold-back reflecting,0.5,32,33,333.5057283550104,351.5097634801974,0.004668156306378589,385,398,603,604,0
fold-back reflecting,0.5,32,34,333.366889301924,304.62137422347433,0.0054432868337149914,332,384,596,544,0
fold-back reflecting,0.5,32,35,333.3621550203974,298.50623899605654,0.005463538012593936,325,384,597,538,0
fold-back reflecting,0.5,32,36,333.3899899316266,316.2280261508168,0.0053119027242643155,349,384,579,544,0
fold-back reflecting,0.5,32,37,333.3599577918533,291.14807381685495,0.0054906441978089205,320,384,606,542,0
fold-back reflecting,0.5,32,38,333.39917588277217,309.33169354748435,0.0052260894611196335,338,384,602,556,0
fold-back reflecting,0.5,32,39,333.3439132004306,294.6147668581316,0.005570557735278565,322,384,571,509,0
fold-back reflecting,0.5,34,0,333.4856417229795,353.0686287257094,0.004698681119087873,385,388,578,579,0
fold-back reflecting,0.5,34,1,333.26698928669964,281.701792778484,0.005683172350087702,305,384,564,485,0
fold-back reflecting,0.5,34,2,333.3932796028295,316.93678199028733,0.0051515514897426005,348,384,601,565,0
fold-back reflecting,0.5,34,3,333.4388839090443,331.6043213044675,0.00494618843023941,363,388,610,589,0
fold-back reflecting,0.5,34,4,333.3912171030232,314.2415808477012,0.005186753510955099,344,384,571,531,0
fold-back reflecting,0.5,34,5,333.4891689454866,351.7652392384082,0.004701397520936162,386,409,649,651,0
fold-back reflecting,0.5,34,6,333.36968709567424,315.0393198650607,0.00525738564228006,344,384,565,525,0
fold-back reflecting,0.5,34,7,333.5420230891783,364.8919411047806,0.004436277959493109,398,412,621,635,0
fold-back reflecting,0.5,34,8,333.2762475166076,278.60457957813924,0.005832345777059746,305,384,585,506,0
fold-back reflecting,0.5,34,9,333.28784531138837,288.3343339902196,0.005541572430215603,316,384,588,520,0
fold-back reflecting,0.5,34,10,333.4714474947821,347.34692393957556,0.004726065107844803,377,384,587,580,0
fold-back reflecting,0.5,34,11,333.4650115173481,343.14201743650915,0.0048339173169300136,373,384,589,578,0
fold-back reflecting,0.5,34,12,333.4750269019271,349.2488082492786,0.004620585812593035,381,388,599,596,0
fold-back reflecting,0.5,34,13,333.39184271529956,318.1145979905455,0.005143638842638003,347,384,588,551,0
fold-back reflecting,0.5,34,14,333.44516581335773,337.9474246522651,0.004879564838484127,371,397,582,569,0
fold-back reflecting,0.5,34,15,333.6032420347063,388.6212537822262,0.0041672432297579845,425,446,650,691,0
fold-back reflecting,0.5,34,16,333.5266148672546,364.90599595780355,0.0045449931519654365,399,411,605,620,0
fold-back reflecting,0.5,34,17,333.31617678940165,294.6503780213345,0.005512466345071102,320,384,551,487,0
fold-back reflecting,0.5,34,18,333.4417150772824,325.68023494005786,0.004950843594102715,360,384,593,569,0
fold-back reflecting,0.5,34,19,333.3122462773546,290.37761403564474,0.005455864989572507,319,384,563,498,0
fold-back reflecting,0.5,34,20,333.7088765111491,436.5473861948598,0.0037650176488585136,475,475,656,747,0
fold-back reflecting,0.5,34,21,333.299164347941,283.3783427300371,0.00564234155317069,310,384,587,513,0
fold-back reflecting,0.5,34,22,333.4677959979955,350.68856576276016,0.004753024275079586,381,395,613,610,0
fold-back reflecting,0.5,34,23,333.36909869745347,318.4013812091119,0.005294222392817997,349,384,602,567,0
fold-back reflecting,0.5,34,24,333.6439808190991,402.92204732245864,0.004027591069129059,442,447,611,669,0
fold-back reflecting,0.5,34,25,333.4172747410476,324.6179868977161,0.005068828381250457,357,395,606,579,0
fold-back reflecting,0.5,34,26,333.41019909577955,328.52918781867777,0.005045475585128598,359,384,607,582,0
fold-back reflecting,0.5,34,27,333.4437750236623,328.9463054001934,0.004847818181935049,361,404,626,603,0
fold-back reflecting,0.5,34,28,333.54621959495563,369.3346808848558,0.00444216527797535,404,415,623,643,0
fold-back reflecting,0.5,34,29,333.41512615001574,326.6173871435892,0.00493988686625787,360,384,602,578,0
fold-back reflecting,0.5,34,30,333.38497418589714,317.1639636208822,0.005139376789175396,346,384,616,578,0
fold-back reflecting,0.5,34,31,333.2498746343773,271.4743992357169,0.0057643616965858185,298,384,631,545,0
fold-back reflecting,0.5,34,32,333.6553587064177,422.0259971274836,0.003977662522306679,462,466,622,700,0
fold-back reflecting,0.5,34,33,333.3546553751503,304.7419880957983,0.005293675304415402,331,384,585,532,0
fold-back reflecting,0.5,34,34,333.45515662418165,336.1745037781376,0.004704803837908814,368,384,532,516,0
fold-back reflecting,0.5,34,35,333.3490132537568,302.21371325108805,0.005249970214766385,333,384,618,567,0
fold-back reflecting,0.5,34,36,333.5435019827695,367.4739019694975,0.004278401746626794,399,406,622,637,0
fold-back reflecting,0.5,34,37,333.3271285982027,303.8776413760546,0.005443942458150569,334,384,588,538,0
fold-back reflecting,0.5,34,38,333.3892195624136,307.9719413207249,0.005187014157070685,339,384,592,547,0
fold-back reflecting,0.5,34,39,333.4487263825192,345.326850209123,0.004810483582707335,376,390,628,620,0
